split_type,seed,model,representation,dataset_index,smiles,scaffold,actual,predicted,absolute_error,nearest_train_similarity
random,0,Dummy (mean),RDKit descriptors,905,CC(C#C)N(C)C(=O)Nc1ccc(Cl)cc1,c1ccccc1,-3.9000,-3.0523,0.8477,0.5833
random,0,Dummy (mean),RDKit descriptors,854,Clc1cccc(Cl)c1,c1ccccc1,-3.0400,-3.0523,0.0123,0.6111
random,0,Dummy (mean),RDKit descriptors,821,CCCC/C=C/C,,-3.8200,-3.0523,0.7677,0.4500
random,0,Dummy (mean),RDKit descriptors,267,CCCCBr,,-2.3700,-3.0523,0.6823,0.7692
random,0,Dummy (mean),RDKit descriptors,612,Cc1ccnc(C)c1,c1ccncc1,0.3800,-3.0523,3.4323,0.3810
random,0,Dummy (mean),RDKit descriptors,946,Cc1cccc(C)c1NC(=O)c2cc(c(Cl)cc2O)S(N)(=O)=O,O=C(Nc1ccccc1)c1ccccc1,-3.7900,-3.0523,0.7377,0.3492
random,0,Dummy (mean),RDKit descriptors,608,CC(O)C(C)(C)C,,-0.6200,-3.0523,2.4323,0.5000
random,0,Dummy (mean),RDKit descriptors,503,Oc1ccc(cc1)c2ccccc2,c1ccc(-c2ccccc2)cc1,-3.4800,-3.0523,0.4277,0.6667
random,0,Dummy (mean),RDKit descriptors,95,CCC(=C(CC)c1ccc(O)cc1)c2ccc(O)cc2 ,C(=Cc1ccccc1)c1ccccc1,-4.0700,-3.0523,1.0177,0.4800
random,0,Dummy (mean),RDKit descriptors,496,Nc2cccc3nc1ccccc1cc23 ,c1ccc2nc3ccccc3cc2c1,-4.2200,-3.0523,1.1677,0.5600
random,0,Dummy (mean),RDKit descriptors,288,CCN2c1cc(OC)cc(C)c1NC(=O)c3cccnc23 ,O=C1Nc2ccccc2Nc2ncccc21,-5.1530,-3.0523,2.1007,0.7037
random,0,Dummy (mean),RDKit descriptors,730,CCC2NC(=O)c1cc(c(Cl)cc1N2)S(N)(=O)=O,O=C1NCNc2ccccc21,-3.2900,-3.0523,0.2377,0.4561
random,0,Dummy (mean),RDKit descriptors,483,Nc1nc[nH]n1,c1nc[nH]n1,0.5220,-3.0523,3.5743,0.2667
random,0,Dummy (mean),RDKit descriptors,1040,Cc1ccc(O)cc1C,c1ccccc1,-1.3800,-3.0523,1.6723,0.5000
random,0,Dummy (mean),RDKit descriptors,215,Clc1ccc(cc1)c2ccc(Cl)cc2 ,c1ccc(-c2ccccc2)cc1,-6.5600,-3.0523,3.5077,0.7273
random,0,Dummy (mean),RDKit descriptors,933,CCOP(=S)(OCC)Oc1ccc(cc1)N(=O)=O,c1ccccc1,-4.6600,-3.0523,1.6077,0.5641
random,0,Dummy (mean),RDKit descriptors,413,Oc1ccc(cc1)N(=O)=O,c1ccccc1,-0.7400,-3.0523,2.3123,0.5652
random,0,Dummy (mean),RDKit descriptors,16,CCC(C)CO,,-0.4700,-3.0523,2.5823,0.5714
random,0,Dummy (mean),RDKit descriptors,617,CCSC(=O)N(CC(C)C)CC(C)C,,-3.6800,-3.0523,0.6277,0.3714
random,0,Dummy (mean),RDKit descriptors,1072,CCOC(=O)c1ccccc1C(=O)OCC,c1ccccc1,-2.3500,-3.0523,0.7023,0.6429
random,0,Dummy (mean),RDKit descriptors,704,Nc1ccc(Cl)cc1,c1ccccc1,-1.6600,-3.0523,1.3923,0.6154
random,0,Dummy (mean),RDKit descriptors,110,Oc1c(I)cc(C#N)cc1I,c1ccccc1,-3.6100,-3.0523,0.5577,0.5200
random,0,Dummy (mean),RDKit descriptors,113,c1ccccc1O,c1ccccc1,0.0000,-3.0523,3.0523,0.5833
random,0,Dummy (mean),RDKit descriptors,30,CCc1ccc(CC)cc1,c1ccccc1,-3.7500,-3.0523,0.6977,0.7333
random,0,Dummy (mean),RDKit descriptors,1,Cc1occc1C(=O)Nc2ccccc2,O=C(Nc1ccccc1)c1ccoc1,-3.3000,-3.0523,0.2477,0.5143
random,0,Dummy (mean),RDKit descriptors,706,c1ccoc1,c1ccoc1,-0.8200,-3.0523,2.2323,0.1579
random,0,Dummy (mean),RDKit descriptors,541,CC(=O)C1(O)CCC2C3CCC4=CC(=O)CCC4(C)C3CCC21C,O=C1C=C2CCC3C4CCCC4CCC3C2CC1,-3.8170,-3.0523,0.7647,0.7391
random,0,Dummy (mean),RDKit descriptors,257,CCNc1ccccc1,c1ccccc1,-1.7000,-3.0523,1.3523,0.4500
random,0,Dummy (mean),RDKit descriptors,1084,CC(=O)OC3(CCC4C2CCC1=CC(=O)CCC1C2CCC34C)C#C,O=C1C=C2CCC3C4CCCC4CCC3C2CC1,-4.8000,-3.0523,1.7477,0.4462
random,0,Dummy (mean),RDKit descriptors,125,CC(=O)OCC(COC(=O)C)OC(=O)C,,-0.6000,-3.0523,2.4523,0.5652
random,0,Dummy (mean),RDKit descriptors,1035,CC(C)C(=O)C(C)C,,-1.3000,-3.0523,1.7523,0.5385
random,0,Dummy (mean),RDKit descriptors,563,COC(=O)c1ccccc1C(=O)OC,c1ccccc1,-1.6600,-3.0523,1.3923,0.6087
random,0,Dummy (mean),RDKit descriptors,743,CCCCCC(C)C,,-5.0800,-3.0523,2.0277,0.5789
random,0,Dummy (mean),RDKit descriptors,51,CCC1(C(=O)NC(=O)NC1=O)C2=CCCCC2 ,O=C1NC(=O)C(C2=CCCCC2)C(=O)N1,-2.1700,-3.0523,0.8823,0.4474
random,0,Dummy (mean),RDKit descriptors,856,CC(C)COC=O,,-1.0100,-3.0523,2.0423,0.5455
random,0,Dummy (mean),RDKit descriptors,492,O=N(=O)c1cc(cc(c1)N(=O)=O)N(=O)=O,c1ccccc1,-2.8900,-3.0523,0.1623,0.5714
random,0,Dummy (mean),RDKit descriptors,806,CCC(C)C(C)C,,-4.2800,-3.0523,1.2277,0.4615
random,0,Dummy (mean),RDKit descriptors,228,CC(C)=CCCC(O)(C)C=C,,-1.9900,-3.0523,1.0623,0.3226
random,0,Dummy (mean),RDKit descriptors,434,CC34CCc1c(ccc2cc(O)ccc12)C3CCC4=O,O=C1CCC2c3ccc4ccccc4c3CCC12,-5.2400,-3.0523,2.1877,0.5185
random,0,Dummy (mean),RDKit descriptors,750,CC12CCC3C(CCC4=CC(=O)CCC34C)C2CCC1O,O=C1C=C2CCC3C4CCCC4CCC3C2CC1,-4.0200,-3.0523,0.9677,0.7234
random,0,Dummy (mean),RDKit descriptors,823,CCCCCC1CCCC1,C1CCCC1,-6.0800,-3.0523,3.0277,0.6500
random,0,Dummy (mean),RDKit descriptors,276,OCC(O)C(O)C(O)C(O)CO,,1.0900,-3.0523,4.1423,0.6667
random,0,Dummy (mean),RDKit descriptors,393,CCCCCCCC(C)O,,-2.7400,-3.0523,0.3123,1.0000
random,0,Dummy (mean),RDKit descriptors,546,Cc2c(N)c(=O)n(c1ccccc1)n2C,O=c1cc[nH]n1-c1ccccc1,-0.6240,-3.0523,2.4283,0.4857
random,0,Dummy (mean),RDKit descriptors,458,CC1(C)C(C=C(Cl)Cl)C1C(=O)OC(C#N)c2cccc(Oc3ccccc3)c2,O=C(OCc1cccc(Oc2ccccc2)c1)C1CC1,-8.0170,-3.0523,4.9647,0.8421
random,0,Dummy (mean),RDKit descriptors,795,c2ccc1nc(ccc1c2)c4ccc3ccccc3n4 ,c1ccc2nc(-c3ccc4ccccc4n3)ccc2c1,-5.4000,-3.0523,2.3477,0.5238
random,0,Dummy (mean),RDKit descriptors,736,c1cccc2c3c(C)cc4ccccc4c3ccc12,c1ccc2c(c1)ccc1c3ccccc3ccc21,-6.5900,-3.0523,3.5377,0.6071
random,0,Dummy (mean),RDKit descriptors,57,Cc1ccc(C)c2ccccc12,c1ccc2ccccc2c1,-4.1400,-3.0523,1.0877,0.5789
random,0,Dummy (mean),RDKit descriptors,73,O=C1NC(=O)NC(=O)C1(CC=C)c1ccccc1,O=C1NC(=O)C(c2ccccc2)C(=O)N1,-2.3690,-3.0523,0.6833,0.6061
random,0,Dummy (mean),RDKit descriptors,687,CN(C)C(=O)C,,1.1100,-3.0523,4.1623,0.5385
random,0,Dummy (mean),RDKit descriptors,211,CCCC(C)(C)C,,-4.3600,-3.0523,1.3077,0.5000
random,0,Dummy (mean),RDKit descriptors,1046,ClC1CC2C(C1Cl)C3(Cl)C(=C(Cl)C2(Cl)C3(Cl)Cl)Cl,C1=CC2CC1C1CCCC21,-6.8600,-3.0523,3.8077,0.4545
random,0,Dummy (mean),RDKit descriptors,430,CCN(CC)C(=S)SSC(=S)N(CC)CC,,-4.8600,-3.0523,1.8077,0.4815
random,0,Dummy (mean),RDKit descriptors,146,CO,,1.5700,-3.0523,4.6223,0.2857
random,0,Dummy (mean),RDKit descriptors,217,CC(=C)C1CC=C(C)C(=O)C1,O=C1C=CCCC1,-2.0600,-3.0523,0.9923,0.4706
random,0,Dummy (mean),RDKit descriptors,695,CC13CCC(=O)C=C1CCC4C2CCC(C(=O)CO)C2(CC(O)C34)C=O ,O=C1C=C2CCC3C4CCCC4CCC3C2CC1,-3.8500,-3.0523,0.7977,0.7719
random,0,Dummy (mean),RDKit descriptors,751,CCCCCCC,,-4.5300,-3.0523,1.4777,1.0000
random,0,Dummy (mean),RDKit descriptors,341,OCC1OC(O)C(O)C(O)C1O,C1CCOCC1,0.7400,-3.0523,3.7923,0.4000
random,0,Dummy (mean),RDKit descriptors,1077,CCCCCOC(=O)C,,-1.8900,-3.0523,1.1623,0.6667
random,0,Dummy (mean),RDKit descriptors,3,c1ccc2c(c1)ccc3c2ccc4c5ccccc5ccc43,c1ccc2c(c1)ccc1c2ccc2c3ccccc3ccc21,-7.8700,-3.0523,4.8177,1.0000
random,0,Dummy (mean),RDKit descriptors,675,CC12CC2(C)C(=O)N(C1=O)c3cc(Cl)cc(Cl)c3,O=C1C2CC2C(=O)N1c1ccccc1,-4.8000,-3.0523,1.7477,0.3556
random,0,Dummy (mean),RDKit descriptors,490,CC(C)Br,,-1.5900,-3.0523,1.4623,0.4286
random,0,Dummy (mean),RDKit descriptors,1089,CC(=O)Nc1cc(NS(=O)(=O)C(F)(F)F)c(C)cc1C,c1ccccc1,-3.2400,-3.0523,0.1877,0.4565
random,0,Dummy (mean),RDKit descriptors,414,ClC1=C(Cl)C2(Cl)C3C4CC(C=C4)C3C1(Cl)C2(Cl)Cl,C1=CC2CC1C1C3C=CC(C3)C21,-6.3070,-3.0523,3.2547,0.5000
random,0,Dummy (mean),RDKit descriptors,1017,COP(=S)(OC)Oc1cc(Cl)c(Br)cc1Cl,c1ccccc1,-6.0900,-3.0523,3.0377,0.7333
random,0,Dummy (mean),RDKit descriptors,76,O=C1N(COC(=O)CCCCC)C(=O)C(N1)(c2ccccc2)c3ccccc3,O=C1NC(=O)C(c2ccccc2)(c2ccccc2)N1,-5.8860,-3.0523,2.8337,0.9767
random,0,Dummy (mean),RDKit descriptors,156,Oc2ccc1CCCCc1c2 ,c1ccc2c(c1)CCCC2,-1.9900,-3.0523,1.0623,0.4545
random,0,Dummy (mean),RDKit descriptors,466,Clc1ccccc1I,c1ccccc1,-3.5400,-3.0523,0.4877,0.5625
random,0,Dummy (mean),RDKit descriptors,390,Cc1ccc2cc3ccccc3cc2c1,c1ccc2cc3ccccc3cc2c1,-6.9600,-3.0523,3.9077,0.6250
random,0,Dummy (mean),RDKit descriptors,835,c1ccccc1,c1ccccc1,-1.6400,-3.0523,1.4123,0.3333
random,0,Dummy (mean),RDKit descriptors,757,CCCCCC(=O)C,,-1.4500,-3.0523,1.6023,0.9412
random,0,Dummy (mean),RDKit descriptors,571,O=C1NC(=O)NC(=O)C1(CC)C(C)CCC,O=C1CC(=O)NC(=O)N1,-2.3900,-3.0523,0.6623,0.7333
random,0,Dummy (mean),RDKit descriptors,1045,CNC(=O)Oc1cc(C)cc(C)c1,c1ccccc1,-2.5810,-3.0523,0.4713,0.5806
random,0,Dummy (mean),RDKit descriptors,954,Cc1cncc(C)c1,c1ccncc1,0.3800,-3.0523,3.4323,0.5000
random,0,Dummy (mean),RDKit descriptors,700,CCOP(=S)(OCC)SCSP(=S)(OCC)OCC,,-5.5400,-3.0523,2.4877,0.7727
random,0,Dummy (mean),RDKit descriptors,431,C1CCCCC1,C1CCCCC1,-3.1000,-3.0523,0.0477,1.0000
random,0,Dummy (mean),RDKit descriptors,896,CCCCC(C)(C)O,,-1.0800,-3.0523,1.9723,0.8235
random,0,Dummy (mean),RDKit descriptors,301,CC(Cl)Cl,,-1.2900,-3.0523,1.7623,0.8333
random,0,Dummy (mean),RDKit descriptors,307,ClC(Cl)(Cl)Cl,,-2.3100,-3.0523,0.7423,0.5000
random,0,Dummy (mean),RDKit descriptors,613,CCCCCCCCCO,,-3.0100,-3.0523,0.0423,1.0000
random,0,Dummy (mean),RDKit descriptors,240,O=C1CCCCC1,O=C1CCCCC1,-0.6000,-3.0523,2.4523,0.3000
random,0,Dummy (mean),RDKit descriptors,699,O=N(=O)c1cccc(c1)N(=O)=O,c1ccccc1,-2.2900,-3.0523,0.7623,0.6957
random,0,Dummy (mean),RDKit descriptors,681,CCOP(=S)(OCC)Oc1nc(Cl)c(Cl)cc1Cl ,c1ccncc1,-5.6700,-3.0523,2.6177,0.4130
random,0,Dummy (mean),RDKit descriptors,936,O=N(=O)c1cccc2ccccc12,c1ccc2ccccc2c1,-3.5400,-3.0523,0.4877,0.5185
random,0,Dummy (mean),RDKit descriptors,616,Cc1ccc2cc(C)ccc2c1,c1ccc2ccccc2c1,-4.8900,-3.0523,1.8377,0.5455
random,0,Dummy (mean),RDKit descriptors,780,c1ccc2c3c(ccc2c1)c4cccc5cccc3c45,c1ccc2c3c(ccc2c1)-c1cccc2cccc-3c12,-8.0000,-3.0523,4.9477,0.5600
random,0,Dummy (mean),RDKit descriptors,719,O=c1[nH]cnc2[nH]ncc12 ,O=c1[nH]cnc2[nH]ncc12,-2.2660,-3.0523,0.7863,0.4483
random,0,Dummy (mean),RDKit descriptors,800,CC(C)N(=O)=O,,-0.6200,-3.0523,2.4323,0.3750
random,0,Dummy (mean),RDKit descriptors,568,Nc1ccc(cc1)c2ccc(N)cc2,c1ccc(-c2ccccc2)cc1,-2.7000,-3.0523,0.3523,0.5000
random,0,Dummy (mean),RDKit descriptors,985,c1c(NC(=O)OC(C)C(=O)NCC)cccc1,c1ccccc1,-1.8300,-3.0523,1.2223,0.4222
random,0,Dummy (mean),RDKit descriptors,302,Nc1ccc(cc1)S(N)(=O)=O,c1ccccc1,-1.3400,-3.0523,1.7123,0.6500
random,0,Dummy (mean),RDKit descriptors,826,CC(Cl)(Cl)Cl,,-2.0000,-3.0523,1.0523,0.4545
random,0,Dummy (mean),RDKit descriptors,1097,CCCCCCCCCCCCCCCCCCCC,,-8.1720,-3.0523,5.1197,1.0000
random,0,Dummy (mean),RDKit descriptors,775,Clc1ccc(CN(C2CCCC2)C(=O)Nc3ccccc3)cc1,O=C(Nc1ccccc1)N(Cc1ccccc1)C1CCCC1,-5.9150,-3.0523,2.8627,0.4000
random,0,Dummy (mean),RDKit descriptors,889,O=C1NC(=O)NC(=O)C1(C)CC,O=C1CC(=O)NC(=O)N1,-1.2280,-3.0523,1.8243,0.5385
random,0,Dummy (mean),RDKit descriptors,115,Cn1cnc2n(C)c(=O)[nH]c(=O)c12 ,O=c1[nH]c(=O)c2[nH]cnc2[nH]1,-2.5230,-3.0523,0.5293,0.5294
random,0,Dummy (mean),RDKit descriptors,191,COCC(=O)N(C(C)C(=O)OC)c1c(C)cccc1C ,c1ccccc1,-1.6010,-3.0523,1.4513,0.4510
random,0,Dummy (mean),RDKit descriptors,104,CCc1cccc2ccccc12,c1ccc2ccccc2c1,-4.1700,-3.0523,1.1177,0.5714
random,0,Dummy (mean),RDKit descriptors,176,CC1=CC(=O)CC(C)(C)C1 ,O=C1C=CCCC1,-1.0600,-3.0523,1.9923,0.4286
random,0,Dummy (mean),RDKit descriptors,7,CC12CCC3C(CCc4cc(O)ccc34)C2CCC1O,c1ccc2c(c1)CCC1C2CCC2CCCC21,-5.0300,-3.0523,1.9777,0.7174
random,0,Dummy (mean),RDKit descriptors,487,OCc1ccccc1,c1ccccc1,-0.4000,-3.0523,2.6523,0.5294
random,0,Dummy (mean),RDKit descriptors,351,Cc1ccc2ccccc2c1,c1ccc2ccccc2c1,-3.7700,-3.0523,0.7177,0.6522
random,0,Dummy (mean),RDKit descriptors,581,CBr,,-0.7900,-3.0523,2.2623,0.2857
random,0,Dummy (mean),RDKit descriptors,881,CNc1ccccc1,c1ccccc1,-1.2800,-3.0523,1.7723,0.5294
random,0,Dummy (mean),RDKit descriptors,639,CCC#CCC,,-1.9900,-3.0523,1.0623,0.4167
random,0,Dummy (mean),RDKit descriptors,377,CCCC(=O)OC,,-1.9200,-3.0523,1.1323,0.6667
random,0,Dummy (mean),RDKit descriptors,1102,CC1CCCC1,C1CCCC1,-3.3000,-3.0523,0.2477,0.9091
random,0,Dummy (mean),RDKit descriptors,632,Cc1cccc2c(C)cccc12,c1ccc2ccccc2c1,-4.6790,-3.0523,1.6267,0.6667
random,0,Dummy (mean),RDKit descriptors,315,COc1ccc(C=CC)cc1,c1ccccc1,-3.1300,-3.0523,0.0777,0.5600
random,0,Dummy (mean),RDKit descriptors,29,CCCCCCCC(=O)OC,,-3.1700,-3.0523,0.1177,1.0000
random,0,Dummy (mean),RDKit descriptors,184,CCOP(=S)(CC)Oc1cc(Cl)c(Cl)cc1Cl,c1ccccc1,-5.7520,-3.0523,2.6997,0.5143
random,0,Dummy (mean),RDKit descriptors,975,CCCCCCCCCCCCCCCC,,-8.4000,-3.0523,5.3477,1.0000
random,0,Dummy (mean),RDKit descriptors,607,CCN(CC)C(=O)C(C)Oc1cccc2ccccc12 ,c1ccc2ccccc2c1,-3.5700,-3.0523,0.5177,0.4318
random,0,Linear,RDKit descriptors,905,CC(C#C)N(C)C(=O)Nc1ccc(Cl)cc1,c1ccccc1,-3.9000,-3.4970,0.4030,0.5833
random,0,Linear,RDKit descriptors,854,Clc1cccc(Cl)c1,c1ccccc1,-3.0400,-3.1981,0.1581,0.6111
random,0,Linear,RDKit descriptors,821,CCCC/C=C/C,,-3.8200,-2.4574,1.3626,0.4500
random,0,Linear,RDKit descriptors,267,CCCCBr,,-2.3700,-2.1302,0.2398,0.7692
random,0,Linear,RDKit descriptors,612,Cc1ccnc(C)c1,c1ccncc1,0.3800,-1.9968,2.3768,0.3810
random,0,Linear,RDKit descriptors,946,Cc1cccc(C)c1NC(=O)c2cc(c(Cl)cc2O)S(N)(=O)=O,O=C(Nc1ccccc1)c1ccccc1,-3.7900,-4.4115,0.6215,0.3492
random,0,Linear,RDKit descriptors,608,CC(O)C(C)(C)C,,-0.6200,-1.5493,0.9293,0.5000
random,0,Linear,RDKit descriptors,503,Oc1ccc(cc1)c2ccccc2,c1ccc(-c2ccccc2)cc1,-3.4800,-3.5468,0.0668,0.6667
random,0,Linear,RDKit descriptors,95,CCC(=C(CC)c1ccc(O)cc1)c2ccc(O)cc2 ,C(=Cc1ccccc1)c1ccccc1,-4.0700,-5.4901,1.4201,0.4800
random,0,Linear,RDKit descriptors,496,Nc2cccc3nc1ccccc1cc23 ,c1ccc2nc3ccccc3cc2c1,-4.2200,-3.7603,0.4597,0.5600
random,0,Linear,RDKit descriptors,288,CCN2c1cc(OC)cc(C)c1NC(=O)c3cccnc23 ,O=C1Nc2ccccc2Nc2ncccc21,-5.1530,-4.2004,0.9526,0.7037
random,0,Linear,RDKit descriptors,730,CCC2NC(=O)c1cc(c(Cl)cc1N2)S(N)(=O)=O,O=C1NCNc2ccccc21,-3.2900,-2.5526,0.7374,0.4561
random,0,Linear,RDKit descriptors,483,Nc1nc[nH]n1,c1nc[nH]n1,0.5220,-0.3437,0.8657,0.2667
random,0,Linear,RDKit descriptors,1040,Cc1ccc(O)cc1C,c1ccccc1,-1.3800,-2.3712,0.9912,0.5000
random,0,Linear,RDKit descriptors,215,Clc1ccc(cc1)c2ccc(Cl)cc2 ,c1ccc(-c2ccccc2)cc1,-6.5600,-4.9879,1.5721,0.7273
random,0,Linear,RDKit descriptors,933,CCOP(=S)(OCC)Oc1ccc(cc1)N(=O)=O,c1ccccc1,-4.6600,-4.2695,0.3905,0.5641
random,0,Linear,RDKit descriptors,413,Oc1ccc(cc1)N(=O)=O,c1ccccc1,-0.7400,-2.1272,1.3872,0.5652
random,0,Linear,RDKit descriptors,16,CCC(C)CO,,-0.4700,-1.0818,0.6118,0.5714
random,0,Linear,RDKit descriptors,617,CCSC(=O)N(CC(C)C)CC(C)C,,-3.6800,-3.6799,0.0001,0.3714
random,0,Linear,RDKit descriptors,1072,CCOC(=O)c1ccccc1C(=O)OCC,c1ccccc1,-2.3500,-2.8500,0.5000,0.6429
random,0,Linear,RDKit descriptors,704,Nc1ccc(Cl)cc1,c1ccccc1,-1.6600,-2.3916,0.7316,0.6154
random,0,Linear,RDKit descriptors,110,Oc1c(I)cc(C#N)cc1I,c1ccccc1,-3.6100,-3.9266,0.3166,0.5200
random,0,Linear,RDKit descriptors,113,c1ccccc1O,c1ccccc1,0.0000,-1.7700,1.7700,0.5833
random,0,Linear,RDKit descriptors,30,CCc1ccc(CC)cc1,c1ccccc1,-3.7500,-2.8728,0.8772,0.7333
random,0,Linear,RDKit descriptors,1,Cc1occc1C(=O)Nc2ccccc2,O=C(Nc1ccccc1)c1ccoc1,-3.3000,-3.5720,0.2720,0.5143
random,0,Linear,RDKit descriptors,706,c1ccoc1,c1ccoc1,-0.8200,-1.5508,0.7308,0.1579
random,0,Linear,RDKit descriptors,541,CC(=O)C1(O)CCC2C3CCC4=CC(=O)CCC4(C)C3CCC21C,O=C1C=C2CCC3C4CCCC4CCC3C2CC1,-3.8170,-4.8761,1.0591,0.7391
random,0,Linear,RDKit descriptors,257,CCNc1ccccc1,c1ccccc1,-1.7000,-2.3282,0.6282,0.4500
random,0,Linear,RDKit descriptors,1084,CC(=O)OC3(CCC4C2CCC1=CC(=O)CCC1C2CCC34C)C#C,O=C1C=C2CCC3C4CCCC4CCC3C2CC1,-4.8000,-5.0200,0.2200,0.4462
random,0,Linear,RDKit descriptors,125,CC(=O)OCC(COC(=O)C)OC(=O)C,,-0.6000,-1.1276,0.5276,0.5652
random,0,Linear,RDKit descriptors,1035,CC(C)C(=O)C(C)C,,-1.3000,-1.9097,0.6097,0.5385
random,0,Linear,RDKit descriptors,563,COC(=O)c1ccccc1C(=O)OC,c1ccccc1,-1.6600,-2.1246,0.4646,0.6087
random,0,Linear,RDKit descriptors,743,CCCCCC(C)C,,-5.0800,-2.9079,2.1721,0.5789
random,0,Linear,RDKit descriptors,51,CCC1(C(=O)NC(=O)NC1=O)C2=CCCCC2 ,O=C1NC(=O)C(C2=CCCCC2)C(=O)N1,-2.1700,-2.3422,0.1722,0.4474
random,0,Linear,RDKit descriptors,856,CC(C)COC=O,,-1.0100,-0.9695,0.0405,0.5455
random,0,Linear,RDKit descriptors,492,O=N(=O)c1cc(cc(c1)N(=O)=O)N(=O)=O,c1ccccc1,-2.8900,-2.9649,0.0749,0.5714
random,0,Linear,RDKit descriptors,806,CCC(C)C(C)C,,-4.2800,-2.4404,1.8396,0.4615
random,0,Linear,RDKit descriptors,228,CC(C)=CCCC(O)(C)C=C,,-1.9900,-2.7464,0.7564,0.3226
random,0,Linear,RDKit descriptors,434,CC34CCc1c(ccc2cc(O)ccc12)C3CCC4=O,O=C1CCC2c3ccc4ccccc4c3CCC12,-5.2400,-4.7621,0.4779,0.5185
random,0,Linear,RDKit descriptors,750,CC12CCC3C(CCC4=CC(=O)CCC34C)C2CCC1O,O=C1C=C2CCC3C4CCCC4CCC3C2CC1,-4.0200,-4.6318,0.6118,0.7234
random,0,Linear,RDKit descriptors,823,CCCCCC1CCCC1,C1CCCC1,-6.0800,-3.4875,2.5925,0.6500
random,0,Linear,RDKit descriptors,276,OCC(O)C(O)C(O)C(O)CO,,1.0900,1.8890,0.7990,0.6667
random,0,Linear,RDKit descriptors,393,CCCCCCCC(C)O,,-2.7400,-2.6941,0.0459,1.0000
random,0,Linear,RDKit descriptors,546,Cc2c(N)c(=O)n(c1ccccc1)n2C,O=c1cc[nH]n1-c1ccccc1,-0.6240,-2.1191,1.4951,0.4857
random,0,Linear,RDKit descriptors,458,CC1(C)C(C=C(Cl)Cl)C1C(=O)OC(C#N)c2cccc(Oc3ccccc3)c2,O=C(OCc1cccc(Oc2ccccc2)c1)C1CC1,-8.0170,-7.3203,0.6967,0.8421
random,0,Linear,RDKit descriptors,795,c2ccc1nc(ccc1c2)c4ccc3ccccc3n4 ,c1ccc2nc(-c3ccc4ccccc4n3)ccc2c1,-5.4000,-5.2001,0.1999,0.5238
random,0,Linear,RDKit descriptors,736,c1cccc2c3c(C)cc4ccccc4c3ccc12,c1ccc2c(c1)ccc1c3ccccc3ccc21,-6.5900,-5.8347,0.7553,0.6071
random,0,Linear,RDKit descriptors,57,Cc1ccc(C)c2ccccc12,c1ccc2ccccc2c1,-4.1400,-3.6750,0.4650,0.5789
random,0,Linear,RDKit descriptors,73,O=C1NC(=O)NC(=O)C1(CC=C)c1ccccc1,O=C1NC(=O)C(c2ccccc2)C(=O)N1,-2.3690,-2.1037,0.2653,0.6061
random,0,Linear,RDKit descriptors,687,CN(C)C(=O)C,,1.1100,-0.3112,1.4212,0.5385
random,0,Linear,RDKit descriptors,211,CCCC(C)(C)C,,-4.3600,-2.6019,1.7581,0.5000
random,0,Linear,RDKit descriptors,1046,ClC1CC2C(C1Cl)C3(Cl)C(=C(Cl)C2(Cl)C3(Cl)Cl)Cl,C1=CC2CC1C1CCCC21,-6.8600,-6.3924,0.4676,0.4545
random,0,Linear,RDKit descriptors,430,CCN(CC)C(=S)SSC(=S)N(CC)CC,,-4.8600,-4.0324,0.8276,0.4815
random,0,Linear,RDKit descriptors,146,CO,,1.5700,0.3392,1.2308,0.2857
random,0,Linear,RDKit descriptors,217,CC(=C)C1CC=C(C)C(=O)C1,O=C1C=CCCC1,-2.0600,-2.6380,0.5780,0.4706
random,0,Linear,RDKit descriptors,695,CC13CCC(=O)C=C1CCC4C2CCC(C(=O)CO)C2(CC(O)C34)C=O ,O=C1C=C2CCC3C4CCCC4CCC3C2CC1,-3.8500,-3.4713,0.3787,0.7719
random,0,Linear,RDKit descriptors,751,CCCCCCC,,-4.5300,-2.6331,1.8969,1.0000
random,0,Linear,RDKit descriptors,341,OCC1OC(O)C(O)C(O)C1O,C1CCOCC1,0.7400,1.5371,0.7971,0.4000
random,0,Linear,RDKit descriptors,1077,CCCCCOC(=O)C,,-1.8900,-1.8734,0.0166,0.6667
random,0,Linear,RDKit descriptors,3,c1ccc2c(c1)ccc3c2ccc4c5ccccc5ccc43,c1ccc2c(c1)ccc1c2ccc2c3ccccc3ccc21,-7.8700,-6.7478,1.1222,1.0000
random,0,Linear,RDKit descriptors,675,CC12CC2(C)C(=O)N(C1=O)c3cc(Cl)cc(Cl)c3,O=C1C2CC2C(=O)N1c1ccccc1,-4.8000,-4.1550,0.6450,0.3556
random,0,Linear,RDKit descriptors,490,CC(C)Br,,-1.5900,-1.7902,0.2002,0.4286
random,0,Linear,RDKit descriptors,1089,CC(=O)Nc1cc(NS(=O)(=O)C(F)(F)F)c(C)cc1C,c1ccccc1,-3.2400,-3.8334,0.5934,0.4565
random,0,Linear,RDKit descriptors,414,ClC1=C(Cl)C2(Cl)C3C4CC(C=C4)C3C1(Cl)C2(Cl)Cl,C1=CC2CC1C1C3C=CC(C3)C21,-6.3070,-5.8482,0.4588,0.5000
random,0,Linear,RDKit descriptors,1017,COP(=S)(OC)Oc1cc(Cl)c(Br)cc1Cl,c1ccccc1,-6.0900,-5.5299,0.5601,0.7333
random,0,Linear,RDKit descriptors,76,O=C1N(COC(=O)CCCCC)C(=O)C(N1)(c2ccccc2)c3ccccc3,O=C1NC(=O)C(c2ccccc2)(c2ccccc2)N1,-5.8860,-4.9188,0.9672,0.9767
random,0,Linear,RDKit descriptors,156,Oc2ccc1CCCCc1c2 ,c1ccc2c(c1)CCCC2,-1.9900,-2.6688,0.6788,0.4545
random,0,Linear,RDKit descriptors,466,Clc1ccccc1I,c1ccccc1,-3.5400,-3.5111,0.0289,0.5625
random,0,Linear,RDKit descriptors,390,Cc1ccc2cc3ccccc3cc2c1,c1ccc2cc3ccccc3cc2c1,-6.9600,-4.6031,2.3569,0.6250
random,0,Linear,RDKit descriptors,835,c1ccccc1,c1ccccc1,-1.6400,-1.8391,0.1991,0.3333
random,0,Linear,RDKit descriptors,757,CCCCCC(=O)C,,-1.4500,-2.1024,0.6524,0.9412
random,0,Linear,RDKit descriptors,571,O=C1NC(=O)NC(=O)C1(CC)C(C)CCC,O=C1CC(=O)NC(=O)N1,-2.3900,-2.1806,0.2094,0.7333
random,0,Linear,RDKit descriptors,1045,CNC(=O)Oc1cc(C)cc(C)c1,c1ccccc1,-2.5810,-2.6660,0.0850,0.5806
random,0,Linear,RDKit descriptors,954,Cc1cncc(C)c1,c1ccncc1,0.3800,-1.9968,2.3768,0.5000
random,0,Linear,RDKit descriptors,700,CCOP(=S)(OCC)SCSP(=S)(OCC)OCC,,-5.5400,-5.6197,0.0797,0.7727
random,0,Linear,RDKit descriptors,431,C1CCCCC1,C1CCCCC1,-3.1000,-2.1317,0.9683,1.0000
random,0,Linear,RDKit descriptors,896,CCCCC(C)(C)O,,-1.0800,-1.9843,0.9043,0.8235
random,0,Linear,RDKit descriptors,301,CC(Cl)Cl,,-1.2900,-1.7146,0.4246,0.8333
random,0,Linear,RDKit descriptors,307,ClC(Cl)(Cl)Cl,,-2.3100,-2.5934,0.2834,0.5000
random,0,Linear,RDKit descriptors,613,CCCCCCCCCO,,-3.0100,-2.6629,0.3471,1.0000
random,0,Linear,RDKit descriptors,240,O=C1CCCCC1,O=C1CCCCC1,-0.6000,-1.6010,1.0010,0.3000
random,0,Linear,RDKit descriptors,699,O=N(=O)c1cccc(c1)N(=O)=O,c1ccccc1,-2.2900,-2.5580,0.2680,0.6957
random,0,Linear,RDKit descriptors,681,CCOP(=S)(OCC)Oc1nc(Cl)c(Cl)cc1Cl ,c1ccncc1,-5.6700,-5.5635,0.1065,0.4130
random,0,Linear,RDKit descriptors,936,O=N(=O)c1cccc2ccccc12,c1ccc2ccccc2c1,-3.5400,-3.4318,0.1082,0.5185
random,0,Linear,RDKit descriptors,616,Cc1ccc2cc(C)ccc2c1,c1ccc2ccccc2c1,-4.8900,-3.6750,1.2150,0.5455
random,0,Linear,RDKit descriptors,780,c1ccc2c3c(ccc2c1)c4cccc5cccc3c45,c1ccc2c3c(ccc2c1)-c1cccc2cccc-3c12,-8.0000,-6.0566,1.9434,0.5600
random,0,Linear,RDKit descriptors,719,O=c1[nH]cnc2[nH]ncc12 ,O=c1[nH]cnc2[nH]ncc12,-2.2660,-0.8596,1.4064,0.4483
random,0,Linear,RDKit descriptors,800,CC(C)N(=O)=O,,-0.6200,-1.0025,0.3825,0.3750
random,0,Linear,RDKit descriptors,568,Nc1ccc(cc1)c2ccc(N)cc2,c1ccc(-c2ccccc2)cc1,-2.7000,-3.3749,0.6749,0.5000
random,0,Linear,RDKit descriptors,985,c1c(NC(=O)OC(C)C(=O)NCC)cccc1,c1ccccc1,-1.8300,-2.7768,0.9468,0.4222
random,0,Linear,RDKit descriptors,302,Nc1ccc(cc1)S(N)(=O)=O,c1ccccc1,-1.3400,-1.2002,0.1398,0.6500
random,0,Linear,RDKit descriptors,826,CC(Cl)(Cl)Cl,,-2.0000,-2.3559,0.3559,0.4545
random,0,Linear,RDKit descriptors,1097,CCCCCCCCCCCCCCCCCCCC,,-8.1720,-7.4586,0.7134,1.0000
random,0,Linear,RDKit descriptors,775,Clc1ccc(CN(C2CCCC2)C(=O)Nc3ccccc3)cc1,O=C(Nc1ccccc1)N(Cc1ccccc1)C1CCCC1,-5.9150,-6.0669,0.1519,0.4000
random,0,Linear,RDKit descriptors,889,O=C1NC(=O)NC(=O)C1(C)CC,O=C1CC(=O)NC(=O)N1,-1.2280,-0.7922,0.4358,0.5385
random,0,Linear,RDKit descriptors,115,Cn1cnc2n(C)c(=O)[nH]c(=O)c12 ,O=c1[nH]c(=O)c2[nH]cnc2[nH]1,-2.5230,-0.3367,2.1863,0.5294
random,0,Linear,RDKit descriptors,191,COCC(=O)N(C(C)C(=O)OC)c1c(C)cccc1C ,c1ccccc1,-1.6010,-2.8697,1.2687,0.4510
random,0,Linear,RDKit descriptors,104,CCc1cccc2ccccc12,c1ccc2ccccc2c1,-4.1700,-3.5937,0.5763,0.5714
random,0,Linear,RDKit descriptors,176,CC1=CC(=O)CC(C)(C)C1 ,O=C1C=CCCC1,-1.0600,-2.4751,1.4151,0.4286
random,0,Linear,RDKit descriptors,7,CC12CCC3C(CCc4cc(O)ccc34)C2CCC1O,c1ccc2c(c1)CCC1C2CCC2CCCC21,-5.0300,-4.4502,0.5798,0.7174
random,0,Linear,RDKit descriptors,487,OCc1ccccc1,c1ccccc1,-0.4000,-1.5674,1.1674,0.5294
random,0,Linear,RDKit descriptors,351,Cc1ccc2ccccc2c1,c1ccc2ccccc2c1,-3.7700,-3.3682,0.4018,0.6522
random,0,Linear,RDKit descriptors,581,CBr,,-0.7900,-0.9841,0.1941,0.2857
random,0,Linear,RDKit descriptors,881,CNc1ccccc1,c1ccccc1,-1.2800,-1.9834,0.7034,0.5294
random,0,Linear,RDKit descriptors,639,CCC#CCC,,-1.9900,-1.6489,0.3411,0.4167
random,0,Linear,RDKit descriptors,377,CCCC(=O)OC,,-1.9200,-1.1310,0.7890,0.6667
random,0,Linear,RDKit descriptors,1102,CC1CCCC1,C1CCCC1,-3.3000,-2.0028,1.2972,0.9091
random,0,Linear,RDKit descriptors,632,Cc1cccc2c(C)cccc12,c1ccc2ccccc2c1,-4.6790,-3.6750,1.0040,0.6667
random,0,Linear,RDKit descriptors,315,COc1ccc(C=CC)cc1,c1ccccc1,-3.1300,-2.9165,0.2135,0.5600
random,0,Linear,RDKit descriptors,29,CCCCCCCC(=O)OC,,-3.1700,-2.6158,0.5542,1.0000
random,0,Linear,RDKit descriptors,184,CCOP(=S)(CC)Oc1cc(Cl)c(Cl)cc1Cl,c1ccccc1,-5.7520,-5.9449,0.1929,0.5143
random,0,Linear,RDKit descriptors,975,CCCCCCCCCCCCCCCC,,-8.4000,-5.9738,2.4262,1.0000
random,0,Linear,RDKit descriptors,607,CCN(CC)C(=O)C(C)Oc1cccc2ccccc12 ,c1ccc2ccccc2c1,-3.5700,-4.1312,0.5612,0.4318
random,0,MLP,RDKit descriptors,905,CC(C#C)N(C)C(=O)Nc1ccc(Cl)cc1,c1ccccc1,-3.9000,-3.1582,0.7418,0.5833
random,0,MLP,RDKit descriptors,854,Clc1cccc(Cl)c1,c1ccccc1,-3.0400,-3.4266,0.3866,0.6111
random,0,MLP,RDKit descriptors,821,CCCC/C=C/C,,-3.8200,-3.4755,0.3445,0.4500
random,0,MLP,RDKit descriptors,267,CCCCBr,,-2.3700,-2.5023,0.1323,0.7692
random,0,MLP,RDKit descriptors,612,Cc1ccnc(C)c1,c1ccncc1,0.3800,-1.0394,1.4194,0.3810
random,0,MLP,RDKit descriptors,946,Cc1cccc(C)c1NC(=O)c2cc(c(Cl)cc2O)S(N)(=O)=O,O=C(Nc1ccccc1)c1ccccc1,-3.7900,-4.4946,0.7046,0.3492
random,0,MLP,RDKit descriptors,608,CC(O)C(C)(C)C,,-0.6200,-0.9191,0.2991,0.5000
random,0,MLP,RDKit descriptors,503,Oc1ccc(cc1)c2ccccc2,c1ccc(-c2ccccc2)cc1,-3.4800,-3.3631,0.1169,0.6667
random,0,MLP,RDKit descriptors,95,CCC(=C(CC)c1ccc(O)cc1)c2ccc(O)cc2 ,C(=Cc1ccccc1)c1ccccc1,-4.0700,-5.0575,0.9875,0.4800
random,0,MLP,RDKit descriptors,496,Nc2cccc3nc1ccccc1cc23 ,c1ccc2nc3ccccc3cc2c1,-4.2200,-3.2927,0.9273,0.5600
random,0,MLP,RDKit descriptors,288,CCN2c1cc(OC)cc(C)c1NC(=O)c3cccnc23 ,O=C1Nc2ccccc2Nc2ncccc21,-5.1530,-3.7915,1.3615,0.7037
random,0,MLP,RDKit descriptors,730,CCC2NC(=O)c1cc(c(Cl)cc1N2)S(N)(=O)=O,O=C1NCNc2ccccc21,-3.2900,-3.1050,0.1850,0.4561
random,0,MLP,RDKit descriptors,483,Nc1nc[nH]n1,c1nc[nH]n1,0.5220,-0.3667,0.8887,0.2667
random,0,MLP,RDKit descriptors,1040,Cc1ccc(O)cc1C,c1ccccc1,-1.3800,-1.4768,0.0968,0.5000
random,0,MLP,RDKit descriptors,215,Clc1ccc(cc1)c2ccc(Cl)cc2 ,c1ccc(-c2ccccc2)cc1,-6.5600,-6.0612,0.4988,0.7273
random,0,MLP,RDKit descriptors,933,CCOP(=S)(OCC)Oc1ccc(cc1)N(=O)=O,c1ccccc1,-4.6600,-4.3410,0.3190,0.5641
random,0,MLP,RDKit descriptors,413,Oc1ccc(cc1)N(=O)=O,c1ccccc1,-0.7400,-1.7935,1.0535,0.5652
random,0,MLP,RDKit descriptors,16,CCC(C)CO,,-0.4700,-0.3086,0.1614,0.5714
random,0,MLP,RDKit descriptors,617,CCSC(=O)N(CC(C)C)CC(C)C,,-3.6800,-3.6923,0.0123,0.3714
random,0,MLP,RDKit descriptors,1072,CCOC(=O)c1ccccc1C(=O)OCC,c1ccccc1,-2.3500,-2.9446,0.5946,0.6429
random,0,MLP,RDKit descriptors,704,Nc1ccc(Cl)cc1,c1ccccc1,-1.6600,-1.2681,0.3919,0.6154
random,0,MLP,RDKit descriptors,110,Oc1c(I)cc(C#N)cc1I,c1ccccc1,-3.6100,-4.0255,0.4155,0.5200
random,0,MLP,RDKit descriptors,113,c1ccccc1O,c1ccccc1,0.0000,-0.3607,0.3607,0.5833
random,0,MLP,RDKit descriptors,30,CCc1ccc(CC)cc1,c1ccccc1,-3.7500,-3.3562,0.3938,0.7333
random,0,MLP,RDKit descriptors,1,Cc1occc1C(=O)Nc2ccccc2,O=C(Nc1ccccc1)c1ccoc1,-3.3000,-3.2974,0.0026,0.5143
random,0,MLP,RDKit descriptors,706,c1ccoc1,c1ccoc1,-0.8200,-0.3426,0.4774,0.1579
random,0,MLP,RDKit descriptors,541,CC(=O)C1(O)CCC2C3CCC4=CC(=O)CCC4(C)C3CCC21C,O=C1C=C2CCC3C4CCCC4CCC3C2CC1,-3.8170,-4.4345,0.6175,0.7391
random,0,MLP,RDKit descriptors,257,CCNc1ccccc1,c1ccccc1,-1.7000,-1.9960,0.2960,0.4500
random,0,MLP,RDKit descriptors,1084,CC(=O)OC3(CCC4C2CCC1=CC(=O)CCC1C2CCC34C)C#C,O=C1C=C2CCC3C4CCCC4CCC3C2CC1,-4.8000,-4.6425,0.1575,0.4462
random,0,MLP,RDKit descriptors,125,CC(=O)OCC(COC(=O)C)OC(=O)C,,-0.6000,-1.4500,0.8500,0.5652
random,0,MLP,RDKit descriptors,1035,CC(C)C(=O)C(C)C,,-1.3000,-1.5205,0.2205,0.5385
random,0,MLP,RDKit descriptors,563,COC(=O)c1ccccc1C(=O)OC,c1ccccc1,-1.6600,-2.1425,0.4825,0.6087
random,0,MLP,RDKit descriptors,743,CCCCCC(C)C,,-5.0800,-4.2055,0.8745,0.5789
random,0,MLP,RDKit descriptors,51,CCC1(C(=O)NC(=O)NC1=O)C2=CCCCC2 ,O=C1NC(=O)C(C2=CCCCC2)C(=O)N1,-2.1700,-2.4314,0.2614,0.4474
random,0,MLP,RDKit descriptors,856,CC(C)COC=O,,-1.0100,-0.3752,0.6348,0.5455
random,0,MLP,RDKit descriptors,492,O=N(=O)c1cc(cc(c1)N(=O)=O)N(=O)=O,c1ccccc1,-2.8900,-3.6605,0.7705,0.5714
random,0,MLP,RDKit descriptors,806,CCC(C)C(C)C,,-4.2800,-3.4104,0.8696,0.4615
random,0,MLP,RDKit descriptors,228,CC(C)=CCCC(O)(C)C=C,,-1.9900,-2.6432,0.6532,0.3226
random,0,MLP,RDKit descriptors,434,CC34CCc1c(ccc2cc(O)ccc12)C3CCC4=O,O=C1CCC2c3ccc4ccccc4c3CCC12,-5.2400,-4.4113,0.8287,0.5185
random,0,MLP,RDKit descriptors,750,CC12CCC3C(CCC4=CC(=O)CCC34C)C2CCC1O,O=C1C=C2CCC3C4CCCC4CCC3C2CC1,-4.0200,-4.3214,0.3014,0.7234
random,0,MLP,RDKit descriptors,823,CCCCCC1CCCC1,C1CCCC1,-6.0800,-4.8785,1.2015,0.6500
random,0,MLP,RDKit descriptors,276,OCC(O)C(O)C(O)C(O)CO,,1.0900,0.0641,1.0259,0.6667
random,0,MLP,RDKit descriptors,393,CCCCCCCC(C)O,,-2.7400,-2.7939,0.0539,1.0000
random,0,MLP,RDKit descriptors,546,Cc2c(N)c(=O)n(c1ccccc1)n2C,O=c1cc[nH]n1-c1ccccc1,-0.6240,-1.8137,1.1897,0.4857
random,0,MLP,RDKit descriptors,458,CC1(C)C(C=C(Cl)Cl)C1C(=O)OC(C#N)c2cccc(Oc3ccccc3)c2,O=C(OCc1cccc(Oc2ccccc2)c1)C1CC1,-8.0170,-6.5560,1.4610,0.8421
random,0,MLP,RDKit descriptors,795,c2ccc1nc(ccc1c2)c4ccc3ccccc3n4 ,c1ccc2nc(-c3ccc4ccccc4n3)ccc2c1,-5.4000,-5.5383,0.1383,0.5238
random,0,MLP,RDKit descriptors,736,c1cccc2c3c(C)cc4ccccc4c3ccc12,c1ccc2c(c1)ccc1c3ccccc3ccc21,-6.5900,-7.2182,0.6282,0.6071
random,0,MLP,RDKit descriptors,57,Cc1ccc(C)c2ccccc12,c1ccc2ccccc2c1,-4.1400,-4.1960,0.0560,0.5789
random,0,MLP,RDKit descriptors,73,O=C1NC(=O)NC(=O)C1(CC=C)c1ccccc1,O=C1NC(=O)C(c2ccccc2)C(=O)N1,-2.3690,-2.4811,0.1121,0.6061
random,0,MLP,RDKit descriptors,687,CN(C)C(=O)C,,1.1100,0.5203,0.5897,0.5385
random,0,MLP,RDKit descriptors,211,CCCC(C)(C)C,,-4.3600,-3.6577,0.7023,0.5000
random,0,MLP,RDKit descriptors,1046,ClC1CC2C(C1Cl)C3(Cl)C(=C(Cl)C2(Cl)C3(Cl)Cl)Cl,C1=CC2CC1C1CCCC21,-6.8600,-6.3551,0.5049,0.4545
random,0,MLP,RDKit descriptors,430,CCN(CC)C(=S)SSC(=S)N(CC)CC,,-4.8600,-3.9922,0.8678,0.4815
random,0,MLP,RDKit descriptors,146,CO,,1.5700,1.1206,0.4494,0.2857
random,0,MLP,RDKit descriptors,217,CC(=C)C1CC=C(C)C(=O)C1,O=C1C=CCCC1,-2.0600,-2.5239,0.4639,0.4706
random,0,MLP,RDKit descriptors,695,CC13CCC(=O)C=C1CCC4C2CCC(C(=O)CO)C2(CC(O)C34)C=O ,O=C1C=C2CCC3C4CCCC4CCC3C2CC1,-3.8500,-3.4253,0.4247,0.7719
random,0,MLP,RDKit descriptors,751,CCCCCCC,,-4.5300,-3.8512,0.6788,1.0000
random,0,MLP,RDKit descriptors,341,OCC1OC(O)C(O)C(O)C1O,C1CCOCC1,0.7400,-0.1987,0.9387,0.4000
random,0,MLP,RDKit descriptors,1077,CCCCCOC(=O)C,,-1.8900,-1.4153,0.4747,0.6667
random,0,MLP,RDKit descriptors,3,c1ccc2c(c1)ccc3c2ccc4c5ccccc5ccc43,c1ccc2c(c1)ccc1c2ccc2c3ccccc3ccc21,-7.8700,-8.1402,0.2702,1.0000
random,0,MLP,RDKit descriptors,675,CC12CC2(C)C(=O)N(C1=O)c3cc(Cl)cc(Cl)c3,O=C1C2CC2C(=O)N1c1ccccc1,-4.8000,-3.8007,0.9993,0.3556
random,0,MLP,RDKit descriptors,490,CC(C)Br,,-1.5900,-1.9293,0.3393,0.4286
random,0,MLP,RDKit descriptors,1089,CC(=O)Nc1cc(NS(=O)(=O)C(F)(F)F)c(C)cc1C,c1ccccc1,-3.2400,-3.9570,0.7170,0.4565
random,0,MLP,RDKit descriptors,414,ClC1=C(Cl)C2(Cl)C3C4CC(C=C4)C3C1(Cl)C2(Cl)Cl,C1=CC2CC1C1C3C=CC(C3)C21,-6.3070,-5.8874,0.4196,0.5000
random,0,MLP,RDKit descriptors,1017,COP(=S)(OC)Oc1cc(Cl)c(Br)cc1Cl,c1ccccc1,-6.0900,-5.1222,0.9678,0.7333
random,0,MLP,RDKit descriptors,76,O=C1N(COC(=O)CCCCC)C(=O)C(N1)(c2ccccc2)c3ccccc3,O=C1NC(=O)C(c2ccccc2)(c2ccccc2)N1,-5.8860,-4.7445,1.1415,0.9767
random,0,MLP,RDKit descriptors,156,Oc2ccc1CCCCc1c2 ,c1ccc2c(c1)CCCC2,-1.9900,-2.1303,0.1403,0.4545
random,0,MLP,RDKit descriptors,466,Clc1ccccc1I,c1ccccc1,-3.5400,-3.8389,0.2989,0.5625
random,0,MLP,RDKit descriptors,390,Cc1ccc2cc3ccccc3cc2c1,c1ccc2cc3ccccc3cc2c1,-6.9600,-5.6318,1.3282,0.6250
random,0,MLP,RDKit descriptors,835,c1ccccc1,c1ccccc1,-1.6400,-1.4168,0.2232,0.3333
random,0,MLP,RDKit descriptors,757,CCCCCC(=O)C,,-1.4500,-1.9232,0.4732,0.9412
random,0,MLP,RDKit descriptors,571,O=C1NC(=O)NC(=O)C1(CC)C(C)CCC,O=C1CC(=O)NC(=O)N1,-2.3900,-2.1524,0.2376,0.7333
random,0,MLP,RDKit descriptors,1045,CNC(=O)Oc1cc(C)cc(C)c1,c1ccccc1,-2.5810,-2.1799,0.4011,0.5806
random,0,MLP,RDKit descriptors,954,Cc1cncc(C)c1,c1ccncc1,0.3800,-1.0394,1.4194,0.5000
random,0,MLP,RDKit descriptors,700,CCOP(=S)(OCC)SCSP(=S)(OCC)OCC,,-5.5400,-4.9758,0.5642,0.7727
random,0,MLP,RDKit descriptors,431,C1CCCCC1,C1CCCCC1,-3.1000,-2.8874,0.2126,1.0000
random,0,MLP,RDKit descriptors,896,CCCCC(C)(C)O,,-1.0800,-1.5468,0.4668,0.8235
random,0,MLP,RDKit descriptors,301,CC(Cl)Cl,,-1.2900,-1.9634,0.6734,0.8333
random,0,MLP,RDKit descriptors,307,ClC(Cl)(Cl)Cl,,-2.3100,-3.0920,0.7820,0.5000
random,0,MLP,RDKit descriptors,613,CCCCCCCCCO,,-3.0100,-2.9027,0.1073,1.0000
random,0,MLP,RDKit descriptors,240,O=C1CCCCC1,O=C1CCCCC1,-0.6000,-1.0654,0.4654,0.3000
random,0,MLP,RDKit descriptors,699,O=N(=O)c1cccc(c1)N(=O)=O,c1ccccc1,-2.2900,-2.8293,0.5393,0.6957
random,0,MLP,RDKit descriptors,681,CCOP(=S)(OCC)Oc1nc(Cl)c(Cl)cc1Cl ,c1ccncc1,-5.6700,-5.1015,0.5685,0.4130
random,0,MLP,RDKit descriptors,936,O=N(=O)c1cccc2ccccc12,c1ccc2ccccc2c1,-3.5400,-2.8747,0.6653,0.5185
random,0,MLP,RDKit descriptors,616,Cc1ccc2cc(C)ccc2c1,c1ccc2ccccc2c1,-4.8900,-4.1960,0.6940,0.5455
random,0,MLP,RDKit descriptors,780,c1ccc2c3c(ccc2c1)c4cccc5cccc3c45,c1ccc2c3c(ccc2c1)-c1cccc2cccc-3c12,-8.0000,-7.5240,0.4760,0.5600
random,0,MLP,RDKit descriptors,719,O=c1[nH]cnc2[nH]ncc12 ,O=c1[nH]cnc2[nH]ncc12,-2.2660,-1.2282,1.0378,0.4483
random,0,MLP,RDKit descriptors,800,CC(C)N(=O)=O,,-0.6200,-0.2995,0.3205,0.3750
random,0,MLP,RDKit descriptors,568,Nc1ccc(cc1)c2ccc(N)cc2,c1ccc(-c2ccccc2)cc1,-2.7000,-2.8560,0.1560,0.5000
random,0,MLP,RDKit descriptors,985,c1c(NC(=O)OC(C)C(=O)NCC)cccc1,c1ccccc1,-1.8300,-2.9253,1.0953,0.4222
random,0,MLP,RDKit descriptors,302,Nc1ccc(cc1)S(N)(=O)=O,c1ccccc1,-1.3400,-1.9239,0.5839,0.6500
random,0,MLP,RDKit descriptors,826,CC(Cl)(Cl)Cl,,-2.0000,-2.8681,0.8681,0.4545
random,0,MLP,RDKit descriptors,1097,CCCCCCCCCCCCCCCCCCCC,,-8.1720,-9.0053,0.8333,1.0000
random,0,MLP,RDKit descriptors,775,Clc1ccc(CN(C2CCCC2)C(=O)Nc3ccccc3)cc1,O=C(Nc1ccccc1)N(Cc1ccccc1)C1CCCC1,-5.9150,-5.5882,0.3268,0.4000
random,0,MLP,RDKit descriptors,889,O=C1NC(=O)NC(=O)C1(C)CC,O=C1CC(=O)NC(=O)N1,-1.2280,-1.2097,0.0183,0.5385
random,0,MLP,RDKit descriptors,115,Cn1cnc2n(C)c(=O)[nH]c(=O)c12 ,O=c1[nH]c(=O)c2[nH]cnc2[nH]1,-2.5230,-1.2415,1.2815,0.5294
random,0,MLP,RDKit descriptors,191,COCC(=O)N(C(C)C(=O)OC)c1c(C)cccc1C ,c1ccccc1,-1.6010,-2.8488,1.2478,0.4510
random,0,MLP,RDKit descriptors,104,CCc1cccc2ccccc12,c1ccc2ccccc2c1,-4.1700,-4.1190,0.0510,0.5714
random,0,MLP,RDKit descriptors,176,CC1=CC(=O)CC(C)(C)C1 ,O=C1C=CCCC1,-1.0600,-2.3062,1.2462,0.4286
random,0,MLP,RDKit descriptors,7,CC12CCC3C(CCc4cc(O)ccc34)C2CCC1O,c1ccc2c(c1)CCC1C2CCC2CCCC21,-5.0300,-4.1059,0.9241,0.7174
random,0,MLP,RDKit descriptors,487,OCc1ccccc1,c1ccccc1,-0.4000,-0.4444,0.0444,0.5294
random,0,MLP,RDKit descriptors,351,Cc1ccc2ccccc2c1,c1ccc2ccccc2c1,-3.7700,-3.7455,0.0245,0.6522
random,0,MLP,RDKit descriptors,581,CBr,,-0.7900,-0.6774,0.1126,0.2857
random,0,MLP,RDKit descriptors,881,CNc1ccccc1,c1ccccc1,-1.2800,-1.1965,0.0835,0.5294
random,0,MLP,RDKit descriptors,639,CCC#CCC,,-1.9900,-1.9739,0.0161,0.4167
random,0,MLP,RDKit descriptors,377,CCCC(=O)OC,,-1.9200,-0.3608,1.5592,0.6667
random,0,MLP,RDKit descriptors,1102,CC1CCCC1,C1CCCC1,-3.3000,-2.6437,0.6563,0.9091
random,0,MLP,RDKit descriptors,632,Cc1cccc2c(C)cccc12,c1ccc2ccccc2c1,-4.6790,-4.1960,0.4830,0.6667
random,0,MLP,RDKit descriptors,315,COc1ccc(C=CC)cc1,c1ccccc1,-3.1300,-3.0171,0.1129,0.5600
random,0,MLP,RDKit descriptors,29,CCCCCCCC(=O)OC,,-3.1700,-2.4509,0.7191,1.0000
random,0,MLP,RDKit descriptors,184,CCOP(=S)(CC)Oc1cc(Cl)c(Cl)cc1Cl,c1ccccc1,-5.7520,-5.7377,0.0143,0.5143
random,0,MLP,RDKit descriptors,975,CCCCCCCCCCCCCCCC,,-8.4000,-7.7941,0.6059,1.0000
random,0,MLP,RDKit descriptors,607,CCN(CC)C(=O)C(C)Oc1cccc2ccccc12 ,c1ccc2ccccc2c1,-3.5700,-3.9684,0.3984,0.4318
random,0,GCN,Molecular graph,905,CC(C#C)N(C)C(=O)Nc1ccc(Cl)cc1,c1ccccc1,-3.9000,-3.4020,0.4980,0.5833
random,0,GCN,Molecular graph,854,Clc1cccc(Cl)c1,c1ccccc1,-3.0400,-3.4234,0.3834,0.6111
random,0,GCN,Molecular graph,821,CCCC/C=C/C,,-3.8200,-3.3231,0.4969,0.4500
random,0,GCN,Molecular graph,267,CCCCBr,,-2.3700,-2.2175,0.1525,0.7692
random,0,GCN,Molecular graph,612,Cc1ccnc(C)c1,c1ccncc1,0.3800,-0.0082,0.3882,0.3810
random,0,GCN,Molecular graph,946,Cc1cccc(C)c1NC(=O)c2cc(c(Cl)cc2O)S(N)(=O)=O,O=C(Nc1ccccc1)c1ccccc1,-3.7900,-3.3020,0.4880,0.3492
random,0,GCN,Molecular graph,608,CC(O)C(C)(C)C,,-0.6200,-0.8218,0.2018,0.5000
random,0,GCN,Molecular graph,503,Oc1ccc(cc1)c2ccccc2,c1ccc(-c2ccccc2)cc1,-3.4800,-2.6688,0.8112,0.6667
random,0,GCN,Molecular graph,95,CCC(=C(CC)c1ccc(O)cc1)c2ccc(O)cc2 ,C(=Cc1ccccc1)c1ccccc1,-4.0700,-4.1093,0.0393,0.4800
random,0,GCN,Molecular graph,496,Nc2cccc3nc1ccccc1cc23 ,c1ccc2nc3ccccc3cc2c1,-4.2200,-3.8549,0.3651,0.5600
random,0,GCN,Molecular graph,288,CCN2c1cc(OC)cc(C)c1NC(=O)c3cccnc23 ,O=C1Nc2ccccc2Nc2ncccc21,-5.1530,-4.1601,0.9929,0.7037
random,0,GCN,Molecular graph,730,CCC2NC(=O)c1cc(c(Cl)cc1N2)S(N)(=O)=O,O=C1NCNc2ccccc21,-3.2900,-3.2138,0.0762,0.4561
random,0,GCN,Molecular graph,483,Nc1nc[nH]n1,c1nc[nH]n1,0.5220,-0.6112,1.1332,0.2667
random,0,GCN,Molecular graph,1040,Cc1ccc(O)cc1C,c1ccccc1,-1.3800,-1.1753,0.2047,0.5000
random,0,GCN,Molecular graph,215,Clc1ccc(cc1)c2ccc(Cl)cc2 ,c1ccc(-c2ccccc2)cc1,-6.5600,-5.5058,1.0542,0.7273
random,0,GCN,Molecular graph,933,CCOP(=S)(OCC)Oc1ccc(cc1)N(=O)=O,c1ccccc1,-4.6600,-4.7888,0.1288,0.5641
random,0,GCN,Molecular graph,413,Oc1ccc(cc1)N(=O)=O,c1ccccc1,-0.7400,-1.5567,0.8167,0.5652
random,0,GCN,Molecular graph,16,CCC(C)CO,,-0.4700,-0.7298,0.2598,0.5714
random,0,GCN,Molecular graph,617,CCSC(=O)N(CC(C)C)CC(C)C,,-3.6800,-4.0017,0.3217,0.3714
random,0,GCN,Molecular graph,1072,CCOC(=O)c1ccccc1C(=O)OCC,c1ccccc1,-2.3500,-2.8954,0.5454,0.6429
random,0,GCN,Molecular graph,704,Nc1ccc(Cl)cc1,c1ccccc1,-1.6600,-1.6137,0.0463,0.6154
random,0,GCN,Molecular graph,110,Oc1c(I)cc(C#N)cc1I,c1ccccc1,-3.6100,-3.8164,0.2064,0.5200
random,0,GCN,Molecular graph,113,c1ccccc1O,c1ccccc1,0.0000,-0.4241,0.4241,0.5833
random,0,GCN,Molecular graph,30,CCc1ccc(CC)cc1,c1ccccc1,-3.7500,-3.7502,0.0002,0.7333
random,0,GCN,Molecular graph,1,Cc1occc1C(=O)Nc2ccccc2,O=C(Nc1ccccc1)c1ccoc1,-3.3000,-2.9545,0.3455,0.5143
random,0,GCN,Molecular graph,706,c1ccoc1,c1ccoc1,-0.8200,0.7999,1.6199,0.1579
random,0,GCN,Molecular graph,541,CC(=O)C1(O)CCC2C3CCC4=CC(=O)CCC4(C)C3CCC21C,O=C1C=C2CCC3C4CCCC4CCC3C2CC1,-3.8170,-3.9565,0.1395,0.7391
random,0,GCN,Molecular graph,257,CCNc1ccccc1,c1ccccc1,-1.7000,-1.9532,0.2532,0.4500
random,0,GCN,Molecular graph,1084,CC(=O)OC3(CCC4C2CCC1=CC(=O)CCC1C2CCC34C)C#C,O=C1C=C2CCC3C4CCCC4CCC3C2CC1,-4.8000,-4.5267,0.2733,0.4462
random,0,GCN,Molecular graph,125,CC(=O)OCC(COC(=O)C)OC(=O)C,,-0.6000,0.1591,0.7591,0.5652
random,0,GCN,Molecular graph,1035,CC(C)C(=O)C(C)C,,-1.3000,-2.6835,1.3835,0.5385
random,0,GCN,Molecular graph,563,COC(=O)c1ccccc1C(=O)OC,c1ccccc1,-1.6600,-2.1500,0.4900,0.6087
random,0,GCN,Molecular graph,743,CCCCCC(C)C,,-5.0800,-4.5926,0.4874,0.5789
random,0,GCN,Molecular graph,51,CCC1(C(=O)NC(=O)NC1=O)C2=CCCCC2 ,O=C1NC(=O)C(C2=CCCCC2)C(=O)N1,-2.1700,-2.4754,0.3054,0.4474
random,0,GCN,Molecular graph,856,CC(C)COC=O,,-1.0100,-0.8901,0.1199,0.5455
random,0,GCN,Molecular graph,492,O=N(=O)c1cc(cc(c1)N(=O)=O)N(=O)=O,c1ccccc1,-2.8900,-3.2107,0.3207,0.5714
random,0,GCN,Molecular graph,806,CCC(C)C(C)C,,-4.2800,-4.5313,0.2513,0.4615
random,0,GCN,Molecular graph,228,CC(C)=CCCC(O)(C)C=C,,-1.9900,-1.8271,0.1629,0.3226
random,0,GCN,Molecular graph,434,CC34CCc1c(ccc2cc(O)ccc12)C3CCC4=O,O=C1CCC2c3ccc4ccccc4c3CCC12,-5.2400,-4.4809,0.7591,0.5185
random,0,GCN,Molecular graph,750,CC12CCC3C(CCC4=CC(=O)CCC34C)C2CCC1O,O=C1C=C2CCC3C4CCCC4CCC3C2CC1,-4.0200,-4.3660,0.3460,0.7234
random,0,GCN,Molecular graph,823,CCCCCC1CCCC1,C1CCCC1,-6.0800,-4.8600,1.2200,0.6500
random,0,GCN,Molecular graph,276,OCC(O)C(O)C(O)C(O)CO,,1.0900,1.1408,0.0508,0.6667
random,0,GCN,Molecular graph,393,CCCCCCCC(C)O,,-2.7400,-2.5501,0.1899,1.0000
random,0,GCN,Molecular graph,546,Cc2c(N)c(=O)n(c1ccccc1)n2C,O=c1cc[nH]n1-c1ccccc1,-0.6240,-1.3551,0.7311,0.4857
random,0,GCN,Molecular graph,458,CC1(C)C(C=C(Cl)Cl)C1C(=O)OC(C#N)c2cccc(Oc3ccccc3)c2,O=C(OCc1cccc(Oc2ccccc2)c1)C1CC1,-8.0170,-6.5682,1.4488,0.8421
random,0,GCN,Molecular graph,795,c2ccc1nc(ccc1c2)c4ccc3ccccc3n4 ,c1ccc2nc(-c3ccc4ccccc4n3)ccc2c1,-5.4000,-3.8271,1.5729,0.5238
random,0,GCN,Molecular graph,736,c1cccc2c3c(C)cc4ccccc4c3ccc12,c1ccc2c(c1)ccc1c3ccccc3ccc21,-6.5900,-7.1121,0.5221,0.6071
random,0,GCN,Molecular graph,57,Cc1ccc(C)c2ccccc12,c1ccc2ccccc2c1,-4.1400,-4.4030,0.2630,0.5789
random,0,GCN,Molecular graph,73,O=C1NC(=O)NC(=O)C1(CC=C)c1ccccc1,O=C1NC(=O)C(c2ccccc2)C(=O)N1,-2.3690,-2.6218,0.2528,0.6061
random,0,GCN,Molecular graph,687,CN(C)C(=O)C,,1.1100,1.0249,0.0851,0.5385
random,0,GCN,Molecular graph,211,CCCC(C)(C)C,,-4.3600,-3.9341,0.4259,0.5000
random,0,GCN,Molecular graph,1046,ClC1CC2C(C1Cl)C3(Cl)C(=C(Cl)C2(Cl)C3(Cl)Cl)Cl,C1=CC2CC1C1CCCC21,-6.8600,-5.8194,1.0406,0.4545
random,0,GCN,Molecular graph,430,CCN(CC)C(=S)SSC(=S)N(CC)CC,,-4.8600,-4.6812,0.1788,0.4815
random,0,GCN,Molecular graph,146,CO,,1.5700,2.3035,0.7335,0.2857
random,0,GCN,Molecular graph,217,CC(=C)C1CC=C(C)C(=O)C1,O=C1C=CCCC1,-2.0600,-2.2171,0.1571,0.4706
random,0,GCN,Molecular graph,695,CC13CCC(=O)C=C1CCC4C2CCC(C(=O)CO)C2(CC(O)C34)C=O ,O=C1C=C2CCC3C4CCCC4CCC3C2CC1,-3.8500,-3.3710,0.4790,0.7719
random,0,GCN,Molecular graph,751,CCCCCCC,,-4.5300,-4.1643,0.3657,1.0000
random,0,GCN,Molecular graph,341,OCC1OC(O)C(O)C(O)C1O,C1CCOCC1,0.7400,1.0360,0.2960,0.4000
random,0,GCN,Molecular graph,1077,CCCCCOC(=O)C,,-1.8900,-1.4916,0.3984,0.6667
random,0,GCN,Molecular graph,3,c1ccc2c(c1)ccc3c2ccc4c5ccccc5ccc43,c1ccc2c(c1)ccc1c2ccc2c3ccccc3ccc21,-7.8700,-7.8716,0.0016,1.0000
random,0,GCN,Molecular graph,675,CC12CC2(C)C(=O)N(C1=O)c3cc(Cl)cc(Cl)c3,O=C1C2CC2C(=O)N1c1ccccc1,-4.8000,-4.8374,0.0374,0.3556
random,0,GCN,Molecular graph,490,CC(C)Br,,-1.5900,-1.6427,0.0527,0.4286
random,0,GCN,Molecular graph,1089,CC(=O)Nc1cc(NS(=O)(=O)C(F)(F)F)c(C)cc1C,c1ccccc1,-3.2400,-3.9241,0.6841,0.4565
random,0,GCN,Molecular graph,414,ClC1=C(Cl)C2(Cl)C3C4CC(C=C4)C3C1(Cl)C2(Cl)Cl,C1=CC2CC1C1C3C=CC(C3)C21,-6.3070,-6.4024,0.0954,0.5000
random,0,GCN,Molecular graph,1017,COP(=S)(OC)Oc1cc(Cl)c(Br)cc1Cl,c1ccccc1,-6.0900,-5.8054,0.2846,0.7333
random,0,GCN,Molecular graph,76,O=C1N(COC(=O)CCCCC)C(=O)C(N1)(c2ccccc2)c3ccccc3,O=C1NC(=O)C(c2ccccc2)(c2ccccc2)N1,-5.8860,-4.7279,1.1581,0.9767
random,0,GCN,Molecular graph,156,Oc2ccc1CCCCc1c2 ,c1ccc2c(c1)CCCC2,-1.9900,-2.7565,0.7665,0.4545
random,0,GCN,Molecular graph,466,Clc1ccccc1I,c1ccccc1,-3.5400,-3.9146,0.3746,0.5625
random,0,GCN,Molecular graph,390,Cc1ccc2cc3ccccc3cc2c1,c1ccc2cc3ccccc3cc2c1,-6.9600,-6.5932,0.3668,0.6250
random,0,GCN,Molecular graph,835,c1ccccc1,c1ccccc1,-1.6400,-2.5306,0.8906,0.3333
random,0,GCN,Molecular graph,757,CCCCCC(=O)C,,-1.4500,-1.7361,0.2861,0.9412
random,0,GCN,Molecular graph,571,O=C1NC(=O)NC(=O)C1(CC)C(C)CCC,O=C1CC(=O)NC(=O)N1,-2.3900,-2.4941,0.1041,0.7333
random,0,GCN,Molecular graph,1045,CNC(=O)Oc1cc(C)cc(C)c1,c1ccccc1,-2.5810,-2.6262,0.0452,0.5806
random,0,GCN,Molecular graph,954,Cc1cncc(C)c1,c1ccncc1,0.3800,-0.2407,0.6207,0.5000
random,0,GCN,Molecular graph,700,CCOP(=S)(OCC)SCSP(=S)(OCC)OCC,,-5.5400,-4.0267,1.5133,0.7727
random,0,GCN,Molecular graph,431,C1CCCCC1,C1CCCCC1,-3.1000,-3.4055,0.3055,1.0000
random,0,GCN,Molecular graph,896,CCCCC(C)(C)O,,-1.0800,-1.1669,0.0869,0.8235
random,0,GCN,Molecular graph,301,CC(Cl)Cl,,-1.2900,-1.3315,0.0415,0.8333
random,0,GCN,Molecular graph,307,ClC(Cl)(Cl)Cl,,-2.3100,-2.5031,0.1931,0.5000
random,0,GCN,Molecular graph,613,CCCCCCCCCO,,-3.0100,-3.1658,0.1558,1.0000
random,0,GCN,Molecular graph,240,O=C1CCCCC1,O=C1CCCCC1,-0.6000,-1.0819,0.4819,0.3000
random,0,GCN,Molecular graph,699,O=N(=O)c1cccc(c1)N(=O)=O,c1ccccc1,-2.2900,-2.4211,0.1311,0.6957
random,0,GCN,Molecular graph,681,CCOP(=S)(OCC)Oc1nc(Cl)c(Cl)cc1Cl ,c1ccncc1,-5.6700,-5.4668,0.2032,0.4130
random,0,GCN,Molecular graph,936,O=N(=O)c1cccc2ccccc12,c1ccc2ccccc2c1,-3.5400,-3.9191,0.3791,0.5185
random,0,GCN,Molecular graph,616,Cc1ccc2cc(C)ccc2c1,c1ccc2ccccc2c1,-4.8900,-5.3016,0.4116,0.5455
random,0,GCN,Molecular graph,780,c1ccc2c3c(ccc2c1)c4cccc5cccc3c45,c1ccc2c3c(ccc2c1)-c1cccc2cccc-3c12,-8.0000,-7.8461,0.1539,0.5600
random,0,GCN,Molecular graph,719,O=c1[nH]cnc2[nH]ncc12 ,O=c1[nH]cnc2[nH]ncc12,-2.2660,-2.1110,0.1550,0.4483
random,0,GCN,Molecular graph,800,CC(C)N(=O)=O,,-0.6200,-1.4187,0.7987,0.3750
random,0,GCN,Molecular graph,568,Nc1ccc(cc1)c2ccc(N)cc2,c1ccc(-c2ccccc2)cc1,-2.7000,-2.4167,0.2833,0.5000
random,0,GCN,Molecular graph,985,c1c(NC(=O)OC(C)C(=O)NCC)cccc1,c1ccccc1,-1.8300,-2.5101,0.6801,0.4222
random,0,GCN,Molecular graph,302,Nc1ccc(cc1)S(N)(=O)=O,c1ccccc1,-1.3400,-1.4863,0.1463,0.6500
random,0,GCN,Molecular graph,826,CC(Cl)(Cl)Cl,,-2.0000,-2.0691,0.0691,0.4545
random,0,GCN,Molecular graph,1097,CCCCCCCCCCCCCCCCCCCC,,-8.1720,-7.7611,0.4109,1.0000
random,0,GCN,Molecular graph,775,Clc1ccc(CN(C2CCCC2)C(=O)Nc3ccccc3)cc1,O=C(Nc1ccccc1)N(Cc1ccccc1)C1CCCC1,-5.9150,-5.5327,0.3823,0.4000
random,0,GCN,Molecular graph,889,O=C1NC(=O)NC(=O)C1(C)CC,O=C1CC(=O)NC(=O)N1,-1.2280,-1.5445,0.3165,0.5385
random,0,GCN,Molecular graph,115,Cn1cnc2n(C)c(=O)[nH]c(=O)c12 ,O=c1[nH]c(=O)c2[nH]cnc2[nH]1,-2.5230,-2.0520,0.4710,0.5294
random,0,GCN,Molecular graph,191,COCC(=O)N(C(C)C(=O)OC)c1c(C)cccc1C ,c1ccccc1,-1.6010,-2.5044,0.9034,0.4510
random,0,GCN,Molecular graph,104,CCc1cccc2ccccc12,c1ccc2ccccc2c1,-4.1700,-4.5310,0.3610,0.5714
random,0,GCN,Molecular graph,176,CC1=CC(=O)CC(C)(C)C1 ,O=C1C=CCCC1,-1.0600,-1.8131,0.7531,0.4286
random,0,GCN,Molecular graph,7,CC12CCC3C(CCc4cc(O)ccc34)C2CCC1O,c1ccc2c(c1)CCC1C2CCC2CCCC21,-5.0300,-4.2420,0.7880,0.7174
random,0,GCN,Molecular graph,487,OCc1ccccc1,c1ccccc1,-0.4000,-0.7840,0.3840,0.5294
random,0,GCN,Molecular graph,351,Cc1ccc2ccccc2c1,c1ccc2ccccc2c1,-3.7700,-4.5907,0.8207,0.6522
random,0,GCN,Molecular graph,581,CBr,,-0.7900,-0.8313,0.0413,0.2857
random,0,GCN,Molecular graph,881,CNc1ccccc1,c1ccccc1,-1.2800,-1.0330,0.2470,0.5294
random,0,GCN,Molecular graph,639,CCC#CCC,,-1.9900,-1.5490,0.4410,0.4167
random,0,GCN,Molecular graph,377,CCCC(=O)OC,,-1.9200,-0.6848,1.2352,0.6667
random,0,GCN,Molecular graph,1102,CC1CCCC1,C1CCCC1,-3.3000,-3.9208,0.6208,0.9091
random,0,GCN,Molecular graph,632,Cc1cccc2c(C)cccc12,c1ccc2ccccc2c1,-4.6790,-4.1880,0.4910,0.6667
random,0,GCN,Molecular graph,315,COc1ccc(C=CC)cc1,c1ccccc1,-3.1300,-3.4331,0.3031,0.5600
random,0,GCN,Molecular graph,29,CCCCCCCC(=O)OC,,-3.1700,-2.9271,0.2429,1.0000
random,0,GCN,Molecular graph,184,CCOP(=S)(CC)Oc1cc(Cl)c(Cl)cc1Cl,c1ccccc1,-5.7520,-6.3818,0.6298,0.5143
random,0,GCN,Molecular graph,975,CCCCCCCCCCCCCCCC,,-8.4000,-7.2838,1.1162,1.0000
random,0,GCN,Molecular graph,607,CCN(CC)C(=O)C(C)Oc1cccc2ccccc12 ,c1ccc2ccccc2c1,-3.5700,-4.4725,0.9025,0.4318
random,0,GIN,Molecular graph,905,CC(C#C)N(C)C(=O)Nc1ccc(Cl)cc1,c1ccccc1,-3.9000,-2.9928,0.9072,0.5833
random,0,GIN,Molecular graph,854,Clc1cccc(Cl)c1,c1ccccc1,-3.0400,-3.2187,0.1787,0.6111
random,0,GIN,Molecular graph,821,CCCC/C=C/C,,-3.8200,-3.2162,0.6038,0.4500
random,0,GIN,Molecular graph,267,CCCCBr,,-2.3700,-1.9723,0.3977,0.7692
random,0,GIN,Molecular graph,612,Cc1ccnc(C)c1,c1ccncc1,0.3800,-0.7272,1.1072,0.3810
random,0,GIN,Molecular graph,946,Cc1cccc(C)c1NC(=O)c2cc(c(Cl)cc2O)S(N)(=O)=O,O=C(Nc1ccccc1)c1ccccc1,-3.7900,-3.5712,0.2188,0.3492
random,0,GIN,Molecular graph,608,CC(O)C(C)(C)C,,-0.6200,-0.8260,0.2060,0.5000
random,0,GIN,Molecular graph,503,Oc1ccc(cc1)c2ccccc2,c1ccc(-c2ccccc2)cc1,-3.4800,-3.2451,0.2349,0.6667
random,0,GIN,Molecular graph,95,CCC(=C(CC)c1ccc(O)cc1)c2ccc(O)cc2 ,C(=Cc1ccccc1)c1ccccc1,-4.0700,-4.2002,0.1302,0.4800
random,0,GIN,Molecular graph,496,Nc2cccc3nc1ccccc1cc23 ,c1ccc2nc3ccccc3cc2c1,-4.2200,-3.6898,0.5302,0.5600
random,0,GIN,Molecular graph,288,CCN2c1cc(OC)cc(C)c1NC(=O)c3cccnc23 ,O=C1Nc2ccccc2Nc2ncccc21,-5.1530,-3.9814,1.1716,0.7037
random,0,GIN,Molecular graph,730,CCC2NC(=O)c1cc(c(Cl)cc1N2)S(N)(=O)=O,O=C1NCNc2ccccc21,-3.2900,-3.6671,0.3771,0.4561
random,0,GIN,Molecular graph,483,Nc1nc[nH]n1,c1nc[nH]n1,0.5220,-0.7989,1.3209,0.2667
random,0,GIN,Molecular graph,1040,Cc1ccc(O)cc1C,c1ccccc1,-1.3800,-1.3374,0.0426,0.5000
random,0,GIN,Molecular graph,215,Clc1ccc(cc1)c2ccc(Cl)cc2 ,c1ccc(-c2ccccc2)cc1,-6.5600,-5.8990,0.6610,0.7273
random,0,GIN,Molecular graph,933,CCOP(=S)(OCC)Oc1ccc(cc1)N(=O)=O,c1ccccc1,-4.6600,-5.1264,0.4664,0.5641
random,0,GIN,Molecular graph,413,Oc1ccc(cc1)N(=O)=O,c1ccccc1,-0.7400,-1.4598,0.7198,0.5652
random,0,GIN,Molecular graph,16,CCC(C)CO,,-0.4700,-0.6661,0.1961,0.5714
random,0,GIN,Molecular graph,617,CCSC(=O)N(CC(C)C)CC(C)C,,-3.6800,-4.0775,0.3975,0.3714
random,0,GIN,Molecular graph,1072,CCOC(=O)c1ccccc1C(=O)OCC,c1ccccc1,-2.3500,-4.2331,1.8831,0.6429
random,0,GIN,Molecular graph,704,Nc1ccc(Cl)cc1,c1ccccc1,-1.6600,-1.5225,0.1375,0.6154
random,0,GIN,Molecular graph,110,Oc1c(I)cc(C#N)cc1I,c1ccccc1,-3.6100,-4.3943,0.7843,0.5200
random,0,GIN,Molecular graph,113,c1ccccc1O,c1ccccc1,0.0000,-0.3740,0.3740,0.5833
random,0,GIN,Molecular graph,30,CCc1ccc(CC)cc1,c1ccccc1,-3.7500,-3.4732,0.2768,0.7333
random,0,GIN,Molecular graph,1,Cc1occc1C(=O)Nc2ccccc2,O=C(Nc1ccccc1)c1ccoc1,-3.3000,-2.6310,0.6690,0.5143
random,0,GIN,Molecular graph,706,c1ccoc1,c1ccoc1,-0.8200,0.8755,1.6955,0.1579
random,0,GIN,Molecular graph,541,CC(=O)C1(O)CCC2C3CCC4=CC(=O)CCC4(C)C3CCC21C,O=C1C=C2CCC3C4CCCC4CCC3C2CC1,-3.8170,-3.7823,0.0347,0.7391
random,0,GIN,Molecular graph,257,CCNc1ccccc1,c1ccccc1,-1.7000,-2.5726,0.8726,0.4500
random,0,GIN,Molecular graph,1084,CC(=O)OC3(CCC4C2CCC1=CC(=O)CCC1C2CCC34C)C#C,O=C1C=C2CCC3C4CCCC4CCC3C2CC1,-4.8000,-4.9342,0.1342,0.4462
random,0,GIN,Molecular graph,125,CC(=O)OCC(COC(=O)C)OC(=O)C,,-0.6000,-1.9191,1.3191,0.5652
random,0,GIN,Molecular graph,1035,CC(C)C(=O)C(C)C,,-1.3000,-1.4475,0.1475,0.5385
random,0,GIN,Molecular graph,563,COC(=O)c1ccccc1C(=O)OC,c1ccccc1,-1.6600,-3.2655,1.6055,0.6087
random,0,GIN,Molecular graph,743,CCCCCC(C)C,,-5.0800,-4.5562,0.5238,0.5789
random,0,GIN,Molecular graph,51,CCC1(C(=O)NC(=O)NC1=O)C2=CCCCC2 ,O=C1NC(=O)C(C2=CCCCC2)C(=O)N1,-2.1700,-2.3561,0.1861,0.4474
random,0,GIN,Molecular graph,856,CC(C)COC=O,,-1.0100,-0.8064,0.2036,0.5455
random,0,GIN,Molecular graph,492,O=N(=O)c1cc(cc(c1)N(=O)=O)N(=O)=O,c1ccccc1,-2.8900,-4.3339,1.4439,0.5714
random,0,GIN,Molecular graph,806,CCC(C)C(C)C,,-4.2800,-3.9394,0.3406,0.4615
random,0,GIN,Molecular graph,228,CC(C)=CCCC(O)(C)C=C,,-1.9900,-1.2244,0.7656,0.3226
random,0,GIN,Molecular graph,434,CC34CCc1c(ccc2cc(O)ccc12)C3CCC4=O,O=C1CCC2c3ccc4ccccc4c3CCC12,-5.2400,-4.2699,0.9701,0.5185
random,0,GIN,Molecular graph,750,CC12CCC3C(CCC4=CC(=O)CCC34C)C2CCC1O,O=C1C=C2CCC3C4CCCC4CCC3C2CC1,-4.0200,-4.0045,0.0155,0.7234
random,0,GIN,Molecular graph,823,CCCCCC1CCCC1,C1CCCC1,-6.0800,-5.2979,0.7821,0.6500
random,0,GIN,Molecular graph,276,OCC(O)C(O)C(O)C(O)CO,,1.0900,0.7978,0.2922,0.6667
random,0,GIN,Molecular graph,393,CCCCCCCC(C)O,,-2.7400,-2.8021,0.0621,1.0000
random,0,GIN,Molecular graph,546,Cc2c(N)c(=O)n(c1ccccc1)n2C,O=c1cc[nH]n1-c1ccccc1,-0.6240,-1.8348,1.2108,0.4857
random,0,GIN,Molecular graph,458,CC1(C)C(C=C(Cl)Cl)C1C(=O)OC(C#N)c2cccc(Oc3ccccc3)c2,O=C(OCc1cccc(Oc2ccccc2)c1)C1CC1,-8.0170,-6.8548,1.1622,0.8421
random,0,GIN,Molecular graph,795,c2ccc1nc(ccc1c2)c4ccc3ccccc3n4 ,c1ccc2nc(-c3ccc4ccccc4n3)ccc2c1,-5.4000,-4.2663,1.1337,0.5238
random,0,GIN,Molecular graph,736,c1cccc2c3c(C)cc4ccccc4c3ccc12,c1ccc2c(c1)ccc1c3ccccc3ccc21,-6.5900,-7.0824,0.4924,0.6071
random,0,GIN,Molecular graph,57,Cc1ccc(C)c2ccccc12,c1ccc2ccccc2c1,-4.1400,-4.4850,0.3450,0.5789
random,0,GIN,Molecular graph,73,O=C1NC(=O)NC(=O)C1(CC=C)c1ccccc1,O=C1NC(=O)C(c2ccccc2)C(=O)N1,-2.3690,-2.4656,0.0966,0.6061
random,0,GIN,Molecular graph,687,CN(C)C(=O)C,,1.1100,0.6062,0.5038,0.5385
random,0,GIN,Molecular graph,211,CCCC(C)(C)C,,-4.3600,-3.7655,0.5945,0.5000
random,0,GIN,Molecular graph,1046,ClC1CC2C(C1Cl)C3(Cl)C(=C(Cl)C2(Cl)C3(Cl)Cl)Cl,C1=CC2CC1C1CCCC21,-6.8600,-6.0506,0.8094,0.4545
random,0,GIN,Molecular graph,430,CCN(CC)C(=S)SSC(=S)N(CC)CC,,-4.8600,-5.0528,0.1928,0.4815
random,0,GIN,Molecular graph,146,CO,,1.5700,1.1851,0.3849,0.2857
random,0,GIN,Molecular graph,217,CC(=C)C1CC=C(C)C(=O)C1,O=C1C=CCCC1,-2.0600,-2.3792,0.3192,0.4706
random,0,GIN,Molecular graph,695,CC13CCC(=O)C=C1CCC4C2CCC(C(=O)CO)C2(CC(O)C34)C=O ,O=C1C=C2CCC3C4CCCC4CCC3C2CC1,-3.8500,-3.5429,0.3071,0.7719
random,0,GIN,Molecular graph,751,CCCCCCC,,-4.5300,-4.4480,0.0820,1.0000
random,0,GIN,Molecular graph,341,OCC1OC(O)C(O)C(O)C1O,C1CCOCC1,0.7400,0.4341,0.3059,0.4000
random,0,GIN,Molecular graph,1077,CCCCCOC(=O)C,,-1.8900,-2.0663,0.1763,0.6667
random,0,GIN,Molecular graph,3,c1ccc2c(c1)ccc3c2ccc4c5ccccc5ccc43,c1ccc2c(c1)ccc1c2ccc2c3ccccc3ccc21,-7.8700,-7.4691,0.4009,1.0000
random,0,GIN,Molecular graph,675,CC12CC2(C)C(=O)N(C1=O)c3cc(Cl)cc(Cl)c3,O=C1C2CC2C(=O)N1c1ccccc1,-4.8000,-4.9919,0.1919,0.3556
random,0,GIN,Molecular graph,490,CC(C)Br,,-1.5900,-1.5334,0.0566,0.4286
random,0,GIN,Molecular graph,1089,CC(=O)Nc1cc(NS(=O)(=O)C(F)(F)F)c(C)cc1C,c1ccccc1,-3.2400,-3.4270,0.1870,0.4565
random,0,GIN,Molecular graph,414,ClC1=C(Cl)C2(Cl)C3C4CC(C=C4)C3C1(Cl)C2(Cl)Cl,C1=CC2CC1C1C3C=CC(C3)C21,-6.3070,-6.4514,0.1444,0.5000
random,0,GIN,Molecular graph,1017,COP(=S)(OC)Oc1cc(Cl)c(Br)cc1Cl,c1ccccc1,-6.0900,-6.1545,0.0645,0.7333
random,0,GIN,Molecular graph,76,O=C1N(COC(=O)CCCCC)C(=O)C(N1)(c2ccccc2)c3ccccc3,O=C1NC(=O)C(c2ccccc2)(c2ccccc2)N1,-5.8860,-4.9262,0.9598,0.9767
random,0,GIN,Molecular graph,156,Oc2ccc1CCCCc1c2 ,c1ccc2c(c1)CCCC2,-1.9900,-2.6109,0.6209,0.4545
random,0,GIN,Molecular graph,466,Clc1ccccc1I,c1ccccc1,-3.5400,-3.9240,0.3840,0.5625
random,0,GIN,Molecular graph,390,Cc1ccc2cc3ccccc3cc2c1,c1ccc2cc3ccccc3cc2c1,-6.9600,-6.2022,0.7578,0.6250
random,0,GIN,Molecular graph,835,c1ccccc1,c1ccccc1,-1.6400,-2.3827,0.7427,0.3333
random,0,GIN,Molecular graph,757,CCCCCC(=O)C,,-1.4500,-1.2706,0.1794,0.9412
random,0,GIN,Molecular graph,571,O=C1NC(=O)NC(=O)C1(CC)C(C)CCC,O=C1CC(=O)NC(=O)N1,-2.3900,-2.3108,0.0792,0.7333
random,0,GIN,Molecular graph,1045,CNC(=O)Oc1cc(C)cc(C)c1,c1ccccc1,-2.5810,-3.1911,0.6101,0.5806
random,0,GIN,Molecular graph,954,Cc1cncc(C)c1,c1ccncc1,0.3800,-0.7780,1.1580,0.5000
random,0,GIN,Molecular graph,700,CCOP(=S)(OCC)SCSP(=S)(OCC)OCC,,-5.5400,-5.4093,0.1307,0.7727
random,0,GIN,Molecular graph,431,C1CCCCC1,C1CCCCC1,-3.1000,-3.0370,0.0630,1.0000
random,0,GIN,Molecular graph,896,CCCCC(C)(C)O,,-1.0800,-0.7006,0.3794,0.8235
random,0,GIN,Molecular graph,301,CC(Cl)Cl,,-1.2900,-1.2702,0.0198,0.8333
random,0,GIN,Molecular graph,307,ClC(Cl)(Cl)Cl,,-2.3100,-2.8047,0.4947,0.5000
random,0,GIN,Molecular graph,613,CCCCCCCCCO,,-3.0100,-3.7461,0.7361,1.0000
random,0,GIN,Molecular graph,240,O=C1CCCCC1,O=C1CCCCC1,-0.6000,-0.4732,0.1268,0.3000
random,0,GIN,Molecular graph,699,O=N(=O)c1cccc(c1)N(=O)=O,c1ccccc1,-2.2900,-2.9438,0.6538,0.6957
random,0,GIN,Molecular graph,681,CCOP(=S)(OCC)Oc1nc(Cl)c(Cl)cc1Cl ,c1ccncc1,-5.6700,-6.1113,0.4413,0.4130
random,0,GIN,Molecular graph,936,O=N(=O)c1cccc2ccccc12,c1ccc2ccccc2c1,-3.5400,-4.4131,0.8731,0.5185
random,0,GIN,Molecular graph,616,Cc1ccc2cc(C)ccc2c1,c1ccc2ccccc2c1,-4.8900,-4.8837,0.0063,0.5455
random,0,GIN,Molecular graph,780,c1ccc2c3c(ccc2c1)c4cccc5cccc3c45,c1ccc2c3c(ccc2c1)-c1cccc2cccc-3c12,-8.0000,-8.1208,0.1208,0.5600
random,0,GIN,Molecular graph,719,O=c1[nH]cnc2[nH]ncc12 ,O=c1[nH]cnc2[nH]ncc12,-2.2660,-1.7250,0.5410,0.4483
random,0,GIN,Molecular graph,800,CC(C)N(=O)=O,,-0.6200,-0.9608,0.3408,0.3750
random,0,GIN,Molecular graph,568,Nc1ccc(cc1)c2ccc(N)cc2,c1ccc(-c2ccccc2)cc1,-2.7000,-3.3724,0.6724,0.5000
random,0,GIN,Molecular graph,985,c1c(NC(=O)OC(C)C(=O)NCC)cccc1,c1ccccc1,-1.8300,-2.8926,1.0626,0.4222
random,0,GIN,Molecular graph,302,Nc1ccc(cc1)S(N)(=O)=O,c1ccccc1,-1.3400,-1.4719,0.1319,0.6500
random,0,GIN,Molecular graph,826,CC(Cl)(Cl)Cl,,-2.0000,-2.2806,0.2806,0.4545
random,0,GIN,Molecular graph,1097,CCCCCCCCCCCCCCCCCCCC,,-8.1720,-8.0483,0.1237,1.0000
random,0,GIN,Molecular graph,775,Clc1ccc(CN(C2CCCC2)C(=O)Nc3ccccc3)cc1,O=C(Nc1ccccc1)N(Cc1ccccc1)C1CCCC1,-5.9150,-5.3873,0.5277,0.4000
random,0,GIN,Molecular graph,889,O=C1NC(=O)NC(=O)C1(C)CC,O=C1CC(=O)NC(=O)N1,-1.2280,-1.4648,0.2368,0.5385
random,0,GIN,Molecular graph,115,Cn1cnc2n(C)c(=O)[nH]c(=O)c12 ,O=c1[nH]c(=O)c2[nH]cnc2[nH]1,-2.5230,-1.7345,0.7885,0.5294
random,0,GIN,Molecular graph,191,COCC(=O)N(C(C)C(=O)OC)c1c(C)cccc1C ,c1ccccc1,-1.6010,-3.2247,1.6237,0.4510
random,0,GIN,Molecular graph,104,CCc1cccc2ccccc12,c1ccc2ccccc2c1,-4.1700,-4.4656,0.2956,0.5714
random,0,GIN,Molecular graph,176,CC1=CC(=O)CC(C)(C)C1 ,O=C1C=CCCC1,-1.0600,-2.2324,1.1724,0.4286
random,0,GIN,Molecular graph,7,CC12CCC3C(CCc4cc(O)ccc34)C2CCC1O,c1ccc2c(c1)CCC1C2CCC2CCCC21,-5.0300,-4.0964,0.9336,0.7174
random,0,GIN,Molecular graph,487,OCc1ccccc1,c1ccccc1,-0.4000,-0.8819,0.4819,0.5294
random,0,GIN,Molecular graph,351,Cc1ccc2ccccc2c1,c1ccc2ccccc2c1,-3.7700,-4.3194,0.5494,0.6522
random,0,GIN,Molecular graph,581,CBr,,-0.7900,-0.7083,0.0817,0.2857
random,0,GIN,Molecular graph,881,CNc1ccccc1,c1ccccc1,-1.2800,-1.3148,0.0348,0.5294
random,0,GIN,Molecular graph,639,CCC#CCC,,-1.9900,-1.7153,0.2747,0.4167
random,0,GIN,Molecular graph,377,CCCC(=O)OC,,-1.9200,-0.6975,1.2225,0.6667
random,0,GIN,Molecular graph,1102,CC1CCCC1,C1CCCC1,-3.3000,-3.5465,0.2465,0.9091
random,0,GIN,Molecular graph,632,Cc1cccc2c(C)cccc12,c1ccc2ccccc2c1,-4.6790,-4.3184,0.3606,0.6667
random,0,GIN,Molecular graph,315,COc1ccc(C=CC)cc1,c1ccccc1,-3.1300,-3.2687,0.1387,0.5600
random,0,GIN,Molecular graph,29,CCCCCCCC(=O)OC,,-3.1700,-3.3594,0.1894,1.0000
random,0,GIN,Molecular graph,184,CCOP(=S)(CC)Oc1cc(Cl)c(Cl)cc1Cl,c1ccccc1,-5.7520,-6.5691,0.8171,0.5143
random,0,GIN,Molecular graph,975,CCCCCCCCCCCCCCCC,,-8.4000,-7.5837,0.8163,1.0000
random,0,GIN,Molecular graph,607,CCN(CC)C(=O)C(C)Oc1cccc2ccccc12 ,c1ccc2ccccc2c1,-3.5700,-4.4948,0.9248,0.4318
random,1,Dummy (mean),RDKit descriptors,282,O=C1NC(=O)NC(=O)C1(C(C)C)C(C)C,O=C1CC(=O)NC(=O)N1,-2.7660,-3.0548,0.2888,0.5200
random,1,Dummy (mean),RDKit descriptors,64,O=C(Cn1ccnc1N(=O)=O)NCc2ccccc2,O=C(Cn1ccnc1)NCc1ccccc1,-2.8100,-3.0548,0.2448,0.3778
random,1,Dummy (mean),RDKit descriptors,1001,CN(C)c1ccccc1,c1ccccc1,-1.9200,-3.0548,1.1348,0.4762
random,1,Dummy (mean),RDKit descriptors,146,CO,,1.5700,-3.0548,4.6248,0.2857
random,1,Dummy (mean),RDKit descriptors,979,CCCCCCCCC(=O)OC,,-3.3800,-3.0548,0.3252,1.0000
random,1,Dummy (mean),RDKit descriptors,618,O=N(=O)OCC(CON(=O)=O)ON(=O)=O ,,-2.2200,-3.0548,0.8348,0.2500
random,1,Dummy (mean),RDKit descriptors,872,CN(C)c1nc(nc(n1)N(C)C)N(C)C,c1ncncn1,-3.3640,-3.0548,0.3092,0.6111
random,1,Dummy (mean),RDKit descriptors,977,Cc2cccc3sc1nncn1c23 ,c1ccc2c(c1)sc1nncn12,-2.0700,-3.0548,0.9848,0.2727
random,1,Dummy (mean),RDKit descriptors,886,Oc1cccc(Cl)c1,c1ccccc1,-0.7000,-3.0548,2.3548,0.6111
random,1,Dummy (mean),RDKit descriptors,42,O=C2NC(=O)C1(CCC1)C(=O)N2,O=C1NC(=O)C2(CCC2)C(=O)N1,-1.6550,-3.0548,1.3998,0.8889
random,1,Dummy (mean),RDKit descriptors,79,CCCC1COC(Cn2cncn2)(O1)c3ccc(Cl)cc3Cl,c1ccc(C2(Cn3cncn3)OCCO2)cc1,-3.4930,-3.0548,0.4382,0.2319
random,1,Dummy (mean),RDKit descriptors,883,CC(=O)OCC(=O)C1(O)CCC2C3CCC4=CC(=O)CCC4(C)C3C(O)CC21C,O=C1C=C2CCC3C4CCCC4CCC3C2CC1,-4.8800,-3.0548,1.8252,0.7797
random,1,Dummy (mean),RDKit descriptors,845,C1c2ccccc2c3cc4ccccc4cc13,c1ccc2c(c1)Cc1cc3ccccc3cc1-2,-8.0400,-3.0548,4.9852,0.4688
random,1,Dummy (mean),RDKit descriptors,930,Cc1c(C)c(C)c(C)c(C)c1C,c1ccccc1,-5.2300,-3.0548,2.1752,0.4545
random,1,Dummy (mean),RDKit descriptors,538,CCCI,,-2.2900,-3.0548,0.7648,0.5556
random,1,Dummy (mean),RDKit descriptors,245,CCN(CC)c1nc(Cl)nc(NC(C)C)n1,c1ncncn1,-3.7850,-3.0548,0.7302,0.6471
random,1,Dummy (mean),RDKit descriptors,638,CCBr,,-1.0900,-3.0548,1.9648,0.5556
random,1,Dummy (mean),RDKit descriptors,491,CC(C)CC(C)(C)C,,-4.7400,-3.0548,1.6852,0.5294
random,1,Dummy (mean),RDKit descriptors,125,CC(=O)OCC(COC(=O)C)OC(=O)C,,-0.6000,-3.0548,2.4548,0.4348
random,1,Dummy (mean),RDKit descriptors,825,O=C1NC(=O)NC(=O)C1(CC)C(C)C,O=C1CC(=O)NC(=O)N1,-2.1480,-3.0548,0.9068,1.0000
random,1,Dummy (mean),RDKit descriptors,760,c1cC2C(=O)NC(=O)C2cc1,O=C1NC(=O)C2C=CC=CC12,-2.9320,-3.0548,0.1228,0.2400
random,1,Dummy (mean),RDKit descriptors,38,CCCOP(=S)(OCCC)SCC(=O)N1CCCCC1C,C1CCNCC1,-4.1500,-3.0548,1.0952,0.3148
random,1,Dummy (mean),RDKit descriptors,162,CCCCCC=O,,-1.3000,-3.0548,1.7548,0.8125
random,1,Dummy (mean),RDKit descriptors,1099,CCC(CC)CO,,-1.1700,-3.0548,1.8848,0.5789
random,1,Dummy (mean),RDKit descriptors,561,CC(=O)CC(c1ccccc1)c3c(O)c2ccccc2oc3=O ,O=c1oc2ccccc2cc1Cc1ccccc1,-3.8930,-3.0548,0.8382,0.8372
random,1,Dummy (mean),RDKit descriptors,960,CCOP(=S)(OCC)SCCSCC,,-4.2300,-3.0548,1.1752,0.6923
random,1,Dummy (mean),RDKit descriptors,857,c1ccccc1SC,c1ccccc1,-2.3900,-3.0548,0.6648,0.3333
random,1,Dummy (mean),RDKit descriptors,34,Cc1cccc2c1Cc3ccccc32,c1ccc2c(c1)Cc1ccccc1-2,-5.2200,-3.0548,2.1652,0.5000
random,1,Dummy (mean),RDKit descriptors,672,ClC(Cl)C(c1ccc(Cl)cc1)c2ccccc2Cl ,c1ccc(Cc2ccccc2)cc1,-6.5100,-3.0548,3.4552,0.6154
random,1,Dummy (mean),RDKit descriptors,938,Nc1nc(O)nc2nc[nH]c12 ,c1ncc2[nH]cnc2n1,-3.4010,-3.0548,0.3462,0.5161
random,1,Dummy (mean),RDKit descriptors,224,COc2cnc1ncncc1n2,c1cnc2ncncc2n1,-1.1390,-3.0548,1.9158,0.7333
random,1,Dummy (mean),RDKit descriptors,1051,CCCCC(O)CC,,-1.4700,-3.0548,1.5848,0.8333
random,1,Dummy (mean),RDKit descriptors,390,Cc1ccc2cc3ccccc3cc2c1,c1ccc2cc3ccccc3cc2c1,-6.9600,-3.0548,3.9052,0.7222
random,1,Dummy (mean),RDKit descriptors,350,CC(C)O,,0.4300,-3.0548,3.4848,0.5556
random,1,Dummy (mean),RDKit descriptors,805,O=C1CCC(=O)N1,O=C1CCC(=O)N1,0.3000,-3.0548,3.3548,0.3684
random,1,Dummy (mean),RDKit descriptors,481,ON=Cc1ccc(o1)N(=O)=O ,c1ccoc1,-2.1900,-3.0548,0.8648,0.2941
random,1,Dummy (mean),RDKit descriptors,877,ClCC#CCOC(=O)Nc1cccc(Cl)c1,c1ccccc1,-4.3700,-3.0548,1.3152,0.5319
random,1,Dummy (mean),RDKit descriptors,58,Cc1cc2c3ccccc3ccc2c4ccccc14,c1ccc2c(c1)ccc1c3ccccc3ccc21,-6.5700,-3.0548,3.5152,0.7200
random,1,Dummy (mean),RDKit descriptors,327,CCC(C)(C)CO,,-1.0400,-3.0548,2.0148,0.5714
random,1,Dummy (mean),RDKit descriptors,432,ClC1=C(Cl)C(Cl)(C(=C1Cl)Cl)C2(Cl)C(=C(Cl)C(=C2Cl)Cl)Cl,C1=CC(C2C=CC=C2)C=C1,-7.2780,-3.0548,4.2232,0.2143
random,1,Dummy (mean),RDKit descriptors,112,CCCCC,,-3.1800,-3.0548,0.1252,0.7500
random,1,Dummy (mean),RDKit descriptors,919,COC(=O)C,,0.4600,-3.0548,3.5148,0.4118
random,1,Dummy (mean),RDKit descriptors,1118,CC(C)COC(=O)C,,-1.2100,-3.0548,1.8448,0.5652
random,1,Dummy (mean),RDKit descriptors,723,CCN2c1cc(N(C)C)cc(C)c1NC(=O)c3cccnc23 ,O=C1Nc2ccccc2Nc2ncccc21,-4.8710,-3.0548,1.8162,0.7037
random,1,Dummy (mean),RDKit descriptors,168,CCN(=O)=O,,-0.2200,-3.0548,2.8348,0.5625
random,1,Dummy (mean),RDKit descriptors,195,CC(C)Oc1cc(c(Cl)cc1Cl)n2nc(oc2=O)C(C)(C)C,O=c1ocnn1-c1ccccc1,-5.6960,-3.0548,2.6412,0.2105
random,1,Dummy (mean),RDKit descriptors,429,ClC1(C(=O)C2(Cl)C3(Cl)C14Cl)C5(Cl)C2(Cl)C3(Cl)C(Cl)(Cl)C45Cl,O=C1C2C3C4CC5C3C1C5C42,-5.2590,-3.0548,2.2042,0.4375
random,1,Dummy (mean),RDKit descriptors,540,CCCO,,0.6200,-3.0548,3.6748,0.5833
random,1,Dummy (mean),RDKit descriptors,908,Clc1ccc(c(Cl)c1)c2cc(Cl)c(Cl)c(Cl)c2Cl ,c1ccc(-c2ccccc2)cc1,-7.3900,-3.0548,4.3352,0.7200
random,1,Dummy (mean),RDKit descriptors,826,CC(Cl)(Cl)Cl,,-2.0000,-3.0548,1.0548,0.4545
random,1,Dummy (mean),RDKit descriptors,348,CN(C)C(=O)Nc1ccccc1,c1ccccc1,-1.6000,-3.0548,1.4548,0.6429
random,1,Dummy (mean),RDKit descriptors,144,Cc1cccc(C)c1,c1ccccc1,-2.8200,-3.0548,0.2348,0.7059
random,1,Dummy (mean),RDKit descriptors,558,c1ccc2c(c1)sc3ccccc23,c1ccc2c(c1)sc1ccccc12,-4.3800,-3.0548,1.3252,0.4667
random,1,Dummy (mean),RDKit descriptors,258,O=C1NC(=O)C(N1)(c2ccccc2)c3ccccc3,O=C1NC(=O)C(c2ccccc2)(c2ccccc2)N1,-4.0970,-3.0548,1.0422,0.4688
random,1,Dummy (mean),RDKit descriptors,398,CN(C(=O)COc1nc2ccccc2s1)c3ccccc3,O=C(COc1nc2ccccc2s1)Nc1ccccc1,-4.8730,-3.0548,1.8182,0.3333
random,1,Dummy (mean),RDKit descriptors,843,Oc1ccc(O)cc1,c1ccccc1,-0.1700,-3.0548,2.8848,0.6154
random,1,Dummy (mean),RDKit descriptors,907,Clc1ccc(cc1)c2cc(Cl)ccc2Cl ,c1ccc(-c2ccccc2)cc1,-6.2500,-3.0548,3.1952,0.6400
random,1,Dummy (mean),RDKit descriptors,832,CC(C)NC(=O)N1CC(=O)N(C1=O)c2cc(Cl)cc(Cl)c2,O=C1CNC(=O)N1c1ccccc1,-4.3760,-3.0548,1.3212,0.3556
random,1,Dummy (mean),RDKit descriptors,567,Clc1cc(Cl)c(Cl)cc1Cl,c1ccccc1,-5.5600,-3.0548,2.5052,0.5833
random,1,Dummy (mean),RDKit descriptors,345,O=N(=O)c1ccc(cc1)N(=O)=O,c1ccccc1,-3.3900,-3.0548,0.3352,0.7222
random,1,Dummy (mean),RDKit descriptors,480,CCc1cccc(C)c1N(C(C)COC)C(=O)CCl ,c1ccccc1,-2.7300,-3.0548,0.3248,0.5319
random,1,Dummy (mean),RDKit descriptors,100,CC12CCC3C(CCC4=CC(=O)CCC34C)C2CCC1C(=O)CO,O=C1C=C2CCC3C4CCCC4CCC3C2CC1,-3.4500,-3.0548,0.3952,0.7755
random,1,Dummy (mean),RDKit descriptors,725,OC(c1ccc(Cl)cc1)(c2cncnc2)c3ccccc3Cl,c1ccc(C(c2ccccc2)c2cncnc2)cc1,-4.3800,-3.0548,1.3252,0.3514
random,1,Dummy (mean),RDKit descriptors,301,CC(Cl)Cl,,-1.2900,-3.0548,1.7648,0.8333
random,1,Dummy (mean),RDKit descriptors,158,COP(=S)(OC)Oc1cc(Cl)c(I)cc1Cl,c1ccccc1,-6.6200,-3.0548,3.5652,0.7333
random,1,Dummy (mean),RDKit descriptors,861,NS(=O)(=O)c3cc2c(NC(Cc1ccccc1)NS2(=O)=O)cc3C(F)(F)F,O=S1(=O)NC(Cc2ccccc2)Nc2ccccc21,-3.5900,-3.0548,0.5352,0.3934
random,1,Dummy (mean),RDKit descriptors,384,CCCCCCC=C,,-4.4400,-3.0548,1.3852,1.0000
random,1,Dummy (mean),RDKit descriptors,1027,Cn2c(=O)n(C)c1ncn(CC(O)CO)c1c2=O,O=c1[nH]c(=O)c2[nH]cnc2[nH]1,-0.1700,-3.0548,2.8848,0.5250
random,1,Dummy (mean),RDKit descriptors,691,O=C1NC(=O)NC(=O)C1(CC)CC=C,O=C1CC(=O)NC(=O)N1,-1.6140,-3.0548,1.4408,0.7600
random,1,Dummy (mean),RDKit descriptors,118,CCCCCCc1ccccc1,c1ccccc1,-5.2100,-3.0548,2.1552,0.9500
random,1,Dummy (mean),RDKit descriptors,576,CC12CC(O)C3C(CCC4=CC(=O)C=CC34C)C2CCC1(O)C(=O)CO,O=C1C=CC2C(=C1)CCC1C3CCCC3CCC21,-3.1800,-3.0548,0.1252,0.6833
random,1,Dummy (mean),RDKit descriptors,1106,CC(C)(C)C(=O)C(Oc1ccc(Cl)cc1)n2cncn2,c1ccc(OCn2cncn2)cc1,-3.6100,-3.0548,0.5552,0.3077
random,1,Dummy (mean),RDKit descriptors,433,CN(C)C=Nc1ccc(Cl)cc1C,c1ccccc1,-2.8600,-3.0548,0.1948,0.5294
random,1,Dummy (mean),RDKit descriptors,351,Cc1ccc2ccccc2c1,c1ccc2ccccc2c1,-3.7700,-3.0548,0.7152,0.7647
random,1,Dummy (mean),RDKit descriptors,905,CC(C#C)N(C)C(=O)Nc1ccc(Cl)cc1,c1ccccc1,-3.9000,-3.0548,0.8452,0.5833
random,1,Dummy (mean),RDKit descriptors,810,C1CCOCC1,C1CCOCC1,-0.0300,-3.0548,3.0248,0.8889
random,1,Dummy (mean),RDKit descriptors,1057,Cc1ccccc1,c1ccccc1,-2.2100,-3.0548,0.8448,0.6250
random,1,Dummy (mean),RDKit descriptors,515,C1N(C(=O)NCC(C)C)C(=O)NC1,O=C1NCCN1,-2.1500,-3.0548,0.9048,0.2286
random,1,Dummy (mean),RDKit descriptors,338,CN(C)C(=O)Nc1cccc(c1)C(F)(F)F,c1ccccc1,-3.4300,-3.0548,0.3752,0.5111
random,1,Dummy (mean),RDKit descriptors,62,CC34CC(O)C1(F)C(CCC2=CC(=O)C=CC12C)C3CC(O)C4(O)C(=O)CO,O=C1C=CC2C(=C1)CCC1C3CCCC3CCC21,-3.6800,-3.0548,0.6252,0.8596
random,1,Dummy (mean),RDKit descriptors,574,CCCCN(CC)C(=O)SCCC,,-3.5300,-3.0548,0.4752,0.3429
random,1,Dummy (mean),RDKit descriptors,711,CC(=O)OCC(=O)C3(O)CCC4C2CCC1=CC(=O)C=CC1(C)C2C(O)CC34C ,O=C1C=CC2C(=C1)CCC1C3CCCC3CCC21,-4.3700,-3.0548,1.3152,0.5362
random,1,Dummy (mean),RDKit descriptors,202,CC#C,,-0.4100,-3.0548,2.6448,0.3636
random,1,Dummy (mean),RDKit descriptors,214,CCCCOC(=O)CCCCCCCCC(=O)OCCCC,,-3.8960,-3.0548,0.8412,0.6800
random,1,Dummy (mean),RDKit descriptors,545,Clc1cccc(c1)N(=O)=O,c1ccccc1,-2.7700,-3.0548,0.2848,0.6957
random,1,Dummy (mean),RDKit descriptors,302,Nc1ccc(cc1)S(N)(=O)=O,c1ccccc1,-1.3400,-3.0548,1.7148,0.6500
random,1,Dummy (mean),RDKit descriptors,41,OCCCC=C,,-0.1500,-3.0548,2.9048,0.4737
random,1,Dummy (mean),RDKit descriptors,2,CC(C)=CCCC(C)=CC(=O),,-2.0600,-3.0548,0.9948,0.5385
random,1,Dummy (mean),RDKit descriptors,537,OCC2OC(Oc1ccccc1CO)C(O)C(O)C2O,c1ccc(OC2CCCCO2)cc1,-0.8500,-3.0548,2.2048,0.4259
random,1,Dummy (mean),RDKit descriptors,266,CC(=O)OCC(=O)C3(O)C(CC4C2CCC1=CC(=O)C=CC1(C)C2(F)C(O)CC34C)OC(C)=O ,O=C1C=CC2C(=C1)CCC1C3CCCC3CCC21,-4.1300,-3.0548,1.0752,0.8182
random,1,Dummy (mean),RDKit descriptors,990,CCCCNC(=O)n1c(NC(=O)OC)nc2ccccc12,c1ccc2[nH]cnc2c1,-4.8830,-3.0548,1.8282,0.2969
random,1,Dummy (mean),RDKit descriptors,628,CCNC(=S)NCC,,-1.4600,-3.0548,1.5948,0.2667
random,1,Dummy (mean),RDKit descriptors,455,CCCC1CCCC1,C1CCCC1,-4.7400,-3.0548,1.6852,0.6500
random,1,Dummy (mean),RDKit descriptors,421,CCN(CC)c1nc(Cl)nc(n1)N(CC)CC,c1ncncn1,-4.4110,-3.0548,1.3562,0.6429
random,1,Dummy (mean),RDKit descriptors,523,O=Cc1ccco1,c1ccoc1,-0.1000,-3.0548,2.9548,0.3333
random,1,Dummy (mean),RDKit descriptors,12,CCCC=C,,-2.6800,-3.0548,0.3748,0.6250
random,1,Dummy (mean),RDKit descriptors,1116,COP(=S)(OC)Oc1ccc(Sc2ccc(OP(=S)(OC)OC)cc2)cc1,c1ccc(Sc2ccccc2)cc1,-6.2370,-3.0548,3.1822,0.5000
random,1,Dummy (mean),RDKit descriptors,325,CC(C)c1ccc(NC(=O)N(C)C)cc1,c1ccccc1,-3.5360,-3.0548,0.4812,0.6667
random,1,Dummy (mean),RDKit descriptors,1082,CN(C)C(=O)N(C)C ,,0.9400,-3.0548,3.9948,0.5385
random,1,Dummy (mean),RDKit descriptors,328,CCCOC(=O)CCC,,-1.7500,-3.0548,1.3048,0.6667
random,1,Dummy (mean),RDKit descriptors,666,CC(C)C(C)C,,-3.6500,-3.0548,0.5952,0.5714
random,1,Dummy (mean),RDKit descriptors,1070,CC1CC2C3CCC(O)(C(=O)C)C3(C)CC(O)C2(F)C4(C)C=CC(=O)C=C14,O=C1C=CC2C(=C1)CCC1C3CCCC3CCC21,-4.0990,-3.0548,1.0442,0.5217
random,1,Dummy (mean),RDKit descriptors,565,CCSSCC,,-2.4200,-3.0548,0.6348,0.4545
random,1,Dummy (mean),RDKit descriptors,610,CC2=CC(=O)c1ccccc1C2=O ,O=C1C=CC(=O)c2ccccc21,-3.0300,-3.0548,0.0248,0.3333
random,1,Dummy (mean),RDKit descriptors,1026,OC1C(O)C(O)C(O)C(O)C1O,C1CCCCC1,0.3500,-3.0548,3.4048,0.2941
random,1,Dummy (mean),RDKit descriptors,554,Brc1ccc2ccccc2c1,c1ccc2ccccc2c1,-4.4000,-3.0548,1.3452,1.0000
random,1,Dummy (mean),RDKit descriptors,714,Brc1ccccc1,c1ccccc1,-2.5500,-3.0548,0.5048,0.5833
random,1,Dummy (mean),RDKit descriptors,307,ClC(Cl)(Cl)Cl,,-2.3100,-3.0548,0.7448,0.5000
random,1,Dummy (mean),RDKit descriptors,72,CC1(C)C2CCC1(C)C(=O)C2,O=C1CC2CCC1C2,-1.9600,-3.0548,1.0948,0.3750
random,1,Dummy (mean),RDKit descriptors,681,CCOP(=S)(OCC)Oc1nc(Cl)c(Cl)cc1Cl ,c1ccncc1,-5.6700,-3.0548,2.6152,0.4286
random,1,Dummy (mean),RDKit descriptors,174,CC1CC(C)C(=O)C(C1)C(O)CC2CC(=O)NC(=O)C2 ,O=C1CC(CCC2CCCCC2=O)CC(=O)N1,-1.1300,-3.0548,1.9248,0.2391
random,1,Dummy (mean),RDKit descriptors,205,C=CC=O,,0.5700,-3.0548,3.6248,0.4444
random,1,Dummy (mean),RDKit descriptors,102,C1OC(O)C(O)C(O)C1O,C1CCOCC1,0.3900,-3.0548,3.4448,0.2800
random,1,Linear,RDKit descriptors,282,O=C1NC(=O)NC(=O)C1(C(C)C)C(C)C,O=C1CC(=O)NC(=O)N1,-2.7660,-1.6760,1.0900,0.5200
random,1,Linear,RDKit descriptors,64,O=C(Cn1ccnc1N(=O)=O)NCc2ccccc2,O=C(Cn1ccnc1)NCc1ccccc1,-2.8100,-2.5441,0.2659,0.3778
random,1,Linear,RDKit descriptors,1001,CN(C)c1ccccc1,c1ccccc1,-1.9200,-1.8999,0.0201,0.4762
random,1,Linear,RDKit descriptors,146,CO,,1.5700,0.4438,1.1262,0.2857
random,1,Linear,RDKit descriptors,979,CCCCCCCCC(=O)OC,,-3.3800,-3.0544,0.3256,1.0000
random,1,Linear,RDKit descriptors,618,O=N(=O)OCC(CON(=O)=O)ON(=O)=O ,,-2.2200,-0.8248,1.3952,0.2500
random,1,Linear,RDKit descriptors,872,CN(C)c1nc(nc(n1)N(C)C)N(C)C,c1ncncn1,-3.3640,-1.0649,2.2991,0.6111
random,1,Linear,RDKit descriptors,977,Cc2cccc3sc1nncn1c23 ,c1ccc2c(c1)sc1nncn12,-2.0700,-2.9351,0.8651,0.2727
random,1,Linear,RDKit descriptors,886,Oc1cccc(Cl)c1,c1ccccc1,-0.7000,-2.3528,1.6528,0.6111
random,1,Linear,RDKit descriptors,42,O=C2NC(=O)C1(CCC1)C(=O)N2,O=C1NC(=O)C2(CCC2)C(=O)N1,-1.6550,-0.5092,1.1458,0.8889
random,1,Linear,RDKit descriptors,79,CCCC1COC(Cn2cncn2)(O1)c3ccc(Cl)cc3Cl,c1ccc(C2(Cn3cncn3)OCCO2)cc1,-3.4930,-4.8179,1.3249,0.2319
random,1,Linear,RDKit descriptors,883,CC(=O)OCC(=O)C1(O)CCC2C3CCC4=CC(=O)CCC4(C)C3C(O)CC21C,O=C1C=C2CCC3C4CCCC4CCC3C2CC1,-4.8800,-4.2195,0.6605,0.7797
random,1,Linear,RDKit descriptors,845,C1c2ccccc2c3cc4ccccc4cc13,c1ccc2c(c1)Cc1cc3ccccc3cc1-2,-8.0400,-4.7294,3.3106,0.4688
random,1,Linear,RDKit descriptors,930,Cc1c(C)c(C)c(C)c(C)c1C,c1ccccc1,-5.2300,-3.5874,1.6426,0.4545
random,1,Linear,RDKit descriptors,538,CCCI,,-2.2900,-1.9677,0.3223,0.5556
random,1,Linear,RDKit descriptors,245,CCN(CC)c1nc(Cl)nc(NC(C)C)n1,c1ncncn1,-3.7850,-3.0886,0.6964,0.6471
random,1,Linear,RDKit descriptors,638,CCBr,,-1.0900,-1.3249,0.2349,0.5556
random,1,Linear,RDKit descriptors,491,CC(C)CC(C)(C)C,,-4.7400,-2.8081,1.9319,0.5294
random,1,Linear,RDKit descriptors,125,CC(=O)OCC(COC(=O)C)OC(=O)C,,-0.6000,-1.1658,0.5658,0.4348
random,1,Linear,RDKit descriptors,825,O=C1NC(=O)NC(=O)C1(CC)C(C)C,O=C1CC(=O)NC(=O)N1,-2.1480,-1.3968,0.7512,1.0000
random,1,Linear,RDKit descriptors,760,c1cC2C(=O)NC(=O)C2cc1,O=C1NC(=O)C2C=CC=CC12,-2.9320,-0.6250,2.3070,0.2400
random,1,Linear,RDKit descriptors,38,CCCOP(=S)(OCCC)SCC(=O)N1CCCCC1C,C1CCNCC1,-4.1500,-5.0764,0.9264,0.3148
random,1,Linear,RDKit descriptors,162,CCCCCC=O,,-1.3000,-1.6883,0.3883,0.8125
random,1,Linear,RDKit descriptors,1099,CCC(CC)CO,,-1.1700,-1.4246,0.2546,0.5789
random,1,Linear,RDKit descriptors,561,CC(=O)CC(c1ccccc1)c3c(O)c2ccccc2oc3=O ,O=c1oc2ccccc2cc1Cc1ccccc1,-3.8930,-4.8320,0.9390,0.8372
random,1,Linear,RDKit descriptors,960,CCOP(=S)(OCC)SCCSCC,,-4.2300,-4.1910,0.0390,0.6923
random,1,Linear,RDKit descriptors,857,c1ccccc1SC,c1ccccc1,-2.3900,-2.4891,0.0991,0.3333
random,1,Linear,RDKit descriptors,34,Cc1cccc2c1Cc3ccccc32,c1ccc2c(c1)Cc1ccccc1-2,-5.2200,-3.8007,1.4193,0.5000
random,1,Linear,RDKit descriptors,672,ClC(Cl)C(c1ccc(Cl)cc1)c2ccccc2Cl ,c1ccc(Cc2ccccc2)cc1,-6.5100,-6.4158,0.0942,0.6154
random,1,Linear,RDKit descriptors,938,Nc1nc(O)nc2nc[nH]c12 ,c1ncc2[nH]cnc2n1,-3.4010,-0.9690,2.4320,0.5161
random,1,Linear,RDKit descriptors,224,COc2cnc1ncncc1n2,c1cnc2ncncc2n1,-1.1390,-1.4046,0.2656,0.7333
random,1,Linear,RDKit descriptors,1051,CCCCC(O)CC,,-1.4700,-1.9441,0.4741,0.8333
random,1,Linear,RDKit descriptors,390,Cc1ccc2cc3ccccc3cc2c1,c1ccc2cc3ccccc3cc2c1,-6.9600,-4.5222,2.4378,0.7222
random,1,Linear,RDKit descriptors,350,CC(C)O,,0.4300,-0.3657,0.7957,0.5556
random,1,Linear,RDKit descriptors,805,O=C1CCC(=O)N1,O=C1CCC(=O)N1,0.3000,0.1087,0.1913,0.3684
random,1,Linear,RDKit descriptors,481,ON=Cc1ccc(o1)N(=O)=O ,c1ccoc1,-2.1900,-1.9608,0.2292,0.2941
random,1,Linear,RDKit descriptors,877,ClCC#CCOC(=O)Nc1cccc(Cl)c1,c1ccccc1,-4.3700,-3.8930,0.4770,0.5319
random,1,Linear,RDKit descriptors,58,Cc1cc2c3ccccc3ccc2c4ccccc14,c1ccc2c(c1)ccc1c3ccccc3ccc21,-6.5700,-5.7640,0.8060,0.7200
random,1,Linear,RDKit descriptors,327,CCC(C)(C)CO,,-1.0400,-1.4355,0.3955,0.5714
random,1,Linear,RDKit descriptors,432,ClC1=C(Cl)C(Cl)(C(=C1Cl)Cl)C2(Cl)C(=C(Cl)C(=C2Cl)Cl)Cl,C1=CC(C2C=CC=C2)C=C1,-7.2780,-8.5147,1.2367,0.2143
random,1,Linear,RDKit descriptors,112,CCCCC,,-3.1800,-1.8333,1.3467,0.7500
random,1,Linear,RDKit descriptors,919,COC(=O)C,,0.4600,-0.2924,0.7524,0.4118
random,1,Linear,RDKit descriptors,1118,CC(C)COC(=O)C,,-1.2100,-1.3607,0.1507,0.5652
random,1,Linear,RDKit descriptors,723,CCN2c1cc(N(C)C)cc(C)c1NC(=O)c3cccnc23 ,O=C1Nc2ccccc2Nc2ncccc21,-4.8710,-4.2359,0.6351,0.7037
random,1,Linear,RDKit descriptors,168,CCN(=O)=O,,-0.2200,-0.5026,0.2826,0.5625
random,1,Linear,RDKit descriptors,195,CC(C)Oc1cc(c(Cl)cc1Cl)n2nc(oc2=O)C(C)(C)C,O=c1ocnn1-c1ccccc1,-5.6960,-5.4077,0.2883,0.2105
random,1,Linear,RDKit descriptors,429,ClC1(C(=O)C2(Cl)C3(Cl)C14Cl)C5(Cl)C2(Cl)C3(Cl)C(Cl)(Cl)C45Cl,O=C1C2C3C4CC5C3C1C5C42,-5.2590,-6.0022,0.7432,0.4375
random,1,Linear,RDKit descriptors,540,CCCO,,0.6200,-0.3562,0.9762,0.5833
random,1,Linear,RDKit descriptors,908,Clc1ccc(c(Cl)c1)c2cc(Cl)c(Cl)c(Cl)c2Cl ,c1ccc(-c2ccccc2)cc1,-7.3900,-7.8016,0.4116,0.7200
random,1,Linear,RDKit descriptors,826,CC(Cl)(Cl)Cl,,-2.0000,-2.2905,0.2905,0.4545
random,1,Linear,RDKit descriptors,348,CN(C)C(=O)Nc1ccccc1,c1ccccc1,-1.6000,-2.2869,0.6869,0.6429
random,1,Linear,RDKit descriptors,144,Cc1cccc(C)c1,c1ccccc1,-2.8200,-2.3262,0.4938,0.7059
random,1,Linear,RDKit descriptors,558,c1ccc2c(c1)sc3ccccc23,c1ccc2c(c1)sc1ccccc12,-4.3800,-4.2893,0.0907,0.4667
random,1,Linear,RDKit descriptors,258,O=C1NC(=O)C(N1)(c2ccccc2)c3ccccc3,O=C1NC(=O)C(c2ccccc2)(c2ccccc2)N1,-4.0970,-2.8984,1.1986,0.4688
random,1,Linear,RDKit descriptors,398,CN(C(=O)COc1nc2ccccc2s1)c3ccccc3,O=C(COc1nc2ccccc2s1)Nc1ccccc1,-4.8730,-4.3670,0.5060,0.3333
random,1,Linear,RDKit descriptors,843,Oc1ccc(O)cc1,c1ccccc1,-0.1700,-1.5897,1.4197,0.6154
random,1,Linear,RDKit descriptors,907,Clc1ccc(cc1)c2cc(Cl)ccc2Cl ,c1ccc(-c2ccccc2)cc1,-6.2500,-5.6548,0.5952,0.6400
random,1,Linear,RDKit descriptors,832,CC(C)NC(=O)N1CC(=O)N(C1=O)c2cc(Cl)cc(Cl)c2,O=C1CNC(=O)N1c1ccccc1,-4.3760,-4.2079,0.1681,0.3556
random,1,Linear,RDKit descriptors,567,Clc1cc(Cl)c(Cl)cc1Cl,c1ccccc1,-5.5600,-4.5290,1.0310,0.5833
random,1,Linear,RDKit descriptors,345,O=N(=O)c1ccc(cc1)N(=O)=O,c1ccccc1,-3.3900,-2.4539,0.9361,0.7222
random,1,Linear,RDKit descriptors,480,CCc1cccc(C)c1N(C(C)COC)C(=O)CCl ,c1ccccc1,-2.7300,-3.9118,1.1818,0.5319
random,1,Linear,RDKit descriptors,100,CC12CCC3C(CCC4=CC(=O)CCC34C)C2CCC1C(=O)CO,O=C1C=C2CCC3C4CCCC4CCC3C2CC1,-3.4500,-4.7247,1.2747,0.7755
random,1,Linear,RDKit descriptors,725,OC(c1ccc(Cl)cc1)(c2cncnc2)c3ccccc3Cl,c1ccc(C(c2ccccc2)c2cncnc2)cc1,-4.3800,-5.2238,0.8438,0.3514
random,1,Linear,RDKit descriptors,301,CC(Cl)Cl,,-1.2900,-1.6379,0.3479,0.8333
random,1,Linear,RDKit descriptors,158,COP(=S)(OC)Oc1cc(Cl)c(I)cc1Cl,c1ccccc1,-6.6200,-5.6887,0.9313,0.7333
random,1,Linear,RDKit descriptors,861,NS(=O)(=O)c3cc2c(NC(Cc1ccccc1)NS2(=O)=O)cc3C(F)(F)F,O=S1(=O)NC(Cc2ccccc2)Nc2ccccc21,-3.5900,-3.9217,0.3317,0.3934
random,1,Linear,RDKit descriptors,384,CCCCCCC=C,,-4.4400,-2.8116,1.6284,1.0000
random,1,Linear,RDKit descriptors,1027,Cn2c(=O)n(C)c1ncn(CC(O)CO)c1c2=O,O=c1[nH]c(=O)c2[nH]cnc2[nH]1,-0.1700,0.3041,0.4741,0.5250
random,1,Linear,RDKit descriptors,691,O=C1NC(=O)NC(=O)C1(CC)CC=C,O=C1CC(=O)NC(=O)N1,-1.6140,-1.3067,0.3073,0.7600
random,1,Linear,RDKit descriptors,118,CCCCCCc1ccccc1,c1ccccc1,-5.2100,-3.7715,1.4385,0.9500
random,1,Linear,RDKit descriptors,576,CC12CC(O)C3C(CCC4=CC(=O)C=CC34C)C2CCC1(O)C(=O)CO,O=C1C=CC2C(=C1)CCC1C3CCCC3CCC21,-3.1800,-3.2887,0.1087,0.6833
random,1,Linear,RDKit descriptors,1106,CC(C)(C)C(=O)C(Oc1ccc(Cl)cc1)n2cncn2,c1ccc(OCn2cncn2)cc1,-3.6100,-4.2188,0.6088,0.3077
random,1,Linear,RDKit descriptors,433,CN(C)C=Nc1ccc(Cl)cc1C,c1ccccc1,-2.8600,-3.2418,0.3818,0.5294
random,1,Linear,RDKit descriptors,351,Cc1ccc2ccccc2c1,c1ccc2ccccc2c1,-3.7700,-3.2773,0.4927,0.7647
random,1,Linear,RDKit descriptors,905,CC(C#C)N(C)C(=O)Nc1ccc(Cl)cc1,c1ccccc1,-3.9000,-3.4836,0.4164,0.5833
random,1,Linear,RDKit descriptors,810,C1CCOCC1,C1CCOCC1,-0.0300,-1.1026,1.0726,0.8889
random,1,Linear,RDKit descriptors,1057,Cc1ccccc1,c1ccccc1,-2.2100,-2.0241,0.1859,0.6250
random,1,Linear,RDKit descriptors,515,C1N(C(=O)NCC(C)C)C(=O)NC1,O=C1NCCN1,-2.1500,-1.2104,0.9396,0.2286
random,1,Linear,RDKit descriptors,338,CN(C)C(=O)Nc1cccc(c1)C(F)(F)F,c1ccccc1,-3.4300,-3.4509,0.0209,0.5111
random,1,Linear,RDKit descriptors,62,CC34CC(O)C1(F)C(CCC2=CC(=O)C=CC12C)C3CC(O)C4(O)C(=O)CO,O=C1C=CC2C(=C1)CCC1C3CCCC3CCC21,-3.6800,-2.7726,0.9074,0.8596
random,1,Linear,RDKit descriptors,574,CCCCN(CC)C(=O)SCCC,,-3.5300,-3.5661,0.0361,0.3429
random,1,Linear,RDKit descriptors,711,CC(=O)OCC(=O)C3(O)CCC4C2CCC1=CC(=O)C=CC1(C)C2C(O)CC34C ,O=C1C=CC2C(=C1)CCC1C3CCCC3CCC21,-4.3700,-4.0140,0.3560,0.5362
random,1,Linear,RDKit descriptors,202,CC#C,,-0.4100,-0.3450,0.0650,0.3636
random,1,Linear,RDKit descriptors,214,CCCCOC(=O)CCCCCCCCC(=O)OCCCC,,-3.8960,-5.4593,1.5633,0.6800
random,1,Linear,RDKit descriptors,545,Clc1cccc(c1)N(=O)=O,c1ccccc1,-2.7700,-2.7775,0.0075,0.6957
random,1,Linear,RDKit descriptors,302,Nc1ccc(cc1)S(N)(=O)=O,c1ccccc1,-1.3400,-1.1054,0.2346,0.6500
random,1,Linear,RDKit descriptors,41,OCCCC=C,,-0.1500,-0.9399,0.7899,0.4737
random,1,Linear,RDKit descriptors,2,CC(C)=CCCC(C)=CC(=O),,-2.0600,-2.8994,0.8394,0.5385
random,1,Linear,RDKit descriptors,537,OCC2OC(Oc1ccccc1CO)C(O)C(O)C2O,c1ccc(OC2CCCCO2)cc1,-0.8500,-0.4004,0.4496,0.4259
random,1,Linear,RDKit descriptors,266,CC(=O)OCC(=O)C3(O)C(CC4C2CCC1=CC(=O)C=CC1(C)C2(F)C(O)CC34C)OC(C)=O ,O=C1C=CC2C(=C1)CCC1C3CCCC3CCC21,-4.1300,-4.2232,0.0932,0.8182
random,1,Linear,RDKit descriptors,990,CCCCNC(=O)n1c(NC(=O)OC)nc2ccccc12,c1ccc2[nH]cnc2c1,-4.8830,-3.8944,0.9886,0.2969
random,1,Linear,RDKit descriptors,628,CCNC(=S)NCC,,-1.4600,-0.7900,0.6700,0.2667
random,1,Linear,RDKit descriptors,455,CCCC1CCCC1,C1CCCC1,-4.7400,-2.6987,2.0413,0.6500
random,1,Linear,RDKit descriptors,421,CCN(CC)c1nc(Cl)nc(n1)N(CC)CC,c1ncncn1,-4.4110,-3.0917,1.3193,0.6429
random,1,Linear,RDKit descriptors,523,O=Cc1ccco1,c1ccoc1,-0.1000,-1.4230,1.3230,0.3333
random,1,Linear,RDKit descriptors,12,CCCC=C,,-2.6800,-1.6278,1.0522,0.6250
random,1,Linear,RDKit descriptors,1116,COP(=S)(OC)Oc1ccc(Sc2ccc(OP(=S)(OC)OC)cc2)cc1,c1ccc(Sc2ccccc2)cc1,-6.2370,-7.0888,0.8518,0.5000
random,1,Linear,RDKit descriptors,325,CC(C)c1ccc(NC(=O)N(C)C)cc1,c1ccccc1,-3.5360,-3.4217,0.1143,0.6667
random,1,Linear,RDKit descriptors,1082,CN(C)C(=O)N(C)C ,,0.9400,-0.5066,1.4466,0.5385
random,1,Linear,RDKit descriptors,328,CCCOC(=O)CCC,,-1.7500,-1.8707,0.1207,0.6667
random,1,Linear,RDKit descriptors,666,CC(C)C(C)C,,-3.6500,-1.9971,1.6529,0.5714
random,1,Linear,RDKit descriptors,1070,CC1CC2C3CCC(O)(C(=O)C)C3(C)CC(O)C2(F)C4(C)C=CC(=O)C=C14,O=C1C=CC2C(=C1)CCC1C3CCCC3CCC21,-4.0990,-4.4181,0.3191,0.5217
random,1,Linear,RDKit descriptors,565,CCSSCC,,-2.4200,-2.2345,0.1855,0.4545
random,1,Linear,RDKit descriptors,610,CC2=CC(=O)c1ccccc1C2=O ,O=C1C=CC(=O)c2ccccc21,-3.0300,-2.5392,0.4908,0.3333
random,1,Linear,RDKit descriptors,1026,OC1C(O)C(O)C(O)C(O)C1O,C1CCCCC1,0.3500,2.0344,1.6844,0.2941
random,1,Linear,RDKit descriptors,554,Brc1ccc2ccccc2c1,c1ccc2ccccc2c1,-4.4000,-3.9693,0.4307,1.0000
random,1,Linear,RDKit descriptors,714,Brc1ccccc1,c1ccccc1,-2.5500,-2.7162,0.1662,0.5833
random,1,Linear,RDKit descriptors,307,ClC(Cl)(Cl)Cl,,-2.3100,-2.5377,0.2277,0.5000
random,1,Linear,RDKit descriptors,72,CC1(C)C2CCC1(C)C(=O)C2,O=C1CC2CCC1C2,-1.9600,-2.5255,0.5655,0.3750
random,1,Linear,RDKit descriptors,681,CCOP(=S)(OCC)Oc1nc(Cl)c(Cl)cc1Cl ,c1ccncc1,-5.6700,-5.6643,0.0057,0.4286
random,1,Linear,RDKit descriptors,174,CC1CC(C)C(=O)C(C1)C(O)CC2CC(=O)NC(=O)C2 ,O=C1CC(CCC2CCCCC2=O)CC(=O)N1,-1.1300,-2.3820,1.2520,0.2391
random,1,Linear,RDKit descriptors,205,C=CC=O,,0.5700,-0.2991,0.8691,0.4444
random,1,Linear,RDKit descriptors,102,C1OC(O)C(O)C(O)C1O,C1CCOCC1,0.3900,1.3063,0.9163,0.2800
random,1,MLP,RDKit descriptors,282,O=C1NC(=O)NC(=O)C1(C(C)C)C(C)C,O=C1CC(=O)NC(=O)N1,-2.7660,-1.9715,0.7945,0.5200
random,1,MLP,RDKit descriptors,64,O=C(Cn1ccnc1N(=O)=O)NCc2ccccc2,O=C(Cn1ccnc1)NCc1ccccc1,-2.8100,-2.7483,0.0617,0.3778
random,1,MLP,RDKit descriptors,1001,CN(C)c1ccccc1,c1ccccc1,-1.9200,-1.3589,0.5611,0.4762
random,1,MLP,RDKit descriptors,146,CO,,1.5700,0.8160,0.7540,0.2857
random,1,MLP,RDKit descriptors,979,CCCCCCCCC(=O)OC,,-3.3800,-3.2652,0.1148,1.0000
random,1,MLP,RDKit descriptors,618,O=N(=O)OCC(CON(=O)=O)ON(=O)=O ,,-2.2200,-1.7426,0.4774,0.2500
random,1,MLP,RDKit descriptors,872,CN(C)c1nc(nc(n1)N(C)C)N(C)C,c1ncncn1,-3.3640,-1.0612,2.3028,0.6111
random,1,MLP,RDKit descriptors,977,Cc2cccc3sc1nncn1c23 ,c1ccc2c(c1)sc1nncn12,-2.0700,-2.6210,0.5510,0.2727
random,1,MLP,RDKit descriptors,886,Oc1cccc(Cl)c1,c1ccccc1,-0.7000,-1.6116,0.9116,0.6111
random,1,MLP,RDKit descriptors,42,O=C2NC(=O)C1(CCC1)C(=O)N2,O=C1NC(=O)C2(CCC2)C(=O)N1,-1.6550,-1.0555,0.5995,0.8889
random,1,MLP,RDKit descriptors,79,CCCC1COC(Cn2cncn2)(O1)c3ccc(Cl)cc3Cl,c1ccc(C2(Cn3cncn3)OCCO2)cc1,-3.4930,-4.6512,1.1582,0.2319
random,1,MLP,RDKit descriptors,883,CC(=O)OCC(=O)C1(O)CCC2C3CCC4=CC(=O)CCC4(C)C3C(O)CC21C,O=C1C=C2CCC3C4CCCC4CCC3C2CC1,-4.8800,-4.1865,0.6935,0.7797
random,1,MLP,RDKit descriptors,845,C1c2ccccc2c3cc4ccccc4cc13,c1ccc2c(c1)Cc1cc3ccccc3cc1-2,-8.0400,-5.6464,2.3936,0.4688
random,1,MLP,RDKit descriptors,930,Cc1c(C)c(C)c(C)c(C)c1C,c1ccccc1,-5.2300,-4.0788,1.1512,0.4545
random,1,MLP,RDKit descriptors,538,CCCI,,-2.2900,-1.9398,0.3502,0.5556
random,1,MLP,RDKit descriptors,245,CCN(CC)c1nc(Cl)nc(NC(C)C)n1,c1ncncn1,-3.7850,-2.8933,0.8917,0.6471
random,1,MLP,RDKit descriptors,638,CCBr,,-1.0900,-1.2675,0.1775,0.5556
random,1,MLP,RDKit descriptors,491,CC(C)CC(C)(C)C,,-4.7400,-3.4484,1.2916,0.5294
random,1,MLP,RDKit descriptors,125,CC(=O)OCC(COC(=O)C)OC(=O)C,,-0.6000,-1.3199,0.7199,0.4348
random,1,MLP,RDKit descriptors,825,O=C1NC(=O)NC(=O)C1(CC)C(C)C,O=C1CC(=O)NC(=O)N1,-2.1480,-1.7406,0.4074,1.0000
random,1,MLP,RDKit descriptors,760,c1cC2C(=O)NC(=O)C2cc1,O=C1NC(=O)C2C=CC=CC12,-2.9320,-0.5269,2.4051,0.2400
random,1,MLP,RDKit descriptors,38,CCCOP(=S)(OCCC)SCC(=O)N1CCCCC1C,C1CCNCC1,-4.1500,-5.4252,1.2752,0.3148
random,1,MLP,RDKit descriptors,162,CCCCCC=O,,-1.3000,-1.5981,0.2981,0.8125
random,1,MLP,RDKit descriptors,1099,CCC(CC)CO,,-1.1700,-1.0324,0.1376,0.5789
random,1,MLP,RDKit descriptors,561,CC(=O)CC(c1ccccc1)c3c(O)c2ccccc2oc3=O ,O=c1oc2ccccc2cc1Cc1ccccc1,-3.8930,-4.6207,0.7277,0.8372
random,1,MLP,RDKit descriptors,960,CCOP(=S)(OCC)SCCSCC,,-4.2300,-4.7921,0.5621,0.6923
random,1,MLP,RDKit descriptors,857,c1ccccc1SC,c1ccccc1,-2.3900,-2.3517,0.0383,0.3333
random,1,MLP,RDKit descriptors,34,Cc1cccc2c1Cc3ccccc32,c1ccc2c(c1)Cc1ccccc1-2,-5.2200,-4.3981,0.8219,0.5000
random,1,MLP,RDKit descriptors,672,ClC(Cl)C(c1ccc(Cl)cc1)c2ccccc2Cl ,c1ccc(Cc2ccccc2)cc1,-6.5100,-6.9170,0.4070,0.6154
random,1,MLP,RDKit descriptors,938,Nc1nc(O)nc2nc[nH]c12 ,c1ncc2[nH]cnc2n1,-3.4010,-1.7405,1.6605,0.5161
random,1,MLP,RDKit descriptors,224,COc2cnc1ncncc1n2,c1cnc2ncncc2n1,-1.1390,-1.1935,0.0545,0.7333
random,1,MLP,RDKit descriptors,1051,CCCCC(O)CC,,-1.4700,-1.8217,0.3517,0.8333
random,1,MLP,RDKit descriptors,390,Cc1ccc2cc3ccccc3cc2c1,c1ccc2cc3ccccc3cc2c1,-6.9600,-5.4191,1.5409,0.7222
random,1,MLP,RDKit descriptors,350,CC(C)O,,0.4300,0.1880,0.2420,0.5556
random,1,MLP,RDKit descriptors,805,O=C1CCC(=O)N1,O=C1CCC(=O)N1,0.3000,0.2712,0.0288,0.3684
random,1,MLP,RDKit descriptors,481,ON=Cc1ccc(o1)N(=O)=O ,c1ccoc1,-2.1900,-2.0974,0.0926,0.2941
random,1,MLP,RDKit descriptors,877,ClCC#CCOC(=O)Nc1cccc(Cl)c1,c1ccccc1,-4.3700,-3.4844,0.8856,0.5319
random,1,MLP,RDKit descriptors,58,Cc1cc2c3ccccc3ccc2c4ccccc14,c1ccc2c(c1)ccc1c3ccccc3ccc21,-6.5700,-6.9971,0.4271,0.7200
random,1,MLP,RDKit descriptors,327,CCC(C)(C)CO,,-1.0400,-0.9543,0.0857,0.5714
random,1,MLP,RDKit descriptors,432,ClC1=C(Cl)C(Cl)(C(=C1Cl)Cl)C2(Cl)C(=C(Cl)C(=C2Cl)Cl)Cl,C1=CC(C2C=CC=C2)C=C1,-7.2780,-8.9245,1.6465,0.2143
random,1,MLP,RDKit descriptors,112,CCCCC,,-3.1800,-2.2107,0.9693,0.7500
random,1,MLP,RDKit descriptors,919,COC(=O)C,,0.4600,0.2914,0.1686,0.4118
random,1,MLP,RDKit descriptors,1118,CC(C)COC(=O)C,,-1.2100,-0.8069,0.4031,0.5652
random,1,MLP,RDKit descriptors,723,CCN2c1cc(N(C)C)cc(C)c1NC(=O)c3cccnc23 ,O=C1Nc2ccccc2Nc2ncccc21,-4.8710,-3.9352,0.9358,0.7037
random,1,MLP,RDKit descriptors,168,CCN(=O)=O,,-0.2200,0.0560,0.2760,0.5625
random,1,MLP,RDKit descriptors,195,CC(C)Oc1cc(c(Cl)cc1Cl)n2nc(oc2=O)C(C)(C)C,O=c1ocnn1-c1ccccc1,-5.6960,-4.9379,0.7581,0.2105
random,1,MLP,RDKit descriptors,429,ClC1(C(=O)C2(Cl)C3(Cl)C14Cl)C5(Cl)C2(Cl)C3(Cl)C(Cl)(Cl)C45Cl,O=C1C2C3C4CC5C3C1C5C42,-5.2590,-5.9138,0.6548,0.4375
random,1,MLP,RDKit descriptors,540,CCCO,,0.6200,0.1753,0.4447,0.5833
random,1,MLP,RDKit descriptors,908,Clc1ccc(c(Cl)c1)c2cc(Cl)c(Cl)c(Cl)c2Cl ,c1ccc(-c2ccccc2)cc1,-7.3900,-8.5405,1.1505,0.7200
random,1,MLP,RDKit descriptors,826,CC(Cl)(Cl)Cl,,-2.0000,-2.4977,0.4977,0.4545
random,1,MLP,RDKit descriptors,348,CN(C)C(=O)Nc1ccccc1,c1ccccc1,-1.6000,-1.5253,0.0747,0.6429
random,1,MLP,RDKit descriptors,144,Cc1cccc(C)c1,c1ccccc1,-2.8200,-2.0203,0.7997,0.7059
random,1,MLP,RDKit descriptors,558,c1ccc2c(c1)sc3ccccc23,c1ccc2c(c1)sc1ccccc12,-4.3800,-5.1370,0.7570,0.4667
random,1,MLP,RDKit descriptors,258,O=C1NC(=O)C(N1)(c2ccccc2)c3ccccc3,O=C1NC(=O)C(c2ccccc2)(c2ccccc2)N1,-4.0970,-2.9331,1.1639,0.4688
random,1,MLP,RDKit descriptors,398,CN(C(=O)COc1nc2ccccc2s1)c3ccccc3,O=C(COc1nc2ccccc2s1)Nc1ccccc1,-4.8730,-4.3335,0.5395,0.3333
random,1,MLP,RDKit descriptors,843,Oc1ccc(O)cc1,c1ccccc1,-0.1700,-0.7349,0.5649,0.6154
random,1,MLP,RDKit descriptors,907,Clc1ccc(cc1)c2cc(Cl)ccc2Cl ,c1ccc(-c2ccccc2)cc1,-6.2500,-6.5869,0.3369,0.6400
random,1,MLP,RDKit descriptors,832,CC(C)NC(=O)N1CC(=O)N(C1=O)c2cc(Cl)cc(Cl)c2,O=C1CNC(=O)N1c1ccccc1,-4.3760,-3.9168,0.4592,0.3556
random,1,MLP,RDKit descriptors,567,Clc1cc(Cl)c(Cl)cc1Cl,c1ccccc1,-5.5600,-5.2522,0.3078,0.5833
random,1,MLP,RDKit descriptors,345,O=N(=O)c1ccc(cc1)N(=O)=O,c1ccccc1,-3.3900,-2.5194,0.8706,0.7222
random,1,MLP,RDKit descriptors,480,CCc1cccc(C)c1N(C(C)COC)C(=O)CCl ,c1ccccc1,-2.7300,-4.0731,1.3431,0.5319
random,1,MLP,RDKit descriptors,100,CC12CCC3C(CCC4=CC(=O)CCC34C)C2CCC1C(=O)CO,O=C1C=C2CCC3C4CCCC4CCC3C2CC1,-3.4500,-4.2335,0.7835,0.7755
random,1,MLP,RDKit descriptors,725,OC(c1ccc(Cl)cc1)(c2cncnc2)c3ccccc3Cl,c1ccc(C(c2ccccc2)c2cncnc2)cc1,-4.3800,-5.1972,0.8172,0.3514
random,1,MLP,RDKit descriptors,301,CC(Cl)Cl,,-1.2900,-1.7635,0.4735,0.8333
random,1,MLP,RDKit descriptors,158,COP(=S)(OC)Oc1cc(Cl)c(I)cc1Cl,c1ccccc1,-6.6200,-5.4479,1.1721,0.7333
random,1,MLP,RDKit descriptors,861,NS(=O)(=O)c3cc2c(NC(Cc1ccccc1)NS2(=O)=O)cc3C(F)(F)F,O=S1(=O)NC(Cc2ccccc2)Nc2ccccc21,-3.5900,-4.2392,0.6492,0.3934
random,1,MLP,RDKit descriptors,384,CCCCCCC=C,,-4.4400,-3.7787,0.6613,1.0000
random,1,MLP,RDKit descriptors,1027,Cn2c(=O)n(C)c1ncn(CC(O)CO)c1c2=O,O=c1[nH]c(=O)c2[nH]cnc2[nH]1,-0.1700,-0.9596,0.7896,0.5250
random,1,MLP,RDKit descriptors,691,O=C1NC(=O)NC(=O)C1(CC)CC=C,O=C1CC(=O)NC(=O)N1,-1.6140,-1.5250,0.0890,0.7600
random,1,MLP,RDKit descriptors,118,CCCCCCc1ccccc1,c1ccccc1,-5.2100,-4.6683,0.5417,0.9500
random,1,MLP,RDKit descriptors,576,CC12CC(O)C3C(CCC4=CC(=O)C=CC34C)C2CCC1(O)C(=O)CO,O=C1C=CC2C(=C1)CCC1C3CCCC3CCC21,-3.1800,-3.5071,0.3271,0.6833
random,1,MLP,RDKit descriptors,1106,CC(C)(C)C(=O)C(Oc1ccc(Cl)cc1)n2cncn2,c1ccc(OCn2cncn2)cc1,-3.6100,-4.0359,0.4259,0.3077
random,1,MLP,RDKit descriptors,433,CN(C)C=Nc1ccc(Cl)cc1C,c1ccccc1,-2.8600,-3.2041,0.3441,0.5294
random,1,MLP,RDKit descriptors,351,Cc1ccc2ccccc2c1,c1ccc2ccccc2c1,-3.7700,-3.6107,0.1593,0.7647
random,1,MLP,RDKit descriptors,905,CC(C#C)N(C)C(=O)Nc1ccc(Cl)cc1,c1ccccc1,-3.9000,-3.1431,0.7569,0.5833
random,1,MLP,RDKit descriptors,810,C1CCOCC1,C1CCOCC1,-0.0300,-0.8808,0.8508,0.8889
random,1,MLP,RDKit descriptors,1057,Cc1ccccc1,c1ccccc1,-2.2100,-1.5786,0.6314,0.6250
random,1,MLP,RDKit descriptors,515,C1N(C(=O)NCC(C)C)C(=O)NC1,O=C1NCCN1,-2.1500,-1.3065,0.8435,0.2286
random,1,MLP,RDKit descriptors,338,CN(C)C(=O)Nc1cccc(c1)C(F)(F)F,c1ccccc1,-3.4300,-3.0604,0.3696,0.5111
random,1,MLP,RDKit descriptors,62,CC34CC(O)C1(F)C(CCC2=CC(=O)C=CC12C)C3CC(O)C4(O)C(=O)CO,O=C1C=CC2C(=C1)CCC1C3CCCC3CCC21,-3.6800,-3.4646,0.2154,0.8596
random,1,MLP,RDKit descriptors,574,CCCCN(CC)C(=O)SCCC,,-3.5300,-3.8351,0.3051,0.3429
random,1,MLP,RDKit descriptors,711,CC(=O)OCC(=O)C3(O)CCC4C2CCC1=CC(=O)C=CC1(C)C2C(O)CC34C ,O=C1C=CC2C(=C1)CCC1C3CCCC3CCC21,-4.3700,-4.0924,0.2776,0.5362
random,1,MLP,RDKit descriptors,202,CC#C,,-0.4100,-0.2879,0.1221,0.3636
random,1,MLP,RDKit descriptors,214,CCCCOC(=O)CCCCCCCCC(=O)OCCCC,,-3.8960,-5.8986,2.0026,0.6800
random,1,MLP,RDKit descriptors,545,Clc1cccc(c1)N(=O)=O,c1ccccc1,-2.7700,-2.1818,0.5882,0.6957
random,1,MLP,RDKit descriptors,302,Nc1ccc(cc1)S(N)(=O)=O,c1ccccc1,-1.3400,-1.6010,0.2610,0.6500
random,1,MLP,RDKit descriptors,41,OCCCC=C,,-0.1500,-0.5642,0.4142,0.4737
random,1,MLP,RDKit descriptors,2,CC(C)=CCCC(C)=CC(=O),,-2.0600,-2.9910,0.9310,0.5385
random,1,MLP,RDKit descriptors,537,OCC2OC(Oc1ccccc1CO)C(O)C(O)C2O,c1ccc(OC2CCCCO2)cc1,-0.8500,-1.6778,0.8278,0.4259
random,1,MLP,RDKit descriptors,266,CC(=O)OCC(=O)C3(O)C(CC4C2CCC1=CC(=O)C=CC1(C)C2(F)C(O)CC34C)OC(C)=O ,O=C1C=CC2C(=C1)CCC1C3CCCC3CCC21,-4.1300,-4.4763,0.3463,0.8182
random,1,MLP,RDKit descriptors,990,CCCCNC(=O)n1c(NC(=O)OC)nc2ccccc12,c1ccc2[nH]cnc2c1,-4.8830,-3.8220,1.0610,0.2969
random,1,MLP,RDKit descriptors,628,CCNC(=S)NCC,,-1.4600,-0.3626,1.0974,0.2667
random,1,MLP,RDKit descriptors,455,CCCC1CCCC1,C1CCCC1,-4.7400,-3.3917,1.3483,0.6500
random,1,MLP,RDKit descriptors,421,CCN(CC)c1nc(Cl)nc(n1)N(CC)CC,c1ncncn1,-4.4110,-3.1063,1.3047,0.6429
random,1,MLP,RDKit descriptors,523,O=Cc1ccco1,c1ccoc1,-0.1000,-0.4065,0.3065,0.3333
random,1,MLP,RDKit descriptors,12,CCCC=C,,-2.6800,-1.9186,0.7614,0.6250
random,1,MLP,RDKit descriptors,1116,COP(=S)(OC)Oc1ccc(Sc2ccc(OP(=S)(OC)OC)cc2)cc1,c1ccc(Sc2ccccc2)cc1,-6.2370,-7.1290,0.8920,0.5000
random,1,MLP,RDKit descriptors,325,CC(C)c1ccc(NC(=O)N(C)C)cc1,c1ccccc1,-3.5360,-3.1065,0.4295,0.6667
random,1,MLP,RDKit descriptors,1082,CN(C)C(=O)N(C)C ,,0.9400,-0.0668,1.0068,0.5385
random,1,MLP,RDKit descriptors,328,CCCOC(=O)CCC,,-1.7500,-1.7029,0.0471,0.6667
random,1,MLP,RDKit descriptors,666,CC(C)C(C)C,,-3.6500,-2.3762,1.2738,0.5714
random,1,MLP,RDKit descriptors,1070,CC1CC2C3CCC(O)(C(=O)C)C3(C)CC(O)C2(F)C4(C)C=CC(=O)C=C14,O=C1C=CC2C(=C1)CCC1C3CCCC3CCC21,-4.0990,-4.1621,0.0631,0.5217
random,1,MLP,RDKit descriptors,565,CCSSCC,,-2.4200,-2.6854,0.2654,0.4545
random,1,MLP,RDKit descriptors,610,CC2=CC(=O)c1ccccc1C2=O ,O=C1C=CC(=O)c2ccccc21,-3.0300,-1.8896,1.1404,0.3333
random,1,MLP,RDKit descriptors,1026,OC1C(O)C(O)C(O)C(O)C1O,C1CCCCC1,0.3500,-0.3971,0.7471,0.2941
random,1,MLP,RDKit descriptors,554,Brc1ccc2ccccc2c1,c1ccc2ccccc2c1,-4.4000,-4.5787,0.1787,1.0000
random,1,MLP,RDKit descriptors,714,Brc1ccccc1,c1ccccc1,-2.5500,-2.6552,0.1052,0.5833
random,1,MLP,RDKit descriptors,307,ClC(Cl)(Cl)Cl,,-2.3100,-2.7485,0.4385,0.5000
random,1,MLP,RDKit descriptors,72,CC1(C)C2CCC1(C)C(=O)C2,O=C1CC2CCC1C2,-1.9600,-2.3548,0.3948,0.3750
random,1,MLP,RDKit descriptors,681,CCOP(=S)(OCC)Oc1nc(Cl)c(Cl)cc1Cl ,c1ccncc1,-5.6700,-5.3527,0.3173,0.4286
random,1,MLP,RDKit descriptors,174,CC1CC(C)C(=O)C(C1)C(O)CC2CC(=O)NC(=O)C2 ,O=C1CC(CCC2CCCCC2=O)CC(=O)N1,-1.1300,-2.6309,1.5009,0.2391
random,1,MLP,RDKit descriptors,205,C=CC=O,,0.5700,0.1832,0.3868,0.4444
random,1,MLP,RDKit descriptors,102,C1OC(O)C(O)C(O)C1O,C1CCOCC1,0.3900,-0.1517,0.5417,0.2800
random,1,GCN,Molecular graph,282,O=C1NC(=O)NC(=O)C1(C(C)C)C(C)C,O=C1CC(=O)NC(=O)N1,-2.7660,-2.3154,0.4506,0.5200
random,1,GCN,Molecular graph,64,O=C(Cn1ccnc1N(=O)=O)NCc2ccccc2,O=C(Cn1ccnc1)NCc1ccccc1,-2.8100,-2.7491,0.0609,0.3778
random,1,GCN,Molecular graph,1001,CN(C)c1ccccc1,c1ccccc1,-1.9200,-1.5700,0.3500,0.4762
random,1,GCN,Molecular graph,146,CO,,1.5700,1.5886,0.0186,0.2857
random,1,GCN,Molecular graph,979,CCCCCCCCC(=O)OC,,-3.3800,-3.6269,0.2469,1.0000
random,1,GCN,Molecular graph,618,O=N(=O)OCC(CON(=O)=O)ON(=O)=O ,,-2.2200,-1.8678,0.3522,0.2500
random,1,GCN,Molecular graph,872,CN(C)c1nc(nc(n1)N(C)C)N(C)C,c1ncncn1,-3.3640,-2.0999,1.2641,0.6111
random,1,GCN,Molecular graph,977,Cc2cccc3sc1nncn1c23 ,c1ccc2c(c1)sc1nncn12,-2.0700,-2.6839,0.6139,0.2727
random,1,GCN,Molecular graph,886,Oc1cccc(Cl)c1,c1ccccc1,-0.7000,-0.6775,0.0225,0.6111
random,1,GCN,Molecular graph,42,O=C2NC(=O)C1(CCC1)C(=O)N2,O=C1NC(=O)C2(CCC2)C(=O)N1,-1.6550,-1.8642,0.2092,0.8889
random,1,GCN,Molecular graph,79,CCCC1COC(Cn2cncn2)(O1)c3ccc(Cl)cc3Cl,c1ccc(C2(Cn3cncn3)OCCO2)cc1,-3.4930,-2.9777,0.5153,0.2319
random,1,GCN,Molecular graph,883,CC(=O)OCC(=O)C1(O)CCC2C3CCC4=CC(=O)CCC4(C)C3C(O)CC21C,O=C1C=C2CCC3C4CCCC4CCC3C2CC1,-4.8800,-3.5344,1.3456,0.7797
random,1,GCN,Molecular graph,845,C1c2ccccc2c3cc4ccccc4cc13,c1ccc2c(c1)Cc1cc3ccccc3cc1-2,-8.0400,-7.2984,0.7416,0.4688
random,1,GCN,Molecular graph,930,Cc1c(C)c(C)c(C)c(C)c1C,c1ccccc1,-5.2300,-4.0441,1.1859,0.4545
random,1,GCN,Molecular graph,538,CCCI,,-2.2900,-2.2058,0.0842,0.5556
random,1,GCN,Molecular graph,245,CCN(CC)c1nc(Cl)nc(NC(C)C)n1,c1ncncn1,-3.7850,-3.6568,0.1282,0.6471
random,1,GCN,Molecular graph,638,CCBr,,-1.0900,-1.3443,0.2543,0.5556
random,1,GCN,Molecular graph,491,CC(C)CC(C)(C)C,,-4.7400,-4.1675,0.5725,0.5294
random,1,GCN,Molecular graph,125,CC(=O)OCC(COC(=O)C)OC(=O)C,,-0.6000,0.1258,0.7258,0.4348
random,1,GCN,Molecular graph,825,O=C1NC(=O)NC(=O)C1(CC)C(C)C,O=C1CC(=O)NC(=O)N1,-2.1480,-2.0705,0.0775,1.0000
random,1,GCN,Molecular graph,760,c1cC2C(=O)NC(=O)C2cc1,O=C1NC(=O)C2C=CC=CC12,-2.9320,-2.5268,0.4052,0.2400
random,1,GCN,Molecular graph,38,CCCOP(=S)(OCCC)SCC(=O)N1CCCCC1C,C1CCNCC1,-4.1500,-4.9442,0.7942,0.3148
random,1,GCN,Molecular graph,162,CCCCCC=O,,-1.3000,-1.8060,0.5060,0.8125
random,1,GCN,Molecular graph,1099,CCC(CC)CO,,-1.1700,-1.0007,0.1693,0.5789
random,1,GCN,Molecular graph,561,CC(=O)CC(c1ccccc1)c3c(O)c2ccccc2oc3=O ,O=c1oc2ccccc2cc1Cc1ccccc1,-3.8930,-3.8577,0.0353,0.8372
random,1,GCN,Molecular graph,960,CCOP(=S)(OCC)SCCSCC,,-4.2300,-4.6022,0.3722,0.6923
random,1,GCN,Molecular graph,857,c1ccccc1SC,c1ccccc1,-2.3900,-2.6413,0.2513,0.3333
random,1,GCN,Molecular graph,34,Cc1cccc2c1Cc3ccccc32,c1ccc2c(c1)Cc1ccccc1-2,-5.2200,-6.3639,1.1439,0.5000
random,1,GCN,Molecular graph,672,ClC(Cl)C(c1ccc(Cl)cc1)c2ccccc2Cl ,c1ccc(Cc2ccccc2)cc1,-6.5100,-5.5983,0.9117,0.6154
random,1,GCN,Molecular graph,938,Nc1nc(O)nc2nc[nH]c12 ,c1ncc2[nH]cnc2n1,-3.4010,-1.7325,1.6685,0.5161
random,1,GCN,Molecular graph,224,COc2cnc1ncncc1n2,c1cnc2ncncc2n1,-1.1390,-1.1932,0.0542,0.7333
random,1,GCN,Molecular graph,1051,CCCCC(O)CC,,-1.4700,-1.4716,0.0016,0.8333
random,1,GCN,Molecular graph,390,Cc1ccc2cc3ccccc3cc2c1,c1ccc2cc3ccccc3cc2c1,-6.9600,-6.3215,0.6385,0.7222
random,1,GCN,Molecular graph,350,CC(C)O,,0.4300,-0.1856,0.6156,0.5556
random,1,GCN,Molecular graph,805,O=C1CCC(=O)N1,O=C1CCC(=O)N1,0.3000,-0.5134,0.8134,0.3684
random,1,GCN,Molecular graph,481,ON=Cc1ccc(o1)N(=O)=O ,c1ccoc1,-2.1900,-2.8731,0.6831,0.2941
random,1,GCN,Molecular graph,877,ClCC#CCOC(=O)Nc1cccc(Cl)c1,c1ccccc1,-4.3700,-3.5913,0.7787,0.5319
random,1,GCN,Molecular graph,58,Cc1cc2c3ccccc3ccc2c4ccccc14,c1ccc2c(c1)ccc1c3ccccc3ccc21,-6.5700,-7.2036,0.6336,0.7200
random,1,GCN,Molecular graph,327,CCC(C)(C)CO,,-1.0400,-1.1538,0.1138,0.5714
random,1,GCN,Molecular graph,432,ClC1=C(Cl)C(Cl)(C(=C1Cl)Cl)C2(Cl)C(=C(Cl)C(=C2Cl)Cl)Cl,C1=CC(C2C=CC=C2)C=C1,-7.2780,-3.9219,3.3561,0.2143
random,1,GCN,Molecular graph,112,CCCCC,,-3.1800,-2.9060,0.2740,0.7500
random,1,GCN,Molecular graph,919,COC(=O)C,,0.4600,0.4641,0.0041,0.4118
random,1,GCN,Molecular graph,1118,CC(C)COC(=O)C,,-1.2100,-0.7385,0.4715,0.5652
random,1,GCN,Molecular graph,723,CCN2c1cc(N(C)C)cc(C)c1NC(=O)c3cccnc23 ,O=C1Nc2ccccc2Nc2ncccc21,-4.8710,-3.8819,0.9891,0.7037
random,1,GCN,Molecular graph,168,CCN(=O)=O,,-0.2200,-0.8442,0.6242,0.5625
random,1,GCN,Molecular graph,195,CC(C)Oc1cc(c(Cl)cc1Cl)n2nc(oc2=O)C(C)(C)C,O=c1ocnn1-c1ccccc1,-5.6960,-4.6400,1.0560,0.2105
random,1,GCN,Molecular graph,429,ClC1(C(=O)C2(Cl)C3(Cl)C14Cl)C5(Cl)C2(Cl)C3(Cl)C(Cl)(Cl)C45Cl,O=C1C2C3C4CC5C3C1C5C42,-5.2590,-5.9983,0.7393,0.4375
random,1,GCN,Molecular graph,540,CCCO,,0.6200,-0.3533,0.9733,0.5833
random,1,GCN,Molecular graph,908,Clc1ccc(c(Cl)c1)c2cc(Cl)c(Cl)c(Cl)c2Cl ,c1ccc(-c2ccccc2)cc1,-7.3900,-8.0648,0.6748,0.7200
random,1,GCN,Molecular graph,826,CC(Cl)(Cl)Cl,,-2.0000,-2.2660,0.2660,0.4545
random,1,GCN,Molecular graph,348,CN(C)C(=O)Nc1ccccc1,c1ccccc1,-1.6000,-1.6012,0.0012,0.6429
random,1,GCN,Molecular graph,144,Cc1cccc(C)c1,c1ccccc1,-2.8200,-2.6011,0.2189,0.7059
random,1,GCN,Molecular graph,558,c1ccc2c(c1)sc3ccccc23,c1ccc2c(c1)sc1ccccc12,-4.3800,-5.7495,1.3695,0.4667
random,1,GCN,Molecular graph,258,O=C1NC(=O)C(N1)(c2ccccc2)c3ccccc3,O=C1NC(=O)C(c2ccccc2)(c2ccccc2)N1,-4.0970,-3.3153,0.7817,0.4688
random,1,GCN,Molecular graph,398,CN(C(=O)COc1nc2ccccc2s1)c3ccccc3,O=C(COc1nc2ccccc2s1)Nc1ccccc1,-4.8730,-4.1674,0.7056,0.3333
random,1,GCN,Molecular graph,843,Oc1ccc(O)cc1,c1ccccc1,-0.1700,0.2120,0.3820,0.6154
random,1,GCN,Molecular graph,907,Clc1ccc(cc1)c2cc(Cl)ccc2Cl ,c1ccc(-c2ccccc2)cc1,-6.2500,-6.3018,0.0518,0.6400
random,1,GCN,Molecular graph,832,CC(C)NC(=O)N1CC(=O)N(C1=O)c2cc(Cl)cc(Cl)c2,O=C1CNC(=O)N1c1ccccc1,-4.3760,-3.6985,0.6775,0.3556
random,1,GCN,Molecular graph,567,Clc1cc(Cl)c(Cl)cc1Cl,c1ccccc1,-5.5600,-5.0720,0.4880,0.5833
random,1,GCN,Molecular graph,345,O=N(=O)c1ccc(cc1)N(=O)=O,c1ccccc1,-3.3900,-2.7980,0.5920,0.7222
random,1,GCN,Molecular graph,480,CCc1cccc(C)c1N(C(C)COC)C(=O)CCl ,c1ccccc1,-2.7300,-3.5977,0.8677,0.5319
random,1,GCN,Molecular graph,100,CC12CCC3C(CCC4=CC(=O)CCC34C)C2CCC1C(=O)CO,O=C1C=C2CCC3C4CCCC4CCC3C2CC1,-3.4500,-4.1135,0.6635,0.7755
random,1,GCN,Molecular graph,725,OC(c1ccc(Cl)cc1)(c2cncnc2)c3ccccc3Cl,c1ccc(C(c2ccccc2)c2cncnc2)cc1,-4.3800,-3.5911,0.7889,0.3514
random,1,GCN,Molecular graph,301,CC(Cl)Cl,,-1.2900,-1.7987,0.5087,0.8333
random,1,GCN,Molecular graph,158,COP(=S)(OC)Oc1cc(Cl)c(I)cc1Cl,c1ccccc1,-6.6200,-5.6370,0.9830,0.7333
random,1,GCN,Molecular graph,861,NS(=O)(=O)c3cc2c(NC(Cc1ccccc1)NS2(=O)=O)cc3C(F)(F)F,O=S1(=O)NC(Cc2ccccc2)Nc2ccccc21,-3.5900,-4.1163,0.5263,0.3934
random,1,GCN,Molecular graph,384,CCCCCCC=C,,-4.4400,-4.6076,0.1676,1.0000
random,1,GCN,Molecular graph,1027,Cn2c(=O)n(C)c1ncn(CC(O)CO)c1c2=O,O=c1[nH]c(=O)c2[nH]cnc2[nH]1,-0.1700,-2.1842,2.0142,0.5250
random,1,GCN,Molecular graph,691,O=C1NC(=O)NC(=O)C1(CC)CC=C,O=C1CC(=O)NC(=O)N1,-1.6140,-1.8996,0.2856,0.7600
random,1,GCN,Molecular graph,118,CCCCCCc1ccccc1,c1ccccc1,-5.2100,-5.4837,0.2737,0.9500
random,1,GCN,Molecular graph,576,CC12CC(O)C3C(CCC4=CC(=O)C=CC34C)C2CCC1(O)C(=O)CO,O=C1C=CC2C(=C1)CCC1C3CCCC3CCC21,-3.1800,-3.8143,0.6343,0.6833
random,1,GCN,Molecular graph,1106,CC(C)(C)C(=O)C(Oc1ccc(Cl)cc1)n2cncn2,c1ccc(OCn2cncn2)cc1,-3.6100,-4.0492,0.4392,0.3077
random,1,GCN,Molecular graph,433,CN(C)C=Nc1ccc(Cl)cc1C,c1ccccc1,-2.8600,-4.4764,1.6164,0.5294
random,1,GCN,Molecular graph,351,Cc1ccc2ccccc2c1,c1ccc2ccccc2c1,-3.7700,-4.4322,0.6622,0.7647
random,1,GCN,Molecular graph,905,CC(C#C)N(C)C(=O)Nc1ccc(Cl)cc1,c1ccccc1,-3.9000,-2.9658,0.9342,0.5833
random,1,GCN,Molecular graph,810,C1CCOCC1,C1CCOCC1,-0.0300,-0.4948,0.4648,0.8889
random,1,GCN,Molecular graph,1057,Cc1ccccc1,c1ccccc1,-2.2100,-2.3393,0.1293,0.6250
random,1,GCN,Molecular graph,515,C1N(C(=O)NCC(C)C)C(=O)NC1,O=C1NCCN1,-2.1500,-1.4939,0.6561,0.2286
random,1,GCN,Molecular graph,338,CN(C)C(=O)Nc1cccc(c1)C(F)(F)F,c1ccccc1,-3.4300,-3.1692,0.2608,0.5111
random,1,GCN,Molecular graph,62,CC34CC(O)C1(F)C(CCC2=CC(=O)C=CC12C)C3CC(O)C4(O)C(=O)CO,O=C1C=CC2C(=C1)CCC1C3CCCC3CCC21,-3.6800,-3.6828,0.0028,0.8596
random,1,GCN,Molecular graph,574,CCCCN(CC)C(=O)SCCC,,-3.5300,-3.7374,0.2074,0.3429
random,1,GCN,Molecular graph,711,CC(=O)OCC(=O)C3(O)CCC4C2CCC1=CC(=O)C=CC1(C)C2C(O)CC34C ,O=C1C=CC2C(=C1)CCC1C3CCCC3CCC21,-4.3700,-3.8340,0.5360,0.5362
random,1,GCN,Molecular graph,202,CC#C,,-0.4100,-1.0424,0.6324,0.3636
random,1,GCN,Molecular graph,214,CCCCOC(=O)CCCCCCCCC(=O)OCCCC,,-3.8960,-4.4977,0.6017,0.6800
random,1,GCN,Molecular graph,545,Clc1cccc(c1)N(=O)=O,c1ccccc1,-2.7700,-2.7711,0.0011,0.6957
random,1,GCN,Molecular graph,302,Nc1ccc(cc1)S(N)(=O)=O,c1ccccc1,-1.3400,-1.3852,0.0452,0.6500
random,1,GCN,Molecular graph,41,OCCCC=C,,-0.1500,-0.9441,0.7941,0.4737
random,1,GCN,Molecular graph,2,CC(C)=CCCC(C)=CC(=O),,-2.0600,-2.3133,0.2533,0.5385
random,1,GCN,Molecular graph,537,OCC2OC(Oc1ccccc1CO)C(O)C(O)C2O,c1ccc(OC2CCCCO2)cc1,-0.8500,-0.8264,0.0236,0.4259
random,1,GCN,Molecular graph,266,CC(=O)OCC(=O)C3(O)C(CC4C2CCC1=CC(=O)C=CC1(C)C2(F)C(O)CC34C)OC(C)=O ,O=C1C=CC2C(=C1)CCC1C3CCCC3CCC21,-4.1300,-3.6310,0.4990,0.8182
random,1,GCN,Molecular graph,990,CCCCNC(=O)n1c(NC(=O)OC)nc2ccccc12,c1ccc2[nH]cnc2c1,-4.8830,-3.6226,1.2604,0.2969
random,1,GCN,Molecular graph,628,CCNC(=S)NCC,,-1.4600,-1.2300,0.2300,0.2667
random,1,GCN,Molecular graph,455,CCCC1CCCC1,C1CCCC1,-4.7400,-4.1043,0.6357,0.6500
random,1,GCN,Molecular graph,421,CCN(CC)c1nc(Cl)nc(n1)N(CC)CC,c1ncncn1,-4.4110,-3.4971,0.9139,0.6429
random,1,GCN,Molecular graph,523,O=Cc1ccco1,c1ccoc1,-0.1000,-0.8395,0.7395,0.3333
random,1,GCN,Molecular graph,12,CCCC=C,,-2.6800,-2.4720,0.2080,0.6250
random,1,GCN,Molecular graph,1116,COP(=S)(OC)Oc1ccc(Sc2ccc(OP(=S)(OC)OC)cc2)cc1,c1ccc(Sc2ccccc2)cc1,-6.2370,-4.8825,1.3545,0.5000
random,1,GCN,Molecular graph,325,CC(C)c1ccc(NC(=O)N(C)C)cc1,c1ccccc1,-3.5360,-2.7533,0.7827,0.6667
random,1,GCN,Molecular graph,1082,CN(C)C(=O)N(C)C ,,0.9400,0.3759,0.5641,0.5385
random,1,GCN,Molecular graph,328,CCCOC(=O)CCC,,-1.7500,-1.5757,0.1743,0.6667
random,1,GCN,Molecular graph,666,CC(C)C(C)C,,-3.6500,-4.0729,0.4229,0.5714
random,1,GCN,Molecular graph,1070,CC1CC2C3CCC(O)(C(=O)C)C3(C)CC(O)C2(F)C4(C)C=CC(=O)C=C14,O=C1C=CC2C(=C1)CCC1C3CCCC3CCC21,-4.0990,-4.2752,0.1762,0.5217
random,1,GCN,Molecular graph,565,CCSSCC,,-2.4200,-2.4494,0.0294,0.4545
random,1,GCN,Molecular graph,610,CC2=CC(=O)c1ccccc1C2=O ,O=C1C=CC(=O)c2ccccc21,-3.0300,-3.4762,0.4462,0.3333
random,1,GCN,Molecular graph,1026,OC1C(O)C(O)C(O)C(O)C1O,C1CCCCC1,0.3500,0.9394,0.5894,0.2941
random,1,GCN,Molecular graph,554,Brc1ccc2ccccc2c1,c1ccc2ccccc2c1,-4.4000,-5.0244,0.6244,1.0000
random,1,GCN,Molecular graph,714,Brc1ccccc1,c1ccccc1,-2.5500,-2.6790,0.1290,0.5833
random,1,GCN,Molecular graph,307,ClC(Cl)(Cl)Cl,,-2.3100,-2.5259,0.2159,0.5000
random,1,GCN,Molecular graph,72,CC1(C)C2CCC1(C)C(=O)C2,O=C1CC2CCC1C2,-1.9600,-3.2120,1.2520,0.3750
random,1,GCN,Molecular graph,681,CCOP(=S)(OCC)Oc1nc(Cl)c(Cl)cc1Cl ,c1ccncc1,-5.6700,-5.7903,0.1203,0.4286
random,1,GCN,Molecular graph,174,CC1CC(C)C(=O)C(C1)C(O)CC2CC(=O)NC(=O)C2 ,O=C1CC(CCC2CCCCC2=O)CC(=O)N1,-1.1300,-2.4005,1.2705,0.2391
random,1,GCN,Molecular graph,205,C=CC=O,,0.5700,-0.5081,1.0781,0.4444
random,1,GCN,Molecular graph,102,C1OC(O)C(O)C(O)C1O,C1CCOCC1,0.3900,1.0210,0.6310,0.2800
random,1,GIN,Molecular graph,282,O=C1NC(=O)NC(=O)C1(C(C)C)C(C)C,O=C1CC(=O)NC(=O)N1,-2.7660,-2.5085,0.2575,0.5200
random,1,GIN,Molecular graph,64,O=C(Cn1ccnc1N(=O)=O)NCc2ccccc2,O=C(Cn1ccnc1)NCc1ccccc1,-2.8100,-2.7664,0.0436,0.3778
random,1,GIN,Molecular graph,1001,CN(C)c1ccccc1,c1ccccc1,-1.9200,-1.0164,0.9036,0.4762
random,1,GIN,Molecular graph,146,CO,,1.5700,1.4719,0.0981,0.2857
random,1,GIN,Molecular graph,979,CCCCCCCCC(=O)OC,,-3.3800,-3.6556,0.2756,1.0000
random,1,GIN,Molecular graph,618,O=N(=O)OCC(CON(=O)=O)ON(=O)=O ,,-2.2200,-1.5540,0.6660,0.2500
random,1,GIN,Molecular graph,872,CN(C)c1nc(nc(n1)N(C)C)N(C)C,c1ncncn1,-3.3640,-1.8841,1.4799,0.6111
random,1,GIN,Molecular graph,977,Cc2cccc3sc1nncn1c23 ,c1ccc2c(c1)sc1nncn12,-2.0700,-3.7712,1.7012,0.2727
random,1,GIN,Molecular graph,886,Oc1cccc(Cl)c1,c1ccccc1,-0.7000,-1.3211,0.6211,0.6111
random,1,GIN,Molecular graph,42,O=C2NC(=O)C1(CCC1)C(=O)N2,O=C1NC(=O)C2(CCC2)C(=O)N1,-1.6550,-2.3627,0.7077,0.8889
random,1,GIN,Molecular graph,79,CCCC1COC(Cn2cncn2)(O1)c3ccc(Cl)cc3Cl,c1ccc(C2(Cn3cncn3)OCCO2)cc1,-3.4930,-3.1837,0.3093,0.2319
random,1,GIN,Molecular graph,883,CC(=O)OCC(=O)C1(O)CCC2C3CCC4=CC(=O)CCC4(C)C3C(O)CC21C,O=C1C=C2CCC3C4CCCC4CCC3C2CC1,-4.8800,-3.3015,1.5785,0.7797
random,1,GIN,Molecular graph,845,C1c2ccccc2c3cc4ccccc4cc13,c1ccc2c(c1)Cc1cc3ccccc3cc1-2,-8.0400,-6.8474,1.1926,0.4688
random,1,GIN,Molecular graph,930,Cc1c(C)c(C)c(C)c(C)c1C,c1ccccc1,-5.2300,-5.0210,0.2090,0.4545
random,1,GIN,Molecular graph,538,CCCI,,-2.2900,-2.3044,0.0144,0.5556
random,1,GIN,Molecular graph,245,CCN(CC)c1nc(Cl)nc(NC(C)C)n1,c1ncncn1,-3.7850,-3.1759,0.6091,0.6471
random,1,GIN,Molecular graph,638,CCBr,,-1.0900,-1.3106,0.2206,0.5556
random,1,GIN,Molecular graph,491,CC(C)CC(C)(C)C,,-4.7400,-4.3793,0.3607,0.5294
random,1,GIN,Molecular graph,125,CC(=O)OCC(COC(=O)C)OC(=O)C,,-0.6000,-1.0602,0.4602,0.4348
random,1,GIN,Molecular graph,825,O=C1NC(=O)NC(=O)C1(CC)C(C)C,O=C1CC(=O)NC(=O)N1,-2.1480,-2.2848,0.1368,1.0000
random,1,GIN,Molecular graph,760,c1cC2C(=O)NC(=O)C2cc1,O=C1NC(=O)C2C=CC=CC12,-2.9320,-2.2494,0.6826,0.2400
random,1,GIN,Molecular graph,38,CCCOP(=S)(OCCC)SCC(=O)N1CCCCC1C,C1CCNCC1,-4.1500,-5.0607,0.9107,0.3148
random,1,GIN,Molecular graph,162,CCCCCC=O,,-1.3000,-1.6999,0.3999,0.8125
random,1,GIN,Molecular graph,1099,CCC(CC)CO,,-1.1700,-1.0509,0.1191,0.5789
random,1,GIN,Molecular graph,561,CC(=O)CC(c1ccccc1)c3c(O)c2ccccc2oc3=O ,O=c1oc2ccccc2cc1Cc1ccccc1,-3.8930,-3.8113,0.0817,0.8372
random,1,GIN,Molecular graph,960,CCOP(=S)(OCC)SCCSCC,,-4.2300,-4.4388,0.2088,0.6923
random,1,GIN,Molecular graph,857,c1ccccc1SC,c1ccccc1,-2.3900,-2.0907,0.2993,0.3333
random,1,GIN,Molecular graph,34,Cc1cccc2c1Cc3ccccc32,c1ccc2c(c1)Cc1ccccc1-2,-5.2200,-6.3345,1.1145,0.5000
random,1,GIN,Molecular graph,672,ClC(Cl)C(c1ccc(Cl)cc1)c2ccccc2Cl ,c1ccc(Cc2ccccc2)cc1,-6.5100,-7.2498,0.7398,0.6154
random,1,GIN,Molecular graph,938,Nc1nc(O)nc2nc[nH]c12 ,c1ncc2[nH]cnc2n1,-3.4010,-2.4160,0.9850,0.5161
random,1,GIN,Molecular graph,224,COc2cnc1ncncc1n2,c1cnc2ncncc2n1,-1.1390,-1.9753,0.8363,0.7333
random,1,GIN,Molecular graph,1051,CCCCC(O)CC,,-1.4700,-1.0654,0.4046,0.8333
random,1,GIN,Molecular graph,390,Cc1ccc2cc3ccccc3cc2c1,c1ccc2cc3ccccc3cc2c1,-6.9600,-5.4468,1.5132,0.7222
random,1,GIN,Molecular graph,350,CC(C)O,,0.4300,0.9848,0.5548,0.5556
random,1,GIN,Molecular graph,805,O=C1CCC(=O)N1,O=C1CCC(=O)N1,0.3000,-0.1317,0.4317,0.3684
random,1,GIN,Molecular graph,481,ON=Cc1ccc(o1)N(=O)=O ,c1ccoc1,-2.1900,-2.5311,0.3411,0.2941
random,1,GIN,Molecular graph,877,ClCC#CCOC(=O)Nc1cccc(Cl)c1,c1ccccc1,-4.3700,-3.9295,0.4405,0.5319
random,1,GIN,Molecular graph,58,Cc1cc2c3ccccc3ccc2c4ccccc14,c1ccc2c(c1)ccc1c3ccccc3ccc21,-6.5700,-6.6383,0.0683,0.7200
random,1,GIN,Molecular graph,327,CCC(C)(C)CO,,-1.0400,-0.9264,0.1136,0.5714
random,1,GIN,Molecular graph,432,ClC1=C(Cl)C(Cl)(C(=C1Cl)Cl)C2(Cl)C(=C(Cl)C(=C2Cl)Cl)Cl,C1=CC(C2C=CC=C2)C=C1,-7.2780,-4.9367,2.3413,0.2143
random,1,GIN,Molecular graph,112,CCCCC,,-3.1800,-3.0679,0.1121,0.7500
random,1,GIN,Molecular graph,919,COC(=O)C,,0.4600,0.6129,0.1529,0.4118
random,1,GIN,Molecular graph,1118,CC(C)COC(=O)C,,-1.2100,-1.0006,0.2094,0.5652
random,1,GIN,Molecular graph,723,CCN2c1cc(N(C)C)cc(C)c1NC(=O)c3cccnc23 ,O=C1Nc2ccccc2Nc2ncccc21,-4.8710,-3.4315,1.4395,0.7037
random,1,GIN,Molecular graph,168,CCN(=O)=O,,-0.2200,-0.0320,0.1880,0.5625
random,1,GIN,Molecular graph,195,CC(C)Oc1cc(c(Cl)cc1Cl)n2nc(oc2=O)C(C)(C)C,O=c1ocnn1-c1ccccc1,-5.6960,-4.2654,1.4306,0.2105
random,1,GIN,Molecular graph,429,ClC1(C(=O)C2(Cl)C3(Cl)C14Cl)C5(Cl)C2(Cl)C3(Cl)C(Cl)(Cl)C45Cl,O=C1C2C3C4CC5C3C1C5C42,-5.2590,-6.9884,1.7294,0.4375
random,1,GIN,Molecular graph,540,CCCO,,0.6200,0.4463,0.1737,0.5833
random,1,GIN,Molecular graph,908,Clc1ccc(c(Cl)c1)c2cc(Cl)c(Cl)c(Cl)c2Cl ,c1ccc(-c2ccccc2)cc1,-7.3900,-8.2717,0.8817,0.7200
random,1,GIN,Molecular graph,826,CC(Cl)(Cl)Cl,,-2.0000,-2.3432,0.3432,0.4545
random,1,GIN,Molecular graph,348,CN(C)C(=O)Nc1ccccc1,c1ccccc1,-1.6000,-1.7869,0.1869,0.6429
random,1,GIN,Molecular graph,144,Cc1cccc(C)c1,c1ccccc1,-2.8200,-2.0438,0.7762,0.7059
random,1,GIN,Molecular graph,558,c1ccc2c(c1)sc3ccccc23,c1ccc2c(c1)sc1ccccc12,-4.3800,-6.0016,1.6216,0.4667
random,1,GIN,Molecular graph,258,O=C1NC(=O)C(N1)(c2ccccc2)c3ccccc3,O=C1NC(=O)C(c2ccccc2)(c2ccccc2)N1,-4.0970,-3.4558,0.6412,0.4688
random,1,GIN,Molecular graph,398,CN(C(=O)COc1nc2ccccc2s1)c3ccccc3,O=C(COc1nc2ccccc2s1)Nc1ccccc1,-4.8730,-4.0937,0.7793,0.3333
random,1,GIN,Molecular graph,843,Oc1ccc(O)cc1,c1ccccc1,-0.1700,-0.5150,0.3450,0.6154
random,1,GIN,Molecular graph,907,Clc1ccc(cc1)c2cc(Cl)ccc2Cl ,c1ccc(-c2ccccc2)cc1,-6.2500,-6.5101,0.2601,0.6400
random,1,GIN,Molecular graph,832,CC(C)NC(=O)N1CC(=O)N(C1=O)c2cc(Cl)cc(Cl)c2,O=C1CNC(=O)N1c1ccccc1,-4.3760,-3.7013,0.6747,0.3556
random,1,GIN,Molecular graph,567,Clc1cc(Cl)c(Cl)cc1Cl,c1ccccc1,-5.5600,-6.4001,0.8401,0.5833
random,1,GIN,Molecular graph,345,O=N(=O)c1ccc(cc1)N(=O)=O,c1ccccc1,-3.3900,-2.8196,0.5704,0.7222
random,1,GIN,Molecular graph,480,CCc1cccc(C)c1N(C(C)COC)C(=O)CCl ,c1ccccc1,-2.7300,-3.5514,0.8214,0.5319
random,1,GIN,Molecular graph,100,CC12CCC3C(CCC4=CC(=O)CCC34C)C2CCC1C(=O)CO,O=C1C=C2CCC3C4CCCC4CCC3C2CC1,-3.4500,-4.0005,0.5505,0.7755
random,1,GIN,Molecular graph,725,OC(c1ccc(Cl)cc1)(c2cncnc2)c3ccccc3Cl,c1ccc(C(c2ccccc2)c2cncnc2)cc1,-4.3800,-4.3442,0.0358,0.3514
random,1,GIN,Molecular graph,301,CC(Cl)Cl,,-1.2900,-1.4181,0.1281,0.8333
random,1,GIN,Molecular graph,158,COP(=S)(OC)Oc1cc(Cl)c(I)cc1Cl,c1ccccc1,-6.6200,-5.8462,0.7738,0.7333
random,1,GIN,Molecular graph,861,NS(=O)(=O)c3cc2c(NC(Cc1ccccc1)NS2(=O)=O)cc3C(F)(F)F,O=S1(=O)NC(Cc2ccccc2)Nc2ccccc21,-3.5900,-3.9016,0.3116,0.3934
random,1,GIN,Molecular graph,384,CCCCCCC=C,,-4.4400,-5.1598,0.7198,1.0000
random,1,GIN,Molecular graph,1027,Cn2c(=O)n(C)c1ncn(CC(O)CO)c1c2=O,O=c1[nH]c(=O)c2[nH]cnc2[nH]1,-0.1700,-2.0905,1.9205,0.5250
random,1,GIN,Molecular graph,691,O=C1NC(=O)NC(=O)C1(CC)CC=C,O=C1CC(=O)NC(=O)N1,-1.6140,-2.2319,0.6179,0.7600
random,1,GIN,Molecular graph,118,CCCCCCc1ccccc1,c1ccccc1,-5.2100,-5.6323,0.4223,0.9500
random,1,GIN,Molecular graph,576,CC12CC(O)C3C(CCC4=CC(=O)C=CC34C)C2CCC1(O)C(=O)CO,O=C1C=CC2C(=C1)CCC1C3CCCC3CCC21,-3.1800,-3.4995,0.3195,0.6833
random,1,GIN,Molecular graph,1106,CC(C)(C)C(=O)C(Oc1ccc(Cl)cc1)n2cncn2,c1ccc(OCn2cncn2)cc1,-3.6100,-3.5965,0.0135,0.3077
random,1,GIN,Molecular graph,433,CN(C)C=Nc1ccc(Cl)cc1C,c1ccccc1,-2.8600,-3.0498,0.1898,0.5294
random,1,GIN,Molecular graph,351,Cc1ccc2ccccc2c1,c1ccc2ccccc2c1,-3.7700,-3.9344,0.1644,0.7647
random,1,GIN,Molecular graph,905,CC(C#C)N(C)C(=O)Nc1ccc(Cl)cc1,c1ccccc1,-3.9000,-2.8416,1.0584,0.5833
random,1,GIN,Molecular graph,810,C1CCOCC1,C1CCOCC1,-0.0300,0.0908,0.1208,0.8889
random,1,GIN,Molecular graph,1057,Cc1ccccc1,c1ccccc1,-2.2100,-2.2387,0.0287,0.6250
random,1,GIN,Molecular graph,515,C1N(C(=O)NCC(C)C)C(=O)NC1,O=C1NCCN1,-2.1500,-2.1193,0.0307,0.2286
random,1,GIN,Molecular graph,338,CN(C)C(=O)Nc1cccc(c1)C(F)(F)F,c1ccccc1,-3.4300,-3.4314,0.0014,0.5111
random,1,GIN,Molecular graph,62,CC34CC(O)C1(F)C(CCC2=CC(=O)C=CC12C)C3CC(O)C4(O)C(=O)CO,O=C1C=CC2C(=C1)CCC1C3CCCC3CCC21,-3.6800,-3.4376,0.2424,0.8596
random,1,GIN,Molecular graph,574,CCCCN(CC)C(=O)SCCC,,-3.5300,-4.2459,0.7159,0.3429
random,1,GIN,Molecular graph,711,CC(=O)OCC(=O)C3(O)CCC4C2CCC1=CC(=O)C=CC1(C)C2C(O)CC34C ,O=C1C=CC2C(=C1)CCC1C3CCCC3CCC21,-4.3700,-3.5119,0.8581,0.5362
random,1,GIN,Molecular graph,202,CC#C,,-0.4100,-0.1747,0.2353,0.3636
random,1,GIN,Molecular graph,214,CCCCOC(=O)CCCCCCCCC(=O)OCCCC,,-3.8960,-5.0712,1.1752,0.6800
random,1,GIN,Molecular graph,545,Clc1cccc(c1)N(=O)=O,c1ccccc1,-2.7700,-2.7343,0.0357,0.6957
random,1,GIN,Molecular graph,302,Nc1ccc(cc1)S(N)(=O)=O,c1ccccc1,-1.3400,-1.5312,0.1912,0.6500
random,1,GIN,Molecular graph,41,OCCCC=C,,-0.1500,-0.6268,0.4768,0.4737
random,1,GIN,Molecular graph,2,CC(C)=CCCC(C)=CC(=O),,-2.0600,-2.9217,0.8617,0.5385
random,1,GIN,Molecular graph,537,OCC2OC(Oc1ccccc1CO)C(O)C(O)C2O,c1ccc(OC2CCCCO2)cc1,-0.8500,-1.3994,0.5494,0.4259
random,1,GIN,Molecular graph,266,CC(=O)OCC(=O)C3(O)C(CC4C2CCC1=CC(=O)C=CC1(C)C2(F)C(O)CC34C)OC(C)=O ,O=C1C=CC2C(=C1)CCC1C3CCCC3CCC21,-4.1300,-3.6835,0.4465,0.8182
random,1,GIN,Molecular graph,990,CCCCNC(=O)n1c(NC(=O)OC)nc2ccccc12,c1ccc2[nH]cnc2c1,-4.8830,-3.8950,0.9880,0.2969
random,1,GIN,Molecular graph,628,CCNC(=S)NCC,,-1.4600,-2.5152,1.0552,0.2667
random,1,GIN,Molecular graph,455,CCCC1CCCC1,C1CCCC1,-4.7400,-4.5521,0.1879,0.6500
random,1,GIN,Molecular graph,421,CCN(CC)c1nc(Cl)nc(n1)N(CC)CC,c1ncncn1,-4.4110,-3.1614,1.2496,0.6429
random,1,GIN,Molecular graph,523,O=Cc1ccco1,c1ccoc1,-0.1000,-0.7845,0.6845,0.3333
random,1,GIN,Molecular graph,12,CCCC=C,,-2.6800,-2.4235,0.2565,0.6250
random,1,GIN,Molecular graph,1116,COP(=S)(OC)Oc1ccc(Sc2ccc(OP(=S)(OC)OC)cc2)cc1,c1ccc(Sc2ccccc2)cc1,-6.2370,-5.4564,0.7806,0.5000
random,1,GIN,Molecular graph,325,CC(C)c1ccc(NC(=O)N(C)C)cc1,c1ccccc1,-3.5360,-3.0214,0.5146,0.6667
random,1,GIN,Molecular graph,1082,CN(C)C(=O)N(C)C ,,0.9400,0.1819,0.7581,0.5385
random,1,GIN,Molecular graph,328,CCCOC(=O)CCC,,-1.7500,-1.5657,0.1843,0.6667
random,1,GIN,Molecular graph,666,CC(C)C(C)C,,-3.6500,-4.0369,0.3869,0.5714
random,1,GIN,Molecular graph,1070,CC1CC2C3CCC(O)(C(=O)C)C3(C)CC(O)C2(F)C4(C)C=CC(=O)C=C14,O=C1C=CC2C(=C1)CCC1C3CCCC3CCC21,-4.0990,-3.8354,0.2636,0.5217
random,1,GIN,Molecular graph,565,CCSSCC,,-2.4200,-1.9604,0.4596,0.4545
random,1,GIN,Molecular graph,610,CC2=CC(=O)c1ccccc1C2=O ,O=C1C=CC(=O)c2ccccc21,-3.0300,-3.3354,0.3054,0.3333
random,1,GIN,Molecular graph,1026,OC1C(O)C(O)C(O)C(O)C1O,C1CCCCC1,0.3500,0.5386,0.1886,0.2941
random,1,GIN,Molecular graph,554,Brc1ccc2ccccc2c1,c1ccc2ccccc2c1,-4.4000,-4.9061,0.5061,1.0000
random,1,GIN,Molecular graph,714,Brc1ccccc1,c1ccccc1,-2.5500,-2.6216,0.0716,0.5833
random,1,GIN,Molecular graph,307,ClC(Cl)(Cl)Cl,,-2.3100,-2.9623,0.6523,0.5000
random,1,GIN,Molecular graph,72,CC1(C)C2CCC1(C)C(=O)C2,O=C1CC2CCC1C2,-1.9600,-2.7848,0.8248,0.3750
random,1,GIN,Molecular graph,681,CCOP(=S)(OCC)Oc1nc(Cl)c(Cl)cc1Cl ,c1ccncc1,-5.6700,-5.3621,0.3079,0.4286
random,1,GIN,Molecular graph,174,CC1CC(C)C(=O)C(C1)C(O)CC2CC(=O)NC(=O)C2 ,O=C1CC(CCC2CCCCC2=O)CC(=O)N1,-1.1300,-1.6905,0.5605,0.2391
random,1,GIN,Molecular graph,205,C=CC=O,,0.5700,0.1097,0.4603,0.4444
random,1,GIN,Molecular graph,102,C1OC(O)C(O)C(O)C1O,C1CCOCC1,0.3900,0.6932,0.3032,0.2800
random,2,Dummy (mean),RDKit descriptors,632,Cc1cccc2c(C)cccc12,c1ccc2ccccc2c1,-4.6790,-3.0223,1.6567,0.7333
random,2,Dummy (mean),RDKit descriptors,653,CCCCOCCO,,-0.4200,-3.0223,2.6023,0.7059
random,2,Dummy (mean),RDKit descriptors,464,CC(C)(C)Cc1ccccc1,c1ccccc1,-4.1500,-3.0223,1.1277,0.4762
random,2,Dummy (mean),RDKit descriptors,91,CCCC(C)C1(CC=C)C(=O)NC(=S)NC1=O ,O=C1CC(=O)NC(=S)N1,-3.4600,-3.0223,0.4377,0.7941
random,2,Dummy (mean),RDKit descriptors,767,CCCCCCCC,,-5.2400,-3.0223,2.2177,1.0000
random,2,Dummy (mean),RDKit descriptors,289,Cc1ccc2c(ccc3ccccc32)c1,c1ccc2c(c1)ccc1ccccc12,-5.8400,-3.0223,2.8177,0.6522
random,2,Dummy (mean),RDKit descriptors,1010,CCNc1nc(NC(C)(C)C)nc(OC)n1,c1ncncn1,-3.2390,-3.0223,0.2167,0.6000
random,2,Dummy (mean),RDKit descriptors,398,CN(C(=O)COc1nc2ccccc2s1)c3ccccc3,O=C(COc1nc2ccccc2s1)Nc1ccccc1,-4.8730,-3.0223,1.8507,0.3333
random,2,Dummy (mean),RDKit descriptors,1024,Oc1c(Cl)cccc1Cl,c1ccccc1,-1.7900,-3.0223,1.2323,0.5500
random,2,Dummy (mean),RDKit descriptors,16,CCC(C)CO,,-0.4700,-3.0223,2.5523,0.5714
random,2,Dummy (mean),RDKit descriptors,255,CC(C)C(O)C(C)C,,-1.2200,-3.0223,1.8023,0.5455
random,2,Dummy (mean),RDKit descriptors,1082,CN(C)C(=O)N(C)C ,,0.9400,-3.0223,3.9623,0.5385
random,2,Dummy (mean),RDKit descriptors,115,Cn1cnc2n(C)c(=O)[nH]c(=O)c12 ,O=c1[nH]c(=O)c2[nH]cnc2[nH]1,-2.5230,-3.0223,0.4993,0.5294
random,2,Dummy (mean),RDKit descriptors,744,CC1(C)C(C=C(Cl)C(F)(F)F)C1C(=O)OC(C#N)c2cccc(Oc3ccccc3)c2,O=C(OCc1cccc(Oc2ccccc2)c1)C1CC1,-8.1760,-3.0223,5.1537,0.8421
random,2,Dummy (mean),RDKit descriptors,223,CNC(=O)Oc1cccc(N=CN(C)C)c1,c1ccccc1,-2.3400,-3.0223,0.6823,0.4872
random,2,Dummy (mean),RDKit descriptors,316,CCCCCCCCCCCCCCCCO,,-7.0000,-3.0223,3.9777,1.0000
random,2,Dummy (mean),RDKit descriptors,549,CCNc1nc(NC(C)(C)C)nc(SC)n1,c1ncncn1,-4.0000,-3.0223,0.9777,0.6000
random,2,Dummy (mean),RDKit descriptors,844,CC34CCC1C(CCc2cc(O)ccc12)C3CC(O)C4O ,c1ccc2c(c1)CCC1C2CCC2CCCC21,-4.9550,-3.0223,1.9327,0.7174
random,2,Dummy (mean),RDKit descriptors,296,CCCCCCCl,,-3.1200,-3.0223,0.0977,1.0000
random,2,Dummy (mean),RDKit descriptors,920,CC34CCC1C(CCC2CC(=O)CCC12C)C3CCC4O ,O=C1CCC2C(CCC3C4CCCC4CCC23)C1,-4.7430,-3.0223,1.7207,0.5319
random,2,Dummy (mean),RDKit descriptors,748,CCOP(=S)(OCC)Oc1ccc(cc1)S(C)=O ,c1ccccc1,-2.3000,-3.0223,0.7223,0.5641
random,2,Dummy (mean),RDKit descriptors,887,Clc1cccc(Br)c1,c1ccccc1,-3.2100,-3.0223,0.1877,0.6111
random,2,Dummy (mean),RDKit descriptors,497,c1ccc2cc3c4cccc5cccc(c3cc2c1)c45,c1ccc2cc3c(cc2c1)-c1cccc2cccc-3c12,-8.4900,-3.0223,5.4677,0.7368
random,2,Dummy (mean),RDKit descriptors,513,COc2ncc1nccnc1n2,c1cnc2ncncc2n1,-1.1100,-3.0223,1.9123,0.5517
random,2,Dummy (mean),RDKit descriptors,373,CC2Nc1cc(Cl)c(cc1C(=O)N2c3ccccc3C)S(N)(=O)=O ,O=C1c2ccccc2NCN1c1ccccc1,-3.7800,-3.0223,0.7577,0.4561
random,2,Dummy (mean),RDKit descriptors,629,Oc1cc(Cl)cc(Cl)c1Cl,c1ccccc1,-2.6700,-3.0223,0.3523,0.5714
random,2,Dummy (mean),RDKit descriptors,921,CCCC(O)C=C,,-0.5900,-3.0223,2.4323,0.4500
random,2,Dummy (mean),RDKit descriptors,1025,OCC2OC(OC1(CO)OC(CO)C(O)C1O)C(O)C(O)C2O ,C1CCC(OC2CCCO2)OC1,0.7900,-3.0223,3.8123,0.8421
random,2,Dummy (mean),RDKit descriptors,961,CC(=O)OC3(C)CCC4C2CCC1=CC(=O)CCC1(C)C2CCC34C ,O=C1C=C2CCC3C4CCCC4CCC3C2CC1,-5.2840,-3.0223,2.2617,0.6863
random,2,Dummy (mean),RDKit descriptors,822,Cc1ncc(N(=O)=O)n1CCO ,c1c[nH]cn1,-1.2600,-3.0223,1.7623,1.0000
random,2,Dummy (mean),RDKit descriptors,913,CC(=O)Nc1ccc(cc1)N(=O)=O,c1ccccc1,-2.6920,-3.0223,0.3303,0.5517
random,2,Dummy (mean),RDKit descriptors,793,CC(C)CCOC=O,,-1.5200,-3.0223,1.5023,0.5455
random,2,Dummy (mean),RDKit descriptors,220,c1cc2cccc3c4cccc5cccc(c(c1)c23)c54,c1cc2cccc3c4cccc5cccc(c(c1)c23)c54,-8.8040,-3.0223,5.7817,0.7500
random,2,Dummy (mean),RDKit descriptors,225,Cc3ccnc4N(C1CC1)c2ncccc2C(=O)Nc34 ,O=C1Nc2cccnc2N(C2CC2)c2ncccc21,-3.1900,-3.0223,0.1677,0.4909
random,2,Dummy (mean),RDKit descriptors,30,CCc1ccc(CC)cc1,c1ccccc1,-3.7500,-3.0223,0.7277,0.7333
random,2,Dummy (mean),RDKit descriptors,618,O=N(=O)OCC(CON(=O)=O)ON(=O)=O ,,-2.2200,-3.0223,0.8023,0.2500
random,2,Dummy (mean),RDKit descriptors,321,c1ccc2c(c1)c3cccc4c3c2cc5ccccc54,c1ccc2c(c1)-c1cccc3c1c-2cc1ccccc13,-8.2300,-3.0223,5.2077,0.5417
random,2,Dummy (mean),RDKit descriptors,970,Clc1cccc(Cl)c1c2c(Cl)cccc2Cl ,c1ccc(-c2ccccc2)cc1,-7.3900,-3.0223,4.3677,0.7500
random,2,Dummy (mean),RDKit descriptors,885,OC3N=C(c1ccccc1Cl)c2cc(Cl)ccc2NC3=O,O=C1CN=C(c2ccccc2)c2ccccc2N1,-3.6040,-3.0223,0.5817,0.7500
random,2,Dummy (mean),RDKit descriptors,1015,C1c2ccccc2c3ccc4ccccc4c13,c1ccc2c(c1)Cc1c-2ccc2ccccc12,-6.6800,-3.0223,3.6577,0.5000
random,2,Dummy (mean),RDKit descriptors,521,CC1CCCCC1NC(=O)Nc2ccccc2,O=C(Nc1ccccc1)NC1CCCCC1,-4.1100,-3.0223,1.0877,0.4848
random,2,Dummy (mean),RDKit descriptors,99,CC(C)c1ccccc1,c1ccccc1,-3.2700,-3.0223,0.2477,0.5789
random,2,Dummy (mean),RDKit descriptors,761,NS(=O)(=O)c2cc1c(NC(NS1(=O)=O)C(Cl)Cl)cc2Cl ,O=S1(=O)NCNc2ccccc21,-2.6800,-3.0223,0.3423,0.5319
random,2,Dummy (mean),RDKit descriptors,729,Clc1ccc(Cl)c(c1)c2cccc(Cl)c2Cl ,c1ccc(-c2ccccc2)cc1,-6.4700,-3.0223,3.4477,0.6522
random,2,Dummy (mean),RDKit descriptors,85,ClC(Cl)(Cl)C(Cl)(Cl)Cl,,-3.6700,-3.0223,0.6477,0.5000
random,2,Dummy (mean),RDKit descriptors,1090,O=C(C=CC=Cc2ccc1OCOc1c2)N3CCCCC3,O=C(C=CC=Cc1ccc2c(c1)OCO2)N1CCCCC1,-3.4600,-3.0223,0.4377,0.4419
random,2,Dummy (mean),RDKit descriptors,460,CCCCCO,,-0.6000,-3.0223,2.4223,0.9231
random,2,Dummy (mean),RDKit descriptors,510,O=C1N(COC(=O)C)C(=O)C(N1)(c2ccccc2)c3ccccc3,O=C1NC(=O)C(c2ccccc2)(c2ccccc2)N1,-4.4700,-3.0223,1.4477,0.7561
random,2,Dummy (mean),RDKit descriptors,445,Brc1ccc(I)cc1,c1ccccc1,-4.5600,-3.0223,1.5377,0.6154
random,2,Dummy (mean),RDKit descriptors,1116,COP(=S)(OC)Oc1ccc(Sc2ccc(OP(=S)(OC)OC)cc2)cc1,c1ccc(Sc2ccccc2)cc1,-6.2370,-3.0223,3.2147,0.5000
random,2,Dummy (mean),RDKit descriptors,1075,ICI,,-2.3400,-3.0223,0.6823,0.4286
random,2,Dummy (mean),RDKit descriptors,1045,CNC(=O)Oc1cc(C)cc(C)c1,c1ccccc1,-2.5810,-3.0223,0.4413,0.5806
random,2,Dummy (mean),RDKit descriptors,1071,ClC(Cl)C(Cl)(Cl)Cl,,-2.6000,-3.0223,0.4223,0.3333
random,2,Dummy (mean),RDKit descriptors,948,CCCCCCCC(=O)C,,-2.5800,-3.0223,0.4423,1.0000
random,2,Dummy (mean),RDKit descriptors,319,Clc1cc(Cl)c(cc1Cl)c2cccc(Cl)c2Cl ,c1ccc(-c2ccccc2)cc1,-7.2100,-3.0223,4.1877,0.7143
random,2,Dummy (mean),RDKit descriptors,62,CC34CC(O)C1(F)C(CCC2=CC(=O)C=CC12C)C3CC(O)C4(O)C(=O)CO,O=C1C=CC2C(=C1)CCC1C3CCCC3CCC21,-3.6800,-3.0223,0.6577,0.6818
random,2,Dummy (mean),RDKit descriptors,252,Cc1ccccc1Br,c1ccccc1,-2.2300,-3.0223,0.7923,0.5625
random,2,Dummy (mean),RDKit descriptors,776,CC1=CCCCC1,C1=CCCCC1,-3.2700,-3.0223,0.2477,0.3143
random,2,Dummy (mean),RDKit descriptors,1106,CC(C)(C)C(=O)C(Oc1ccc(Cl)cc1)n2cncn2,c1ccc(OCn2cncn2)cc1,-3.6100,-3.0223,0.5877,0.3077
random,2,Dummy (mean),RDKit descriptors,575,CCCCOC=O,,-1.3700,-3.0223,1.6523,0.4500
random,2,Dummy (mean),RDKit descriptors,262,Fc1cccc(F)c1C(=O)NC(=O)Nc2cc(Cl)c(F)c(Cl)c2F ,O=C(NC(=O)c1ccccc1)Nc1ccccc1,-7.2800,-3.0223,4.2577,0.5682
random,2,Dummy (mean),RDKit descriptors,546,Cc2c(N)c(=O)n(c1ccccc1)n2C,O=c1cc[nH]n1-c1ccccc1,-0.6240,-3.0223,2.3983,0.4857
random,2,Dummy (mean),RDKit descriptors,797,CC2(C)C1CCC(C)(C1)C2=O,O=C1CC2CCC1C2,-1.8500,-3.0223,1.1723,0.3750
random,2,Dummy (mean),RDKit descriptors,975,CCCCCCCCCCCCCCCC,,-8.4000,-3.0223,5.3777,1.0000
random,2,Dummy (mean),RDKit descriptors,661,Clc1ccc(c(Cl)c1)c2c(Cl)c(Cl)c(Cl)c(Cl)c2Cl,c1ccc(-c2ccccc2)cc1,-7.9200,-3.0223,4.8977,0.6800
random,2,Dummy (mean),RDKit descriptors,649,O=C1NC(=O)NC(=O)C1(C(C)C)CC=C,O=C1CC(=O)NC(=O)N1,-1.7080,-3.0223,1.3143,0.7097
random,2,Dummy (mean),RDKit descriptors,679,OCC(O)CO,,1.1200,-3.0223,4.1423,0.5000
random,2,Dummy (mean),RDKit descriptors,102,C1OC(O)C(O)C(O)C1O,C1CCOCC1,0.3900,-3.0223,3.4123,0.2800
random,2,Dummy (mean),RDKit descriptors,313,c1cnc2c(c1)ccc3ncccc23,c1cnc2c(c1)ccc1ncccc12,-2.6800,-3.0223,0.3423,0.4815
random,2,Dummy (mean),RDKit descriptors,515,C1N(C(=O)NCC(C)C)C(=O)NC1,O=C1NCCN1,-2.1500,-3.0223,0.8723,0.2500
random,2,Dummy (mean),RDKit descriptors,335,CC(C)CC(C)C,,-4.2600,-3.0223,1.2377,0.5385
random,2,Dummy (mean),RDKit descriptors,187,Clc1cc(Cl)c(Cl)c(Cl)c1,c1ccccc1,-4.6300,-3.0223,1.6077,0.6429
random,2,Dummy (mean),RDKit descriptors,268,Brc1cc(Br)c(Br)cc1Br,c1ccccc1,-6.9800,-3.0223,3.9577,0.4667
random,2,Dummy (mean),RDKit descriptors,672,ClC(Cl)C(c1ccc(Cl)cc1)c2ccccc2Cl ,c1ccc(Cc2ccccc2)cc1,-6.5100,-3.0223,3.4877,0.6154
random,2,Dummy (mean),RDKit descriptors,934,C,,-0.9000,-3.0223,2.1223,0.0667
random,2,Dummy (mean),RDKit descriptors,532,CC1CCCCC1,C1CCCCC1,-3.8500,-3.0223,0.8277,0.5833
random,2,Dummy (mean),RDKit descriptors,346,CCC1(C(=O)NC(=O)NC1=O)C2=CCC3CCC2C3,O=C1NC(=O)C(C2=CCC3CCC2C3)C(=O)N1,-2.6960,-3.0223,0.3263,0.4130
random,2,Dummy (mean),RDKit descriptors,414,ClC1=C(Cl)C2(Cl)C3C4CC(C=C4)C3C1(Cl)C2(Cl)Cl,C1=CC2CC1C1C3C=CC(C3)C21,-6.3070,-3.0223,3.2847,0.5000
random,2,Dummy (mean),RDKit descriptors,1092,CNC(=O)ON=C(CSC)C(C)(C)C ,,-1.6200,-3.0223,1.4023,0.4615
random,2,Dummy (mean),RDKit descriptors,553,CCCCI,,-2.9600,-3.0223,0.0623,0.5833
random,2,Dummy (mean),RDKit descriptors,823,CCCCCC1CCCC1,C1CCCC1,-6.0800,-3.0223,3.0577,0.6500
random,2,Dummy (mean),RDKit descriptors,152,CCCCCCO,,-1.2400,-3.0223,1.7823,1.0000
random,2,Dummy (mean),RDKit descriptors,615,CC1CC2C3CCC4=CC(=O)C=CC4(C)C3(F)C(O)CC2(C)C1(O)C(=O)CO,O=C1C=CC2C(=C1)CCC1C3CCCC3CCC21,-3.5900,-3.0223,0.5677,0.7143
random,2,Dummy (mean),RDKit descriptors,43,CC(C)C1CCC(C)CC1O ,C1CCCCC1,-2.5300,-3.0223,0.4923,0.3182
random,2,Dummy (mean),RDKit descriptors,1016,COc1ccccc1Cl,c1ccccc1,-2.4600,-3.0223,0.5623,0.5000
random,2,Dummy (mean),RDKit descriptors,640,CC1OC(CC(O)C1O)OC2C(O)CC(OC2C)OC8C(O)CC(OC7CCC3(C)C(CCC4C3CCC5(C)C(CCC45O)C6=CC(=O)OC6)C7)OC8C ,O=C1C=C(C2CCC3C2CCC2C4CCC(OC5CCC(OC6CCC(OC7CCCCO7)CO6)CO5)CC4CCC23)CO1,-5.2930,-3.0223,2.2707,0.8133
random,2,Dummy (mean),RDKit descriptors,700,CCOP(=S)(OCC)SCSP(=S)(OCC)OCC,,-5.5400,-3.0223,2.5177,0.7727
random,2,Dummy (mean),RDKit descriptors,968,CCCCCCCCOC(=O)c1ccccc1C(=O)OCCCCCCCC ,c1ccccc1,-5.1150,-3.0223,2.0927,0.8571
random,2,Dummy (mean),RDKit descriptors,58,Cc1cc2c3ccccc3ccc2c4ccccc14,c1ccc2c(c1)ccc1c3ccccc3ccc21,-6.5700,-3.0223,3.5477,0.7200
random,2,Dummy (mean),RDKit descriptors,714,Brc1ccccc1,c1ccccc1,-2.5500,-3.0223,0.4723,0.5833
random,2,Dummy (mean),RDKit descriptors,208,Fc1ccccc1,c1ccccc1,-1.8000,-3.0223,1.2223,0.5333
random,2,Dummy (mean),RDKit descriptors,64,O=C(Cn1ccnc1N(=O)=O)NCc2ccccc2,O=C(Cn1ccnc1)NCc1ccccc1,-2.8100,-3.0223,0.2123,0.2727
random,2,Dummy (mean),RDKit descriptors,207,Oc2ccc1ncccc1c2 ,c1ccc2ncccc2c1,-2.1600,-3.0223,0.8623,0.5385
random,2,Dummy (mean),RDKit descriptors,420,CC(=O)C1CCC2C3CCC4=CC(=O)CCC4(C)C3CCC12C,O=C1C=C2CCC3C4CCCC4CCC3C2CC1,-4.4200,-3.0223,1.3977,0.7234
random,2,Dummy (mean),RDKit descriptors,46,CC(=O)Nc1ccc(Br)cc1,c1ccccc1,-3.0830,-3.0223,0.0607,0.6400
random,2,Dummy (mean),RDKit descriptors,496,Nc2cccc3nc1ccccc1cc23 ,c1ccc2nc3ccccc3cc2c1,-4.2200,-3.0223,1.1977,0.5185
random,2,Dummy (mean),RDKit descriptors,1048,NC(=O)c1ccccc1,c1ccccc1,-0.9600,-3.0223,2.0623,0.5789
random,2,Dummy (mean),RDKit descriptors,589,Fc1ccccc1Br,c1ccccc1,-2.7000,-3.0223,0.3223,0.3913
random,2,Dummy (mean),RDKit descriptors,344,CCC(C)C(=O)OC2CC(C)C=C3C=CC(C)C(CCC1CC(O)CC(=O)O1)C23 ,O=C1CCCC(CCC2CC=CC3=CCCCC32)O1,-6.0050,-3.0223,2.9827,0.1774
random,2,Dummy (mean),RDKit descriptors,980,Fc1ccc(F)cc1,c1ccccc1,-1.9700,-3.0223,1.0523,0.4286
random,2,Dummy (mean),RDKit descriptors,1081,CC=CC=O,,0.3200,-3.0223,3.3423,0.2778
random,2,Dummy (mean),RDKit descriptors,769,NNc1ccccc1,c1ccccc1,0.0700,-3.0223,3.0923,0.5294
random,2,Dummy (mean),RDKit descriptors,459,c2ccc1ocnc1c2,c1ccc2ocnc2c1,-1.1600,-3.0223,1.8623,0.3448
random,2,Dummy (mean),RDKit descriptors,228,CC(C)=CCCC(O)(C)C=C,,-1.9900,-3.0223,1.0323,0.3226
random,2,Dummy (mean),RDKit descriptors,785,NC(=O)N,,0.9600,-3.0223,3.9823,0.5556
random,2,Dummy (mean),RDKit descriptors,339,c3ccc2nc1ccccc1cc2c3,c1ccc2nc3ccccc3cc2c1,-3.6700,-3.0223,0.6477,0.5625
random,2,Dummy (mean),RDKit descriptors,37,CN(C)C(=O)SCCCCOc1ccccc1,c1ccccc1,-3.9270,-3.0223,0.9047,0.4167
random,2,Dummy (mean),RDKit descriptors,287,ClC(Cl)C(Cl)Cl,,-1.7400,-3.0223,1.2823,0.5000
random,2,Dummy (mean),RDKit descriptors,286,C(Cc1ccccc1)c2ccccc2,c1ccc(CCc2ccccc2)cc1,-4.6200,-3.0223,1.5977,0.6471
random,2,Dummy (mean),RDKit descriptors,611,c1ccc2c(c1)ccc3ccccc32,c1ccc2c(c1)ccc1ccccc12,-5.2600,-3.0223,2.2377,0.8571
random,2,Dummy (mean),RDKit descriptors,356,C/C=C/C=O,,0.3200,-3.0223,3.3423,0.2778
random,2,Dummy (mean),RDKit descriptors,840,COCOC,,0.4800,-3.0223,3.5023,0.3571
random,2,Dummy (mean),RDKit descriptors,193,CCC(C)Cl,,-1.9600,-3.0223,1.0623,0.5385
random,2,Linear,RDKit descriptors,632,Cc1cccc2c(C)cccc12,c1ccc2ccccc2c1,-4.6790,-3.6172,1.0618,0.7333
random,2,Linear,RDKit descriptors,653,CCCCOCCO,,-0.4200,-0.9827,0.5627,0.7059
random,2,Linear,RDKit descriptors,464,CC(C)(C)Cc1ccccc1,c1ccccc1,-4.1500,-3.3126,0.8374,0.4762
random,2,Linear,RDKit descriptors,91,CCCC(C)C1(CC=C)C(=O)NC(=S)NC1=O ,O=C1CC(=O)NC(=S)N1,-3.4600,-2.4670,0.9930,0.7941
random,2,Linear,RDKit descriptors,767,CCCCCCCC,,-5.2400,-2.9606,2.2794,1.0000
random,2,Linear,RDKit descriptors,289,Cc1ccc2c(ccc3ccccc32)c1,c1ccc2c(c1)ccc1ccccc12,-5.8400,-4.5423,1.2977,0.6522
random,2,Linear,RDKit descriptors,1010,CCNc1nc(NC(C)(C)C)nc(OC)n1,c1ncncn1,-3.2390,-2.6031,0.6359,0.6000
random,2,Linear,RDKit descriptors,398,CN(C(=O)COc1nc2ccccc2s1)c3ccccc3,O=C(COc1nc2ccccc2s1)Nc1ccccc1,-4.8730,-4.3388,0.5342,0.3333
random,2,Linear,RDKit descriptors,1024,Oc1c(Cl)cccc1Cl,c1ccccc1,-1.7900,-3.1197,1.3297,0.5500
random,2,Linear,RDKit descriptors,16,CCC(C)CO,,-0.4700,-1.0782,0.6082,0.5714
random,2,Linear,RDKit descriptors,255,CC(C)C(O)C(C)C,,-1.2200,-1.7579,0.5379,0.5455
random,2,Linear,RDKit descriptors,1082,CN(C)C(=O)N(C)C ,,0.9400,-0.6026,1.5426,0.5385
random,2,Linear,RDKit descriptors,115,Cn1cnc2n(C)c(=O)[nH]c(=O)c12 ,O=c1[nH]c(=O)c2[nH]cnc2[nH]1,-2.5230,-0.3868,2.1362,0.5294
random,2,Linear,RDKit descriptors,744,CC1(C)C(C=C(Cl)C(F)(F)F)C1C(=O)OC(C#N)c2cccc(Oc3ccccc3)c2,O=C(OCc1cccc(Oc2ccccc2)c1)C1CC1,-8.1760,-7.8111,0.3649,0.8421
random,2,Linear,RDKit descriptors,223,CNC(=O)Oc1cccc(N=CN(C)C)c1,c1ccccc1,-2.3400,-2.5503,0.2103,0.4872
random,2,Linear,RDKit descriptors,316,CCCCCCCCCCCCCCCCO,,-7.0000,-5.2176,1.7824,1.0000
random,2,Linear,RDKit descriptors,549,CCNc1nc(NC(C)(C)C)nc(SC)n1,c1ncncn1,-4.0000,-3.2168,0.7832,0.6000
random,2,Linear,RDKit descriptors,844,CC34CCC1C(CCc2cc(O)ccc12)C3CC(O)C4O ,c1ccc2c(c1)CCC1C2CCC2CCCC21,-4.9550,-3.8258,1.1292,0.7174
random,2,Linear,RDKit descriptors,296,CCCCCCCl,,-3.1200,-2.5309,0.5891,1.0000
random,2,Linear,RDKit descriptors,920,CC34CCC1C(CCC2CC(=O)CCC12C)C3CCC4O ,O=C1CCC2C(CCC3C4CCCC4CCC23)C1,-4.7430,-4.7625,0.0195,0.5319
random,2,Linear,RDKit descriptors,748,CCOP(=S)(OCC)Oc1ccc(cc1)S(C)=O ,c1ccccc1,-2.3000,-3.9881,1.6881,0.5641
random,2,Linear,RDKit descriptors,887,Clc1cccc(Br)c1,c1ccccc1,-3.2100,-3.4375,0.2275,0.6111
random,2,Linear,RDKit descriptors,497,c1ccc2cc3c4cccc5cccc(c3cc2c1)c45,c1ccc2cc3c(cc2c1)-c1cccc2cccc-3c12,-8.4900,-5.9977,2.4923,0.7368
random,2,Linear,RDKit descriptors,513,COc2ncc1nccnc1n2,c1cnc2ncncc2n1,-1.1100,-1.4925,0.3825,0.5517
random,2,Linear,RDKit descriptors,373,CC2Nc1cc(Cl)c(cc1C(=O)N2c3ccccc3C)S(N)(=O)=O ,O=C1c2ccccc2NCN1c1ccccc1,-3.7800,-4.5507,0.7707,0.4561
random,2,Linear,RDKit descriptors,629,Oc1cc(Cl)cc(Cl)c1Cl,c1ccccc1,-2.6700,-3.8265,1.1565,0.5714
random,2,Linear,RDKit descriptors,921,CCCC(O)C=C,,-0.5900,-1.3659,0.7759,0.4500
random,2,Linear,RDKit descriptors,1025,OCC2OC(OC1(CO)OC(CO)C(O)C1O)C(O)C(O)C2O ,C1CCC(OC2CCCO2)OC1,0.7900,2.0437,1.2537,0.8421
random,2,Linear,RDKit descriptors,961,CC(=O)OC3(C)CCC4C2CCC1=CC(=O)CCC1(C)C2CCC34C ,O=C1C=C2CCC3C4CCCC4CCC3C2CC1,-5.2840,-5.7907,0.5067,0.6863
random,2,Linear,RDKit descriptors,822,Cc1ncc(N(=O)=O)n1CCO ,c1c[nH]cn1,-1.2600,-1.2401,0.0199,1.0000
random,2,Linear,RDKit descriptors,913,CC(=O)Nc1ccc(cc1)N(=O)=O,c1ccccc1,-2.6920,-2.5305,0.1615,0.5517
random,2,Linear,RDKit descriptors,793,CC(C)CCOC=O,,-1.5200,-1.3418,0.1782,0.5455
random,2,Linear,RDKit descriptors,220,c1cc2cccc3c4cccc5cccc(c(c1)c23)c54,c1cc2cccc3c4cccc5cccc(c(c1)c23)c54,-8.8040,-6.0828,2.7212,0.7500
random,2,Linear,RDKit descriptors,225,Cc3ccnc4N(C1CC1)c2ncccc2C(=O)Nc34 ,O=C1Nc2cccnc2N(C2CC2)c2ncccc21,-3.1900,-3.8148,0.6248,0.4909
random,2,Linear,RDKit descriptors,30,CCc1ccc(CC)cc1,c1ccccc1,-3.7500,-2.8223,0.9277,0.7333
random,2,Linear,RDKit descriptors,618,O=N(=O)OCC(CON(=O)=O)ON(=O)=O ,,-2.2200,-0.9021,1.3179,0.2500
random,2,Linear,RDKit descriptors,321,c1ccc2c(c1)c3cccc4c3c2cc5ccccc54,c1ccc2c(c1)-c1cccc3c1c-2cc1ccccc13,-8.2300,-5.9977,2.2323,0.5417
random,2,Linear,RDKit descriptors,970,Clc1cccc(Cl)c1c2c(Cl)cccc2Cl ,c1ccc(-c2ccccc2)cc1,-7.3900,-6.3569,1.0331,0.7500
random,2,Linear,RDKit descriptors,885,OC3N=C(c1ccccc1Cl)c2cc(Cl)ccc2NC3=O,O=C1CN=C(c2ccccc2)c2ccccc2N1,-3.6040,-4.4737,0.8697,0.7500
random,2,Linear,RDKit descriptors,1015,C1c2ccccc2c3ccc4ccccc4c13,c1ccc2c(c1)Cc1c-2ccc2ccccc12,-6.6800,-4.7452,1.9348,0.5000
random,2,Linear,RDKit descriptors,521,CC1CCCCC1NC(=O)Nc2ccccc2,O=C(Nc1ccccc1)NC1CCCCC1,-4.1100,-4.0609,0.0491,0.4848
random,2,Linear,RDKit descriptors,99,CC(C)c1ccccc1,c1ccccc1,-3.2700,-2.8131,0.4569,0.5789
random,2,Linear,RDKit descriptors,761,NS(=O)(=O)c2cc1c(NC(NS1(=O)=O)C(Cl)Cl)cc2Cl ,O=S1(=O)NCNc2ccccc21,-2.6800,-3.1320,0.4520,0.5319
random,2,Linear,RDKit descriptors,729,Clc1ccc(Cl)c(c1)c2cccc(Cl)c2Cl ,c1ccc(-c2ccccc2)cc1,-6.4700,-6.3569,0.1131,0.6522
random,2,Linear,RDKit descriptors,85,ClC(Cl)(Cl)C(Cl)(Cl)Cl,,-3.6700,-3.9890,0.3190,0.5000
random,2,Linear,RDKit descriptors,1090,O=C(C=CC=Cc2ccc1OCOc1c2)N3CCCCC3,O=C(C=CC=Cc1ccc2c(c1)OCO2)N1CCCCC1,-3.4600,-3.8744,0.4144,0.4419
random,2,Linear,RDKit descriptors,460,CCCCCO,,-0.6000,-1.1691,0.5691,0.9231
random,2,Linear,RDKit descriptors,510,O=C1N(COC(=O)C)C(=O)C(N1)(c2ccccc2)c3ccccc3,O=C1NC(=O)C(c2ccccc2)(c2ccccc2)N1,-4.4700,-3.5219,0.9481,0.7561
random,2,Linear,RDKit descriptors,445,Brc1ccc(I)cc1,c1ccccc1,-4.5600,-3.7923,0.7677,0.6154
random,2,Linear,RDKit descriptors,1116,COP(=S)(OC)Oc1ccc(Sc2ccc(OP(=S)(OC)OC)cc2)cc1,c1ccc(Sc2ccccc2)cc1,-6.2370,-6.9160,0.6790,0.5000
random,2,Linear,RDKit descriptors,1075,ICI,,-2.3400,-2.4427,0.1027,0.4286
random,2,Linear,RDKit descriptors,1045,CNC(=O)Oc1cc(C)cc(C)c1,c1ccccc1,-2.5810,-2.6687,0.0877,0.5806
random,2,Linear,RDKit descriptors,1071,ClC(Cl)C(Cl)(Cl)Cl,,-2.6000,-3.3412,0.7412,0.3333
random,2,Linear,RDKit descriptors,948,CCCCCCCC(=O)C,,-2.5800,-2.8215,0.2415,1.0000
random,2,Linear,RDKit descriptors,319,Clc1cc(Cl)c(cc1Cl)c2cccc(Cl)c2Cl ,c1ccc(-c2ccccc2)cc1,-7.2100,-7.0696,0.1404,0.7143
random,2,Linear,RDKit descriptors,62,CC34CC(O)C1(F)C(CCC2=CC(=O)C=CC12C)C3CC(O)C4(O)C(=O)CO,O=C1C=CC2C(=C1)CCC1C3CCCC3CCC21,-3.6800,-2.9083,0.7717,0.6818
random,2,Linear,RDKit descriptors,252,Cc1ccccc1Br,c1ccccc1,-2.2300,-3.0455,0.8155,0.5625
random,2,Linear,RDKit descriptors,776,CC1=CCCCC1,C1=CCCCC1,-3.2700,-2.3053,0.9647,0.3143
random,2,Linear,RDKit descriptors,1106,CC(C)(C)C(=O)C(Oc1ccc(Cl)cc1)n2cncn2,c1ccc(OCn2cncn2)cc1,-3.6100,-4.2195,0.6095,0.3077
random,2,Linear,RDKit descriptors,575,CCCCOC=O,,-1.3700,-1.0646,0.3054,0.4500
random,2,Linear,RDKit descriptors,262,Fc1cccc(F)c1C(=O)NC(=O)Nc2cc(Cl)c(F)c(Cl)c2F ,O=C(NC(=O)c1ccccc1)Nc1ccccc1,-7.2800,-5.8884,1.3916,0.5682
random,2,Linear,RDKit descriptors,546,Cc2c(N)c(=O)n(c1ccccc1)n2C,O=c1cc[nH]n1-c1ccccc1,-0.6240,-2.1357,1.5117,0.4857
random,2,Linear,RDKit descriptors,797,CC2(C)C1CCC(C)(C1)C2=O,O=C1CC2CCC1C2,-1.8500,-2.6104,0.7604,0.3750
random,2,Linear,RDKit descriptors,975,CCCCCCCCCCCCCCCC,,-8.4000,-5.9050,2.4950,1.0000
random,2,Linear,RDKit descriptors,661,Clc1ccc(c(Cl)c1)c2c(Cl)c(Cl)c(Cl)c(Cl)c2Cl,c1ccc(-c2ccccc2)cc1,-7.9200,-8.4986,0.5786,0.6800
random,2,Linear,RDKit descriptors,649,O=C1NC(=O)NC(=O)C1(C(C)C)CC=C,O=C1CC(=O)NC(=O)N1,-1.7080,-1.6697,0.0383,0.7097
random,2,Linear,RDKit descriptors,679,OCC(O)CO,,1.1200,0.9075,0.2125,0.5000
random,2,Linear,RDKit descriptors,102,C1OC(O)C(O)C(O)C1O,C1CCOCC1,0.3900,1.1218,0.7318,0.2800
random,2,Linear,RDKit descriptors,313,c1cnc2c(c1)ccc3ncccc23,c1cnc2c(c1)ccc1ncccc12,-2.6800,-3.4046,0.7246,0.4815
random,2,Linear,RDKit descriptors,515,C1N(C(=O)NCC(C)C)C(=O)NC1,O=C1NCCN1,-2.1500,-1.3021,0.8479,0.2500
random,2,Linear,RDKit descriptors,335,CC(C)CC(C)C,,-4.2600,-2.4109,1.8491,0.5385
random,2,Linear,RDKit descriptors,187,Clc1cc(Cl)c(Cl)c(Cl)c1,c1ccccc1,-4.6300,-4.5577,0.0723,0.6429
random,2,Linear,RDKit descriptors,268,Brc1cc(Br)c(Br)cc1Br,c1ccccc1,-6.9800,-5.7144,1.2656,0.4667
random,2,Linear,RDKit descriptors,672,ClC(Cl)C(c1ccc(Cl)cc1)c2ccccc2Cl ,c1ccc(Cc2ccccc2)cc1,-6.5100,-6.3520,0.1580,0.6154
random,2,Linear,RDKit descriptors,934,C,,-0.9000,-0.3126,0.5874,0.0667
random,2,Linear,RDKit descriptors,532,CC1CCCCC1,C1CCCCC1,-3.8500,-2.3843,1.4657,0.5833
random,2,Linear,RDKit descriptors,346,CCC1(C(=O)NC(=O)NC1=O)C2=CCC3CCC2C3,O=C1NC(=O)C(C2=CCC3CCC2C3)C(=O)N1,-2.6960,-2.7445,0.0485,0.4130
random,2,Linear,RDKit descriptors,414,ClC1=C(Cl)C2(Cl)C3C4CC(C=C4)C3C1(Cl)C2(Cl)Cl,C1=CC2CC1C1C3C=CC(C3)C21,-6.3070,-5.9029,0.4041,0.5000
random,2,Linear,RDKit descriptors,1092,CNC(=O)ON=C(CSC)C(C)(C)C ,,-1.6200,-2.8343,1.2143,0.4615
random,2,Linear,RDKit descriptors,553,CCCCI,,-2.9600,-2.3649,0.5951,0.5833
random,2,Linear,RDKit descriptors,823,CCCCCC1CCCC1,C1CCCC1,-6.0800,-3.4526,2.6274,0.6500
random,2,Linear,RDKit descriptors,152,CCCCCCO,,-1.2400,-1.5371,0.2971,1.0000
random,2,Linear,RDKit descriptors,615,CC1CC2C3CCC4=CC(=O)C=CC4(C)C3(F)C(O)CC2(C)C1(O)C(=O)CO,O=C1C=CC2C(=C1)CCC1C3CCCC3CCC21,-3.5900,-3.8385,0.2485,0.7143
random,2,Linear,RDKit descriptors,43,CC(C)C1CCC(C)CC1O ,C1CCCCC1,-2.5300,-2.6538,0.1238,0.3182
random,2,Linear,RDKit descriptors,1016,COc1ccccc1Cl,c1ccccc1,-2.4600,-2.5880,0.1280,0.5000
random,2,Linear,RDKit descriptors,640,CC1OC(CC(O)C1O)OC2C(O)CC(OC2C)OC8C(O)CC(OC7CCC3(C)C(CCC4C3CCC5(C)C(CCC45O)C6=CC(=O)OC6)C7)OC8C ,O=C1C=C(C2CCC3C2CCC2C4CCC(OC5CCC(OC6CCC(OC7CCCCO7)CO6)CO5)CC4CCC23)CO1,-5.2930,-7.2592,1.9662,0.8133
random,2,Linear,RDKit descriptors,700,CCOP(=S)(OCC)SCSP(=S)(OCC)OCC,,-5.5400,-5.6575,0.1175,0.7727
random,2,Linear,RDKit descriptors,968,CCCCCCCCOC(=O)c1ccccc1C(=O)OCCCCCCCC ,c1ccccc1,-5.1150,-7.2455,2.1305,0.8571
random,2,Linear,RDKit descriptors,58,Cc1cc2c3ccccc3ccc2c4ccccc14,c1ccc2c(c1)ccc1c3ccccc3ccc21,-6.5700,-5.7773,0.7927,0.7200
random,2,Linear,RDKit descriptors,714,Brc1ccccc1,c1ccccc1,-2.5500,-2.7411,0.1911,0.5833
random,2,Linear,RDKit descriptors,208,Fc1ccccc1,c1ccccc1,-1.8000,-1.9283,0.1283,0.5333
random,2,Linear,RDKit descriptors,64,O=C(Cn1ccnc1N(=O)=O)NCc2ccccc2,O=C(Cn1ccnc1)NCc1ccccc1,-2.8100,-2.5705,0.2395,0.2727
random,2,Linear,RDKit descriptors,207,Oc2ccc1ncccc1c2 ,c1ccc2ncccc2c1,-2.1600,-2.5541,0.3941,0.5385
random,2,Linear,RDKit descriptors,420,CC(=O)C1CCC2C3CCC4=CC(=O)CCC4(C)C3CCC12C,O=C1C=C2CCC3C4CCCC4CCC3C2CC1,-4.4200,-5.4745,1.0545,0.7234
random,2,Linear,RDKit descriptors,46,CC(=O)Nc1ccc(Br)cc1,c1ccccc1,-3.0830,-3.0981,0.0151,0.6400
random,2,Linear,RDKit descriptors,496,Nc2cccc3nc1ccccc1cc23 ,c1ccc2nc3ccccc3cc2c1,-4.2200,-3.7311,0.4889,0.5185
random,2,Linear,RDKit descriptors,1048,NC(=O)c1ccccc1,c1ccccc1,-0.9600,-1.4256,0.4656,0.5789
random,2,Linear,RDKit descriptors,589,Fc1ccccc1Br,c1ccccc1,-2.7000,-2.9139,0.2139,0.3913
random,2,Linear,RDKit descriptors,344,CCC(C)C(=O)OC2CC(C)C=C3C=CC(C)C(CCC1CC(O)CC(=O)O1)C23 ,O=C1CCCC(CCC2CC=CC3=CCCCC32)O1,-6.0050,-5.5712,0.4338,0.1774
random,2,Linear,RDKit descriptors,980,Fc1ccc(F)cc1,c1ccccc1,-1.9700,-2.1011,0.1311,0.4286
random,2,Linear,RDKit descriptors,1081,CC=CC=O,,0.3200,-0.7756,1.0956,0.2778
random,2,Linear,RDKit descriptors,769,NNc1ccccc1,c1ccccc1,0.0700,-1.5094,1.5794,0.5294
random,2,Linear,RDKit descriptors,459,c2ccc1ocnc1c2,c1ccc2ocnc2c1,-1.1600,-2.3016,1.1416,0.3448
random,2,Linear,RDKit descriptors,228,CC(C)=CCCC(O)(C)C=C,,-1.9900,-2.7399,0.7499,0.3226
random,2,Linear,RDKit descriptors,785,NC(=O)N,,0.9600,0.2911,0.6689,0.5556
random,2,Linear,RDKit descriptors,339,c3ccc2nc1ccccc1cc2c3,c1ccc2nc3ccccc3cc2c1,-3.6700,-3.8161,0.1461,0.5625
random,2,Linear,RDKit descriptors,37,CN(C)C(=O)SCCCCOc1ccccc1,c1ccccc1,-3.9270,-3.7936,0.1334,0.4167
random,2,Linear,RDKit descriptors,287,ClC(Cl)C(Cl)Cl,,-1.7400,-2.6577,0.9177,0.5000
random,2,Linear,RDKit descriptors,286,C(Cc1ccccc1)c2ccccc2,c1ccc(CCc2ccccc2)cc1,-4.6200,-3.6424,0.9776,0.6471
random,2,Linear,RDKit descriptors,611,c1ccc2c(c1)ccc3ccccc32,c1ccc2c(c1)ccc1ccccc12,-5.2600,-4.2275,1.0325,0.8571
random,2,Linear,RDKit descriptors,356,C/C=C/C=O,,0.3200,-0.7756,1.0956,0.2778
random,2,Linear,RDKit descriptors,840,COCOC,,0.4800,-0.3171,0.7971,0.3571
random,2,Linear,RDKit descriptors,193,CCC(C)Cl,,-1.9600,-1.8292,0.1308,0.5385
random,2,MLP,RDKit descriptors,632,Cc1cccc2c(C)cccc12,c1ccc2ccccc2c1,-4.6790,-3.9437,0.7353,0.7333
random,2,MLP,RDKit descriptors,653,CCCCOCCO,,-0.4200,-0.5496,0.1296,0.7059
random,2,MLP,RDKit descriptors,464,CC(C)(C)Cc1ccccc1,c1ccccc1,-4.1500,-3.7772,0.3728,0.4762
random,2,MLP,RDKit descriptors,91,CCCC(C)C1(CC=C)C(=O)NC(=S)NC1=O ,O=C1CC(=O)NC(=S)N1,-3.4600,-1.6366,1.8234,0.7941
random,2,MLP,RDKit descriptors,767,CCCCCCCC,,-5.2400,-4.2562,0.9838,1.0000
random,2,MLP,RDKit descriptors,289,Cc1ccc2c(ccc3ccccc32)c1,c1ccc2c(c1)ccc1ccccc12,-5.8400,-5.3600,0.4800,0.6522
random,2,MLP,RDKit descriptors,1010,CCNc1nc(NC(C)(C)C)nc(OC)n1,c1ncncn1,-3.2390,-2.6656,0.5734,0.6000
random,2,MLP,RDKit descriptors,398,CN(C(=O)COc1nc2ccccc2s1)c3ccccc3,O=C(COc1nc2ccccc2s1)Nc1ccccc1,-4.8730,-4.2871,0.5859,0.3333
random,2,MLP,RDKit descriptors,1024,Oc1c(Cl)cccc1Cl,c1ccccc1,-1.7900,-2.5011,0.7111,0.5500
random,2,MLP,RDKit descriptors,16,CCC(C)CO,,-0.4700,-0.1852,0.2848,0.5714
random,2,MLP,RDKit descriptors,255,CC(C)C(O)C(C)C,,-1.2200,-0.9462,0.2738,0.5455
random,2,MLP,RDKit descriptors,1082,CN(C)C(=O)N(C)C ,,0.9400,0.1771,0.7629,0.5385
random,2,MLP,RDKit descriptors,115,Cn1cnc2n(C)c(=O)[nH]c(=O)c12 ,O=c1[nH]c(=O)c2[nH]cnc2[nH]1,-2.5230,-1.3719,1.1511,0.5294
random,2,MLP,RDKit descriptors,744,CC1(C)C(C=C(Cl)C(F)(F)F)C1C(=O)OC(C#N)c2cccc(Oc3ccccc3)c2,O=C(OCc1cccc(Oc2ccccc2)c1)C1CC1,-8.1760,-6.9884,1.1876,0.8421
random,2,MLP,RDKit descriptors,223,CNC(=O)Oc1cccc(N=CN(C)C)c1,c1ccccc1,-2.3400,-2.5801,0.2401,0.4872
random,2,MLP,RDKit descriptors,316,CCCCCCCCCCCCCCCCO,,-7.0000,-5.6901,1.3099,1.0000
random,2,MLP,RDKit descriptors,549,CCNc1nc(NC(C)(C)C)nc(SC)n1,c1ncncn1,-4.0000,-3.0773,0.9227,0.6000
random,2,MLP,RDKit descriptors,844,CC34CCC1C(CCc2cc(O)ccc12)C3CC(O)C4O ,c1ccc2c(c1)CCC1C2CCC2CCCC21,-4.9550,-3.7382,1.2168,0.7174
random,2,MLP,RDKit descriptors,296,CCCCCCCl,,-3.1200,-3.5384,0.4184,1.0000
random,2,MLP,RDKit descriptors,920,CC34CCC1C(CCC2CC(=O)CCC12C)C3CCC4O ,O=C1CCC2C(CCC3C4CCCC4CCC23)C1,-4.7430,-4.1449,0.5981,0.5319
random,2,MLP,RDKit descriptors,748,CCOP(=S)(OCC)Oc1ccc(cc1)S(C)=O ,c1ccccc1,-2.3000,-3.6824,1.3824,0.5641
random,2,MLP,RDKit descriptors,887,Clc1cccc(Br)c1,c1ccccc1,-3.2100,-3.5722,0.3622,0.6111
random,2,MLP,RDKit descriptors,497,c1ccc2cc3c4cccc5cccc(c3cc2c1)c45,c1ccc2cc3c(cc2c1)-c1cccc2cccc-3c12,-8.4900,-7.2543,1.2357,0.7368
random,2,MLP,RDKit descriptors,513,COc2ncc1nccnc1n2,c1cnc2ncncc2n1,-1.1100,-1.3878,0.2778,0.5517
random,2,MLP,RDKit descriptors,373,CC2Nc1cc(Cl)c(cc1C(=O)N2c3ccccc3C)S(N)(=O)=O ,O=C1c2ccccc2NCN1c1ccccc1,-3.7800,-4.4563,0.6763,0.4561
random,2,MLP,RDKit descriptors,629,Oc1cc(Cl)cc(Cl)c1Cl,c1ccccc1,-2.6700,-3.4680,0.7980,0.5714
random,2,MLP,RDKit descriptors,921,CCCC(O)C=C,,-0.5900,-0.7365,0.1465,0.4500
random,2,MLP,RDKit descriptors,1025,OCC2OC(OC1(CO)OC(CO)C(O)C1O)C(O)C(O)C2O ,C1CCC(OC2CCCO2)OC1,0.7900,-0.2291,1.0191,0.8421
random,2,MLP,RDKit descriptors,961,CC(=O)OC3(C)CCC4C2CCC1=CC(=O)CCC1(C)C2CCC34C ,O=C1C=C2CCC3C4CCCC4CCC3C2CC1,-5.2840,-5.0469,0.2371,0.6863
random,2,MLP,RDKit descriptors,822,Cc1ncc(N(=O)=O)n1CCO ,c1c[nH]cn1,-1.2600,-1.6970,0.4370,1.0000
random,2,MLP,RDKit descriptors,913,CC(=O)Nc1ccc(cc1)N(=O)=O,c1ccccc1,-2.6920,-2.6027,0.0893,0.5517
random,2,MLP,RDKit descriptors,793,CC(C)CCOC=O,,-1.5200,-0.7026,0.8174,0.5455
random,2,MLP,RDKit descriptors,220,c1cc2cccc3c4cccc5cccc(c(c1)c23)c54,c1cc2cccc3c4cccc5cccc(c(c1)c23)c54,-8.8040,-7.3482,1.4558,0.7500
random,2,MLP,RDKit descriptors,225,Cc3ccnc4N(C1CC1)c2ncccc2C(=O)Nc34 ,O=C1Nc2cccnc2N(C2CC2)c2ncccc21,-3.1900,-3.6278,0.4378,0.4909
random,2,MLP,RDKit descriptors,30,CCc1ccc(CC)cc1,c1ccccc1,-3.7500,-3.2044,0.5456,0.7333
random,2,MLP,RDKit descriptors,618,O=N(=O)OCC(CON(=O)=O)ON(=O)=O ,,-2.2200,-1.0991,1.1209,0.2500
random,2,MLP,RDKit descriptors,321,c1ccc2c(c1)c3cccc4c3c2cc5ccccc54,c1ccc2c(c1)-c1cccc3c1c-2cc1ccccc13,-8.2300,-7.2543,0.9757,0.5417
random,2,MLP,RDKit descriptors,970,Clc1cccc(Cl)c1c2c(Cl)cccc2Cl ,c1ccc(-c2ccccc2)cc1,-7.3900,-7.1315,0.2585,0.7500
random,2,MLP,RDKit descriptors,885,OC3N=C(c1ccccc1Cl)c2cc(Cl)ccc2NC3=O,O=C1CN=C(c2ccccc2)c2ccccc2N1,-3.6040,-4.2851,0.6811,0.7500
random,2,MLP,RDKit descriptors,1015,C1c2ccccc2c3ccc4ccccc4c13,c1ccc2c(c1)Cc1c-2ccc2ccccc12,-6.6800,-5.6616,1.0184,0.5000
random,2,MLP,RDKit descriptors,521,CC1CCCCC1NC(=O)Nc2ccccc2,O=C(Nc1ccccc1)NC1CCCCC1,-4.1100,-3.4163,0.6937,0.4848
random,2,MLP,RDKit descriptors,99,CC(C)c1ccccc1,c1ccccc1,-3.2700,-3.0645,0.2055,0.5789
random,2,MLP,RDKit descriptors,761,NS(=O)(=O)c2cc1c(NC(NS1(=O)=O)C(Cl)Cl)cc2Cl ,O=S1(=O)NCNc2ccccc21,-2.6800,-3.4036,0.7236,0.5319
random,2,MLP,RDKit descriptors,729,Clc1ccc(Cl)c(c1)c2cccc(Cl)c2Cl ,c1ccc(-c2ccccc2)cc1,-6.4700,-7.1315,0.6615,0.6522
random,2,MLP,RDKit descriptors,85,ClC(Cl)(Cl)C(Cl)(Cl)Cl,,-3.6700,-4.0052,0.3352,0.5000
random,2,MLP,RDKit descriptors,1090,O=C(C=CC=Cc2ccc1OCOc1c2)N3CCCCC3,O=C(C=CC=Cc1ccc2c(c1)OCO2)N1CCCCC1,-3.4600,-3.4650,0.0050,0.4419
random,2,MLP,RDKit descriptors,460,CCCCCO,,-0.6000,-0.6021,0.0021,0.9231
random,2,MLP,RDKit descriptors,510,O=C1N(COC(=O)C)C(=O)C(N1)(c2ccccc2)c3ccccc3,O=C1NC(=O)C(c2ccccc2)(c2ccccc2)N1,-4.4700,-3.5770,0.8930,0.7561
random,2,MLP,RDKit descriptors,445,Brc1ccc(I)cc1,c1ccccc1,-4.5600,-3.9435,0.6165,0.6154
random,2,MLP,RDKit descriptors,1116,COP(=S)(OC)Oc1ccc(Sc2ccc(OP(=S)(OC)OC)cc2)cc1,c1ccc(Sc2ccccc2)cc1,-6.2370,-6.3903,0.1533,0.5000
random,2,MLP,RDKit descriptors,1075,ICI,,-2.3400,-2.3654,0.0254,0.4286
random,2,MLP,RDKit descriptors,1045,CNC(=O)Oc1cc(C)cc(C)c1,c1ccccc1,-2.5810,-2.2398,0.3412,0.5806
random,2,MLP,RDKit descriptors,1071,ClC(Cl)C(Cl)(Cl)Cl,,-2.6000,-3.4131,0.8131,0.3333
random,2,MLP,RDKit descriptors,948,CCCCCCCC(=O)C,,-2.5800,-3.2922,0.7122,1.0000
random,2,MLP,RDKit descriptors,319,Clc1cc(Cl)c(cc1Cl)c2cccc(Cl)c2Cl ,c1ccc(-c2ccccc2)cc1,-7.2100,-7.6652,0.4552,0.7143
random,2,MLP,RDKit descriptors,62,CC34CC(O)C1(F)C(CCC2=CC(=O)C=CC12C)C3CC(O)C4(O)C(=O)CO,O=C1C=CC2C(=C1)CCC1C3CCCC3CCC21,-3.6800,-2.9289,0.7511,0.6818
random,2,MLP,RDKit descriptors,252,Cc1ccccc1Br,c1ccccc1,-2.2300,-3.0030,0.7730,0.5625
random,2,MLP,RDKit descriptors,776,CC1=CCCCC1,C1=CCCCC1,-3.2700,-2.7719,0.4981,0.3143
random,2,MLP,RDKit descriptors,1106,CC(C)(C)C(=O)C(Oc1ccc(Cl)cc1)n2cncn2,c1ccc(OCn2cncn2)cc1,-3.6100,-3.9441,0.3341,0.3077
random,2,MLP,RDKit descriptors,575,CCCCOC=O,,-1.3700,-0.4599,0.9101,0.4500
random,2,MLP,RDKit descriptors,262,Fc1cccc(F)c1C(=O)NC(=O)Nc2cc(Cl)c(F)c(Cl)c2F ,O=C(NC(=O)c1ccccc1)Nc1ccccc1,-7.2800,-5.4831,1.7969,0.5682
random,2,MLP,RDKit descriptors,546,Cc2c(N)c(=O)n(c1ccccc1)n2C,O=c1cc[nH]n1-c1ccccc1,-0.6240,-2.1031,1.4791,0.4857
random,2,MLP,RDKit descriptors,797,CC2(C)C1CCC(C)(C1)C2=O,O=C1CC2CCC1C2,-1.8500,-2.2522,0.4022,0.3750
random,2,MLP,RDKit descriptors,975,CCCCCCCCCCCCCCCC,,-8.4000,-6.9330,1.4670,1.0000
random,2,MLP,RDKit descriptors,661,Clc1ccc(c(Cl)c1)c2c(Cl)c(Cl)c(Cl)c(Cl)c2Cl,c1ccc(-c2ccccc2)cc1,-7.9200,-8.8885,0.9685,0.6800
random,2,MLP,RDKit descriptors,649,O=C1NC(=O)NC(=O)C1(C(C)C)CC=C,O=C1CC(=O)NC(=O)N1,-1.7080,-1.4873,0.2207,0.7097
random,2,MLP,RDKit descriptors,679,OCC(O)CO,,1.1200,0.5054,0.6146,0.5000
random,2,MLP,RDKit descriptors,102,C1OC(O)C(O)C(O)C1O,C1CCOCC1,0.3900,-0.2141,0.6041,0.2800
random,2,MLP,RDKit descriptors,313,c1cnc2c(c1)ccc3ncccc23,c1cnc2c(c1)ccc1ncccc12,-2.6800,-2.7856,0.1056,0.4815
random,2,MLP,RDKit descriptors,515,C1N(C(=O)NCC(C)C)C(=O)NC1,O=C1NCCN1,-2.1500,-1.2485,0.9015,0.2500
random,2,MLP,RDKit descriptors,335,CC(C)CC(C)C,,-4.2600,-3.2863,0.9737,0.5385
random,2,MLP,RDKit descriptors,187,Clc1cc(Cl)c(Cl)c(Cl)c1,c1ccccc1,-4.6300,-5.1545,0.5245,0.6429
random,2,MLP,RDKit descriptors,268,Brc1cc(Br)c(Br)cc1Br,c1ccccc1,-6.9800,-6.2258,0.7542,0.4667
random,2,MLP,RDKit descriptors,672,ClC(Cl)C(c1ccc(Cl)cc1)c2ccccc2Cl ,c1ccc(Cc2ccccc2)cc1,-6.5100,-7.1668,0.6568,0.6154
random,2,MLP,RDKit descriptors,934,C,,-0.9000,-0.1904,0.7096,0.0667
random,2,MLP,RDKit descriptors,532,CC1CCCCC1,C1CCCCC1,-3.8500,-2.8963,0.9537,0.5833
random,2,MLP,RDKit descriptors,346,CCC1(C(=O)NC(=O)NC1=O)C2=CCC3CCC2C3,O=C1NC(=O)C(C2=CCC3CCC2C3)C(=O)N1,-2.6960,-2.4537,0.2423,0.4130
random,2,MLP,RDKit descriptors,414,ClC1=C(Cl)C2(Cl)C3C4CC(C=C4)C3C1(Cl)C2(Cl)Cl,C1=CC2CC1C1C3C=CC(C3)C21,-6.3070,-5.9146,0.3924,0.5000
random,2,MLP,RDKit descriptors,1092,CNC(=O)ON=C(CSC)C(C)(C)C ,,-1.6200,-2.0507,0.4307,0.4615
random,2,MLP,RDKit descriptors,553,CCCCI,,-2.9600,-2.2450,0.7150,0.5833
random,2,MLP,RDKit descriptors,823,CCCCCC1CCCC1,C1CCCC1,-6.0800,-4.3548,1.7252,0.6500
random,2,MLP,RDKit descriptors,152,CCCCCCO,,-1.2400,-1.3502,0.1102,1.0000
random,2,MLP,RDKit descriptors,615,CC1CC2C3CCC4=CC(=O)C=CC4(C)C3(F)C(O)CC2(C)C1(O)C(=O)CO,O=C1C=CC2C(=C1)CCC1C3CCCC3CCC21,-3.5900,-3.6650,0.0750,0.7143
random,2,MLP,RDKit descriptors,43,CC(C)C1CCC(C)CC1O ,C1CCCCC1,-2.5300,-2.1155,0.4145,0.3182
random,2,MLP,RDKit descriptors,1016,COc1ccccc1Cl,c1ccccc1,-2.4600,-2.2180,0.2420,0.5000
random,2,MLP,RDKit descriptors,640,CC1OC(CC(O)C1O)OC2C(O)CC(OC2C)OC8C(O)CC(OC7CCC3(C)C(CCC4C3CCC5(C)C(CCC45O)C6=CC(=O)OC6)C7)OC8C ,O=C1C=C(C2CCC3C2CCC2C4CCC(OC5CCC(OC6CCC(OC7CCCCO7)CO6)CO5)CC4CCC23)CO1,-5.2930,-6.6944,1.4014,0.8133
random,2,MLP,RDKit descriptors,700,CCOP(=S)(OCC)SCSP(=S)(OCC)OCC,,-5.5400,-4.9394,0.6006,0.7727
random,2,MLP,RDKit descriptors,968,CCCCCCCCOC(=O)c1ccccc1C(=O)OCCCCCCCC ,c1ccccc1,-5.1150,-6.8037,1.6887,0.8571
random,2,MLP,RDKit descriptors,58,Cc1cc2c3ccccc3ccc2c4ccccc14,c1ccc2c(c1)ccc1c3ccccc3ccc21,-6.5700,-6.9581,0.3881,0.7200
random,2,MLP,RDKit descriptors,714,Brc1ccccc1,c1ccccc1,-2.5500,-2.4072,0.1428,0.5833
random,2,MLP,RDKit descriptors,208,Fc1ccccc1,c1ccccc1,-1.8000,-1.3326,0.4674,0.5333
random,2,MLP,RDKit descriptors,64,O=C(Cn1ccnc1N(=O)=O)NCc2ccccc2,O=C(Cn1ccnc1)NCc1ccccc1,-2.8100,-3.1086,0.2986,0.2727
random,2,MLP,RDKit descriptors,207,Oc2ccc1ncccc1c2 ,c1ccc2ncccc2c1,-2.1600,-1.5353,0.6247,0.5385
random,2,MLP,RDKit descriptors,420,CC(=O)C1CCC2C3CCC4=CC(=O)CCC4(C)C3CCC12C,O=C1C=C2CCC3C4CCCC4CCC3C2CC1,-4.4200,-4.7504,0.3304,0.7234
random,2,MLP,RDKit descriptors,46,CC(=O)Nc1ccc(Br)cc1,c1ccccc1,-3.0830,-2.6459,0.4371,0.6400
random,2,MLP,RDKit descriptors,496,Nc2cccc3nc1ccccc1cc23 ,c1ccc2nc3ccccc3cc2c1,-4.2200,-3.3431,0.8769,0.5185
random,2,MLP,RDKit descriptors,1048,NC(=O)c1ccccc1,c1ccccc1,-0.9600,-0.6742,0.2858,0.5789
random,2,MLP,RDKit descriptors,589,Fc1ccccc1Br,c1ccccc1,-2.7000,-2.7666,0.0666,0.3913
random,2,MLP,RDKit descriptors,344,CCC(C)C(=O)OC2CC(C)C=C3C=CC(C)C(CCC1CC(O)CC(=O)O1)C23 ,O=C1CCCC(CCC2CC=CC3=CCCCC32)O1,-6.0050,-4.5922,1.4128,0.1774
random,2,MLP,RDKit descriptors,980,Fc1ccc(F)cc1,c1ccccc1,-1.9700,-1.6806,0.2894,0.4286
random,2,MLP,RDKit descriptors,1081,CC=CC=O,,0.3200,0.1050,0.2150,0.2778
random,2,MLP,RDKit descriptors,769,NNc1ccccc1,c1ccccc1,0.0700,-0.4470,0.5170,0.5294
random,2,MLP,RDKit descriptors,459,c2ccc1ocnc1c2,c1ccc2ocnc2c1,-1.1600,-1.0579,0.1021,0.3448
random,2,MLP,RDKit descriptors,228,CC(C)=CCCC(O)(C)C=C,,-1.9900,-2.5657,0.5757,0.3226
random,2,MLP,RDKit descriptors,785,NC(=O)N,,0.9600,-0.0132,0.9732,0.5556
random,2,MLP,RDKit descriptors,339,c3ccc2nc1ccccc1cc2c3,c1ccc2nc3ccccc3cc2c1,-3.6700,-3.7104,0.0404,0.5625
random,2,MLP,RDKit descriptors,37,CN(C)C(=O)SCCCCOc1ccccc1,c1ccccc1,-3.9270,-3.6813,0.2457,0.4167
random,2,MLP,RDKit descriptors,287,ClC(Cl)C(Cl)Cl,,-1.7400,-2.7676,1.0276,0.5000
random,2,MLP,RDKit descriptors,286,C(Cc1ccccc1)c2ccccc2,c1ccc(CCc2ccccc2)cc1,-4.6200,-4.3956,0.2244,0.6471
random,2,MLP,RDKit descriptors,611,c1ccc2c(c1)ccc3ccccc32,c1ccc2c(c1)ccc1ccccc12,-5.2600,-4.8168,0.4432,0.8571
random,2,MLP,RDKit descriptors,356,C/C=C/C=O,,0.3200,0.1050,0.2150,0.2778
random,2,MLP,RDKit descriptors,840,COCOC,,0.4800,0.4880,0.0080,0.3571
random,2,MLP,RDKit descriptors,193,CCC(C)Cl,,-1.9600,-2.1060,0.1460,0.5385
random,2,GCN,Molecular graph,632,Cc1cccc2c(C)cccc12,c1ccc2ccccc2c1,-4.6790,-4.4412,0.2378,0.7333
random,2,GCN,Molecular graph,653,CCCCOCCO,,-0.4200,-0.4422,0.0222,0.7059
random,2,GCN,Molecular graph,464,CC(C)(C)Cc1ccccc1,c1ccccc1,-4.1500,-4.5134,0.3634,0.4762
random,2,GCN,Molecular graph,91,CCCC(C)C1(CC=C)C(=O)NC(=S)NC1=O ,O=C1CC(=O)NC(=S)N1,-3.4600,-3.3586,0.1014,0.7941
random,2,GCN,Molecular graph,767,CCCCCCCC,,-5.2400,-5.6420,0.4020,1.0000
random,2,GCN,Molecular graph,289,Cc1ccc2c(ccc3ccccc32)c1,c1ccc2c(c1)ccc1ccccc12,-5.8400,-6.3976,0.5576,0.6522
random,2,GCN,Molecular graph,1010,CCNc1nc(NC(C)(C)C)nc(OC)n1,c1ncncn1,-3.2390,-3.0991,0.1399,0.6000
random,2,GCN,Molecular graph,398,CN(C(=O)COc1nc2ccccc2s1)c3ccccc3,O=C(COc1nc2ccccc2s1)Nc1ccccc1,-4.8730,-3.9471,0.9259,0.3333
random,2,GCN,Molecular graph,1024,Oc1c(Cl)cccc1Cl,c1ccccc1,-1.7900,-1.4816,0.3084,0.5500
random,2,GCN,Molecular graph,16,CCC(C)CO,,-0.4700,-0.8389,0.3689,0.5714
random,2,GCN,Molecular graph,255,CC(C)C(O)C(C)C,,-1.2200,-1.7743,0.5543,0.5455
random,2,GCN,Molecular graph,1082,CN(C)C(=O)N(C)C ,,0.9400,0.6690,0.2710,0.5385
random,2,GCN,Molecular graph,115,Cn1cnc2n(C)c(=O)[nH]c(=O)c12 ,O=c1[nH]c(=O)c2[nH]cnc2[nH]1,-2.5230,-1.6741,0.8489,0.5294
random,2,GCN,Molecular graph,744,CC1(C)C(C=C(Cl)C(F)(F)F)C1C(=O)OC(C#N)c2cccc(Oc3ccccc3)c2,O=C(OCc1cccc(Oc2ccccc2)c1)C1CC1,-8.1760,-6.3309,1.8451,0.8421
random,2,GCN,Molecular graph,223,CNC(=O)Oc1cccc(N=CN(C)C)c1,c1ccccc1,-2.3400,-2.1328,0.2072,0.4872
random,2,GCN,Molecular graph,316,CCCCCCCCCCCCCCCCO,,-7.0000,-6.3722,0.6278,1.0000
random,2,GCN,Molecular graph,549,CCNc1nc(NC(C)(C)C)nc(SC)n1,c1ncncn1,-4.0000,-3.4415,0.5585,0.6000
random,2,GCN,Molecular graph,844,CC34CCC1C(CCc2cc(O)ccc12)C3CC(O)C4O ,c1ccc2c(c1)CCC1C2CCC2CCCC21,-4.9550,-3.8146,1.1404,0.7174
random,2,GCN,Molecular graph,296,CCCCCCCl,,-3.1200,-3.8109,0.6909,1.0000
random,2,GCN,Molecular graph,920,CC34CCC1C(CCC2CC(=O)CCC12C)C3CCC4O ,O=C1CCC2C(CCC3C4CCCC4CCC23)C1,-4.7430,-4.0816,0.6614,0.5319
random,2,GCN,Molecular graph,748,CCOP(=S)(OCC)Oc1ccc(cc1)S(C)=O ,c1ccccc1,-2.3000,-4.1759,1.8759,0.5641
random,2,GCN,Molecular graph,887,Clc1cccc(Br)c1,c1ccccc1,-3.2100,-3.4193,0.2093,0.6111
random,2,GCN,Molecular graph,497,c1ccc2cc3c4cccc5cccc(c3cc2c1)c45,c1ccc2cc3c(cc2c1)-c1cccc2cccc-3c12,-8.4900,-8.0681,0.4219,0.7368
random,2,GCN,Molecular graph,513,COc2ncc1nccnc1n2,c1cnc2ncncc2n1,-1.1100,-1.4647,0.3547,0.5517
random,2,GCN,Molecular graph,373,CC2Nc1cc(Cl)c(cc1C(=O)N2c3ccccc3C)S(N)(=O)=O ,O=C1c2ccccc2NCN1c1ccccc1,-3.7800,-3.8958,0.1158,0.4561
random,2,GCN,Molecular graph,629,Oc1cc(Cl)cc(Cl)c1Cl,c1ccccc1,-2.6700,-2.3903,0.2797,0.5714
random,2,GCN,Molecular graph,921,CCCC(O)C=C,,-0.5900,-1.0596,0.4696,0.4500
random,2,GCN,Molecular graph,1025,OCC2OC(OC1(CO)OC(CO)C(O)C1O)C(O)C(O)C2O ,C1CCC(OC2CCCO2)OC1,0.7900,0.0456,0.7444,0.8421
random,2,GCN,Molecular graph,961,CC(=O)OC3(C)CCC4C2CCC1=CC(=O)CCC1(C)C2CCC34C ,O=C1C=C2CCC3C4CCCC4CCC3C2CC1,-5.2840,-4.3846,0.8994,0.6863
random,2,GCN,Molecular graph,822,Cc1ncc(N(=O)=O)n1CCO ,c1c[nH]cn1,-1.2600,-0.9284,0.3316,1.0000
random,2,GCN,Molecular graph,913,CC(=O)Nc1ccc(cc1)N(=O)=O,c1ccccc1,-2.6920,-2.4210,0.2710,0.5517
random,2,GCN,Molecular graph,793,CC(C)CCOC=O,,-1.5200,-1.0125,0.5075,0.5455
random,2,GCN,Molecular graph,220,c1cc2cccc3c4cccc5cccc(c(c1)c23)c54,c1cc2cccc3c4cccc5cccc(c(c1)c23)c54,-8.8040,-7.5492,1.2548,0.7500
random,2,GCN,Molecular graph,225,Cc3ccnc4N(C1CC1)c2ncccc2C(=O)Nc34 ,O=C1Nc2cccnc2N(C2CC2)c2ncccc21,-3.1900,-4.0854,0.8954,0.4909
random,2,GCN,Molecular graph,30,CCc1ccc(CC)cc1,c1ccccc1,-3.7500,-4.1580,0.4080,0.7333
random,2,GCN,Molecular graph,618,O=N(=O)OCC(CON(=O)=O)ON(=O)=O ,,-2.2200,-1.5347,0.6853,0.2500
random,2,GCN,Molecular graph,321,c1ccc2c(c1)c3cccc4c3c2cc5ccccc54,c1ccc2c(c1)-c1cccc3c1c-2cc1ccccc13,-8.2300,-7.9769,0.2531,0.5417
random,2,GCN,Molecular graph,970,Clc1cccc(Cl)c1c2c(Cl)cccc2Cl ,c1ccc(-c2ccccc2)cc1,-7.3900,-6.5860,0.8040,0.7500
random,2,GCN,Molecular graph,885,OC3N=C(c1ccccc1Cl)c2cc(Cl)ccc2NC3=O,O=C1CN=C(c2ccccc2)c2ccccc2N1,-3.6040,-4.3251,0.7211,0.7500
random,2,GCN,Molecular graph,1015,C1c2ccccc2c3ccc4ccccc4c13,c1ccc2c(c1)Cc1c-2ccc2ccccc12,-6.6800,-7.0423,0.3623,0.5000
random,2,GCN,Molecular graph,521,CC1CCCCC1NC(=O)Nc2ccccc2,O=C(Nc1ccccc1)NC1CCCCC1,-4.1100,-3.7823,0.3277,0.4848
random,2,GCN,Molecular graph,99,CC(C)c1ccccc1,c1ccccc1,-3.2700,-3.4320,0.1620,0.5789
random,2,GCN,Molecular graph,761,NS(=O)(=O)c2cc1c(NC(NS1(=O)=O)C(Cl)Cl)cc2Cl ,O=S1(=O)NCNc2ccccc21,-2.6800,-3.6406,0.9606,0.5319
random,2,GCN,Molecular graph,729,Clc1ccc(Cl)c(c1)c2cccc(Cl)c2Cl ,c1ccc(-c2ccccc2)cc1,-6.4700,-6.7258,0.2558,0.6522
random,2,GCN,Molecular graph,85,ClC(Cl)(Cl)C(Cl)(Cl)Cl,,-3.6700,-2.4808,1.1892,0.5000
random,2,GCN,Molecular graph,1090,O=C(C=CC=Cc2ccc1OCOc1c2)N3CCCCC3,O=C(C=CC=Cc1ccc2c(c1)OCO2)N1CCCCC1,-3.4600,-3.5656,0.1056,0.4419
random,2,GCN,Molecular graph,460,CCCCCO,,-0.6000,-0.7338,0.1338,0.9231
random,2,GCN,Molecular graph,510,O=C1N(COC(=O)C)C(=O)C(N1)(c2ccccc2)c3ccccc3,O=C1NC(=O)C(c2ccccc2)(c2ccccc2)N1,-4.4700,-3.7154,0.7546,0.7561
random,2,GCN,Molecular graph,445,Brc1ccc(I)cc1,c1ccccc1,-4.5600,-3.9746,0.5854,0.6154
random,2,GCN,Molecular graph,1116,COP(=S)(OC)Oc1ccc(Sc2ccc(OP(=S)(OC)OC)cc2)cc1,c1ccc(Sc2ccccc2)cc1,-6.2370,-5.1253,1.1117,0.5000
random,2,GCN,Molecular graph,1075,ICI,,-2.3400,-1.5413,0.7987,0.4286
random,2,GCN,Molecular graph,1045,CNC(=O)Oc1cc(C)cc(C)c1,c1ccccc1,-2.5810,-2.5292,0.0518,0.5806
random,2,GCN,Molecular graph,1071,ClC(Cl)C(Cl)(Cl)Cl,,-2.6000,-2.1207,0.4793,0.3333
random,2,GCN,Molecular graph,948,CCCCCCCC(=O)C,,-2.5800,-3.3233,0.7433,1.0000
random,2,GCN,Molecular graph,319,Clc1cc(Cl)c(cc1Cl)c2cccc(Cl)c2Cl ,c1ccc(-c2ccccc2)cc1,-7.2100,-7.2170,0.0070,0.7143
random,2,GCN,Molecular graph,62,CC34CC(O)C1(F)C(CCC2=CC(=O)C=CC12C)C3CC(O)C4(O)C(=O)CO,O=C1C=CC2C(=C1)CCC1C3CCCC3CCC21,-3.6800,-3.6840,0.0040,0.6818
random,2,GCN,Molecular graph,252,Cc1ccccc1Br,c1ccccc1,-2.2300,-2.6568,0.4268,0.5625
random,2,GCN,Molecular graph,776,CC1=CCCCC1,C1=CCCCC1,-3.2700,-2.3214,0.9486,0.3143
random,2,GCN,Molecular graph,1106,CC(C)(C)C(=O)C(Oc1ccc(Cl)cc1)n2cncn2,c1ccc(OCn2cncn2)cc1,-3.6100,-3.8317,0.2217,0.3077
random,2,GCN,Molecular graph,575,CCCCOC=O,,-1.3700,-0.8768,0.4932,0.4500
random,2,GCN,Molecular graph,262,Fc1cccc(F)c1C(=O)NC(=O)Nc2cc(Cl)c(F)c(Cl)c2F ,O=C(NC(=O)c1ccccc1)Nc1ccccc1,-7.2800,-5.5530,1.7270,0.5682
random,2,GCN,Molecular graph,546,Cc2c(N)c(=O)n(c1ccccc1)n2C,O=c1cc[nH]n1-c1ccccc1,-0.6240,-1.5740,0.9500,0.4857
random,2,GCN,Molecular graph,797,CC2(C)C1CCC(C)(C1)C2=O,O=C1CC2CCC1C2,-1.8500,-3.3147,1.4647,0.3750
random,2,GCN,Molecular graph,975,CCCCCCCCCCCCCCCC,,-8.4000,-7.9105,0.4895,1.0000
random,2,GCN,Molecular graph,661,Clc1ccc(c(Cl)c1)c2c(Cl)c(Cl)c(Cl)c(Cl)c2Cl,c1ccc(-c2ccccc2)cc1,-7.9200,-8.3143,0.3943,0.6800
random,2,GCN,Molecular graph,649,O=C1NC(=O)NC(=O)C1(C(C)C)CC=C,O=C1CC(=O)NC(=O)N1,-1.7080,-2.2235,0.5155,0.7097
random,2,GCN,Molecular graph,679,OCC(O)CO,,1.1200,1.8047,0.6847,0.5000
random,2,GCN,Molecular graph,102,C1OC(O)C(O)C(O)C1O,C1CCOCC1,0.3900,0.8974,0.5074,0.2800
random,2,GCN,Molecular graph,313,c1cnc2c(c1)ccc3ncccc23,c1cnc2c(c1)ccc1ncccc12,-2.6800,-3.7238,1.0438,0.4815
random,2,GCN,Molecular graph,515,C1N(C(=O)NCC(C)C)C(=O)NC1,O=C1NCCN1,-2.1500,-1.7759,0.3741,0.2500
random,2,GCN,Molecular graph,335,CC(C)CC(C)C,,-4.2600,-4.3326,0.0726,0.5385
random,2,GCN,Molecular graph,187,Clc1cc(Cl)c(Cl)c(Cl)c1,c1ccccc1,-4.6300,-5.1270,0.4970,0.6429
random,2,GCN,Molecular graph,268,Brc1cc(Br)c(Br)cc1Br,c1ccccc1,-6.9800,-5.3803,1.5997,0.4667
random,2,GCN,Molecular graph,672,ClC(Cl)C(c1ccc(Cl)cc1)c2ccccc2Cl ,c1ccc(Cc2ccccc2)cc1,-6.5100,-6.1968,0.3132,0.6154
random,2,GCN,Molecular graph,934,C,,-0.9000,-16.2371,15.3371,0.0667
random,2,GCN,Molecular graph,532,CC1CCCCC1,C1CCCCC1,-3.8500,-4.1188,0.2688,0.5833
random,2,GCN,Molecular graph,346,CCC1(C(=O)NC(=O)NC1=O)C2=CCC3CCC2C3,O=C1NC(=O)C(C2=CCC3CCC2C3)C(=O)N1,-2.6960,-3.3762,0.6802,0.4130
random,2,GCN,Molecular graph,414,ClC1=C(Cl)C2(Cl)C3C4CC(C=C4)C3C1(Cl)C2(Cl)Cl,C1=CC2CC1C1C3C=CC(C3)C21,-6.3070,-6.5337,0.2267,0.5000
random,2,GCN,Molecular graph,1092,CNC(=O)ON=C(CSC)C(C)(C)C ,,-1.6200,-2.2348,0.6148,0.4615
random,2,GCN,Molecular graph,553,CCCCI,,-2.9600,-2.3819,0.5781,0.5833
random,2,GCN,Molecular graph,823,CCCCCC1CCCC1,C1CCCC1,-6.0800,-5.9546,0.1254,0.6500
random,2,GCN,Molecular graph,152,CCCCCCO,,-1.2400,-1.2579,0.0179,1.0000
random,2,GCN,Molecular graph,615,CC1CC2C3CCC4=CC(=O)C=CC4(C)C3(F)C(O)CC2(C)C1(O)C(=O)CO,O=C1C=CC2C(=C1)CCC1C3CCCC3CCC21,-3.5900,-4.0716,0.4816,0.7143
random,2,GCN,Molecular graph,43,CC(C)C1CCC(C)CC1O ,C1CCCCC1,-2.5300,-2.5885,0.0585,0.3182
random,2,GCN,Molecular graph,1016,COc1ccccc1Cl,c1ccccc1,-2.4600,-1.9736,0.4864,0.5000
random,2,GCN,Molecular graph,640,CC1OC(CC(O)C1O)OC2C(O)CC(OC2C)OC8C(O)CC(OC7CCC3(C)C(CCC4C3CCC5(C)C(CCC45O)C6=CC(=O)OC6)C7)OC8C ,O=C1C=C(C2CCC3C2CCC2C4CCC(OC5CCC(OC6CCC(OC7CCCCO7)CO6)CO5)CC4CCC23)CO1,-5.2930,-2.3794,2.9136,0.8133
random,2,GCN,Molecular graph,700,CCOP(=S)(OCC)SCSP(=S)(OCC)OCC,,-5.5400,-4.2308,1.3092,0.7727
random,2,GCN,Molecular graph,968,CCCCCCCCOC(=O)c1ccccc1C(=O)OCCCCCCCC ,c1ccccc1,-5.1150,-6.2856,1.1706,0.8571
random,2,GCN,Molecular graph,58,Cc1cc2c3ccccc3ccc2c4ccccc14,c1ccc2c(c1)ccc1c3ccccc3ccc21,-6.5700,-7.1334,0.5634,0.7200
random,2,GCN,Molecular graph,714,Brc1ccccc1,c1ccccc1,-2.5500,-2.7365,0.1865,0.5833
random,2,GCN,Molecular graph,208,Fc1ccccc1,c1ccccc1,-1.8000,-2.1330,0.3330,0.5333
random,2,GCN,Molecular graph,64,O=C(Cn1ccnc1N(=O)=O)NCc2ccccc2,O=C(Cn1ccnc1)NCc1ccccc1,-2.8100,-2.7392,0.0708,0.2727
random,2,GCN,Molecular graph,207,Oc2ccc1ncccc1c2 ,c1ccc2ncccc2c1,-2.1600,-1.4652,0.6948,0.5385
random,2,GCN,Molecular graph,420,CC(=O)C1CCC2C3CCC4=CC(=O)CCC4(C)C3CCC12C,O=C1C=C2CCC3C4CCCC4CCC3C2CC1,-4.4200,-4.6005,0.1805,0.7234
random,2,GCN,Molecular graph,46,CC(=O)Nc1ccc(Br)cc1,c1ccccc1,-3.0830,-2.6463,0.4367,0.6400
random,2,GCN,Molecular graph,496,Nc2cccc3nc1ccccc1cc23 ,c1ccc2nc3ccccc3cc2c1,-4.2200,-4.5360,0.3160,0.5185
random,2,GCN,Molecular graph,1048,NC(=O)c1ccccc1,c1ccccc1,-0.9600,-1.0965,0.1365,0.5789
random,2,GCN,Molecular graph,589,Fc1ccccc1Br,c1ccccc1,-2.7000,-2.8073,0.1073,0.3913
random,2,GCN,Molecular graph,344,CCC(C)C(=O)OC2CC(C)C=C3C=CC(C)C(CCC1CC(O)CC(=O)O1)C23 ,O=C1CCCC(CCC2CC=CC3=CCCCC32)O1,-6.0050,-3.8201,2.1849,0.1774
random,2,GCN,Molecular graph,980,Fc1ccc(F)cc1,c1ccccc1,-1.9700,-2.7321,0.7621,0.4286
random,2,GCN,Molecular graph,1081,CC=CC=O,,0.3200,-0.3474,0.6674,0.2778
random,2,GCN,Molecular graph,769,NNc1ccccc1,c1ccccc1,0.0700,-0.4334,0.5034,0.5294
random,2,GCN,Molecular graph,459,c2ccc1ocnc1c2,c1ccc2ocnc2c1,-1.1600,-0.9376,0.2224,0.3448
random,2,GCN,Molecular graph,228,CC(C)=CCCC(O)(C)C=C,,-1.9900,-2.3374,0.3474,0.3226
random,2,GCN,Molecular graph,785,NC(=O)N,,0.9600,1.2341,0.2741,0.5556
random,2,GCN,Molecular graph,339,c3ccc2nc1ccccc1cc2c3,c1ccc2nc3ccccc3cc2c1,-3.6700,-5.2902,1.6202,0.5625
random,2,GCN,Molecular graph,37,CN(C)C(=O)SCCCCOc1ccccc1,c1ccccc1,-3.9270,-3.5798,0.3472,0.4167
random,2,GCN,Molecular graph,287,ClC(Cl)C(Cl)Cl,,-1.7400,-1.6393,0.1007,0.5000
random,2,GCN,Molecular graph,286,C(Cc1ccccc1)c2ccccc2,c1ccc(CCc2ccccc2)cc1,-4.6200,-3.8349,0.7851,0.6471
random,2,GCN,Molecular graph,611,c1ccc2c(c1)ccc3ccccc32,c1ccc2c(c1)ccc1ccccc12,-5.2600,-5.7122,0.4522,0.8571
random,2,GCN,Molecular graph,356,C/C=C/C=O,,0.3200,-0.3474,0.6674,0.2778
random,2,GCN,Molecular graph,840,COCOC,,0.4800,0.3796,0.1004,0.3571
random,2,GCN,Molecular graph,193,CCC(C)Cl,,-1.9600,-2.4799,0.5199,0.5385
random,2,GIN,Molecular graph,632,Cc1cccc2c(C)cccc12,c1ccc2ccccc2c1,-4.6790,-4.0714,0.6076,0.7333
random,2,GIN,Molecular graph,653,CCCCOCCO,,-0.4200,-0.8262,0.4062,0.7059
random,2,GIN,Molecular graph,464,CC(C)(C)Cc1ccccc1,c1ccccc1,-4.1500,-3.9257,0.2243,0.4762
random,2,GIN,Molecular graph,91,CCCC(C)C1(CC=C)C(=O)NC(=S)NC1=O ,O=C1CC(=O)NC(=S)N1,-3.4600,-2.5769,0.8831,0.7941
random,2,GIN,Molecular graph,767,CCCCCCCC,,-5.2400,-6.0112,0.7712,1.0000
random,2,GIN,Molecular graph,289,Cc1ccc2c(ccc3ccccc32)c1,c1ccc2c(c1)ccc1ccccc12,-5.8400,-5.9607,0.1207,0.6522
random,2,GIN,Molecular graph,1010,CCNc1nc(NC(C)(C)C)nc(OC)n1,c1ncncn1,-3.2390,-2.7027,0.5363,0.6000
random,2,GIN,Molecular graph,398,CN(C(=O)COc1nc2ccccc2s1)c3ccccc3,O=C(COc1nc2ccccc2s1)Nc1ccccc1,-4.8730,-3.9552,0.9178,0.3333
random,2,GIN,Molecular graph,1024,Oc1c(Cl)cccc1Cl,c1ccccc1,-1.7900,-1.6678,0.1222,0.5500
random,2,GIN,Molecular graph,16,CCC(C)CO,,-0.4700,-0.6824,0.2124,0.5714
random,2,GIN,Molecular graph,255,CC(C)C(O)C(C)C,,-1.2200,-0.9673,0.2527,0.5455
random,2,GIN,Molecular graph,1082,CN(C)C(=O)N(C)C ,,0.9400,-0.0203,0.9603,0.5385
random,2,GIN,Molecular graph,115,Cn1cnc2n(C)c(=O)[nH]c(=O)c12 ,O=c1[nH]c(=O)c2[nH]cnc2[nH]1,-2.5230,-1.5511,0.9719,0.5294
random,2,GIN,Molecular graph,744,CC1(C)C(C=C(Cl)C(F)(F)F)C1C(=O)OC(C#N)c2cccc(Oc3ccccc3)c2,O=C(OCc1cccc(Oc2ccccc2)c1)C1CC1,-8.1760,-6.9080,1.2680,0.8421
random,2,GIN,Molecular graph,223,CNC(=O)Oc1cccc(N=CN(C)C)c1,c1ccccc1,-2.3400,-2.4187,0.0787,0.4872
random,2,GIN,Molecular graph,316,CCCCCCCCCCCCCCCCO,,-7.0000,-6.6901,0.3099,1.0000
random,2,GIN,Molecular graph,549,CCNc1nc(NC(C)(C)C)nc(SC)n1,c1ncncn1,-4.0000,-3.1238,0.8762,0.6000
random,2,GIN,Molecular graph,844,CC34CCC1C(CCc2cc(O)ccc12)C3CC(O)C4O ,c1ccc2c(c1)CCC1C2CCC2CCCC21,-4.9550,-3.8377,1.1173,0.7174
random,2,GIN,Molecular graph,296,CCCCCCCl,,-3.1200,-4.5448,1.4248,1.0000
random,2,GIN,Molecular graph,920,CC34CCC1C(CCC2CC(=O)CCC12C)C3CCC4O ,O=C1CCC2C(CCC3C4CCCC4CCC23)C1,-4.7430,-4.0162,0.7268,0.5319
random,2,GIN,Molecular graph,748,CCOP(=S)(OCC)Oc1ccc(cc1)S(C)=O ,c1ccccc1,-2.3000,-5.0148,2.7148,0.5641
random,2,GIN,Molecular graph,887,Clc1cccc(Br)c1,c1ccccc1,-3.2100,-3.3284,0.1184,0.6111
random,2,GIN,Molecular graph,497,c1ccc2cc3c4cccc5cccc(c3cc2c1)c45,c1ccc2cc3c(cc2c1)-c1cccc2cccc-3c12,-8.4900,-7.9145,0.5755,0.7368
random,2,GIN,Molecular graph,513,COc2ncc1nccnc1n2,c1cnc2ncncc2n1,-1.1100,-1.0730,0.0370,0.5517
random,2,GIN,Molecular graph,373,CC2Nc1cc(Cl)c(cc1C(=O)N2c3ccccc3C)S(N)(=O)=O ,O=C1c2ccccc2NCN1c1ccccc1,-3.7800,-3.6511,0.1289,0.4561
random,2,GIN,Molecular graph,629,Oc1cc(Cl)cc(Cl)c1Cl,c1ccccc1,-2.6700,-2.2636,0.4064,0.5714
random,2,GIN,Molecular graph,921,CCCC(O)C=C,,-0.5900,-0.9626,0.3726,0.4500
random,2,GIN,Molecular graph,1025,OCC2OC(OC1(CO)OC(CO)C(O)C1O)C(O)C(O)C2O ,C1CCC(OC2CCCO2)OC1,0.7900,-0.2195,1.0095,0.8421
random,2,GIN,Molecular graph,961,CC(=O)OC3(C)CCC4C2CCC1=CC(=O)CCC1(C)C2CCC34C ,O=C1C=C2CCC3C4CCCC4CCC3C2CC1,-5.2840,-4.4640,0.8200,0.6863
random,2,GIN,Molecular graph,822,Cc1ncc(N(=O)=O)n1CCO ,c1c[nH]cn1,-1.2600,-1.2384,0.0216,1.0000
random,2,GIN,Molecular graph,913,CC(=O)Nc1ccc(cc1)N(=O)=O,c1ccccc1,-2.6920,-2.4907,0.2013,0.5517
random,2,GIN,Molecular graph,793,CC(C)CCOC=O,,-1.5200,-1.2668,0.2532,0.5455
random,2,GIN,Molecular graph,220,c1cc2cccc3c4cccc5cccc(c(c1)c23)c54,c1cc2cccc3c4cccc5cccc(c(c1)c23)c54,-8.8040,-6.9104,1.8936,0.7500
random,2,GIN,Molecular graph,225,Cc3ccnc4N(C1CC1)c2ncccc2C(=O)Nc34 ,O=C1Nc2cccnc2N(C2CC2)c2ncccc21,-3.1900,-3.5204,0.3304,0.4909
random,2,GIN,Molecular graph,30,CCc1ccc(CC)cc1,c1ccccc1,-3.7500,-3.6946,0.0554,0.7333
random,2,GIN,Molecular graph,618,O=N(=O)OCC(CON(=O)=O)ON(=O)=O ,,-2.2200,-1.1219,1.0981,0.2500
random,2,GIN,Molecular graph,321,c1ccc2c(c1)c3cccc4c3c2cc5ccccc54,c1ccc2c(c1)-c1cccc3c1c-2cc1ccccc13,-8.2300,-7.8369,0.3931,0.5417
random,2,GIN,Molecular graph,970,Clc1cccc(Cl)c1c2c(Cl)cccc2Cl ,c1ccc(-c2ccccc2)cc1,-7.3900,-6.9469,0.4431,0.7500
random,2,GIN,Molecular graph,885,OC3N=C(c1ccccc1Cl)c2cc(Cl)ccc2NC3=O,O=C1CN=C(c2ccccc2)c2ccccc2N1,-3.6040,-3.7751,0.1711,0.7500
random,2,GIN,Molecular graph,1015,C1c2ccccc2c3ccc4ccccc4c13,c1ccc2c(c1)Cc1c-2ccc2ccccc12,-6.6800,-6.8163,0.1363,0.5000
random,2,GIN,Molecular graph,521,CC1CCCCC1NC(=O)Nc2ccccc2,O=C(Nc1ccccc1)NC1CCCCC1,-4.1100,-4.2113,0.1013,0.4848
random,2,GIN,Molecular graph,99,CC(C)c1ccccc1,c1ccccc1,-3.2700,-3.2384,0.0316,0.5789
random,2,GIN,Molecular graph,761,NS(=O)(=O)c2cc1c(NC(NS1(=O)=O)C(Cl)Cl)cc2Cl ,O=S1(=O)NCNc2ccccc21,-2.6800,-3.5022,0.8222,0.5319
random,2,GIN,Molecular graph,729,Clc1ccc(Cl)c(c1)c2cccc(Cl)c2Cl ,c1ccc(-c2ccccc2)cc1,-6.4700,-6.9296,0.4596,0.6522
random,2,GIN,Molecular graph,85,ClC(Cl)(Cl)C(Cl)(Cl)Cl,,-3.6700,-3.0055,0.6645,0.5000
random,2,GIN,Molecular graph,1090,O=C(C=CC=Cc2ccc1OCOc1c2)N3CCCCC3,O=C(C=CC=Cc1ccc2c(c1)OCO2)N1CCCCC1,-3.4600,-3.1653,0.2947,0.4419
random,2,GIN,Molecular graph,460,CCCCCO,,-0.6000,-1.0076,0.4076,0.9231
random,2,GIN,Molecular graph,510,O=C1N(COC(=O)C)C(=O)C(N1)(c2ccccc2)c3ccccc3,O=C1NC(=O)C(c2ccccc2)(c2ccccc2)N1,-4.4700,-4.1129,0.3571,0.7561
random,2,GIN,Molecular graph,445,Brc1ccc(I)cc1,c1ccccc1,-4.5600,-4.0608,0.4992,0.6154
random,2,GIN,Molecular graph,1116,COP(=S)(OC)Oc1ccc(Sc2ccc(OP(=S)(OC)OC)cc2)cc1,c1ccc(Sc2ccccc2)cc1,-6.2370,-5.6499,0.5871,0.5000
random,2,GIN,Molecular graph,1075,ICI,,-2.3400,-1.5775,0.7625,0.4286
random,2,GIN,Molecular graph,1045,CNC(=O)Oc1cc(C)cc(C)c1,c1ccccc1,-2.5810,-2.6964,0.1154,0.5806
random,2,GIN,Molecular graph,1071,ClC(Cl)C(Cl)(Cl)Cl,,-2.6000,-2.7011,0.1011,0.3333
random,2,GIN,Molecular graph,948,CCCCCCCC(=O)C,,-2.5800,-2.9791,0.3991,1.0000
random,2,GIN,Molecular graph,319,Clc1cc(Cl)c(cc1Cl)c2cccc(Cl)c2Cl ,c1ccc(-c2ccccc2)cc1,-7.2100,-7.2171,0.0071,0.7143
random,2,GIN,Molecular graph,62,CC34CC(O)C1(F)C(CCC2=CC(=O)C=CC12C)C3CC(O)C4(O)C(=O)CO,O=C1C=CC2C(=C1)CCC1C3CCCC3CCC21,-3.6800,-3.3051,0.3749,0.6818
random,2,GIN,Molecular graph,252,Cc1ccccc1Br,c1ccccc1,-2.2300,-2.8685,0.6385,0.5625
random,2,GIN,Molecular graph,776,CC1=CCCCC1,C1=CCCCC1,-3.2700,-2.9352,0.3348,0.3143
random,2,GIN,Molecular graph,1106,CC(C)(C)C(=O)C(Oc1ccc(Cl)cc1)n2cncn2,c1ccc(OCn2cncn2)cc1,-3.6100,-4.0782,0.4682,0.3077
random,2,GIN,Molecular graph,575,CCCCOC=O,,-1.3700,-0.8701,0.4999,0.4500
random,2,GIN,Molecular graph,262,Fc1cccc(F)c1C(=O)NC(=O)Nc2cc(Cl)c(F)c(Cl)c2F ,O=C(NC(=O)c1ccccc1)Nc1ccccc1,-7.2800,-5.9519,1.3281,0.5682
random,2,GIN,Molecular graph,546,Cc2c(N)c(=O)n(c1ccccc1)n2C,O=c1cc[nH]n1-c1ccccc1,-0.6240,-1.5781,0.9541,0.4857
random,2,GIN,Molecular graph,797,CC2(C)C1CCC(C)(C1)C2=O,O=C1CC2CCC1C2,-1.8500,-3.0083,1.1583,0.3750
random,2,GIN,Molecular graph,975,CCCCCCCCCCCCCCCC,,-8.4000,-8.1186,0.2814,1.0000
random,2,GIN,Molecular graph,661,Clc1ccc(c(Cl)c1)c2c(Cl)c(Cl)c(Cl)c(Cl)c2Cl,c1ccc(-c2ccccc2)cc1,-7.9200,-8.3675,0.4475,0.6800
random,2,GIN,Molecular graph,649,O=C1NC(=O)NC(=O)C1(C(C)C)CC=C,O=C1CC(=O)NC(=O)N1,-1.7080,-1.9508,0.2428,0.7097
random,2,GIN,Molecular graph,679,OCC(O)CO,,1.1200,0.9722,0.1478,0.5000
random,2,GIN,Molecular graph,102,C1OC(O)C(O)C(O)C1O,C1CCOCC1,0.3900,0.5865,0.1965,0.2800
random,2,GIN,Molecular graph,313,c1cnc2c(c1)ccc3ncccc23,c1cnc2c(c1)ccc1ncccc12,-2.6800,-2.5149,0.1651,0.4815
random,2,GIN,Molecular graph,515,C1N(C(=O)NCC(C)C)C(=O)NC1,O=C1NCCN1,-2.1500,-1.4775,0.6725,0.2500
random,2,GIN,Molecular graph,335,CC(C)CC(C)C,,-4.2600,-4.2623,0.0023,0.5385
random,2,GIN,Molecular graph,187,Clc1cc(Cl)c(Cl)c(Cl)c1,c1ccccc1,-4.6300,-4.5952,0.0348,0.6429
random,2,GIN,Molecular graph,268,Brc1cc(Br)c(Br)cc1Br,c1ccccc1,-6.9800,-5.0946,1.8854,0.4667
random,2,GIN,Molecular graph,672,ClC(Cl)C(c1ccc(Cl)cc1)c2ccccc2Cl ,c1ccc(Cc2ccccc2)cc1,-6.5100,-7.1449,0.6349,0.6154
random,2,GIN,Molecular graph,934,C,,-0.9000,-0.7294,0.1706,0.0667
random,2,GIN,Molecular graph,532,CC1CCCCC1,C1CCCCC1,-3.8500,-3.9911,0.1411,0.5833
random,2,GIN,Molecular graph,346,CCC1(C(=O)NC(=O)NC1=O)C2=CCC3CCC2C3,O=C1NC(=O)C(C2=CCC3CCC2C3)C(=O)N1,-2.6960,-3.0866,0.3906,0.4130
random,2,GIN,Molecular graph,414,ClC1=C(Cl)C2(Cl)C3C4CC(C=C4)C3C1(Cl)C2(Cl)Cl,C1=CC2CC1C1C3C=CC(C3)C21,-6.3070,-6.0933,0.2137,0.5000
random,2,GIN,Molecular graph,1092,CNC(=O)ON=C(CSC)C(C)(C)C ,,-1.6200,-2.1186,0.4986,0.4615
random,2,GIN,Molecular graph,553,CCCCI,,-2.9600,-2.9754,0.0154,0.5833
random,2,GIN,Molecular graph,823,CCCCCC1CCCC1,C1CCCC1,-6.0800,-5.9138,0.1662,0.6500
random,2,GIN,Molecular graph,152,CCCCCCO,,-1.2400,-1.8016,0.5616,1.0000
random,2,GIN,Molecular graph,615,CC1CC2C3CCC4=CC(=O)C=CC4(C)C3(F)C(O)CC2(C)C1(O)C(=O)CO,O=C1C=CC2C(=C1)CCC1C3CCCC3CCC21,-3.5900,-3.7175,0.1275,0.7143
random,2,GIN,Molecular graph,43,CC(C)C1CCC(C)CC1O ,C1CCCCC1,-2.5300,-2.4045,0.1255,0.3182
random,2,GIN,Molecular graph,1016,COc1ccccc1Cl,c1ccccc1,-2.4600,-2.0130,0.4470,0.5000
random,2,GIN,Molecular graph,640,CC1OC(CC(O)C1O)OC2C(O)CC(OC2C)OC8C(O)CC(OC7CCC3(C)C(CCC4C3CCC5(C)C(CCC45O)C6=CC(=O)OC6)C7)OC8C ,O=C1C=C(C2CCC3C2CCC2C4CCC(OC5CCC(OC6CCC(OC7CCCCO7)CO6)CO5)CC4CCC23)CO1,-5.2930,-3.0565,2.2365,0.8133
random,2,GIN,Molecular graph,700,CCOP(=S)(OCC)SCSP(=S)(OCC)OCC,,-5.5400,-5.3922,0.1478,0.7727
random,2,GIN,Molecular graph,968,CCCCCCCCOC(=O)c1ccccc1C(=O)OCCCCCCCC ,c1ccccc1,-5.1150,-6.0528,0.9378,0.8571
random,2,GIN,Molecular graph,58,Cc1cc2c3ccccc3ccc2c4ccccc14,c1ccc2c(c1)ccc1c3ccccc3ccc21,-6.5700,-6.5660,0.0040,0.7200
random,2,GIN,Molecular graph,714,Brc1ccccc1,c1ccccc1,-2.5500,-2.5982,0.0482,0.5833
random,2,GIN,Molecular graph,208,Fc1ccccc1,c1ccccc1,-1.8000,-2.3410,0.5410,0.5333
random,2,GIN,Molecular graph,64,O=C(Cn1ccnc1N(=O)=O)NCc2ccccc2,O=C(Cn1ccnc1)NCc1ccccc1,-2.8100,-2.6216,0.1884,0.2727
random,2,GIN,Molecular graph,207,Oc2ccc1ncccc1c2 ,c1ccc2ncccc2c1,-2.1600,-1.2795,0.8805,0.5385
random,2,GIN,Molecular graph,420,CC(=O)C1CCC2C3CCC4=CC(=O)CCC4(C)C3CCC12C,O=C1C=C2CCC3C4CCCC4CCC3C2CC1,-4.4200,-4.2991,0.1209,0.7234
random,2,GIN,Molecular graph,46,CC(=O)Nc1ccc(Br)cc1,c1ccccc1,-3.0830,-2.7593,0.3237,0.6400
random,2,GIN,Molecular graph,496,Nc2cccc3nc1ccccc1cc23 ,c1ccc2nc3ccccc3cc2c1,-4.2200,-3.4888,0.7312,0.5185
random,2,GIN,Molecular graph,1048,NC(=O)c1ccccc1,c1ccccc1,-0.9600,-1.2851,0.3251,0.5789
random,2,GIN,Molecular graph,589,Fc1ccccc1Br,c1ccccc1,-2.7000,-3.0781,0.3781,0.3913
random,2,GIN,Molecular graph,344,CCC(C)C(=O)OC2CC(C)C=C3C=CC(C)C(CCC1CC(O)CC(=O)O1)C23 ,O=C1CCCC(CCC2CC=CC3=CCCCC32)O1,-6.0050,-3.6795,2.3255,0.1774
random,2,GIN,Molecular graph,980,Fc1ccc(F)cc1,c1ccccc1,-1.9700,-3.3568,1.3868,0.4286
random,2,GIN,Molecular graph,1081,CC=CC=O,,0.3200,-0.8652,1.1852,0.2778
random,2,GIN,Molecular graph,769,NNc1ccccc1,c1ccccc1,0.0700,-1.0100,1.0800,0.5294
random,2,GIN,Molecular graph,459,c2ccc1ocnc1c2,c1ccc2ocnc2c1,-1.1600,-1.1116,0.0484,0.3448
random,2,GIN,Molecular graph,228,CC(C)=CCCC(O)(C)C=C,,-1.9900,-1.9462,0.0438,0.3226
random,2,GIN,Molecular graph,785,NC(=O)N,,0.9600,0.6764,0.2836,0.5556
random,2,GIN,Molecular graph,339,c3ccc2nc1ccccc1cc2c3,c1ccc2nc3ccccc3cc2c1,-3.6700,-4.0013,0.3313,0.5625
random,2,GIN,Molecular graph,37,CN(C)C(=O)SCCCCOc1ccccc1,c1ccccc1,-3.9270,-2.8617,1.0653,0.4167
random,2,GIN,Molecular graph,287,ClC(Cl)C(Cl)Cl,,-1.7400,-2.4077,0.6677,0.5000
random,2,GIN,Molecular graph,286,C(Cc1ccccc1)c2ccccc2,c1ccc(CCc2ccccc2)cc1,-4.6200,-3.7687,0.8513,0.6471
random,2,GIN,Molecular graph,611,c1ccc2c(c1)ccc3ccccc32,c1ccc2c(c1)ccc1ccccc12,-5.2600,-5.3636,0.1036,0.8571
random,2,GIN,Molecular graph,356,C/C=C/C=O,,0.3200,-0.8908,1.2108,0.2778
random,2,GIN,Molecular graph,840,COCOC,,0.4800,0.3271,0.1529,0.3571
random,2,GIN,Molecular graph,193,CCC(C)Cl,,-1.9600,-2.3667,0.4067,0.5385
random,3,Dummy (mean),RDKit descriptors,784,Oc1c(Cl)ccc(Cl)c1Cl,c1ccccc1,-2.6400,-3.0586,0.4186,0.5625
random,3,Dummy (mean),RDKit descriptors,593,O=C1N(COC(=O)CC)C(=O)C(N1)(c2ccccc2)c3ccccc3,O=C1NC(=O)C(c2ccccc2)(c2ccccc2)N1,-4.9070,-3.0586,1.8484,0.8095
random,3,Dummy (mean),RDKit descriptors,136,CC(C)(C)c1ccc(O)cc1,c1ccccc1,-2.4100,-3.0586,0.6486,0.5000
random,3,Dummy (mean),RDKit descriptors,297,Clc1cc(c(Cl)c(Cl)c1Cl)c2cc(Cl)c(Cl)c(Cl)c2Cl,c1ccc(-c2ccccc2)cc1,-9.1600,-3.0586,6.1014,0.6364
random,3,Dummy (mean),RDKit descriptors,122,Clc1cc(Cl)c(Cl)c(Cl)c1Cl,c1ccccc1,-5.6500,-3.0586,2.5914,0.6429
random,3,Dummy (mean),RDKit descriptors,916,c2ccc1[nH]ncc1c2 ,c1ccc2[nH]ncc2c1,-2.1600,-3.0586,0.8986,0.3846
random,3,Dummy (mean),RDKit descriptors,278,ClCC(Cl)Cl,,-1.4800,-3.0586,1.5786,0.5000
random,3,Dummy (mean),RDKit descriptors,961,CC(=O)OC3(C)CCC4C2CCC1=CC(=O)CCC1(C)C2CCC34C ,O=C1C=C2CCC3C4CCCC4CCC3C2CC1,-5.2840,-3.0586,2.2254,0.6735
random,3,Dummy (mean),RDKit descriptors,997,Nc2cnn(c1ccccc1)c(=O)c2Cl,O=c1cccnn1-c1ccccc1,-2.8780,-3.0586,0.1806,0.6571
random,3,Dummy (mean),RDKit descriptors,115,Cn1cnc2n(C)c(=O)[nH]c(=O)c12 ,O=c1[nH]c(=O)c2[nH]cnc2[nH]1,-2.5230,-3.0586,0.5356,0.3429
random,3,Dummy (mean),RDKit descriptors,903,CCOC(=O)CC,,-0.6600,-3.0586,2.3986,0.6667
random,3,Dummy (mean),RDKit descriptors,437,ClCCCl,,-1.0600,-3.0586,1.9986,0.5000
random,3,Dummy (mean),RDKit descriptors,857,c1ccccc1SC,c1ccccc1,-2.3900,-3.0586,0.6686,0.3889
random,3,Dummy (mean),RDKit descriptors,1115,O=C1NC(=O)C(=O)N1 ,O=C1NC(=O)C(=O)N1,-0.4000,-3.0586,2.6586,0.6923
random,3,Dummy (mean),RDKit descriptors,138,Clc1cccc(I)c1,c1ccccc1,-3.5500,-3.0586,0.4914,0.6111
random,3,Dummy (mean),RDKit descriptors,454,CCCCC(C)O,,-0.8900,-3.0586,2.1686,0.8235
random,3,Dummy (mean),RDKit descriptors,9,COc5cc4OCC3Oc2c1CC(Oc1ccc2C(=O)C3c4cc5OC)C(C)=C ,O=C1c2ccc3c(c2OC2COc4ccccc4C12)CCO3,-4.4200,-3.0586,1.3614,0.2121
random,3,Dummy (mean),RDKit descriptors,713,CC(C)OC(=O)C,,-0.5500,-3.0586,2.5086,0.4348
random,3,Dummy (mean),RDKit descriptors,56,CC(C)CCC(C)(C)C,,-5.0500,-3.0586,1.9914,0.4444
random,3,Dummy (mean),RDKit descriptors,302,Nc1ccc(cc1)S(N)(=O)=O,c1ccccc1,-1.3400,-3.0586,1.7186,0.6500
random,3,Dummy (mean),RDKit descriptors,307,ClC(Cl)(Cl)Cl,,-2.3100,-3.0586,0.7486,0.5000
random,3,Dummy (mean),RDKit descriptors,940,CN(=O)=O,,0.2600,-3.0586,3.3186,0.4615
random,3,Dummy (mean),RDKit descriptors,140,CC/C=C/C,,-2.5400,-3.0586,0.5186,1.0000
random,3,Dummy (mean),RDKit descriptors,887,Clc1cccc(Br)c1,c1ccccc1,-3.2100,-3.0586,0.1514,0.6111
random,3,Dummy (mean),RDKit descriptors,494,CCC,,-1.9400,-3.0586,1.1186,0.5000
random,3,Dummy (mean),RDKit descriptors,927,Nc1nc(=O)[nH]cc1F,O=c1nccc[nH]1,-0.9720,-3.0586,2.0866,0.2632
random,3,Dummy (mean),RDKit descriptors,147,CCC1(CCC(C)C)C(=O)NC(=O)NC1=O,O=C1CC(=O)NC(=O)N1,-2.4680,-3.0586,0.5906,1.0000
random,3,Dummy (mean),RDKit descriptors,877,ClCC#CCOC(=O)Nc1cccc(Cl)c1,c1ccccc1,-4.3700,-3.0586,1.3114,0.5319
random,3,Dummy (mean),RDKit descriptors,30,CCc1ccc(CC)cc1,c1ccccc1,-3.7500,-3.0586,0.6914,0.6667
random,3,Dummy (mean),RDKit descriptors,567,Clc1cc(Cl)c(Cl)cc1Cl,c1ccccc1,-5.5600,-3.0586,2.5014,0.5385
random,3,Dummy (mean),RDKit descriptors,470,CC(C)C(C)O,,-0.1800,-3.0586,2.8786,0.5000
random,3,Dummy (mean),RDKit descriptors,917,CC5(C)OC4CC3C2CCC1=CC(=O)C=CC1(C)C2(F)C(O)CC3(C)C4(O5)C(=O)CO ,O=C1C=CC2C(=C1)CCC1C2CCC2C1CC1OCOC12,-4.3100,-3.0586,1.2514,0.6818
random,3,Dummy (mean),RDKit descriptors,514,CNC(=O)Oc1ccccc1C2OCCO2,c1ccc(C2OCCO2)cc1,-1.5700,-3.0586,1.4886,0.4878
random,3,Dummy (mean),RDKit descriptors,925,CCN2c1nc(N(C)(CCO))ccc1NC(=O)c3cccnc23 ,O=C1Nc2cccnc2Nc2ncccc21,-3.3600,-3.0586,0.3014,0.5167
random,3,Dummy (mean),RDKit descriptors,15,CC(C)Cl,,-1.4100,-3.0586,1.6486,0.8333
random,3,Dummy (mean),RDKit descriptors,652,CC1(C)CON(Cc2ccccc2Cl)C1=O,O=C1CCON1Cc1ccccc1,-2.3380,-3.0586,0.7206,0.2703
random,3,Dummy (mean),RDKit descriptors,159,Cc1ccc(Cl)cc1,c1ccccc1,-3.0800,-3.0586,0.0214,0.6154
random,3,Dummy (mean),RDKit descriptors,191,COCC(=O)N(C(C)C(=O)OC)c1c(C)cccc1C ,c1ccccc1,-1.6010,-3.0586,1.4576,0.3333
random,3,Dummy (mean),RDKit descriptors,178,CCCCC(=O)CCCC,,-2.5800,-3.0586,0.4786,0.6250
random,3,Dummy (mean),RDKit descriptors,707,COCCCNc1nc(NC(C)C)nc(SC)n1,c1ncncn1,-2.9280,-3.0586,0.1306,0.6154
random,3,Dummy (mean),RDKit descriptors,254,CC(=O)OC3(CCC4C2C=C(C)C1=CC(=O)CCC1(C)C2CCC34C)C(C)=O ,O=C1C=C2C=CC3C4CCCC4CCC3C2CC1,-5.3500,-3.0586,2.2914,0.7170
random,3,Dummy (mean),RDKit descriptors,771,C1CCCCCCC1,C1CCCCCCC1,-4.1500,-3.0586,1.0914,1.0000
random,3,Dummy (mean),RDKit descriptors,578,CC34CC(=O)C1C(CCC2=CC(=O)CCC12C)C3CCC4(=O) ,O=C1C=C2CCC3C4CCC(=O)C4CC(=O)C3C2CC1,-3.4800,-3.0586,0.4214,0.6977
random,3,Dummy (mean),RDKit descriptors,767,CCCCCCCC,,-5.2400,-3.0586,2.1814,1.0000
random,3,Dummy (mean),RDKit descriptors,591,CC1(C)C(C=C(Cl)Cl)C1C(=O)OCc2cccc(Oc3ccccc3)c2,O=C(OCc1cccc(Oc2ccccc2)c1)C1CC1,-6.2910,-3.0586,3.2324,0.8367
random,3,Dummy (mean),RDKit descriptors,751,CCCCCCC,,-4.5300,-3.0586,1.4714,1.0000
random,3,Dummy (mean),RDKit descriptors,768,c1ccc2cc3ccccc3cc2c1,c1ccc2cc3ccccc3cc2c1,-6.3500,-3.0586,3.2914,0.9091
random,3,Dummy (mean),RDKit descriptors,430,CCN(CC)C(=S)SSC(=S)N(CC)CC,,-4.8600,-3.0586,1.8014,0.4815
random,3,Dummy (mean),RDKit descriptors,1038,Cn1cnc2n(C)c(=O)n(C)c(=O)c12,O=c1[nH]c(=O)c2[nH]cnc2[nH]1,-0.8760,-3.0586,2.1826,0.5250
random,3,Dummy (mean),RDKit descriptors,1084,CC(=O)OC3(CCC4C2CCC1=CC(=O)CCC1C2CCC34C)C#C,O=C1C=C2CCC3C4CCCC4CCC3C2CC1,-4.8000,-3.0586,1.7414,0.4091
random,3,Dummy (mean),RDKit descriptors,422,ClC(Cl)C(Cl)(Cl)SN2C(=O)C1CC=CCC1C2=O ,O=C1NC(=O)C2CC=CCC12,-5.4000,-3.0586,2.3414,0.1930
random,3,Dummy (mean),RDKit descriptors,847,c1(O)cc(O)ccc1CCCCCC,c1ccccc1,-2.5900,-3.0586,0.4686,0.3939
random,3,Dummy (mean),RDKit descriptors,203,CCOP(=S)(OCC)ON=C(C#N)c1ccccc1,c1ccccc1,-4.8620,-3.0586,1.8034,0.3256
random,3,Dummy (mean),RDKit descriptors,609,CCCC(=O)OCC,,-1.3600,-3.0586,1.6986,0.6818
random,3,Dummy (mean),RDKit descriptors,1010,CCNc1nc(NC(C)(C)C)nc(OC)n1,c1ncncn1,-3.2390,-3.0586,0.1804,0.6000
random,3,Dummy (mean),RDKit descriptors,754,COc2cc1c(N)nc(nc1c(OC)c2OC)N3CCN(CC3)C(=O)OCC(C)(C)O ,c1ccc2nc(N3CCNCC3)ncc2c1,-3.6380,-3.0586,0.5794,0.1972
random,3,Dummy (mean),RDKit descriptors,878,CC(=O)Nc1ccc(Cl)cc1,c1ccccc1,-2.8430,-3.0586,0.2156,0.6154
random,3,Dummy (mean),RDKit descriptors,975,CCCCCCCCCCCCCCCC,,-8.4000,-3.0586,5.3414,1.0000
random,3,Dummy (mean),RDKit descriptors,1071,ClC(Cl)C(Cl)(Cl)Cl,,-2.6000,-3.0586,0.4586,0.3333
random,3,Dummy (mean),RDKit descriptors,487,OCc1ccccc1,c1ccccc1,-0.4000,-3.0586,2.6586,0.5294
random,3,Dummy (mean),RDKit descriptors,1023,CC(C)c1ccc(C)cc1,c1ccccc1,-3.7700,-3.0586,0.7114,0.5333
random,3,Dummy (mean),RDKit descriptors,195,CC(C)Oc1cc(c(Cl)cc1Cl)n2nc(oc2=O)C(C)(C)C,O=c1ocnn1-c1ccccc1,-5.6960,-3.0586,2.6374,0.4746
random,3,Dummy (mean),RDKit descriptors,637,c1ccc2c(c1)cc3ccc4cccc5ccc2c3c45,c1ccc2c(c1)cc1ccc3cccc4ccc2c1c34,-8.6990,-3.0586,5.6404,0.6087
random,3,Dummy (mean),RDKit descriptors,1004,c1ccc2c(c1)c3cccc4ccc5cccc2c5c43,c1ccc2c(c1)c1cccc3ccc4cccc2c4c31,-7.8000,-3.0586,4.7414,0.8235
random,3,Dummy (mean),RDKit descriptors,1003,CCCCS,,-2.1800,-3.0586,0.8786,0.5000
random,3,Dummy (mean),RDKit descriptors,761,NS(=O)(=O)c2cc1c(NC(NS1(=O)=O)C(Cl)Cl)cc2Cl ,O=S1(=O)NCNc2ccccc21,-2.6800,-3.0586,0.3786,0.5319
random,3,Dummy (mean),RDKit descriptors,1034,C2c1ccccc1N(CCF)C(=O)c3ccccc23 ,O=C1Nc2ccccc2Cc2ccccc21,-4.7990,-3.0586,1.7404,0.3939
random,3,Dummy (mean),RDKit descriptors,1017,COP(=S)(OC)Oc1cc(Cl)c(Br)cc1Cl,c1ccccc1,-6.0900,-3.0586,3.0314,0.7333
random,3,Dummy (mean),RDKit descriptors,1126,CCC(C)C,,-3.1800,-3.0586,0.1214,0.5455
random,3,Dummy (mean),RDKit descriptors,157,NC(=O)CCl ,,-0.0200,-3.0586,3.0386,0.4167
random,3,Dummy (mean),RDKit descriptors,725,OC(c1ccc(Cl)cc1)(c2cncnc2)c3ccccc3Cl,c1ccc(C(c2ccccc2)c2cncnc2)cc1,-4.3800,-3.0586,1.3214,0.3514
random,3,Dummy (mean),RDKit descriptors,1101,Cl\C=C/Cl,,-1.3000,-3.0586,1.7586,0.3750
random,3,Dummy (mean),RDKit descriptors,550,CCC(C)CCO,,-0.7100,-3.0586,2.3486,0.5556
random,3,Dummy (mean),RDKit descriptors,585,Nc1c(C)c[nH]c(=O)n1 ,O=c1nccc[nH]1,-1.4580,-3.0586,1.6006,0.3667
random,3,Dummy (mean),RDKit descriptors,76,O=C1N(COC(=O)CCCCC)C(=O)C(N1)(c2ccccc2)c3ccccc3,O=C1NC(=O)C(c2ccccc2)(c2ccccc2)N1,-5.8860,-3.0586,2.8274,0.9767
random,3,Dummy (mean),RDKit descriptors,350,CC(C)O,,0.4300,-3.0586,3.4886,0.4545
random,3,Dummy (mean),RDKit descriptors,417,Clc1cccc(c1Cl)c2cccc(Cl)c2Cl,c1ccc(-c2ccccc2)cc1,-7.2800,-3.0586,4.2214,0.7143
random,3,Dummy (mean),RDKit descriptors,1099,CCC(CC)CO,,-1.1700,-3.0586,1.8886,0.5789
random,3,Dummy (mean),RDKit descriptors,390,Cc1ccc2cc3ccccc3cc2c1,c1ccc2cc3ccccc3cc2c1,-6.9600,-3.0586,3.9014,0.8421
random,3,Dummy (mean),RDKit descriptors,820,CCCCCBr,,-3.0800,-3.0586,0.0214,0.9231
random,3,Dummy (mean),RDKit descriptors,875,OCC1OC(O)(CO)C(O)C1O,C1CCOC1,0.6400,-3.0586,3.6986,0.4211
random,3,Dummy (mean),RDKit descriptors,371,O=N(=O)c1ccccc1,c1ccccc1,-1.8000,-3.0586,1.2586,0.7059
random,3,Dummy (mean),RDKit descriptors,14,CCCCCCCCCCCCCC,,-7.9600,-3.0586,4.9014,1.0000
random,3,Dummy (mean),RDKit descriptors,743,CCCCCC(C)C,,-5.0800,-3.0586,2.0214,0.5789
random,3,Dummy (mean),RDKit descriptors,541,CC(=O)C1(O)CCC2C3CCC4=CC(=O)CCC4(C)C3CCC21C,O=C1C=C2CCC3C4CCCC4CCC3C2CC1,-3.8170,-3.0586,0.7584,0.7391
random,3,Dummy (mean),RDKit descriptors,359,CCCCCC(=O)OC,,-1.8700,-3.0586,1.1886,0.9500
random,3,Dummy (mean),RDKit descriptors,762,CC=C(C)C,,-2.5600,-3.0586,0.4986,0.3077
random,3,Dummy (mean),RDKit descriptors,332,CCCOC=O,,-0.4900,-3.0586,2.5686,0.6842
random,3,Dummy (mean),RDKit descriptors,697,CCc1ccc(C)cc1,c1ccccc1,-3.1100,-3.0586,0.0514,0.5333
random,3,Dummy (mean),RDKit descriptors,705,CCCC(C)(C)CO,,-1.5200,-3.0586,1.5386,0.5556
random,3,Dummy (mean),RDKit descriptors,269,CC(C)CC(=O)C,,-0.7400,-3.0586,2.3186,0.4118
random,3,Dummy (mean),RDKit descriptors,149,Fc1c[nH]c(=O)[nH]c1=O ,O=c1cc[nH]c(=O)[nH]1,-1.0770,-3.0586,1.9816,0.5200
random,3,Dummy (mean),RDKit descriptors,148,CCC(=O)C,,0.5200,-3.0586,3.5786,0.5385
random,3,Dummy (mean),RDKit descriptors,79,CCCC1COC(Cn2cncn2)(O1)c3ccc(Cl)cc3Cl,c1ccc(C2(Cn3cncn3)OCCO2)cc1,-3.4930,-3.0586,0.4344,0.2361
random,3,Dummy (mean),RDKit descriptors,330,CC(C)OP(=S)(OC(C)C)SCCNS(=O)(=O)c1ccccc1,c1ccccc1,-4.2000,-3.0586,1.1414,0.2623
random,3,Dummy (mean),RDKit descriptors,848,C=CCS(=O)SCC=C,,-0.8300,-3.0586,2.2286,0.2273
random,3,Dummy (mean),RDKit descriptors,272,CC1(C)C(C=C(Br)Br)C1C(=O)OC(C#N)c2cccc(Oc3ccccc3)c2,O=C(OCc1cccc(Oc2ccccc2)c1)C1CC1,-8.4020,-3.0586,5.3434,0.7667
random,3,Dummy (mean),RDKit descriptors,669,Nc1cc[nH]c(=O)n1 ,O=c1nccc[nH]1,-1.1550,-3.0586,1.9036,0.3214
random,3,Dummy (mean),RDKit descriptors,1032,Oc1c(Cl)cc(Cl)cc1Cl,c1ccccc1,-2.3400,-3.0586,0.7186,0.6667
random,3,Dummy (mean),RDKit descriptors,255,CC(C)C(O)C(C)C,,-1.2200,-3.0586,1.8386,0.4615
random,3,Dummy (mean),RDKit descriptors,818,CCCSCCC,,-2.5800,-3.0586,0.4786,0.3846
random,3,Dummy (mean),RDKit descriptors,289,Cc1ccc2c(ccc3ccccc32)c1,c1ccc2c(c1)ccc1ccccc12,-5.8400,-3.0586,2.7814,0.6522
random,3,Dummy (mean),RDKit descriptors,794,CC(=O)c1ccccc1,c1ccccc1,-1.2800,-3.0586,1.7786,0.5789
random,3,Dummy (mean),RDKit descriptors,482,CC(C)C(Nc1ccc(cc1Cl)C(F)(F)F)C(=O)OC(C#N)c2cccc(Oc3ccccc3)c2,O=C(CNc1ccccc1)OCc1cccc(Oc2ccccc2)c1,-8.0030,-3.0586,4.9444,0.5139
random,3,Dummy (mean),RDKit descriptors,59,CCCC(=O)C,,-0.1900,-3.0586,2.8686,0.6471
random,3,Dummy (mean),RDKit descriptors,263,O=C1N(COC(=O)CCCC)C(=O)C(N1)(c2ccccc2)c3ccccc3,O=C1NC(=O)C(c2ccccc2)(c2ccccc2)N1,-4.6780,-3.0586,1.6194,0.9091
random,3,Dummy (mean),RDKit descriptors,144,Cc1cccc(C)c1,c1ccccc1,-2.8200,-3.0586,0.2386,0.6111
random,3,Dummy (mean),RDKit descriptors,569,CCCCCC=C,,-3.7300,-3.0586,0.6714,0.9375
random,3,Dummy (mean),RDKit descriptors,711,CC(=O)OCC(=O)C3(O)CCC4C2CCC1=CC(=O)C=CC1(C)C2C(O)CC34C ,O=C1C=CC2C(=C1)CCC1C3CCCC3CCC21,-4.3700,-3.0586,1.3114,0.7833
random,3,Dummy (mean),RDKit descriptors,1078,Oc1c(Cl)c(Cl)cc(Cl)c1Cl,c1ccccc1,-3.3700,-3.0586,0.3114,0.6667
random,3,Dummy (mean),RDKit descriptors,1013,CNC(=O)Oc1ccccc1C(C)C,c1ccccc1,-2.8630,-3.0586,0.1956,0.6471
random,3,Dummy (mean),RDKit descriptors,659,OC(Cn1cncn1)(Cn2cncn2)c3ccc(F)cc3F ,c1ccc(C(Cn2cncn2)Cn2cncn2)cc1,-1.8000,-3.0586,1.2586,0.5417
random,3,Dummy (mean),RDKit descriptors,760,c1cC2C(=O)NC(=O)C2cc1,O=C1NC(=O)C2C=CC=CC12,-2.9320,-3.0586,0.1266,0.2400
random,3,Linear,RDKit descriptors,784,Oc1c(Cl)ccc(Cl)c1Cl,c1ccccc1,-2.6400,-3.8258,1.1858,0.5625
random,3,Linear,RDKit descriptors,593,O=C1N(COC(=O)CC)C(=O)C(N1)(c2ccccc2)c3ccccc3,O=C1NC(=O)C(c2ccccc2)(c2ccccc2)N1,-4.9070,-3.8739,1.0331,0.8095
random,3,Linear,RDKit descriptors,136,CC(C)(C)c1ccc(O)cc1,c1ccccc1,-2.4100,-3.0193,0.6093,0.5000
random,3,Linear,RDKit descriptors,297,Clc1cc(c(Cl)c(Cl)c1Cl)c2cc(Cl)c(Cl)c(Cl)c2Cl,c1ccc(-c2ccccc2)cc1,-9.1600,-9.2207,0.0607,0.6364
random,3,Linear,RDKit descriptors,122,Clc1cc(Cl)c(Cl)c(Cl)c1Cl,c1ccccc1,-5.6500,-5.2699,0.3801,0.6429
random,3,Linear,RDKit descriptors,916,c2ccc1[nH]ncc1c2 ,c1ccc2[nH]ncc2c1,-2.1600,-2.1317,0.0283,0.3846
random,3,Linear,RDKit descriptors,278,ClCC(Cl)Cl,,-1.4800,-1.9670,0.4870,0.5000
random,3,Linear,RDKit descriptors,961,CC(=O)OC3(C)CCC4C2CCC1=CC(=O)CCC1(C)C2CCC34C ,O=C1C=C2CCC3C4CCCC4CCC3C2CC1,-5.2840,-5.7114,0.4274,0.6735
random,3,Linear,RDKit descriptors,997,Nc2cnn(c1ccccc1)c(=O)c2Cl,O=c1cccnn1-c1ccccc1,-2.8780,-2.6657,0.2123,0.6571
random,3,Linear,RDKit descriptors,115,Cn1cnc2n(C)c(=O)[nH]c(=O)c12 ,O=c1[nH]c(=O)c2[nH]cnc2[nH]1,-2.5230,-0.3751,2.1479,0.3429
random,3,Linear,RDKit descriptors,903,CCOC(=O)CC,,-0.6600,-1.0847,0.4247,0.6667
random,3,Linear,RDKit descriptors,437,ClCCCl,,-1.0600,-1.3221,0.2621,0.5000
random,3,Linear,RDKit descriptors,857,c1ccccc1SC,c1ccccc1,-2.3900,-2.5379,0.1479,0.3889
random,3,Linear,RDKit descriptors,1115,O=C1NC(=O)C(=O)N1 ,O=C1NC(=O)C(=O)N1,-0.4000,0.6809,1.0809,0.6923
random,3,Linear,RDKit descriptors,138,Clc1cccc(I)c1,c1ccccc1,-3.5500,-3.5342,0.0158,0.6111
random,3,Linear,RDKit descriptors,454,CCCCC(C)O,,-0.8900,-1.5292,0.6392,0.8235
random,3,Linear,RDKit descriptors,9,COc5cc4OCC3Oc2c1CC(Oc1ccc2C(=O)C3c4cc5OC)C(C)=C ,O=C1c2ccc3c(c2OC2COc4ccccc4C12)CCO3,-4.4200,-5.1950,0.7750,0.2121
random,3,Linear,RDKit descriptors,713,CC(C)OC(=O)C,,-0.5500,-1.1121,0.5621,0.4348
random,3,Linear,RDKit descriptors,56,CC(C)CCC(C)(C)C,,-5.0500,-3.1771,1.8729,0.4444
random,3,Linear,RDKit descriptors,302,Nc1ccc(cc1)S(N)(=O)=O,c1ccccc1,-1.3400,-1.2072,0.1328,0.6500
random,3,Linear,RDKit descriptors,307,ClC(Cl)(Cl)Cl,,-2.3100,-2.5438,0.2338,0.5000
random,3,Linear,RDKit descriptors,940,CN(=O)=O,,0.2600,-0.1694,0.4294,0.4615
random,3,Linear,RDKit descriptors,140,CC/C=C/C,,-2.5400,-1.6419,0.8981,1.0000
random,3,Linear,RDKit descriptors,887,Clc1cccc(Br)c1,c1ccccc1,-3.2100,-3.4677,0.2577,0.6111
random,3,Linear,RDKit descriptors,494,CCC,,-1.9400,-1.0700,0.8700,0.5000
random,3,Linear,RDKit descriptors,927,Nc1nc(=O)[nH]cc1F,O=c1nccc[nH]1,-0.9720,-0.6005,0.3715,0.2632
random,3,Linear,RDKit descriptors,147,CCC1(CCC(C)C)C(=O)NC(=O)NC1=O,O=C1CC(=O)NC(=O)N1,-2.4680,-2.1744,0.2936,1.0000
random,3,Linear,RDKit descriptors,877,ClCC#CCOC(=O)Nc1cccc(Cl)c1,c1ccccc1,-4.3700,-3.9060,0.4640,0.5319
random,3,Linear,RDKit descriptors,30,CCc1ccc(CC)cc1,c1ccccc1,-3.7500,-2.8500,0.9000,0.6667
random,3,Linear,RDKit descriptors,567,Clc1cc(Cl)c(Cl)cc1Cl,c1ccccc1,-5.5600,-4.5676,0.9924,0.5385
random,3,Linear,RDKit descriptors,470,CC(C)C(C)O,,-0.1800,-1.0577,0.8777,0.5000
random,3,Linear,RDKit descriptors,917,CC5(C)OC4CC3C2CCC1=CC(=O)C=CC1(C)C2(F)C(O)CC3(C)C4(O5)C(=O)CO ,O=C1C=CC2C(=C1)CCC1C2CCC2C1CC1OCOC12,-4.3100,-4.3686,0.0586,0.6818
random,3,Linear,RDKit descriptors,514,CNC(=O)Oc1ccccc1C2OCCO2,c1ccc(C2OCCO2)cc1,-1.5700,-2.4359,0.8659,0.4878
random,3,Linear,RDKit descriptors,925,CCN2c1nc(N(C)(CCO))ccc1NC(=O)c3cccnc23 ,O=C1Nc2cccnc2Nc2ncccc21,-3.3600,-3.1891,0.1709,0.5167
random,3,Linear,RDKit descriptors,15,CC(C)Cl,,-1.4100,-1.4104,0.0004,0.8333
random,3,Linear,RDKit descriptors,652,CC1(C)CON(Cc2ccccc2Cl)C1=O,O=C1CCON1Cc1ccccc1,-2.3380,-3.3226,0.9846,0.2703
random,3,Linear,RDKit descriptors,159,Cc1ccc(Cl)cc1,c1ccccc1,-3.0800,-2.7872,0.2928,0.6154
random,3,Linear,RDKit descriptors,191,COCC(=O)N(C(C)C(=O)OC)c1c(C)cccc1C ,c1ccccc1,-1.6010,-2.9037,1.3027,0.3333
random,3,Linear,RDKit descriptors,178,CCCCC(=O)CCCC,,-2.5800,-2.7987,0.2187,0.6250
random,3,Linear,RDKit descriptors,707,COCCCNc1nc(NC(C)C)nc(SC)n1,c1ncncn1,-2.9280,-2.9453,0.0173,0.6154
random,3,Linear,RDKit descriptors,254,CC(=O)OC3(CCC4C2C=C(C)C1=CC(=O)CCC1(C)C2CCC34C)C(C)=O ,O=C1C=C2C=CC3C4CCCC4CCC3C2CC1,-5.3500,-5.7676,0.4176,0.7170
random,3,Linear,RDKit descriptors,771,C1CCCCCCC1,C1CCCCCCC1,-4.1500,-2.8599,1.2901,1.0000
random,3,Linear,RDKit descriptors,578,CC34CC(=O)C1C(CCC2=CC(=O)CCC12C)C3CCC4(=O) ,O=C1C=C2CCC3C4CCC(=O)C4CC(=O)C3C2CC1,-3.4800,-4.2349,0.7549,0.6977
random,3,Linear,RDKit descriptors,767,CCCCCCCC,,-5.2400,-2.9404,2.2996,1.0000
random,3,Linear,RDKit descriptors,591,CC1(C)C(C=C(Cl)Cl)C1C(=O)OCc2cccc(Oc3ccccc3)c2,O=C(OCc1cccc(Oc2ccccc2)c1)C1CC1,-6.2910,-6.9928,0.7018,0.8367
random,3,Linear,RDKit descriptors,751,CCCCCCC,,-4.5300,-2.5663,1.9637,1.0000
random,3,Linear,RDKit descriptors,768,c1ccc2cc3ccccc3cc2c1,c1ccc2cc3ccccc3cc2c1,-6.3500,-4.2829,2.0671,0.9091
random,3,Linear,RDKit descriptors,430,CCN(CC)C(=S)SSC(=S)N(CC)CC,,-4.8600,-4.0406,0.8194,0.4815
random,3,Linear,RDKit descriptors,1038,Cn1cnc2n(C)c(=O)n(C)c(=O)c12,O=c1[nH]c(=O)c2[nH]cnc2[nH]1,-0.8760,-0.3364,0.5396,0.5250
random,3,Linear,RDKit descriptors,1084,CC(=O)OC3(CCC4C2CCC1=CC(=O)CCC1C2CCC34C)C#C,O=C1C=C2CCC3C4CCCC4CCC3C2CC1,-4.8000,-5.0134,0.2134,0.4091
random,3,Linear,RDKit descriptors,422,ClC(Cl)C(Cl)(Cl)SN2C(=O)C1CC=CCC1C2=O ,O=C1NC(=O)C2CC=CCC12,-5.4000,-4.4682,0.9318,0.1930
random,3,Linear,RDKit descriptors,847,c1(O)cc(O)ccc1CCCCCC,c1ccccc1,-2.5900,-3.6579,1.0679,0.3939
random,3,Linear,RDKit descriptors,203,CCOP(=S)(OCC)ON=C(C#N)c1ccccc1,c1ccccc1,-4.8620,-4.2138,0.6482,0.3256
random,3,Linear,RDKit descriptors,609,CCCC(=O)OCC,,-1.3600,-1.4588,0.0988,0.6818
random,3,Linear,RDKit descriptors,1010,CCNc1nc(NC(C)(C)C)nc(OC)n1,c1ncncn1,-3.2390,-2.5773,0.6617,0.6000
random,3,Linear,RDKit descriptors,754,COc2cc1c(N)nc(nc1c(OC)c2OC)N3CCN(CC3)C(=O)OCC(C)(C)O ,c1ccc2nc(N3CCNCC3)ncc2c1,-3.6380,-3.6980,0.0600,0.1972
random,3,Linear,RDKit descriptors,878,CC(=O)Nc1ccc(Cl)cc1,c1ccccc1,-2.8430,-2.8063,0.0367,0.6154
random,3,Linear,RDKit descriptors,975,CCCCCCCCCCCCCCCC,,-8.4000,-5.9331,2.4669,1.0000
random,3,Linear,RDKit descriptors,1071,ClC(Cl)C(Cl)(Cl)Cl,,-2.6000,-3.2871,0.6871,0.3333
random,3,Linear,RDKit descriptors,487,OCc1ccccc1,c1ccccc1,-0.4000,-1.5596,1.1596,0.5294
random,3,Linear,RDKit descriptors,1023,CC(C)c1ccc(C)cc1,c1ccccc1,-3.7700,-3.1477,0.6223,0.5333
random,3,Linear,RDKit descriptors,195,CC(C)Oc1cc(c(Cl)cc1Cl)n2nc(oc2=O)C(C)(C)C,O=c1ocnn1-c1ccccc1,-5.6960,-5.4128,0.2832,0.4746
random,3,Linear,RDKit descriptors,637,c1ccc2c(c1)cc3ccc4cccc5ccc2c3c45,c1ccc2c(c1)cc1ccc3cccc4ccc2c1c34,-8.6990,-6.1337,2.5653,0.6087
random,3,Linear,RDKit descriptors,1004,c1ccc2c(c1)c3cccc4ccc5cccc2c5c43,c1ccc2c(c1)c1cccc3ccc4cccc2c4c31,-7.8000,-6.1337,1.6663,0.8235
random,3,Linear,RDKit descriptors,1003,CCCCS,,-2.1800,-1.4761,0.7039,0.5000
random,3,Linear,RDKit descriptors,761,NS(=O)(=O)c2cc1c(NC(NS1(=O)=O)C(Cl)Cl)cc2Cl ,O=S1(=O)NCNc2ccccc21,-2.6800,-3.0568,0.3768,0.5319
random,3,Linear,RDKit descriptors,1034,C2c1ccccc1N(CCF)C(=O)c3ccccc23 ,O=C1Nc2ccccc2Cc2ccccc21,-4.7990,-3.9055,0.8935,0.3939
random,3,Linear,RDKit descriptors,1017,COP(=S)(OC)Oc1cc(Cl)c(Br)cc1Cl,c1ccccc1,-6.0900,-5.5625,0.5275,0.7333
random,3,Linear,RDKit descriptors,1126,CCC(C)C,,-3.1800,-1.7207,1.4593,0.5455
random,3,Linear,RDKit descriptors,157,NC(=O)CCl ,,-0.0200,-0.1219,0.1019,0.4167
random,3,Linear,RDKit descriptors,725,OC(c1ccc(Cl)cc1)(c2cncnc2)c3ccccc3Cl,c1ccc(C(c2ccccc2)c2cncnc2)cc1,-4.3800,-5.2451,0.8651,0.3514
random,3,Linear,RDKit descriptors,1101,Cl\C=C/Cl,,-1.3000,-1.7548,0.4548,0.3750
random,3,Linear,RDKit descriptors,550,CCC(C)CCO,,-0.7100,-1.4044,0.6944,0.5556
random,3,Linear,RDKit descriptors,585,Nc1c(C)c[nH]c(=O)n1 ,O=c1nccc[nH]1,-1.4580,-0.7316,0.7264,0.3667
random,3,Linear,RDKit descriptors,76,O=C1N(COC(=O)CCCCC)C(=O)C(N1)(c2ccccc2)c3ccccc3,O=C1NC(=O)C(c2ccccc2)(c2ccccc2)N1,-5.8860,-4.9771,0.9089,0.9767
random,3,Linear,RDKit descriptors,350,CC(C)O,,0.4300,-0.4069,0.8369,0.4545
random,3,Linear,RDKit descriptors,417,Clc1cccc(c1Cl)c2cccc(Cl)c2Cl,c1ccc(-c2ccccc2)cc1,-7.2800,-6.3865,0.8935,0.7143
random,3,Linear,RDKit descriptors,1099,CCC(CC)CO,,-1.1700,-1.4044,0.2344,0.5789
random,3,Linear,RDKit descriptors,390,Cc1ccc2cc3ccccc3cc2c1,c1ccc2cc3ccccc3cc2c1,-6.9600,-4.5895,2.3705,0.8421
random,3,Linear,RDKit descriptors,820,CCCCCBr,,-3.0800,-2.4617,0.6183,0.9231
random,3,Linear,RDKit descriptors,875,OCC1OC(O)(CO)C(O)C1O,C1CCOC1,0.6400,1.5346,0.8946,0.4211
random,3,Linear,RDKit descriptors,371,O=N(=O)c1ccccc1,c1ccccc1,-1.8000,-2.1495,0.3495,0.7059
random,3,Linear,RDKit descriptors,14,CCCCCCCCCCCCCC,,-7.9600,-5.1849,2.7751,1.0000
random,3,Linear,RDKit descriptors,743,CCCCCC(C)C,,-5.0800,-2.8429,2.2371,0.5789
random,3,Linear,RDKit descriptors,541,CC(=O)C1(O)CCC2C3CCC4=CC(=O)CCC4(C)C3CCC21C,O=C1C=C2CCC3C4CCCC4CCC3C2CC1,-3.8170,-4.8646,1.0476,0.7391
random,3,Linear,RDKit descriptors,359,CCCCCC(=O)OC,,-1.8700,-1.8329,0.0371,0.9500
random,3,Linear,RDKit descriptors,762,CC=C(C)C,,-2.5600,-1.6707,0.8893,0.3077
random,3,Linear,RDKit descriptors,332,CCCOC=O,,-0.4900,-0.6531,0.1631,0.6842
random,3,Linear,RDKit descriptors,697,CCc1ccc(C)cc1,c1ccccc1,-3.1100,-2.6199,0.4901,0.5333
random,3,Linear,RDKit descriptors,705,CCCC(C)(C)CO,,-1.5200,-1.8072,0.2872,0.5556
random,3,Linear,RDKit descriptors,269,CC(C)CC(=O)C,,-0.7400,-1.5790,0.8390,0.4118
random,3,Linear,RDKit descriptors,149,Fc1c[nH]c(=O)[nH]c1=O ,O=c1cc[nH]c(=O)[nH]1,-1.0770,-0.3012,0.7758,0.5200
random,3,Linear,RDKit descriptors,148,CCC(=O)C,,0.5200,-0.9283,1.4483,0.5385
random,3,Linear,RDKit descriptors,79,CCCC1COC(Cn2cncn2)(O1)c3ccc(Cl)cc3Cl,c1ccc(C2(Cn3cncn3)OCCO2)cc1,-3.4930,-4.7810,1.2880,0.2361
random,3,Linear,RDKit descriptors,330,CC(C)OP(=S)(OC(C)C)SCCNS(=O)(=O)c1ccccc1,c1ccccc1,-4.2000,-5.0229,0.8229,0.2623
random,3,Linear,RDKit descriptors,848,C=CCS(=O)SCC=C,,-0.8300,-1.8806,1.0506,0.2273
random,3,Linear,RDKit descriptors,272,CC1(C)C(C=C(Br)Br)C1C(=O)OC(C#N)c2cccc(Oc3ccccc3)c2,O=C(OCc1cccc(Oc2ccccc2)c1)C1CC1,-8.4020,-8.0057,0.3963,0.7667
random,3,Linear,RDKit descriptors,669,Nc1cc[nH]c(=O)n1 ,O=c1nccc[nH]1,-1.1550,-0.4312,0.7238,0.3214
random,3,Linear,RDKit descriptors,1032,Oc1c(Cl)cc(Cl)cc1Cl,c1ccccc1,-2.3400,-3.8258,1.4858,0.6667
random,3,Linear,RDKit descriptors,255,CC(C)C(O)C(C)C,,-1.2200,-1.7084,0.4884,0.4615
random,3,Linear,RDKit descriptors,818,CCCSCCC,,-2.5800,-2.2620,0.3180,0.3846
random,3,Linear,RDKit descriptors,289,Cc1ccc2c(ccc3ccccc32)c1,c1ccc2c(c1)ccc1ccccc12,-5.8400,-4.5895,1.2505,0.6522
random,3,Linear,RDKit descriptors,794,CC(=O)c1ccccc1,c1ccccc1,-1.2800,-2.1769,0.8969,0.5789
random,3,Linear,RDKit descriptors,482,CC(C)C(Nc1ccc(cc1Cl)C(F)(F)F)C(=O)OC(C#N)c2cccc(Oc3ccccc3)c2,O=C(CNc1ccccc1)OCc1cccc(Oc2ccccc2)c1,-8.0030,-8.8636,0.8606,0.5139
random,3,Linear,RDKit descriptors,59,CCCC(=O)C,,-0.1900,-1.3023,1.1123,0.6471
random,3,Linear,RDKit descriptors,263,O=C1N(COC(=O)CCCC)C(=O)C(N1)(c2ccccc2)c3ccccc3,O=C1NC(=O)C(c2ccccc2)(c2ccccc2)N1,-4.6780,-4.6089,0.0691,0.9091
random,3,Linear,RDKit descriptors,144,Cc1cccc(C)c1,c1ccccc1,-2.8200,-2.3960,0.4240,0.6111
random,3,Linear,RDKit descriptors,569,CCCCCC=C,,-3.7300,-2.3613,1.3687,0.9375
random,3,Linear,RDKit descriptors,711,CC(=O)OCC(=O)C3(O)CCC4C2CCC1=CC(=O)C=CC1(C)C2C(O)CC34C ,O=C1C=CC2C(=C1)CCC1C3CCCC3CCC21,-4.3700,-4.0114,0.3586,0.7833
random,3,Linear,RDKit descriptors,1078,Oc1c(Cl)c(Cl)cc(Cl)c1Cl,c1ccccc1,-3.3700,-4.5281,1.1581,0.6667
random,3,Linear,RDKit descriptors,1013,CNC(=O)Oc1ccccc1C(C)C,c1ccccc1,-2.8630,-3.1154,0.2524,0.6471
random,3,Linear,RDKit descriptors,659,OC(Cn1cncn1)(Cn2cncn2)c3ccc(F)cc3F ,c1ccc(C(Cn2cncn2)Cn2cncn2)cc1,-1.8000,-2.4240,0.6240,0.5417
random,3,Linear,RDKit descriptors,760,c1cC2C(=O)NC(=O)C2cc1,O=C1NC(=O)C2C=CC=CC12,-2.9320,-0.6735,2.2585,0.2400
random,3,MLP,RDKit descriptors,784,Oc1c(Cl)ccc(Cl)c1Cl,c1ccccc1,-2.6400,-3.4098,0.7698,0.5625
random,3,MLP,RDKit descriptors,593,O=C1N(COC(=O)CC)C(=O)C(N1)(c2ccccc2)c3ccccc3,O=C1NC(=O)C(c2ccccc2)(c2ccccc2)N1,-4.9070,-3.8947,1.0123,0.8095
random,3,MLP,RDKit descriptors,136,CC(C)(C)c1ccc(O)cc1,c1ccccc1,-2.4100,-2.2140,0.1960,0.5000
random,3,MLP,RDKit descriptors,297,Clc1cc(c(Cl)c(Cl)c1Cl)c2cc(Cl)c(Cl)c(Cl)c2Cl,c1ccc(-c2ccccc2)cc1,-9.1600,-9.1408,0.0192,0.6364
random,3,MLP,RDKit descriptors,122,Clc1cc(Cl)c(Cl)c(Cl)c1Cl,c1ccccc1,-5.6500,-6.0289,0.3789,0.6429
random,3,MLP,RDKit descriptors,916,c2ccc1[nH]ncc1c2 ,c1ccc2[nH]ncc2c1,-2.1600,-0.8190,1.3410,0.3846
random,3,MLP,RDKit descriptors,278,ClCC(Cl)Cl,,-1.4800,-2.1527,0.6727,0.5000
random,3,MLP,RDKit descriptors,961,CC(=O)OC3(C)CCC4C2CCC1=CC(=O)CCC1(C)C2CCC34C ,O=C1C=C2CCC3C4CCCC4CCC3C2CC1,-5.2840,-5.2637,0.0203,0.6735
random,3,MLP,RDKit descriptors,997,Nc2cnn(c1ccccc1)c(=O)c2Cl,O=c1cccnn1-c1ccccc1,-2.8780,-2.4811,0.3969,0.6571
random,3,MLP,RDKit descriptors,115,Cn1cnc2n(C)c(=O)[nH]c(=O)c12 ,O=c1[nH]c(=O)c2[nH]cnc2[nH]1,-2.5230,-1.4649,1.0581,0.3429
random,3,MLP,RDKit descriptors,903,CCOC(=O)CC,,-0.6600,-0.3141,0.3459,0.6667
random,3,MLP,RDKit descriptors,437,ClCCCl,,-1.0600,-1.4165,0.3565,0.5000
random,3,MLP,RDKit descriptors,857,c1ccccc1SC,c1ccccc1,-2.3900,-2.7911,0.4011,0.3889
random,3,MLP,RDKit descriptors,1115,O=C1NC(=O)C(=O)N1 ,O=C1NC(=O)C(=O)N1,-0.4000,0.0059,0.4059,0.6923
random,3,MLP,RDKit descriptors,138,Clc1cccc(I)c1,c1ccccc1,-3.5500,-3.4374,0.1126,0.6111
random,3,MLP,RDKit descriptors,454,CCCCC(C)O,,-0.8900,-0.9338,0.0438,0.8235
random,3,MLP,RDKit descriptors,9,COc5cc4OCC3Oc2c1CC(Oc1ccc2C(=O)C3c4cc5OC)C(C)=C ,O=C1c2ccc3c(c2OC2COc4ccccc4C12)CCO3,-4.4200,-4.6981,0.2781,0.2121
random,3,MLP,RDKit descriptors,713,CC(C)OC(=O)C,,-0.5500,-0.1695,0.3805,0.4348
random,3,MLP,RDKit descriptors,56,CC(C)CCC(C)(C)C,,-5.0500,-4.4884,0.5616,0.4444
random,3,MLP,RDKit descriptors,302,Nc1ccc(cc1)S(N)(=O)=O,c1ccccc1,-1.3400,-2.2121,0.8721,0.6500
random,3,MLP,RDKit descriptors,307,ClC(Cl)(Cl)Cl,,-2.3100,-2.8038,0.4938,0.5000
random,3,MLP,RDKit descriptors,940,CN(=O)=O,,0.2600,0.3756,0.1156,0.4615
random,3,MLP,RDKit descriptors,140,CC/C=C/C,,-2.5400,-2.4172,0.1228,1.0000
random,3,MLP,RDKit descriptors,887,Clc1cccc(Br)c1,c1ccccc1,-3.2100,-3.6401,0.4301,0.6111
random,3,MLP,RDKit descriptors,494,CCC,,-1.9400,-1.4012,0.5388,0.5000
random,3,MLP,RDKit descriptors,927,Nc1nc(=O)[nH]cc1F,O=c1nccc[nH]1,-0.9720,-1.3887,0.4167,0.2632
random,3,MLP,RDKit descriptors,147,CCC1(CCC(C)C)C(=O)NC(=O)NC1=O,O=C1CC(=O)NC(=O)N1,-2.4680,-1.8580,0.6100,1.0000
random,3,MLP,RDKit descriptors,877,ClCC#CCOC(=O)Nc1cccc(Cl)c1,c1ccccc1,-4.3700,-3.7138,0.6562,0.5319
random,3,MLP,RDKit descriptors,30,CCc1ccc(CC)cc1,c1ccccc1,-3.7500,-3.5578,0.1922,0.6667
random,3,MLP,RDKit descriptors,567,Clc1cc(Cl)c(Cl)cc1Cl,c1ccccc1,-5.5600,-5.4295,0.1305,0.5385
random,3,MLP,RDKit descriptors,470,CC(C)C(C)O,,-0.1800,-0.1350,0.0450,0.5000
random,3,MLP,RDKit descriptors,917,CC5(C)OC4CC3C2CCC1=CC(=O)C=CC1(C)C2(F)C(O)CC3(C)C4(O5)C(=O)CO ,O=C1C=CC2C(=C1)CCC1C2CCC2C1CC1OCOC12,-4.3100,-3.8967,0.4133,0.6818
random,3,MLP,RDKit descriptors,514,CNC(=O)Oc1ccccc1C2OCCO2,c1ccc(C2OCCO2)cc1,-1.5700,-2.4257,0.8557,0.4878
random,3,MLP,RDKit descriptors,925,CCN2c1nc(N(C)(CCO))ccc1NC(=O)c3cccnc23 ,O=C1Nc2cccnc2Nc2ncccc21,-3.3600,-3.2946,0.0654,0.5167
random,3,MLP,RDKit descriptors,15,CC(C)Cl,,-1.4100,-1.6630,0.2530,0.8333
random,3,MLP,RDKit descriptors,652,CC1(C)CON(Cc2ccccc2Cl)C1=O,O=C1CCON1Cc1ccccc1,-2.3380,-3.0506,0.7126,0.2703
random,3,MLP,RDKit descriptors,159,Cc1ccc(Cl)cc1,c1ccccc1,-3.0800,-2.9734,0.1066,0.6154
random,3,MLP,RDKit descriptors,191,COCC(=O)N(C(C)C(=O)OC)c1c(C)cccc1C ,c1ccccc1,-1.6010,-2.9906,1.3896,0.3333
random,3,MLP,RDKit descriptors,178,CCCCC(=O)CCCC,,-2.5800,-2.9279,0.3479,0.6250
random,3,MLP,RDKit descriptors,707,COCCCNc1nc(NC(C)C)nc(SC)n1,c1ncncn1,-2.9280,-3.2027,0.2747,0.6154
random,3,MLP,RDKit descriptors,254,CC(=O)OC3(CCC4C2C=C(C)C1=CC(=O)CCC1(C)C2CCC34C)C(C)=O ,O=C1C=C2C=CC3C4CCCC4CCC3C2CC1,-5.3500,-5.0810,0.2690,0.7170
random,3,MLP,RDKit descriptors,771,C1CCCCCCC1,C1CCCCCCC1,-4.1500,-3.9839,0.1661,1.0000
random,3,MLP,RDKit descriptors,578,CC34CC(=O)C1C(CCC2=CC(=O)CCC12C)C3CCC4(=O) ,O=C1C=C2CCC3C4CCC(=O)C4CC(=O)C3C2CC1,-3.4800,-4.2786,0.7986,0.6977
random,3,MLP,RDKit descriptors,767,CCCCCCCC,,-5.2400,-4.4635,0.7765,1.0000
random,3,MLP,RDKit descriptors,591,CC1(C)C(C=C(Cl)Cl)C1C(=O)OCc2cccc(Oc3ccccc3)c2,O=C(OCc1cccc(Oc2ccccc2)c1)C1CC1,-6.2910,-6.1261,0.1649,0.8367
random,3,MLP,RDKit descriptors,751,CCCCCCC,,-4.5300,-3.9983,0.5317,1.0000
random,3,MLP,RDKit descriptors,768,c1ccc2cc3ccccc3cc2c1,c1ccc2cc3ccccc3cc2c1,-6.3500,-5.2289,1.1211,0.9091
random,3,MLP,RDKit descriptors,430,CCN(CC)C(=S)SSC(=S)N(CC)CC,,-4.8600,-3.7734,1.0866,0.4815
random,3,MLP,RDKit descriptors,1038,Cn1cnc2n(C)c(=O)n(C)c(=O)c12,O=c1[nH]c(=O)c2[nH]cnc2[nH]1,-0.8760,-1.0800,0.2040,0.5250
random,3,MLP,RDKit descriptors,1084,CC(=O)OC3(CCC4C2CCC1=CC(=O)CCC1C2CCC34C)C#C,O=C1C=C2CCC3C4CCCC4CCC3C2CC1,-4.8000,-4.6460,0.1540,0.4091
random,3,MLP,RDKit descriptors,422,ClC(Cl)C(Cl)(Cl)SN2C(=O)C1CC=CCC1C2=O ,O=C1NC(=O)C2CC=CCC12,-5.4000,-3.8303,1.5697,0.1930
random,3,MLP,RDKit descriptors,847,c1(O)cc(O)ccc1CCCCCC,c1ccccc1,-2.5900,-3.3103,0.7203,0.3939
random,3,MLP,RDKit descriptors,203,CCOP(=S)(OCC)ON=C(C#N)c1ccccc1,c1ccccc1,-4.8620,-4.1014,0.7606,0.3256
random,3,MLP,RDKit descriptors,609,CCCC(=O)OCC,,-1.3600,-0.7385,0.6215,0.6818
random,3,MLP,RDKit descriptors,1010,CCNc1nc(NC(C)(C)C)nc(OC)n1,c1ncncn1,-3.2390,-2.5932,0.6458,0.6000
random,3,MLP,RDKit descriptors,754,COc2cc1c(N)nc(nc1c(OC)c2OC)N3CCN(CC3)C(=O)OCC(C)(C)O ,c1ccc2nc(N3CCNCC3)ncc2c1,-3.6380,-3.2518,0.3862,0.1972
random,3,MLP,RDKit descriptors,878,CC(=O)Nc1ccc(Cl)cc1,c1ccccc1,-2.8430,-1.9956,0.8474,0.6154
random,3,MLP,RDKit descriptors,975,CCCCCCCCCCCCCCCC,,-8.4000,-7.5150,0.8850,1.0000
random,3,MLP,RDKit descriptors,1071,ClC(Cl)C(Cl)(Cl)Cl,,-2.6000,-3.4844,0.8844,0.3333
random,3,MLP,RDKit descriptors,487,OCc1ccccc1,c1ccccc1,-0.4000,-0.3674,0.0326,0.5294
random,3,MLP,RDKit descriptors,1023,CC(C)c1ccc(C)cc1,c1ccccc1,-3.7700,-3.8705,0.1005,0.5333
random,3,MLP,RDKit descriptors,195,CC(C)Oc1cc(c(Cl)cc1Cl)n2nc(oc2=O)C(C)(C)C,O=c1ocnn1-c1ccccc1,-5.6960,-4.8834,0.8126,0.4746
random,3,MLP,RDKit descriptors,637,c1ccc2c(c1)cc3ccc4cccc5ccc2c3c45,c1ccc2c(c1)cc1ccc3cccc4ccc2c1c34,-8.6990,-7.5857,1.1133,0.6087
random,3,MLP,RDKit descriptors,1004,c1ccc2c(c1)c3cccc4ccc5cccc2c5c43,c1ccc2c(c1)c1cccc3ccc4cccc2c4c31,-7.8000,-7.5857,0.2143,0.8235
random,3,MLP,RDKit descriptors,1003,CCCCS,,-2.1800,-1.8864,0.2936,0.5000
random,3,MLP,RDKit descriptors,761,NS(=O)(=O)c2cc1c(NC(NS1(=O)=O)C(Cl)Cl)cc2Cl ,O=S1(=O)NCNc2ccccc21,-2.6800,-3.3163,0.6363,0.5319
random,3,MLP,RDKit descriptors,1034,C2c1ccccc1N(CCF)C(=O)c3ccccc23 ,O=C1Nc2ccccc2Cc2ccccc21,-4.7990,-3.6366,1.1624,0.3939
random,3,MLP,RDKit descriptors,1017,COP(=S)(OC)Oc1cc(Cl)c(Br)cc1Cl,c1ccccc1,-6.0900,-5.0167,1.0733,0.7333
random,3,MLP,RDKit descriptors,1126,CCC(C)C,,-3.1800,-2.5426,0.6374,0.5455
random,3,MLP,RDKit descriptors,157,NC(=O)CCl ,,-0.0200,0.4201,0.4401,0.4167
random,3,MLP,RDKit descriptors,725,OC(c1ccc(Cl)cc1)(c2cncnc2)c3ccccc3Cl,c1ccc(C(c2ccccc2)c2cncnc2)cc1,-4.3800,-4.7588,0.3788,0.3514
random,3,MLP,RDKit descriptors,1101,Cl\C=C/Cl,,-1.3000,-2.1231,0.8231,0.3750
random,3,MLP,RDKit descriptors,550,CCC(C)CCO,,-0.7100,-0.7726,0.0626,0.5556
random,3,MLP,RDKit descriptors,585,Nc1c(C)c[nH]c(=O)n1 ,O=c1nccc[nH]1,-1.4580,-1.4319,0.0261,0.3667
random,3,MLP,RDKit descriptors,76,O=C1N(COC(=O)CCCCC)C(=O)C(N1)(c2ccccc2)c3ccccc3,O=C1NC(=O)C(c2ccccc2)(c2ccccc2)N1,-5.8860,-4.8957,0.9903,0.9767
random,3,MLP,RDKit descriptors,350,CC(C)O,,0.4300,0.5965,0.1665,0.4545
random,3,MLP,RDKit descriptors,417,Clc1cccc(c1Cl)c2cccc(Cl)c2Cl,c1ccc(-c2ccccc2)cc1,-7.2800,-7.0827,0.1973,0.7143
random,3,MLP,RDKit descriptors,1099,CCC(CC)CO,,-1.1700,-0.7726,0.3974,0.5789
random,3,MLP,RDKit descriptors,390,Cc1ccc2cc3ccccc3cc2c1,c1ccc2cc3ccccc3cc2c1,-6.9600,-5.7404,1.2196,0.8421
random,3,MLP,RDKit descriptors,820,CCCCCBr,,-3.0800,-3.0558,0.0242,0.9231
random,3,MLP,RDKit descriptors,875,OCC1OC(O)(CO)C(O)C1O,C1CCOC1,0.6400,0.3232,0.3168,0.4211
random,3,MLP,RDKit descriptors,371,O=N(=O)c1ccccc1,c1ccccc1,-1.8000,-1.1974,0.6026,0.7059
random,3,MLP,RDKit descriptors,14,CCCCCCCCCCCCCC,,-7.9600,-6.8184,1.1416,1.0000
random,3,MLP,RDKit descriptors,743,CCCCCC(C)C,,-5.0800,-4.2736,0.8064,0.5789
random,3,MLP,RDKit descriptors,541,CC(=O)C1(O)CCC2C3CCC4=CC(=O)CCC4(C)C3CCC21C,O=C1C=C2CCC3C4CCCC4CCC3C2CC1,-3.8170,-4.5812,0.7642,0.7391
random,3,MLP,RDKit descriptors,359,CCCCCC(=O)OC,,-1.8700,-1.2545,0.6155,0.9500
random,3,MLP,RDKit descriptors,762,CC=C(C)C,,-2.5600,-2.3157,0.2443,0.3077
random,3,MLP,RDKit descriptors,332,CCCOC=O,,-0.4900,-0.0793,0.4107,0.6842
random,3,MLP,RDKit descriptors,697,CCc1ccc(C)cc1,c1ccccc1,-3.1100,-3.0348,0.0752,0.5333
random,3,MLP,RDKit descriptors,705,CCCC(C)(C)CO,,-1.5200,-1.2581,0.2619,0.5556
random,3,MLP,RDKit descriptors,269,CC(C)CC(=O)C,,-0.7400,-1.0278,0.2878,0.4118
random,3,MLP,RDKit descriptors,149,Fc1c[nH]c(=O)[nH]c1=O ,O=c1cc[nH]c(=O)[nH]1,-1.0770,-0.9742,0.1028,0.5200
random,3,MLP,RDKit descriptors,148,CCC(=O)C,,0.5200,-0.0697,0.5897,0.5385
random,3,MLP,RDKit descriptors,79,CCCC1COC(Cn2cncn2)(O1)c3ccc(Cl)cc3Cl,c1ccc(C2(Cn3cncn3)OCCO2)cc1,-3.4930,-4.3948,0.9018,0.2361
random,3,MLP,RDKit descriptors,330,CC(C)OP(=S)(OC(C)C)SCCNS(=O)(=O)c1ccccc1,c1ccccc1,-4.2000,-5.0122,0.8122,0.2623
random,3,MLP,RDKit descriptors,848,C=CCS(=O)SCC=C,,-0.8300,-1.6013,0.7713,0.2273
random,3,MLP,RDKit descriptors,272,CC1(C)C(C=C(Br)Br)C1C(=O)OC(C#N)c2cccc(Oc3ccccc3)c2,O=C(OCc1cccc(Oc2ccccc2)c1)C1CC1,-8.4020,-6.6853,1.7167,0.7667
random,3,MLP,RDKit descriptors,669,Nc1cc[nH]c(=O)n1 ,O=c1nccc[nH]1,-1.1550,-1.1688,0.0138,0.3214
random,3,MLP,RDKit descriptors,1032,Oc1c(Cl)cc(Cl)cc1Cl,c1ccccc1,-2.3400,-3.4098,1.0698,0.6667
random,3,MLP,RDKit descriptors,255,CC(C)C(O)C(C)C,,-1.2200,-1.0196,0.2004,0.4615
random,3,MLP,RDKit descriptors,818,CCCSCCC,,-2.5800,-3.1977,0.6177,0.3846
random,3,MLP,RDKit descriptors,289,Cc1ccc2c(ccc3ccccc32)c1,c1ccc2c(c1)ccc1ccccc12,-5.8400,-5.7404,0.0996,0.6522
random,3,MLP,RDKit descriptors,794,CC(=O)c1ccccc1,c1ccccc1,-1.2800,-1.1963,0.0837,0.5789
random,3,MLP,RDKit descriptors,482,CC(C)C(Nc1ccc(cc1Cl)C(F)(F)F)C(=O)OC(C#N)c2cccc(Oc3ccccc3)c2,O=C(CNc1ccccc1)OCc1cccc(Oc2ccccc2)c1,-8.0030,-7.0915,0.9115,0.5139
random,3,MLP,RDKit descriptors,59,CCCC(=O)C,,-0.1900,-0.7016,0.5116,0.6471
random,3,MLP,RDKit descriptors,263,O=C1N(COC(=O)CCCC)C(=O)C(N1)(c2ccccc2)c3ccccc3,O=C1NC(=O)C(c2ccccc2)(c2ccccc2)N1,-4.6780,-4.5591,0.1189,0.9091
random,3,MLP,RDKit descriptors,144,Cc1cccc(C)c1,c1ccccc1,-2.8200,-2.4414,0.3786,0.6111
random,3,MLP,RDKit descriptors,569,CCCCCC=C,,-3.7300,-3.6524,0.0776,0.9375
random,3,MLP,RDKit descriptors,711,CC(=O)OCC(=O)C3(O)CCC4C2CCC1=CC(=O)C=CC1(C)C2C(O)CC34C ,O=C1C=CC2C(=C1)CCC1C3CCCC3CCC21,-4.3700,-3.6059,0.7641,0.7833
random,3,MLP,RDKit descriptors,1078,Oc1c(Cl)c(Cl)cc(Cl)c1Cl,c1ccccc1,-3.3700,-4.5126,1.1426,0.6667
random,3,MLP,RDKit descriptors,1013,CNC(=O)Oc1ccccc1C(C)C,c1ccccc1,-2.8630,-2.7113,0.1517,0.6471
random,3,MLP,RDKit descriptors,659,OC(Cn1cncn1)(Cn2cncn2)c3ccc(F)cc3F ,c1ccc(C(Cn2cncn2)Cn2cncn2)cc1,-1.8000,-3.0149,1.2149,0.5417
random,3,MLP,RDKit descriptors,760,c1cC2C(=O)NC(=O)C2cc1,O=C1NC(=O)C2C=CC=CC12,-2.9320,-0.3376,2.5944,0.2400
random,3,GCN,Molecular graph,784,Oc1c(Cl)ccc(Cl)c1Cl,c1ccccc1,-2.6400,-2.5834,0.0566,0.5625
random,3,GCN,Molecular graph,593,O=C1N(COC(=O)CC)C(=O)C(N1)(c2ccccc2)c3ccccc3,O=C1NC(=O)C(c2ccccc2)(c2ccccc2)N1,-4.9070,-3.5060,1.4010,0.8095
random,3,GCN,Molecular graph,136,CC(C)(C)c1ccc(O)cc1,c1ccccc1,-2.4100,-2.4449,0.0349,0.5000
random,3,GCN,Molecular graph,297,Clc1cc(c(Cl)c(Cl)c1Cl)c2cc(Cl)c(Cl)c(Cl)c2Cl,c1ccc(-c2ccccc2)cc1,-9.1600,-8.9041,0.2559,0.6364
random,3,GCN,Molecular graph,122,Clc1cc(Cl)c(Cl)c(Cl)c1Cl,c1ccccc1,-5.6500,-6.6755,1.0255,0.6429
random,3,GCN,Molecular graph,916,c2ccc1[nH]ncc1c2 ,c1ccc2[nH]ncc2c1,-2.1600,-1.3222,0.8378,0.3846
random,3,GCN,Molecular graph,278,ClCC(Cl)Cl,,-1.4800,-1.8346,0.3546,0.5000
random,3,GCN,Molecular graph,961,CC(=O)OC3(C)CCC4C2CCC1=CC(=O)CCC1(C)C2CCC34C ,O=C1C=C2CCC3C4CCCC4CCC3C2CC1,-5.2840,-3.6858,1.5982,0.6735
random,3,GCN,Molecular graph,997,Nc2cnn(c1ccccc1)c(=O)c2Cl,O=c1cccnn1-c1ccccc1,-2.8780,-1.9366,0.9414,0.6571
random,3,GCN,Molecular graph,115,Cn1cnc2n(C)c(=O)[nH]c(=O)c12 ,O=c1[nH]c(=O)c2[nH]cnc2[nH]1,-2.5230,-2.0683,0.4547,0.3429
random,3,GCN,Molecular graph,903,CCOC(=O)CC,,-0.6600,-0.7903,0.1303,0.6667
random,3,GCN,Molecular graph,437,ClCCCl,,-1.0600,-1.4334,0.3734,0.5000
random,3,GCN,Molecular graph,857,c1ccccc1SC,c1ccccc1,-2.3900,-2.1312,0.2588,0.3889
random,3,GCN,Molecular graph,1115,O=C1NC(=O)C(=O)N1 ,O=C1NC(=O)C(=O)N1,-0.4000,-1.4209,1.0209,0.6923
random,3,GCN,Molecular graph,138,Clc1cccc(I)c1,c1ccccc1,-3.5500,-4.0369,0.4869,0.6111
random,3,GCN,Molecular graph,454,CCCCC(C)O,,-0.8900,-0.9525,0.0625,0.8235
random,3,GCN,Molecular graph,9,COc5cc4OCC3Oc2c1CC(Oc1ccc2C(=O)C3c4cc5OC)C(C)=C ,O=C1c2ccc3c(c2OC2COc4ccccc4C12)CCO3,-4.4200,-3.6326,0.7874,0.2121
random,3,GCN,Molecular graph,713,CC(C)OC(=O)C,,-0.5500,-0.6459,0.0959,0.4348
random,3,GCN,Molecular graph,56,CC(C)CCC(C)(C)C,,-5.0500,-4.5855,0.4645,0.4444
random,3,GCN,Molecular graph,302,Nc1ccc(cc1)S(N)(=O)=O,c1ccccc1,-1.3400,-1.6259,0.2859,0.6500
random,3,GCN,Molecular graph,307,ClC(Cl)(Cl)Cl,,-2.3100,-2.3276,0.0176,0.5000
random,3,GCN,Molecular graph,940,CN(=O)=O,,0.2600,0.5245,0.2645,0.4615
random,3,GCN,Molecular graph,140,CC/C=C/C,,-2.5400,-2.8192,0.2792,1.0000
random,3,GCN,Molecular graph,887,Clc1cccc(Br)c1,c1ccccc1,-3.2100,-3.7113,0.5013,0.6111
random,3,GCN,Molecular graph,494,CCC,,-1.9400,-3.1308,1.1908,0.5000
random,3,GCN,Molecular graph,927,Nc1nc(=O)[nH]cc1F,O=c1nccc[nH]1,-0.9720,-1.6325,0.6605,0.2632
random,3,GCN,Molecular graph,147,CCC1(CCC(C)C)C(=O)NC(=O)NC1=O,O=C1CC(=O)NC(=O)N1,-2.4680,-2.2411,0.2269,1.0000
random,3,GCN,Molecular graph,877,ClCC#CCOC(=O)Nc1cccc(Cl)c1,c1ccccc1,-4.3700,-3.5932,0.7768,0.5319
random,3,GCN,Molecular graph,30,CCc1ccc(CC)cc1,c1ccccc1,-3.7500,-4.4717,0.7217,0.6667
random,3,GCN,Molecular graph,567,Clc1cc(Cl)c(Cl)cc1Cl,c1ccccc1,-5.5600,-5.3514,0.2086,0.5385
random,3,GCN,Molecular graph,470,CC(C)C(C)O,,-0.1800,-0.6173,0.4373,0.5000
random,3,GCN,Molecular graph,917,CC5(C)OC4CC3C2CCC1=CC(=O)C=CC1(C)C2(F)C(O)CC3(C)C4(O5)C(=O)CO ,O=C1C=CC2C(=C1)CCC1C2CCC2C1CC1OCOC12,-4.3100,-3.8875,0.4225,0.6818
random,3,GCN,Molecular graph,514,CNC(=O)Oc1ccccc1C2OCCO2,c1ccc(C2OCCO2)cc1,-1.5700,-1.2301,0.3399,0.4878
random,3,GCN,Molecular graph,925,CCN2c1nc(N(C)(CCO))ccc1NC(=O)c3cccnc23 ,O=C1Nc2cccnc2Nc2ncccc21,-3.3600,-3.1967,0.1633,0.5167
random,3,GCN,Molecular graph,15,CC(C)Cl,,-1.4100,-1.7439,0.3339,0.8333
random,3,GCN,Molecular graph,652,CC1(C)CON(Cc2ccccc2Cl)C1=O,O=C1CCON1Cc1ccccc1,-2.3380,-2.0648,0.2732,0.2703
random,3,GCN,Molecular graph,159,Cc1ccc(Cl)cc1,c1ccccc1,-3.0800,-3.3874,0.3074,0.6154
random,3,GCN,Molecular graph,191,COCC(=O)N(C(C)C(=O)OC)c1c(C)cccc1C ,c1ccccc1,-1.6010,-2.5945,0.9935,0.3333
random,3,GCN,Molecular graph,178,CCCCC(=O)CCCC,,-2.5800,-3.0480,0.4680,0.6250
random,3,GCN,Molecular graph,707,COCCCNc1nc(NC(C)C)nc(SC)n1,c1ncncn1,-2.9280,-3.1767,0.2487,0.6154
random,3,GCN,Molecular graph,254,CC(=O)OC3(CCC4C2C=C(C)C1=CC(=O)CCC1(C)C2CCC34C)C(C)=O ,O=C1C=C2C=CC3C4CCCC4CCC3C2CC1,-5.3500,-3.6925,1.6575,0.7170
random,3,GCN,Molecular graph,771,C1CCCCCCC1,C1CCCCCCC1,-4.1500,-3.2193,0.9307,1.0000
random,3,GCN,Molecular graph,578,CC34CC(=O)C1C(CCC2=CC(=O)CCC12C)C3CCC4(=O) ,O=C1C=C2CCC3C4CCC(=O)C4CC(=O)C3C2CC1,-3.4800,-2.8520,0.6280,0.6977
random,3,GCN,Molecular graph,767,CCCCCCCC,,-5.2400,-5.4272,0.1872,1.0000
random,3,GCN,Molecular graph,591,CC1(C)C(C=C(Cl)Cl)C1C(=O)OCc2cccc(Oc3ccccc3)c2,O=C(OCc1cccc(Oc2ccccc2)c1)C1CC1,-6.2910,-5.8652,0.4258,0.8367
random,3,GCN,Molecular graph,751,CCCCCCC,,-4.5300,-4.7762,0.2462,1.0000
random,3,GCN,Molecular graph,768,c1ccc2cc3ccccc3cc2c1,c1ccc2cc3ccccc3cc2c1,-6.3500,-5.9787,0.3713,0.9091
random,3,GCN,Molecular graph,430,CCN(CC)C(=S)SSC(=S)N(CC)CC,,-4.8600,-4.1897,0.6703,0.4815
random,3,GCN,Molecular graph,1038,Cn1cnc2n(C)c(=O)n(C)c(=O)c12,O=c1[nH]c(=O)c2[nH]cnc2[nH]1,-0.8760,-1.4865,0.6105,0.5250
random,3,GCN,Molecular graph,1084,CC(=O)OC3(CCC4C2CCC1=CC(=O)CCC1C2CCC34C)C#C,O=C1C=C2CCC3C4CCCC4CCC3C2CC1,-4.8000,-4.2227,0.5773,0.4091
random,3,GCN,Molecular graph,422,ClC(Cl)C(Cl)(Cl)SN2C(=O)C1CC=CCC1C2=O ,O=C1NC(=O)C2CC=CCC12,-5.4000,-4.1688,1.2312,0.1930
random,3,GCN,Molecular graph,847,c1(O)cc(O)ccc1CCCCCC,c1ccccc1,-2.5900,-2.7474,0.1574,0.3939
random,3,GCN,Molecular graph,203,CCOP(=S)(OCC)ON=C(C#N)c1ccccc1,c1ccccc1,-4.8620,-3.7697,1.0923,0.3256
random,3,GCN,Molecular graph,609,CCCC(=O)OCC,,-1.3600,-0.9983,0.3617,0.6818
random,3,GCN,Molecular graph,1010,CCNc1nc(NC(C)(C)C)nc(OC)n1,c1ncncn1,-3.2390,-2.8242,0.4148,0.6000
random,3,GCN,Molecular graph,754,COc2cc1c(N)nc(nc1c(OC)c2OC)N3CCN(CC3)C(=O)OCC(C)(C)O ,c1ccc2nc(N3CCNCC3)ncc2c1,-3.6380,-2.4120,1.2260,0.1972
random,3,GCN,Molecular graph,878,CC(=O)Nc1ccc(Cl)cc1,c1ccccc1,-2.8430,-2.6874,0.1556,0.6154
random,3,GCN,Molecular graph,975,CCCCCCCCCCCCCCCC,,-8.4000,-7.5110,0.8890,1.0000
random,3,GCN,Molecular graph,1071,ClC(Cl)C(Cl)(Cl)Cl,,-2.6000,-2.5877,0.0123,0.3333
random,3,GCN,Molecular graph,487,OCc1ccccc1,c1ccccc1,-0.4000,-0.9611,0.5611,0.5294
random,3,GCN,Molecular graph,1023,CC(C)c1ccc(C)cc1,c1ccccc1,-3.7700,-4.1152,0.3452,0.5333
random,3,GCN,Molecular graph,195,CC(C)Oc1cc(c(Cl)cc1Cl)n2nc(oc2=O)C(C)(C)C,O=c1ocnn1-c1ccccc1,-5.6960,-3.9402,1.7558,0.4746
random,3,GCN,Molecular graph,637,c1ccc2c(c1)cc3ccc4cccc5ccc2c3c45,c1ccc2c(c1)cc1ccc3cccc4ccc2c1c34,-8.6990,-8.2638,0.4352,0.6087
random,3,GCN,Molecular graph,1004,c1ccc2c(c1)c3cccc4ccc5cccc2c5c43,c1ccc2c(c1)c1cccc3ccc4cccc2c4c31,-7.8000,-7.9019,0.1019,0.8235
random,3,GCN,Molecular graph,1003,CCCCS,,-2.1800,-1.7300,0.4500,0.5000
random,3,GCN,Molecular graph,761,NS(=O)(=O)c2cc1c(NC(NS1(=O)=O)C(Cl)Cl)cc2Cl ,O=S1(=O)NCNc2ccccc21,-2.6800,-3.5878,0.9078,0.5319
random,3,GCN,Molecular graph,1034,C2c1ccccc1N(CCF)C(=O)c3ccccc23 ,O=C1Nc2ccccc2Cc2ccccc21,-4.7990,-4.9494,0.1504,0.3939
random,3,GCN,Molecular graph,1017,COP(=S)(OC)Oc1cc(Cl)c(Br)cc1Cl,c1ccccc1,-6.0900,-5.4786,0.6114,0.7333
random,3,GCN,Molecular graph,1126,CCC(C)C,,-3.1800,-3.8097,0.6297,0.5455
random,3,GCN,Molecular graph,157,NC(=O)CCl ,,-0.0200,-0.2892,0.2692,0.4167
random,3,GCN,Molecular graph,725,OC(c1ccc(Cl)cc1)(c2cncnc2)c3ccccc3Cl,c1ccc(C(c2ccccc2)c2cncnc2)cc1,-4.3800,-3.5868,0.7932,0.3514
random,3,GCN,Molecular graph,1101,Cl\C=C/Cl,,-1.3000,-1.0323,0.2677,0.3750
random,3,GCN,Molecular graph,550,CCC(C)CCO,,-0.7100,-1.0179,0.3079,0.5556
random,3,GCN,Molecular graph,585,Nc1c(C)c[nH]c(=O)n1 ,O=c1nccc[nH]1,-1.4580,-1.0516,0.4064,0.3667
random,3,GCN,Molecular graph,76,O=C1N(COC(=O)CCCCC)C(=O)C(N1)(c2ccccc2)c3ccccc3,O=C1NC(=O)C(c2ccccc2)(c2ccccc2)N1,-5.8860,-4.0359,1.8501,0.9767
random,3,GCN,Molecular graph,350,CC(C)O,,0.4300,0.1901,0.2399,0.4545
random,3,GCN,Molecular graph,417,Clc1cccc(c1Cl)c2cccc(Cl)c2Cl,c1ccc(-c2ccccc2)cc1,-7.2800,-6.2564,1.0236,0.7143
random,3,GCN,Molecular graph,1099,CCC(CC)CO,,-1.1700,-1.0953,0.0747,0.5789
random,3,GCN,Molecular graph,390,Cc1ccc2cc3ccccc3cc2c1,c1ccc2cc3ccccc3cc2c1,-6.9600,-6.4496,0.5104,0.8421
random,3,GCN,Molecular graph,820,CCCCCBr,,-3.0800,-3.0754,0.0046,0.9231
random,3,GCN,Molecular graph,875,OCC1OC(O)(CO)C(O)C1O,C1CCOC1,0.6400,0.2446,0.3954,0.4211
random,3,GCN,Molecular graph,371,O=N(=O)c1ccccc1,c1ccccc1,-1.8000,-1.6881,0.1119,0.7059
random,3,GCN,Molecular graph,14,CCCCCCCCCCCCCC,,-7.9600,-7.2554,0.7046,1.0000
random,3,GCN,Molecular graph,743,CCCCCC(C)C,,-5.0800,-4.9499,0.1301,0.5789
random,3,GCN,Molecular graph,541,CC(=O)C1(O)CCC2C3CCC4=CC(=O)CCC4(C)C3CCC21C,O=C1C=C2CCC3C4CCCC4CCC3C2CC1,-3.8170,-3.8035,0.0135,0.7391
random,3,GCN,Molecular graph,359,CCCCCC(=O)OC,,-1.8700,-1.8050,0.0650,0.9500
random,3,GCN,Molecular graph,762,CC=C(C)C,,-2.5600,-2.7833,0.2233,0.3077
random,3,GCN,Molecular graph,332,CCCOC=O,,-0.4900,-0.6665,0.1765,0.6842
random,3,GCN,Molecular graph,697,CCc1ccc(C)cc1,c1ccccc1,-3.1100,-3.6587,0.5487,0.5333
random,3,GCN,Molecular graph,705,CCCC(C)(C)CO,,-1.5200,-1.3295,0.1905,0.5556
random,3,GCN,Molecular graph,269,CC(C)CC(=O)C,,-0.7400,-1.0164,0.2764,0.4118
random,3,GCN,Molecular graph,149,Fc1c[nH]c(=O)[nH]c1=O ,O=c1cc[nH]c(=O)[nH]1,-1.0770,-2.3432,1.2662,0.5200
random,3,GCN,Molecular graph,148,CCC(=O)C,,0.5200,-0.2853,0.8053,0.5385
random,3,GCN,Molecular graph,79,CCCC1COC(Cn2cncn2)(O1)c3ccc(Cl)cc3Cl,c1ccc(C2(Cn3cncn3)OCCO2)cc1,-3.4930,-3.1545,0.3385,0.2361
random,3,GCN,Molecular graph,330,CC(C)OP(=S)(OC(C)C)SCCNS(=O)(=O)c1ccccc1,c1ccccc1,-4.2000,-3.8588,0.3412,0.2623
random,3,GCN,Molecular graph,848,C=CCS(=O)SCC=C,,-0.8300,-2.1156,1.2856,0.2273
random,3,GCN,Molecular graph,272,CC1(C)C(C=C(Br)Br)C1C(=O)OC(C#N)c2cccc(Oc3ccccc3)c2,O=C(OCc1cccc(Oc2ccccc2)c1)C1CC1,-8.4020,-5.7145,2.6875,0.7667
random,3,GCN,Molecular graph,669,Nc1cc[nH]c(=O)n1 ,O=c1nccc[nH]1,-1.1550,-1.1083,0.0467,0.3214
random,3,GCN,Molecular graph,1032,Oc1c(Cl)cc(Cl)cc1Cl,c1ccccc1,-2.3400,-2.4650,0.1250,0.6667
random,3,GCN,Molecular graph,255,CC(C)C(O)C(C)C,,-1.2200,-1.4956,0.2756,0.4615
random,3,GCN,Molecular graph,818,CCCSCCC,,-2.5800,-3.0030,0.4230,0.3846
random,3,GCN,Molecular graph,289,Cc1ccc2c(ccc3ccccc32)c1,c1ccc2c(c1)ccc1ccccc12,-5.8400,-6.3913,0.5513,0.6522
random,3,GCN,Molecular graph,794,CC(=O)c1ccccc1,c1ccccc1,-1.2800,-1.4224,0.1424,0.5789
random,3,GCN,Molecular graph,482,CC(C)C(Nc1ccc(cc1Cl)C(F)(F)F)C(=O)OC(C#N)c2cccc(Oc3ccccc3)c2,O=C(CNc1ccccc1)OCc1cccc(Oc2ccccc2)c1,-8.0030,-6.1057,1.8973,0.5139
random,3,GCN,Molecular graph,59,CCCC(=O)C,,-0.1900,-0.6569,0.4669,0.6471
random,3,GCN,Molecular graph,263,O=C1N(COC(=O)CCCC)C(=O)C(N1)(c2ccccc2)c3ccccc3,O=C1NC(=O)C(c2ccccc2)(c2ccccc2)N1,-4.6780,-3.8662,0.8118,0.9091
random,3,GCN,Molecular graph,144,Cc1cccc(C)c1,c1ccccc1,-2.8200,-2.4896,0.3304,0.6111
random,3,GCN,Molecular graph,569,CCCCCC=C,,-3.7300,-4.1530,0.4230,0.9375
random,3,GCN,Molecular graph,711,CC(=O)OCC(=O)C3(O)CCC4C2CCC1=CC(=O)C=CC1(C)C2C(O)CC34C ,O=C1C=CC2C(=C1)CCC1C3CCCC3CCC21,-4.3700,-3.9288,0.4412,0.7833
random,3,GCN,Molecular graph,1078,Oc1c(Cl)c(Cl)cc(Cl)c1Cl,c1ccccc1,-3.3700,-3.2216,0.1484,0.6667
random,3,GCN,Molecular graph,1013,CNC(=O)Oc1ccccc1C(C)C,c1ccccc1,-2.8630,-2.3199,0.5431,0.6471
random,3,GCN,Molecular graph,659,OC(Cn1cncn1)(Cn2cncn2)c3ccc(F)cc3F ,c1ccc(C(Cn2cncn2)Cn2cncn2)cc1,-1.8000,-2.3280,0.5280,0.5417
random,3,GCN,Molecular graph,760,c1cC2C(=O)NC(=O)C2cc1,O=C1NC(=O)C2C=CC=CC12,-2.9320,-1.6736,1.2584,0.2400
random,3,GIN,Molecular graph,784,Oc1c(Cl)ccc(Cl)c1Cl,c1ccccc1,-2.6400,-2.4373,0.2027,0.5625
random,3,GIN,Molecular graph,593,O=C1N(COC(=O)CC)C(=O)C(N1)(c2ccccc2)c3ccccc3,O=C1NC(=O)C(c2ccccc2)(c2ccccc2)N1,-4.9070,-4.1261,0.7809,0.8095
random,3,GIN,Molecular graph,136,CC(C)(C)c1ccc(O)cc1,c1ccccc1,-2.4100,-2.4899,0.0799,0.5000
random,3,GIN,Molecular graph,297,Clc1cc(c(Cl)c(Cl)c1Cl)c2cc(Cl)c(Cl)c(Cl)c2Cl,c1ccc(-c2ccccc2)cc1,-9.1600,-8.4825,0.6775,0.6364
random,3,GIN,Molecular graph,122,Clc1cc(Cl)c(Cl)c(Cl)c1Cl,c1ccccc1,-5.6500,-6.2609,0.6109,0.6429
random,3,GIN,Molecular graph,916,c2ccc1[nH]ncc1c2 ,c1ccc2[nH]ncc2c1,-2.1600,-0.8854,1.2746,0.3846
random,3,GIN,Molecular graph,278,ClCC(Cl)Cl,,-1.4800,-1.4221,0.0579,0.5000
random,3,GIN,Molecular graph,961,CC(=O)OC3(C)CCC4C2CCC1=CC(=O)CCC1(C)C2CCC34C ,O=C1C=C2CCC3C4CCCC4CCC3C2CC1,-5.2840,-4.3965,0.8875,0.6735
random,3,GIN,Molecular graph,997,Nc2cnn(c1ccccc1)c(=O)c2Cl,O=c1cccnn1-c1ccccc1,-2.8780,-1.8452,1.0328,0.6571
random,3,GIN,Molecular graph,115,Cn1cnc2n(C)c(=O)[nH]c(=O)c12 ,O=c1[nH]c(=O)c2[nH]cnc2[nH]1,-2.5230,-0.7874,1.7356,0.3429
random,3,GIN,Molecular graph,903,CCOC(=O)CC,,-0.6600,-0.5827,0.0773,0.6667
random,3,GIN,Molecular graph,437,ClCCCl,,-1.0600,-1.0194,0.0406,0.5000
random,3,GIN,Molecular graph,857,c1ccccc1SC,c1ccccc1,-2.3900,-2.3636,0.0264,0.3889
random,3,GIN,Molecular graph,1115,O=C1NC(=O)C(=O)N1 ,O=C1NC(=O)C(=O)N1,-0.4000,-1.0164,0.6164,0.6923
random,3,GIN,Molecular graph,138,Clc1cccc(I)c1,c1ccccc1,-3.5500,-3.5895,0.0395,0.6111
random,3,GIN,Molecular graph,454,CCCCC(C)O,,-0.8900,-0.7365,0.1535,0.8235
random,3,GIN,Molecular graph,9,COc5cc4OCC3Oc2c1CC(Oc1ccc2C(=O)C3c4cc5OC)C(C)=C ,O=C1c2ccc3c(c2OC2COc4ccccc4C12)CCO3,-4.4200,-5.0692,0.6492,0.2121
random,3,GIN,Molecular graph,713,CC(C)OC(=O)C,,-0.5500,-0.5048,0.0452,0.4348
random,3,GIN,Molecular graph,56,CC(C)CCC(C)(C)C,,-5.0500,-4.7245,0.3255,0.4444
random,3,GIN,Molecular graph,302,Nc1ccc(cc1)S(N)(=O)=O,c1ccccc1,-1.3400,-0.9879,0.3521,0.6500
random,3,GIN,Molecular graph,307,ClC(Cl)(Cl)Cl,,-2.3100,-2.5704,0.2604,0.5000
random,3,GIN,Molecular graph,940,CN(=O)=O,,0.2600,-0.0950,0.3550,0.4615
random,3,GIN,Molecular graph,140,CC/C=C/C,,-2.5400,-2.6746,0.1346,1.0000
random,3,GIN,Molecular graph,887,Clc1cccc(Br)c1,c1ccccc1,-3.2100,-3.3189,0.1089,0.6111
random,3,GIN,Molecular graph,494,CCC,,-1.9400,-2.2292,0.2892,0.5000
random,3,GIN,Molecular graph,927,Nc1nc(=O)[nH]cc1F,O=c1nccc[nH]1,-0.9720,-1.3954,0.4234,0.2632
random,3,GIN,Molecular graph,147,CCC1(CCC(C)C)C(=O)NC(=O)NC1=O,O=C1CC(=O)NC(=O)N1,-2.4680,-2.3571,0.1109,1.0000
random,3,GIN,Molecular graph,877,ClCC#CCOC(=O)Nc1cccc(Cl)c1,c1ccccc1,-4.3700,-3.9201,0.4499,0.5319
random,3,GIN,Molecular graph,30,CCc1ccc(CC)cc1,c1ccccc1,-3.7500,-4.2517,0.5017,0.6667
random,3,GIN,Molecular graph,567,Clc1cc(Cl)c(Cl)cc1Cl,c1ccccc1,-5.5600,-5.3784,0.1816,0.5385
random,3,GIN,Molecular graph,470,CC(C)C(C)O,,-0.1800,-0.3978,0.2178,0.5000
random,3,GIN,Molecular graph,917,CC5(C)OC4CC3C2CCC1=CC(=O)C=CC1(C)C2(F)C(O)CC3(C)C4(O5)C(=O)CO ,O=C1C=CC2C(=C1)CCC1C2CCC2C1CC1OCOC12,-4.3100,-4.1430,0.1670,0.6818
random,3,GIN,Molecular graph,514,CNC(=O)Oc1ccccc1C2OCCO2,c1ccc(C2OCCO2)cc1,-1.5700,-1.5448,0.0252,0.4878
random,3,GIN,Molecular graph,925,CCN2c1nc(N(C)(CCO))ccc1NC(=O)c3cccnc23 ,O=C1Nc2cccnc2Nc2ncccc21,-3.3600,-3.3865,0.0265,0.5167
random,3,GIN,Molecular graph,15,CC(C)Cl,,-1.4100,-1.9183,0.5083,0.8333
random,3,GIN,Molecular graph,652,CC1(C)CON(Cc2ccccc2Cl)C1=O,O=C1CCON1Cc1ccccc1,-2.3380,-1.9806,0.3574,0.2703
random,3,GIN,Molecular graph,159,Cc1ccc(Cl)cc1,c1ccccc1,-3.0800,-3.2281,0.1481,0.6154
random,3,GIN,Molecular graph,191,COCC(=O)N(C(C)C(=O)OC)c1c(C)cccc1C ,c1ccccc1,-1.6010,-3.2918,1.6908,0.3333
random,3,GIN,Molecular graph,178,CCCCC(=O)CCCC,,-2.5800,-1.9037,0.6763,0.6250
random,3,GIN,Molecular graph,707,COCCCNc1nc(NC(C)C)nc(SC)n1,c1ncncn1,-2.9280,-3.5187,0.5907,0.6154
random,3,GIN,Molecular graph,254,CC(=O)OC3(CCC4C2C=C(C)C1=CC(=O)CCC1(C)C2CCC34C)C(C)=O ,O=C1C=C2C=CC3C4CCCC4CCC3C2CC1,-5.3500,-4.3866,0.9634,0.7170
random,3,GIN,Molecular graph,771,C1CCCCCCC1,C1CCCCCCC1,-4.1500,-3.5769,0.5731,1.0000
random,3,GIN,Molecular graph,578,CC34CC(=O)C1C(CCC2=CC(=O)CCC12C)C3CCC4(=O) ,O=C1C=C2CCC3C4CCC(=O)C4CC(=O)C3C2CC1,-3.4800,-3.5809,0.1009,0.6977
random,3,GIN,Molecular graph,767,CCCCCCCC,,-5.2400,-5.5846,0.3446,1.0000
random,3,GIN,Molecular graph,591,CC1(C)C(C=C(Cl)Cl)C1C(=O)OCc2cccc(Oc3ccccc3)c2,O=C(OCc1cccc(Oc2ccccc2)c1)C1CC1,-6.2910,-6.1551,0.1359,0.8367
random,3,GIN,Molecular graph,751,CCCCCCC,,-4.5300,-4.8168,0.2868,1.0000
random,3,GIN,Molecular graph,768,c1ccc2cc3ccccc3cc2c1,c1ccc2cc3ccccc3cc2c1,-6.3500,-5.3759,0.9741,0.9091
random,3,GIN,Molecular graph,430,CCN(CC)C(=S)SSC(=S)N(CC)CC,,-4.8600,-5.3115,0.4515,0.4815
random,3,GIN,Molecular graph,1038,Cn1cnc2n(C)c(=O)n(C)c(=O)c12,O=c1[nH]c(=O)c2[nH]cnc2[nH]1,-0.8760,0.0521,0.9281,0.5250
random,3,GIN,Molecular graph,1084,CC(=O)OC3(CCC4C2CCC1=CC(=O)CCC1C2CCC34C)C#C,O=C1C=C2CCC3C4CCCC4CCC3C2CC1,-4.8000,-4.6525,0.1475,0.4091
random,3,GIN,Molecular graph,422,ClC(Cl)C(Cl)(Cl)SN2C(=O)C1CC=CCC1C2=O ,O=C1NC(=O)C2CC=CCC12,-5.4000,-4.7310,0.6690,0.1930
random,3,GIN,Molecular graph,847,c1(O)cc(O)ccc1CCCCCC,c1ccccc1,-2.5900,-2.3678,0.2222,0.3939
random,3,GIN,Molecular graph,203,CCOP(=S)(OCC)ON=C(C#N)c1ccccc1,c1ccccc1,-4.8620,-3.9732,0.8888,0.3256
random,3,GIN,Molecular graph,609,CCCC(=O)OCC,,-1.3600,-1.1538,0.2062,0.6818
random,3,GIN,Molecular graph,1010,CCNc1nc(NC(C)(C)C)nc(OC)n1,c1ncncn1,-3.2390,-2.9886,0.2504,0.6000
random,3,GIN,Molecular graph,754,COc2cc1c(N)nc(nc1c(OC)c2OC)N3CCN(CC3)C(=O)OCC(C)(C)O ,c1ccc2nc(N3CCNCC3)ncc2c1,-3.6380,-2.6959,0.9421,0.1972
random,3,GIN,Molecular graph,878,CC(=O)Nc1ccc(Cl)cc1,c1ccccc1,-2.8430,-2.6462,0.1968,0.6154
random,3,GIN,Molecular graph,975,CCCCCCCCCCCCCCCC,,-8.4000,-8.0116,0.3884,1.0000
random,3,GIN,Molecular graph,1071,ClC(Cl)C(Cl)(Cl)Cl,,-2.6000,-2.9066,0.3066,0.3333
random,3,GIN,Molecular graph,487,OCc1ccccc1,c1ccccc1,-0.4000,-0.7777,0.3777,0.5294
random,3,GIN,Molecular graph,1023,CC(C)c1ccc(C)cc1,c1ccccc1,-3.7700,-4.3093,0.5393,0.5333
random,3,GIN,Molecular graph,195,CC(C)Oc1cc(c(Cl)cc1Cl)n2nc(oc2=O)C(C)(C)C,O=c1ocnn1-c1ccccc1,-5.6960,-4.4129,1.2831,0.4746
random,3,GIN,Molecular graph,637,c1ccc2c(c1)cc3ccc4cccc5ccc2c3c45,c1ccc2c(c1)cc1ccc3cccc4ccc2c1c34,-8.6990,-7.7601,0.9389,0.6087
random,3,GIN,Molecular graph,1004,c1ccc2c(c1)c3cccc4ccc5cccc2c5c43,c1ccc2c(c1)c1cccc3ccc4cccc2c4c31,-7.8000,-7.3942,0.4058,0.8235
random,3,GIN,Molecular graph,1003,CCCCS,,-2.1800,-1.6249,0.5551,0.5000
random,3,GIN,Molecular graph,761,NS(=O)(=O)c2cc1c(NC(NS1(=O)=O)C(Cl)Cl)cc2Cl ,O=S1(=O)NCNc2ccccc21,-2.6800,-3.1540,0.4740,0.5319
random,3,GIN,Molecular graph,1034,C2c1ccccc1N(CCF)C(=O)c3ccccc23 ,O=C1Nc2ccccc2Cc2ccccc21,-4.7990,-4.7588,0.0402,0.3939
random,3,GIN,Molecular graph,1017,COP(=S)(OC)Oc1cc(Cl)c(Br)cc1Cl,c1ccccc1,-6.0900,-5.6931,0.3969,0.7333
random,3,GIN,Molecular graph,1126,CCC(C)C,,-3.1800,-3.0670,0.1130,0.5455
random,3,GIN,Molecular graph,157,NC(=O)CCl ,,-0.0200,0.4667,0.4867,0.4167
random,3,GIN,Molecular graph,725,OC(c1ccc(Cl)cc1)(c2cncnc2)c3ccccc3Cl,c1ccc(C(c2ccccc2)c2cncnc2)cc1,-4.3800,-3.7372,0.6428,0.3514
random,3,GIN,Molecular graph,1101,Cl\C=C/Cl,,-1.3000,-1.4912,0.1912,0.3750
random,3,GIN,Molecular graph,550,CCC(C)CCO,,-0.7100,-1.1783,0.4683,0.5556
random,3,GIN,Molecular graph,585,Nc1c(C)c[nH]c(=O)n1 ,O=c1nccc[nH]1,-1.4580,-0.8892,0.5688,0.3667
random,3,GIN,Molecular graph,76,O=C1N(COC(=O)CCCCC)C(=O)C(N1)(c2ccccc2)c3ccccc3,O=C1NC(=O)C(c2ccccc2)(c2ccccc2)N1,-5.8860,-4.5596,1.3264,0.9767
random,3,GIN,Molecular graph,350,CC(C)O,,0.4300,0.5329,0.1029,0.4545
random,3,GIN,Molecular graph,417,Clc1cccc(c1Cl)c2cccc(Cl)c2Cl,c1ccc(-c2ccccc2)cc1,-7.2800,-6.1016,1.1784,0.7143
random,3,GIN,Molecular graph,1099,CCC(CC)CO,,-1.1700,-1.1450,0.0250,0.5789
random,3,GIN,Molecular graph,390,Cc1ccc2cc3ccccc3cc2c1,c1ccc2cc3ccccc3cc2c1,-6.9600,-5.9464,1.0136,0.8421
random,3,GIN,Molecular graph,820,CCCCCBr,,-3.0800,-3.3223,0.2423,0.9231
random,3,GIN,Molecular graph,875,OCC1OC(O)(CO)C(O)C1O,C1CCOC1,0.6400,0.2252,0.4148,0.4211
random,3,GIN,Molecular graph,371,O=N(=O)c1ccccc1,c1ccccc1,-1.8000,-1.7525,0.0475,0.7059
random,3,GIN,Molecular graph,14,CCCCCCCCCCCCCC,,-7.9600,-7.6772,0.2828,1.0000
random,3,GIN,Molecular graph,743,CCCCCC(C)C,,-5.0800,-5.0238,0.0562,0.5789
random,3,GIN,Molecular graph,541,CC(=O)C1(O)CCC2C3CCC4=CC(=O)CCC4(C)C3CCC21C,O=C1C=C2CCC3C4CCCC4CCC3C2CC1,-3.8170,-4.0715,0.2545,0.7391
random,3,GIN,Molecular graph,359,CCCCCC(=O)OC,,-1.8700,-1.9316,0.0616,0.9500
random,3,GIN,Molecular graph,762,CC=C(C)C,,-2.5600,-2.6351,0.0751,0.3077
random,3,GIN,Molecular graph,332,CCCOC=O,,-0.4900,-0.3601,0.1299,0.6842
random,3,GIN,Molecular graph,697,CCc1ccc(C)cc1,c1ccccc1,-3.1100,-3.6235,0.5135,0.5333
random,3,GIN,Molecular graph,705,CCCC(C)(C)CO,,-1.5200,-1.5885,0.0685,0.5556
random,3,GIN,Molecular graph,269,CC(C)CC(=O)C,,-0.7400,-0.6608,0.0792,0.4118
random,3,GIN,Molecular graph,149,Fc1c[nH]c(=O)[nH]c1=O ,O=c1cc[nH]c(=O)[nH]1,-1.0770,-1.6670,0.5900,0.5200
random,3,GIN,Molecular graph,148,CCC(=O)C,,0.5200,0.3904,0.1296,0.5385
random,3,GIN,Molecular graph,79,CCCC1COC(Cn2cncn2)(O1)c3ccc(Cl)cc3Cl,c1ccc(C2(Cn3cncn3)OCCO2)cc1,-3.4930,-2.3945,1.0985,0.2361
random,3,GIN,Molecular graph,330,CC(C)OP(=S)(OC(C)C)SCCNS(=O)(=O)c1ccccc1,c1ccccc1,-4.2000,-3.1559,1.0441,0.2623
random,3,GIN,Molecular graph,848,C=CCS(=O)SCC=C,,-0.8300,-2.3593,1.5293,0.2273
random,3,GIN,Molecular graph,272,CC1(C)C(C=C(Br)Br)C1C(=O)OC(C#N)c2cccc(Oc3ccccc3)c2,O=C(OCc1cccc(Oc2ccccc2)c1)C1CC1,-8.4020,-6.2357,2.1663,0.7667
random,3,GIN,Molecular graph,669,Nc1cc[nH]c(=O)n1 ,O=c1nccc[nH]1,-1.1550,-0.5078,0.6472,0.3214
random,3,GIN,Molecular graph,1032,Oc1c(Cl)cc(Cl)cc1Cl,c1ccccc1,-2.3400,-2.4557,0.1157,0.6667
random,3,GIN,Molecular graph,255,CC(C)C(O)C(C)C,,-1.2200,-1.5736,0.3536,0.4615
random,3,GIN,Molecular graph,818,CCCSCCC,,-2.5800,-2.8421,0.2621,0.3846
random,3,GIN,Molecular graph,289,Cc1ccc2c(ccc3ccccc32)c1,c1ccc2c(c1)ccc1ccccc12,-5.8400,-5.8517,0.0117,0.6522
random,3,GIN,Molecular graph,794,CC(=O)c1ccccc1,c1ccccc1,-1.2800,-1.1364,0.1436,0.5789
random,3,GIN,Molecular graph,482,CC(C)C(Nc1ccc(cc1Cl)C(F)(F)F)C(=O)OC(C#N)c2cccc(Oc3ccccc3)c2,O=C(CNc1ccccc1)OCc1cccc(Oc2ccccc2)c1,-8.0030,-6.2545,1.7485,0.5139
random,3,GIN,Molecular graph,59,CCCC(=O)C,,-0.1900,-0.2182,0.0282,0.6471
random,3,GIN,Molecular graph,263,O=C1N(COC(=O)CCCC)C(=O)C(N1)(c2ccccc2)c3ccccc3,O=C1NC(=O)C(c2ccccc2)(c2ccccc2)N1,-4.6780,-4.3983,0.2797,0.9091
random,3,GIN,Molecular graph,144,Cc1cccc(C)c1,c1ccccc1,-2.8200,-2.5379,0.2821,0.6111
random,3,GIN,Molecular graph,569,CCCCCC=C,,-3.7300,-4.1123,0.3823,0.9375
random,3,GIN,Molecular graph,711,CC(=O)OCC(=O)C3(O)CCC4C2CCC1=CC(=O)C=CC1(C)C2C(O)CC34C ,O=C1C=CC2C(=C1)CCC1C3CCCC3CCC21,-4.3700,-4.0732,0.2968,0.7833
random,3,GIN,Molecular graph,1078,Oc1c(Cl)c(Cl)cc(Cl)c1Cl,c1ccccc1,-3.3700,-3.6800,0.3100,0.6667
random,3,GIN,Molecular graph,1013,CNC(=O)Oc1ccccc1C(C)C,c1ccccc1,-2.8630,-2.9123,0.0493,0.6471
random,3,GIN,Molecular graph,659,OC(Cn1cncn1)(Cn2cncn2)c3ccc(F)cc3F ,c1ccc(C(Cn2cncn2)Cn2cncn2)cc1,-1.8000,-1.2969,0.5031,0.5417
random,3,GIN,Molecular graph,760,c1cC2C(=O)NC(=O)C2cc1,O=C1NC(=O)C2C=CC=CC12,-2.9320,-2.2763,0.6557,0.2400
random,4,Dummy (mean),RDKit descriptors,266,CC(=O)OCC(=O)C3(O)C(CC4C2CCC1=CC(=O)C=CC1(C)C2(F)C(O)CC34C)OC(C)=O ,O=C1C=CC2C(=C1)CCC1C3CCCC3CCC21,-4.1300,-3.0714,1.0586,0.8182
random,4,Dummy (mean),RDKit descriptors,400,CC1=C(SCCO1)C(=O)Nc2ccccc2,O=C(Nc1ccccc1)C1=COCCS1,-3.1400,-3.0714,0.0686,0.5581
random,4,Dummy (mean),RDKit descriptors,869,COP(=O)(OC)OC(Br)C(Cl)(Cl)Br,,-2.2800,-3.0714,0.7914,0.3438
random,4,Dummy (mean),RDKit descriptors,926,CCCC(C)(C)O,,-0.4900,-3.0714,2.5814,0.6111
random,4,Dummy (mean),RDKit descriptors,721,CN(C)C(=O)C(c1ccccc1)c2ccccc2 ,c1ccc(Cc2ccccc2)cc1,-2.9800,-3.0714,0.0914,0.4194
random,4,Dummy (mean),RDKit descriptors,473,COP(=S)(OC)Oc1ccc(cc1Cl)N(=O)=O,c1ccccc1,-4.3100,-3.0714,1.2386,0.5263
random,4,Dummy (mean),RDKit descriptors,600,CC,,-1.3600,-3.0714,1.7114,0.2500
random,4,Dummy (mean),RDKit descriptors,314,COC(C)(C)C,,-0.2400,-3.0714,2.8314,0.2727
random,4,Dummy (mean),RDKit descriptors,1116,COP(=S)(OC)Oc1ccc(Sc2ccc(OP(=S)(OC)OC)cc2)cc1,c1ccc(Sc2ccccc2)cc1,-6.2370,-3.0714,3.1656,0.5000
random,4,Dummy (mean),RDKit descriptors,599,Oc1ccccn1,c1ccncc1,1.0200,-3.0714,4.0914,0.3750
random,4,Dummy (mean),RDKit descriptors,449,OCC(O)COC(=O)c1ccccc1Nc2ccnc3cc(Cl)ccc23,c1ccc(Nc2ccnc3ccccc23)cc1,-4.5710,-3.0714,1.4996,0.2769
random,4,Dummy (mean),RDKit descriptors,915,CC(=O)Nc1ccc(O)cc1,c1ccccc1,-1.0300,-3.0714,2.0414,0.6400
random,4,Dummy (mean),RDKit descriptors,629,Oc1cc(Cl)cc(Cl)c1Cl,c1ccccc1,-2.6700,-3.0714,0.4014,0.6111
random,4,Dummy (mean),RDKit descriptors,829,CN(C)C(=O)OC1=CC(=O)CC(C)(C)C1 ,O=C1C=CCCC1,-0.8500,-3.0714,2.2214,0.4286
random,4,Dummy (mean),RDKit descriptors,415,C1CCOC1,C1CCOC1,0.4900,-3.0714,3.5614,0.8889
random,4,Dummy (mean),RDKit descriptors,237,CCCC(=O)CCC,,-1.3000,-3.0714,1.7714,0.7333
random,4,Dummy (mean),RDKit descriptors,389,c3ccc2c(O)c1ccccc1cc2c3 ,c1ccc2cc3ccccc3cc2c1,-4.7300,-3.0714,1.6586,0.5455
random,4,Dummy (mean),RDKit descriptors,331,C1CCCCCC1,C1CCCCCC1,-3.5100,-3.0714,0.4386,1.0000
random,4,Dummy (mean),RDKit descriptors,659,OC(Cn1cncn1)(Cn2cncn2)c3ccc(F)cc3F ,c1ccc(C(Cn2cncn2)Cn2cncn2)cc1,-1.8000,-3.0714,1.2714,0.2319
random,4,Dummy (mean),RDKit descriptors,703,Cc1ncc(N(=O)=O)n1CCO,c1c[nH]cn1,-1.2200,-3.0714,1.8514,1.0000
random,4,Dummy (mean),RDKit descriptors,385,Cc1ccc(N)cc1,c1ccccc1,-1.2100,-3.0714,1.8614,0.6154
random,4,Dummy (mean),RDKit descriptors,762,CC=C(C)C,,-2.5600,-3.0714,0.5114,0.3077
random,4,Dummy (mean),RDKit descriptors,502,Cn2c(=O)on(c1ccc(Cl)c(Cl)c1)c2=O,O=c1[nH]c(=O)n(-c2ccccc2)o1,-2.8200,-3.0714,0.2514,0.2955
random,4,Dummy (mean),RDKit descriptors,232,CC34CCC1C(CCC2CC(O)CCC12C)C3CCC4=O,O=C1CCC2C1CCC1C3CCCCC3CCC21,-4.1600,-3.0714,1.0886,1.0000
random,4,Dummy (mean),RDKit descriptors,860,COC(=O)c1cccnc1 ,c1ccncc1,-0.4600,-3.0714,2.6114,0.5714
random,4,Dummy (mean),RDKit descriptors,612,Cc1ccnc(C)c1,c1ccncc1,0.3800,-3.0714,3.4514,0.3810
random,4,Dummy (mean),RDKit descriptors,490,CC(C)Br,,-1.5900,-3.0714,1.4814,0.4286
random,4,Dummy (mean),RDKit descriptors,247,Clc1ccc(Cl)c(Cl)c1,c1ccccc1,-3.5900,-3.0714,0.5186,0.5909
random,4,Dummy (mean),RDKit descriptors,693,COc1ccccc1,c1ccccc1,-1.8500,-3.0714,1.2214,0.5294
random,4,Dummy (mean),RDKit descriptors,458,CC1(C)C(C=C(Cl)Cl)C1C(=O)OC(C#N)c2cccc(Oc3ccccc3)c2,O=C(OCc1cccc(Oc2ccccc2)c1)C1CC1,-8.0170,-3.0714,4.9456,0.8421
random,4,Dummy (mean),RDKit descriptors,839,C=Cc1ccccc1,c1ccccc1,-2.8200,-3.0714,0.2514,0.4737
random,4,Dummy (mean),RDKit descriptors,555,CC1OC(CC(O)C1O)OC2C(O)CC(OC2C)OC8C(O)CC(OC7CCC3(C)C(CCC4C3CC(O)C5(C)C(CCC45O)C6=CC(=O)OC6)C7)OC8C ,O=C1C=C(C2CCC3C2CCC2C4CCC(OC5CCC(OC6CCC(OC7CCCCO7)CO6)CO5)CC4CCC23)CO1,-4.0810,-3.0714,1.0096,0.8133
random,4,Dummy (mean),RDKit descriptors,87,CCCN(=O)=O,,-0.8000,-3.0714,2.2714,0.5625
random,4,Dummy (mean),RDKit descriptors,531,C1c2ccccc2c3ccccc13,c1ccc2c(c1)Cc1ccccc1-2,-5.0000,-3.0714,1.9286,0.6364
random,4,Dummy (mean),RDKit descriptors,595,Cc1ccccc1N,c1ccccc1,-2.2100,-3.0714,0.8614,0.4286
random,4,Dummy (mean),RDKit descriptors,396,Oc1c(Br)cc(C#N)cc1Br ,c1ccccc1,-3.3300,-3.0714,0.2586,0.5200
random,4,Dummy (mean),RDKit descriptors,565,CCSSCC,,-2.4200,-3.0714,0.6514,0.4545
random,4,Dummy (mean),RDKit descriptors,167,O=C1N(COC(=O)CCCCCCC)C(=O)C(N1)(c2ccccc2)c3ccccc3,O=C1NC(=O)C(c2ccccc2)(c2ccccc2)N1,-6.5230,-3.0714,3.4516,1.0000
random,4,Dummy (mean),RDKit descriptors,59,CCCC(=O)C,,-0.1900,-3.0714,2.8814,0.6471
random,4,Dummy (mean),RDKit descriptors,889,O=C1NC(=O)NC(=O)C1(C)CC,O=C1CC(=O)NC(=O)N1,-1.2280,-3.0714,1.8434,0.5909
random,4,Dummy (mean),RDKit descriptors,1126,CCC(C)C,,-3.1800,-3.0714,0.1086,0.5455
random,4,Dummy (mean),RDKit descriptors,256,c1ccc2ccccc2c1,c1ccc2ccccc2c1,-3.6000,-3.0714,0.5286,0.6364
random,4,Dummy (mean),RDKit descriptors,678,c1c(OC)c(OC)C2C(=O)OCC2c1,O=C1OCC2C=CC=CC12,-1.8990,-3.0714,1.1724,0.2321
random,4,Dummy (mean),RDKit descriptors,763,Cc1ccc(C)c(C)c1,c1ccccc1,-3.3100,-3.0714,0.2386,0.5500
random,4,Dummy (mean),RDKit descriptors,959,CCCC=C(CC)C=O,,-2.4600,-3.0714,0.6114,0.4091
random,4,Dummy (mean),RDKit descriptors,542,CCCC(C)O,,-0.2900,-3.0714,2.7814,0.6471
random,4,Dummy (mean),RDKit descriptors,407,CN(C)C(=O)Nc1ccc(C)c(Cl)c1,c1ccccc1,-3.4830,-3.0714,0.4116,0.7500
random,4,Dummy (mean),RDKit descriptors,129,CCCCCCCBr,,-4.4300,-3.0714,1.3586,1.0000
random,4,Dummy (mean),RDKit descriptors,81,Cc1ncnc2nccnc12,c1cnc2ncncc2n1,-0.4660,-3.0714,2.6054,0.5357
random,4,Dummy (mean),RDKit descriptors,1096,O=C(c1ccccc1)c2ccccc2,O=C(c1ccccc1)c1ccccc1,-3.1200,-3.0714,0.0486,0.5789
random,4,Dummy (mean),RDKit descriptors,380,CCCCCC(=O)OCC,,-2.3500,-3.0714,0.7214,0.9524
random,4,Dummy (mean),RDKit descriptors,725,OC(c1ccc(Cl)cc1)(c2cncnc2)c3ccccc3Cl,c1ccc(C(c2ccccc2)c2cncnc2)cc1,-4.3800,-3.0714,1.3086,0.3514
random,4,Dummy (mean),RDKit descriptors,139,Brc1cccc2ccccc12,c1ccc2ccccc2c1,-4.3500,-3.0714,1.2786,0.5263
random,4,Dummy (mean),RDKit descriptors,982,CCCN(CCC)c1c(cc(cc1N(=O)=O)C(F)(F)F)N(=O)=O,c1ccccc1,-5.6800,-3.0714,2.6086,0.7436
random,4,Dummy (mean),RDKit descriptors,289,Cc1ccc2c(ccc3ccccc32)c1,c1ccc2c(c1)ccc1ccccc12,-5.8400,-3.0714,2.7686,0.6522
random,4,Dummy (mean),RDKit descriptors,1020,COC(=O)C=C,,-0.2200,-3.0714,2.8514,0.3889
random,4,Dummy (mean),RDKit descriptors,701,CCC1(C(C)C)C(=O)NC(=O)NC1=O ,O=C1CC(=O)NC(=O)N1,-2.2100,-3.0714,0.8614,1.0000
random,4,Dummy (mean),RDKit descriptors,801,c1ccc2c(c1)[nH]c3ccccc32,c1ccc2c(c1)[nH]c1ccccc12,-5.2700,-3.0714,2.1986,0.4167
random,4,Dummy (mean),RDKit descriptors,155,CCCOC(=O)C,,-0.7200,-3.0714,2.3514,0.5789
random,4,Dummy (mean),RDKit descriptors,782,CCCOCCC,,-1.6200,-3.0714,1.4514,0.6923
random,4,Dummy (mean),RDKit descriptors,361,CC(=O)Nc1ccc(F)cc1,c1ccccc1,-1.7800,-3.0714,1.2914,0.6154
random,4,Dummy (mean),RDKit descriptors,1088,ClCC,,-1.0600,-3.0714,2.0114,0.5556
random,4,Dummy (mean),RDKit descriptors,1014,O=C1NCCN1c2ncc(s2)N(=O)=O,O=C1NCCN1c1nccs1,-3.2200,-3.0714,0.1486,0.2400
random,4,Dummy (mean),RDKit descriptors,111,Oc1ccc(Cl)cc1C(=O)Nc2ccc(cc2Cl)N(=O)=O,O=C(Nc1ccccc1)c1ccccc1,-4.7000,-3.0714,1.6286,0.4286
random,4,Dummy (mean),RDKit descriptors,530,O2c1ccccc1N(C)C(=O)c3cccnc23 ,O=C1Nc2ccccc2Oc2ncccc21,-3.6720,-3.0714,0.6006,0.5000
random,4,Dummy (mean),RDKit descriptors,339,c3ccc2nc1ccccc1cc2c3,c1ccc2nc3ccccc3cc2c1,-3.6700,-3.0714,0.5986,0.5625
random,4,Dummy (mean),RDKit descriptors,197,CCCCCCCC#C,,-4.2400,-3.0714,1.1686,1.0000
random,4,Dummy (mean),RDKit descriptors,1,Cc1occc1C(=O)Nc2ccccc2,O=C(Nc1ccccc1)c1ccoc1,-3.3000,-3.0714,0.2286,0.5143
random,4,Dummy (mean),RDKit descriptors,277,CCS,,-0.6000,-3.0714,2.4714,0.4286
random,4,Dummy (mean),RDKit descriptors,993,Cc1ccc(cc1)N(=O)=O,c1ccccc1,-2.4900,-3.0714,0.5814,0.7222
random,4,Dummy (mean),RDKit descriptors,55,Cc1ccccc1O,c1ccccc1,-0.6200,-3.0714,2.4514,0.5625
random,4,Dummy (mean),RDKit descriptors,729,Clc1ccc(Cl)c(c1)c2cccc(Cl)c2Cl ,c1ccc(-c2ccccc2)cc1,-6.4700,-3.0714,3.3986,0.6522
random,4,Dummy (mean),RDKit descriptors,676,c1cc2ccc3ccc4ccc5cccc6c(c1)c2c3c4c56,c1cc2ccc3ccc4ccc5cccc6c(c1)c2c3c4c56,-9.0180,-3.0714,5.9466,0.8235
random,4,Dummy (mean),RDKit descriptors,86,CC(C)C(C(=O)OC(C#N)c1cccc(Oc2ccccc2)c1)c3ccc(OC(F)F)cc3,O=C(Cc1ccccc1)OCc1cccc(Oc2ccccc2)c1,-6.8760,-3.0714,3.8046,0.5139
random,4,Dummy (mean),RDKit descriptors,481,ON=Cc1ccc(o1)N(=O)=O ,c1ccoc1,-2.1900,-3.0714,0.8814,0.5238
random,4,Dummy (mean),RDKit descriptors,141,Cc1cccc(C)n1,c1ccncc1,0.4500,-3.0714,3.5214,0.3889
random,4,Dummy (mean),RDKit descriptors,439,ClCCBr,,-1.3200,-3.0714,1.7514,0.5556
random,4,Dummy (mean),RDKit descriptors,221,Cc1ccc(cc1N(=O)=O)N(=O)=O,c1ccccc1,-2.8200,-3.0714,0.2514,0.5926
random,4,Dummy (mean),RDKit descriptors,495,Nc1cc(nc(N)n1=O)N2CCCCC2 ,c1cc(N2CCCCC2)nc[nH+]1,-1.9890,-3.0714,1.0824,0.1549
random,4,Dummy (mean),RDKit descriptors,48,COC(=O)C1=C(C)NC(=C(C1c2ccccc2N(=O)=O)C(=O)OC)C ,C1=CC(c2ccccc2)C=CN1,-4.7600,-3.0714,1.6886,0.3902
random,4,Dummy (mean),RDKit descriptors,354,CCOC(=O)CC(SP(=S)(OC)OC)C(=O)OCC,,-3.3700,-3.0714,0.2986,0.3529
random,4,Dummy (mean),RDKit descriptors,723,CCN2c1cc(N(C)C)cc(C)c1NC(=O)c3cccnc23 ,O=C1Nc2ccccc2Nc2ncccc21,-4.8710,-3.0714,1.7996,0.7037
random,4,Dummy (mean),RDKit descriptors,408,CON(C)C(=O)Nc1ccc(Cl)c(Cl)c1,c1ccccc1,-3.5920,-3.0714,0.5206,0.7568
random,4,Dummy (mean),RDKit descriptors,62,CC34CC(O)C1(F)C(CCC2=CC(=O)C=CC12C)C3CC(O)C4(O)C(=O)CO,O=C1C=CC2C(=C1)CCC1C3CCCC3CCC21,-3.6800,-3.0714,0.6086,0.8596
random,4,Dummy (mean),RDKit descriptors,359,CCCCCC(=O)OC,,-1.8700,-3.0714,1.2014,0.9500
random,4,Dummy (mean),RDKit descriptors,399,Oc1cccc2ncccc12 ,c1ccc2ncccc2c1,-2.5400,-3.0714,0.5314,0.4828
random,4,Dummy (mean),RDKit descriptors,586,Clc2c(Cl)c(Cl)c(c1ccccc1)c(Cl)c2Cl ,c1ccc(-c2ccccc2)cc1,-7.9200,-3.0714,4.8486,0.5714
random,4,Dummy (mean),RDKit descriptors,1046,ClC1CC2C(C1Cl)C3(Cl)C(=C(Cl)C2(Cl)C3(Cl)Cl)Cl,C1=CC2CC1C1CCCC21,-6.8600,-3.0714,3.7886,0.4839
random,4,Dummy (mean),RDKit descriptors,790,c1cc(O)c(O)c2OCC3(O)CC4=CC(=O)C(O)=CC4=C3c21,O=C1C=CC2=C3c4ccccc4OCC3CC2=C1,-2.7000,-3.0714,0.3714,0.1897
random,4,Dummy (mean),RDKit descriptors,309,OC1CCCCCCC1,C1CCCCCCC1,-1.2900,-3.0714,1.7814,1.0000
random,4,Dummy (mean),RDKit descriptors,740,Clc1ccccc1C2=NCC(=O)Nc3ccc(cc23)N(=O)=O,O=C1CN=C(c2ccccc2)c2ccccc2N1,-3.4990,-3.0714,0.4276,0.7292
random,4,Dummy (mean),RDKit descriptors,796,CCOP(=O)(OCC)OCC,,0.4300,-3.0714,3.5014,0.3125
random,4,Dummy (mean),RDKit descriptors,745,CCCC1C(=O)N3N(C1=O)c2cc(C)ccc2N=C3N(C)C ,O=C1CC(=O)N2c3ccccc3N=CN12,-3.5380,-3.0714,0.4666,0.3333
random,4,Dummy (mean),RDKit descriptors,1033,CCCN(CCC)c1c(cc(cc1N(=O)=O)S(N)(=O)=O)N(=O)=O,c1ccccc1,-5.1600,-3.0714,2.0886,0.6000
random,4,Dummy (mean),RDKit descriptors,489,Oc1ccc(Br)cc1,c1ccccc1,-1.0900,-3.0714,1.9814,0.6154
random,4,Dummy (mean),RDKit descriptors,1121,N#Cc1ccccc1C#N,c1ccccc1,-2.3800,-3.0714,0.6914,0.5000
random,4,Dummy (mean),RDKit descriptors,884,Cc1cc(cc(N(=O)=O)c1O)N(=O)=O,c1ccccc1,-1.4560,-3.0714,1.6154,0.6071
random,4,Dummy (mean),RDKit descriptors,382,CN(C=Nc1ccc(C)cc1C)C=Nc2ccc(C)cc2C,C(=Nc1ccccc1)NC=Nc1ccccc1,-5.4700,-3.0714,2.3986,0.5294
random,4,Dummy (mean),RDKit descriptors,265,OC(Cn1cncn1)(c2ccc(F)cc2)c3ccccc3F,c1ccc(C(Cn2cncn2)c2ccccc2)cc1,-3.3700,-3.0714,0.2986,0.2195
random,4,Dummy (mean),RDKit descriptors,22,CCOP(=S)(OCC)SCSCC,,-4.1100,-3.0714,1.0386,0.6923
random,4,Dummy (mean),RDKit descriptors,956,CCOC(=O)N(C)C(=O)CSP(=S)(OCC)OCC,,-2.5180,-3.0714,0.5534,0.4286
random,4,Dummy (mean),RDKit descriptors,325,CC(C)c1ccc(NC(=O)N(C)C)cc1,c1ccccc1,-3.5360,-3.0714,0.4646,0.6667
random,4,Dummy (mean),RDKit descriptors,574,CCCCN(CC)C(=O)SCCC,,-3.5300,-3.0714,0.4586,0.3429
random,4,Dummy (mean),RDKit descriptors,401,CCOc2ccc1nc(sc1c2)S(N)(=O)=O ,c1ccc2scnc2c1,-3.8100,-3.0714,0.7386,0.3125
random,4,Dummy (mean),RDKit descriptors,734,CCCCCCCCC,,-5.8800,-3.0714,2.8086,1.0000
random,4,Dummy (mean),RDKit descriptors,4,c1ccsc1,c1ccsc1,-1.3300,-3.0714,1.7414,0.2222
random,4,Dummy (mean),RDKit descriptors,379,Nc3nc(N)c2nc(c1ccccc1)c(N)nc2n3,c1ccc(-c2cnc3ncncc3n2)cc1,-2.4040,-3.0714,0.6674,0.2759
random,4,Dummy (mean),RDKit descriptors,1019,ClC(Cl)C(c1ccc(Cl)cc1)c2ccc(Cl)cc2 ,c1ccc(Cc2ccccc2)cc1,-7.2000,-3.0714,4.1286,1.0000
random,4,Dummy (mean),RDKit descriptors,947,CCC1CCCCC1,C1CCCCC1,-4.2500,-3.0714,1.1786,0.5263
random,4,Dummy (mean),RDKit descriptors,878,CC(=O)Nc1ccc(Cl)cc1,c1ccccc1,-2.8430,-3.0714,0.2284,0.6154
random,4,Dummy (mean),RDKit descriptors,1078,Oc1c(Cl)c(Cl)cc(Cl)c1Cl,c1ccccc1,-3.3700,-3.0714,0.2986,0.6667
random,4,Dummy (mean),RDKit descriptors,900,CCC(C)C1(CC(Br)=C)C(=O)NC(=O)NC1=O ,O=C1CC(=O)NC(=O)N1,-2.6470,-3.0714,0.4244,0.6061
random,4,Dummy (mean),RDKit descriptors,437,ClCCCl,,-1.0600,-3.0714,2.0114,0.5000
random,4,Linear,RDKit descriptors,266,CC(=O)OCC(=O)C3(O)C(CC4C2CCC1=CC(=O)C=CC1(C)C2(F)C(O)CC34C)OC(C)=O ,O=C1C=CC2C(=C1)CCC1C3CCCC3CCC21,-4.1300,-4.0954,0.0346,0.8182
random,4,Linear,RDKit descriptors,400,CC1=C(SCCO1)C(=O)Nc2ccccc2,O=C(Nc1ccccc1)C1=COCCS1,-3.1400,-3.3743,0.2343,0.5581
random,4,Linear,RDKit descriptors,869,COP(=O)(OC)OC(Br)C(Cl)(Cl)Br,,-2.2800,-4.7369,2.4569,0.3438
random,4,Linear,RDKit descriptors,926,CCCC(C)(C)O,,-0.4900,-1.5855,1.0955,0.6111
random,4,Linear,RDKit descriptors,721,CN(C)C(=O)C(c1ccccc1)c2ccccc2 ,c1ccc(Cc2ccccc2)cc1,-2.9800,-3.5944,0.6144,0.4194
random,4,Linear,RDKit descriptors,473,COP(=S)(OC)Oc1ccc(cc1Cl)N(=O)=O,c1ccccc1,-4.3100,-4.2838,0.0262,0.5263
random,4,Linear,RDKit descriptors,600,CC,,-1.3600,-0.6970,0.6630,0.2500
random,4,Linear,RDKit descriptors,314,COC(C)(C)C,,-0.2400,-1.3728,1.1328,0.2727
random,4,Linear,RDKit descriptors,1116,COP(=S)(OC)Oc1ccc(Sc2ccc(OP(=S)(OC)OC)cc2)cc1,c1ccc(Sc2ccccc2)cc1,-6.2370,-7.0181,0.7811,0.5000
random,4,Linear,RDKit descriptors,599,Oc1ccccn1,c1ccncc1,1.0200,-1.3315,2.3515,0.3750
random,4,Linear,RDKit descriptors,449,OCC(O)COC(=O)c1ccccc1Nc2ccnc3cc(Cl)ccc23,c1ccc(Nc2ccnc3ccccc23)cc1,-4.5710,-4.8271,0.2561,0.2769
random,4,Linear,RDKit descriptors,915,CC(=O)Nc1ccc(O)cc1,c1ccccc1,-1.0300,-2.0575,1.0275,0.6400
random,4,Linear,RDKit descriptors,629,Oc1cc(Cl)cc(Cl)c1Cl,c1ccccc1,-2.6700,-3.8746,1.2046,0.6111
random,4,Linear,RDKit descriptors,829,CN(C)C(=O)OC1=CC(=O)CC(C)(C)C1 ,O=C1C=CCCC1,-0.8500,-2.6225,1.7725,0.4286
random,4,Linear,RDKit descriptors,415,C1CCOC1,C1CCOC1,0.4900,-0.7315,1.2215,0.8889
random,4,Linear,RDKit descriptors,237,CCCC(=O)CCC,,-1.3000,-2.1060,0.8060,0.7333
random,4,Linear,RDKit descriptors,389,c3ccc2c(O)c1ccccc1cc2c3 ,c1ccc2cc3ccccc3cc2c1,-4.7300,-4.3029,0.4271,0.5455
random,4,Linear,RDKit descriptors,331,C1CCCCCC1,C1CCCCCC1,-3.5100,-2.5206,0.9894,1.0000
random,4,Linear,RDKit descriptors,659,OC(Cn1cncn1)(Cn2cncn2)c3ccc(F)cc3F ,c1ccc(C(Cn2cncn2)Cn2cncn2)cc1,-1.8000,-2.3577,0.5577,0.2319
random,4,Linear,RDKit descriptors,703,Cc1ncc(N(=O)=O)n1CCO,c1c[nH]cn1,-1.2200,-1.1534,0.0666,1.0000
random,4,Linear,RDKit descriptors,385,Cc1ccc(N)cc1,c1ccccc1,-1.2100,-2.0007,0.7907,0.6154
random,4,Linear,RDKit descriptors,762,CC=C(C)C,,-2.5600,-1.7184,0.8416,0.3077
random,4,Linear,RDKit descriptors,502,Cn2c(=O)on(c1ccc(Cl)c(Cl)c1)c2=O,O=c1[nH]c(=O)n(-c2ccccc2)o1,-2.8200,-2.6938,0.1262,0.2955
random,4,Linear,RDKit descriptors,232,CC34CCC1C(CCC2CC(O)CCC12C)C3CCC4=O,O=C1CCC2C1CCC1C3CCCCC3CCC21,-4.1600,-4.7094,0.5494,1.0000
random,4,Linear,RDKit descriptors,860,COC(=O)c1cccnc1 ,c1ccncc1,-0.4600,-1.5021,1.0421,0.5714
random,4,Linear,RDKit descriptors,612,Cc1ccnc(C)c1,c1ccncc1,0.3800,-2.0059,2.3859,0.3810
random,4,Linear,RDKit descriptors,490,CC(C)Br,,-1.5900,-1.7651,0.1751,0.4286
random,4,Linear,RDKit descriptors,247,Clc1ccc(Cl)c(Cl)c1,c1ccccc1,-3.5900,-3.9414,0.3514,0.5909
random,4,Linear,RDKit descriptors,693,COc1ccccc1,c1ccccc1,-1.8500,-1.9545,0.1045,0.5294
random,4,Linear,RDKit descriptors,458,CC1(C)C(C=C(Cl)Cl)C1C(=O)OC(C#N)c2cccc(Oc3ccccc3)c2,O=C(OCc1cccc(Oc2ccccc2)c1)C1CC1,-8.0170,-7.4325,0.5845,0.8421
random,4,Linear,RDKit descriptors,839,C=Cc1ccccc1,c1ccccc1,-2.8200,-2.4413,0.3787,0.4737
random,4,Linear,RDKit descriptors,555,CC1OC(CC(O)C1O)OC2C(O)CC(OC2C)OC8C(O)CC(OC7CCC3(C)C(CCC4C3CC(O)C5(C)C(CCC45O)C6=CC(=O)OC6)C7)OC8C ,O=C1C=C(C2CCC3C2CCC2C4CCC(OC5CCC(OC6CCC(OC7CCCCO7)CO6)CO5)CC4CCC23)CO1,-4.0810,-6.2643,2.1833,0.8133
random,4,Linear,RDKit descriptors,87,CCCN(=O)=O,,-0.8000,-0.9122,0.1122,0.5625
random,4,Linear,RDKit descriptors,531,C1c2ccccc2c3ccccc13,c1ccc2c(c1)Cc1ccccc1-2,-5.0000,-3.6238,1.3762,0.6364
random,4,Linear,RDKit descriptors,595,Cc1ccccc1N,c1ccccc1,-2.2100,-2.0007,0.2093,0.4286
random,4,Linear,RDKit descriptors,396,Oc1c(Br)cc(C#N)cc1Br ,c1ccccc1,-3.3300,-3.8518,0.5218,0.5200
random,4,Linear,RDKit descriptors,565,CCSSCC,,-2.4200,-2.2542,0.1658,0.4545
random,4,Linear,RDKit descriptors,167,O=C1N(COC(=O)CCCCCCC)C(=O)C(N1)(c2ccccc2)c3ccccc3,O=C1NC(=O)C(c2ccccc2)(c2ccccc2)N1,-6.5230,-5.7607,0.7623,1.0000
random,4,Linear,RDKit descriptors,59,CCCC(=O)C,,-0.1900,-1.3303,1.1403,0.6471
random,4,Linear,RDKit descriptors,889,O=C1NC(=O)NC(=O)C1(C)CC,O=C1CC(=O)NC(=O)N1,-1.2280,-0.6965,0.5315,0.5909
random,4,Linear,RDKit descriptors,1126,CCC(C)C,,-3.1800,-1.7760,1.4040,0.5455
random,4,Linear,RDKit descriptors,256,c1ccc2ccccc2c1,c1ccc2ccccc2c1,-3.6000,-3.1198,0.4802,0.6364
random,4,Linear,RDKit descriptors,678,c1c(OC)c(OC)C2C(=O)OCC2c1,O=C1OCC2C=CC=CC12,-1.8990,-1.5169,0.3821,0.2321
random,4,Linear,RDKit descriptors,763,Cc1ccc(C)c(C)c1,c1ccccc1,-3.3100,-2.7541,0.5559,0.5500
random,4,Linear,RDKit descriptors,959,CCCC=C(CC)C=O,,-2.4600,-2.3054,0.1546,0.4091
random,4,Linear,RDKit descriptors,542,CCCC(C)O,,-0.2900,-1.1744,0.8844,0.6471
random,4,Linear,RDKit descriptors,407,CN(C)C(=O)Nc1ccc(C)c(Cl)c1,c1ccccc1,-3.4830,-3.3896,0.0934,0.7500
random,4,Linear,RDKit descriptors,129,CCCCCCCBr,,-4.4300,-3.2948,1.1352,1.0000
random,4,Linear,RDKit descriptors,81,Cc1ncnc2nccnc12,c1cnc2ncncc2n1,-0.4660,-1.6505,1.1845,0.5357
random,4,Linear,RDKit descriptors,1096,O=C(c1ccccc1)c2ccccc2,O=C(c1ccccc1)c1ccccc1,-3.1200,-3.4440,0.3240,0.5789
random,4,Linear,RDKit descriptors,380,CCCCCC(=O)OCC,,-2.3500,-2.2540,0.0960,0.9524
random,4,Linear,RDKit descriptors,725,OC(c1ccc(Cl)cc1)(c2cncnc2)c3ccccc3Cl,c1ccc(C(c2ccccc2)c2cncnc2)cc1,-4.3800,-5.2825,0.9025,0.3514
random,4,Linear,RDKit descriptors,139,Brc1cccc2ccccc12,c1ccc2ccccc2c1,-4.3500,-4.0960,0.2540,0.5263
random,4,Linear,RDKit descriptors,982,CCCN(CCC)c1c(cc(cc1N(=O)=O)C(F)(F)F)N(=O)=O,c1ccccc1,-5.6800,-5.4159,0.2641,0.7436
random,4,Linear,RDKit descriptors,289,Cc1ccc2c(ccc3ccccc32)c1,c1ccc2c(c1)ccc1ccccc12,-5.8400,-4.6811,1.1589,0.6522
random,4,Linear,RDKit descriptors,1020,COC(=O)C=C,,-0.2200,-0.4907,0.2707,0.3889
random,4,Linear,RDKit descriptors,701,CCC1(C(C)C)C(=O)NC(=O)NC1=O ,O=C1CC(=O)NC(=O)N1,-2.2100,-1.3645,0.8455,1.0000
random,4,Linear,RDKit descriptors,801,c1ccc2c(c1)[nH]c3ccccc32,c1ccc2c(c1)[nH]c1ccccc12,-5.2700,-3.8407,1.4293,0.4167
random,4,Linear,RDKit descriptors,155,CCCOC(=O)C,,-0.7200,-1.0903,0.3703,0.5789
random,4,Linear,RDKit descriptors,782,CCCOCCC,,-1.6200,-1.6926,0.0726,0.6923
random,4,Linear,RDKit descriptors,361,CC(=O)Nc1ccc(F)cc1,c1ccccc1,-1.7800,-2.2978,0.5178,0.6154
random,4,Linear,RDKit descriptors,1088,ClCC,,-1.0600,-1.0346,0.0254,0.5556
random,4,Linear,RDKit descriptors,1014,O=C1NCCN1c2ncc(s2)N(=O)=O,O=C1NCCN1c1nccs1,-3.2200,-1.8291,1.3909,0.2400
random,4,Linear,RDKit descriptors,111,Oc1ccc(Cl)cc1C(=O)Nc2ccc(cc2Cl)N(=O)=O,O=C(Nc1ccccc1)c1ccccc1,-4.7000,-5.3548,0.6548,0.4286
random,4,Linear,RDKit descriptors,530,O2c1ccccc1N(C)C(=O)c3cccnc23 ,O=C1Nc2ccccc2Oc2ncccc21,-3.6720,-3.4005,0.2715,0.5000
random,4,Linear,RDKit descriptors,339,c3ccc2nc1ccccc1cc2c3,c1ccc2nc3ccccc3cc2c1,-3.6700,-3.9267,0.2567,0.5625
random,4,Linear,RDKit descriptors,197,CCCCCCCC#C,,-4.2400,-2.7362,1.5038,1.0000
random,4,Linear,RDKit descriptors,1,Cc1occc1C(=O)Nc2ccccc2,O=C(Nc1ccccc1)c1ccoc1,-3.3000,-3.6046,0.3046,0.5143
random,4,Linear,RDKit descriptors,277,CCS,,-0.6000,-0.7442,0.1442,0.4286
random,4,Linear,RDKit descriptors,993,Cc1ccc(cc1)N(=O)=O,c1ccccc1,-2.4900,-2.4745,0.0155,0.7222
random,4,Linear,RDKit descriptors,55,Cc1ccccc1O,c1ccccc1,-0.6200,-2.0706,1.4506,0.5625
random,4,Linear,RDKit descriptors,729,Clc1ccc(Cl)c(c1)c2cccc(Cl)c2Cl ,c1ccc(-c2ccccc2)cc1,-6.4700,-6.5041,0.0341,0.6522
random,4,Linear,RDKit descriptors,676,c1cc2ccc3ccc4ccc5cccc6c(c1)c2c3c4c56,c1cc2ccc3ccc4ccc5cccc6c(c1)c2c3c4c56,-9.0180,-6.8872,2.1308,0.8235
random,4,Linear,RDKit descriptors,86,CC(C)C(C(=O)OC(C#N)c1cccc(Oc2ccccc2)c1)c3ccc(OC(F)F)cc3,O=C(Cc1ccccc1)OCc1cccc(Oc2ccccc2)c1,-6.8760,-8.0317,1.1557,0.5139
random,4,Linear,RDKit descriptors,481,ON=Cc1ccc(o1)N(=O)=O ,c1ccoc1,-2.1900,-2.0134,0.1766,0.5238
random,4,Linear,RDKit descriptors,141,Cc1cccc(C)n1,c1ccncc1,0.4500,-2.0059,2.4559,0.3889
random,4,Linear,RDKit descriptors,439,ClCCBr,,-1.3200,-1.6699,0.3499,0.5556
random,4,Linear,RDKit descriptors,221,Cc1ccc(cc1N(=O)=O)N(=O)=O,c1ccccc1,-2.8200,-2.8414,0.0214,0.5926
random,4,Linear,RDKit descriptors,495,Nc1cc(nc(N)n1=O)N2CCCCC2 ,c1cc(N2CCCCC2)nc[nH+]1,-1.9890,-1.2560,0.7330,0.1549
random,4,Linear,RDKit descriptors,48,COC(=O)C1=C(C)NC(=C(C1c2ccccc2N(=O)=O)C(=O)OC)C ,C1=CC(c2ccccc2)C=CN1,-4.7600,-3.8749,0.8851,0.3902
random,4,Linear,RDKit descriptors,354,CCOC(=O)CC(SP(=S)(OC)OC)C(=O)OCC,,-3.3700,-3.2612,0.1088,0.3529
random,4,Linear,RDKit descriptors,723,CCN2c1cc(N(C)C)cc(C)c1NC(=O)c3cccnc23 ,O=C1Nc2ccccc2Nc2ncccc21,-4.8710,-4.2746,0.5964,0.7037
random,4,Linear,RDKit descriptors,408,CON(C)C(=O)Nc1ccc(Cl)c(Cl)c1,c1ccccc1,-3.5920,-3.8274,0.2354,0.7568
random,4,Linear,RDKit descriptors,62,CC34CC(O)C1(F)C(CCC2=CC(=O)C=CC12C)C3CC(O)C4(O)C(=O)CO,O=C1C=CC2C(=C1)CCC1C3CCCC3CCC21,-3.6800,-2.6685,1.0115,0.8596
random,4,Linear,RDKit descriptors,359,CCCCCC(=O)OC,,-1.8700,-1.8661,0.0039,0.9500
random,4,Linear,RDKit descriptors,399,Oc1cccc2ncccc12 ,c1ccc2ncccc2c1,-2.5400,-2.6010,0.0610,0.4828
random,4,Linear,RDKit descriptors,586,Clc2c(Cl)c(Cl)c(c1ccccc1)c(Cl)c2Cl ,c1ccc(-c2ccccc2)cc1,-7.9200,-7.2199,0.7001,0.5714
random,4,Linear,RDKit descriptors,1046,ClC1CC2C(C1Cl)C3(Cl)C(=C(Cl)C2(Cl)C3(Cl)Cl)Cl,C1=CC2CC1C1CCCC21,-6.8600,-6.4584,0.4016,0.4839
random,4,Linear,RDKit descriptors,790,c1cc(O)c(O)c2OCC3(O)CC4=CC(=O)C(O)=CC4=C3c21,O=C1C=CC2=C3c4ccccc4OCC3CC2=C1,-2.7000,-3.0212,0.3212,0.1897
random,4,Linear,RDKit descriptors,309,OC1CCCCCCC1,C1CCCCCCC1,-1.2900,-2.2223,0.9323,1.0000
random,4,Linear,RDKit descriptors,740,Clc1ccccc1C2=NCC(=O)Nc3ccc(cc23)N(=O)=O,O=C1CN=C(c2ccccc2)c2ccccc2N1,-3.4990,-4.5123,1.0133,0.7292
random,4,Linear,RDKit descriptors,796,CCOP(=O)(OCC)OCC,,0.4300,-2.5986,3.0286,0.3125
random,4,Linear,RDKit descriptors,745,CCCC1C(=O)N3N(C1=O)c2cc(C)ccc2N=C3N(C)C ,O=C1CC(=O)N2c3ccccc3N=CN12,-3.5380,-3.2352,0.3028,0.3333
random,4,Linear,RDKit descriptors,1033,CCCN(CCC)c1c(cc(cc1N(=O)=O)S(N)(=O)=O)N(=O)=O,c1ccccc1,-5.1600,-3.7627,1.3973,0.6000
random,4,Linear,RDKit descriptors,489,Oc1ccc(Br)cc1,c1ccccc1,-1.0900,-2.7445,1.6545,0.6154
random,4,Linear,RDKit descriptors,1121,N#Cc1ccccc1C#N,c1ccccc1,-2.3800,-2.0668,0.3132,0.5000
random,4,Linear,RDKit descriptors,884,Cc1cc(cc(N(=O)=O)c1O)N(=O)=O,c1ccccc1,-1.4560,-2.7875,1.3315,0.6071
random,4,Linear,RDKit descriptors,382,CN(C=Nc1ccc(C)cc1C)C=Nc2ccc(C)cc2C,C(=Nc1ccccc1)NC=Nc1ccccc1,-5.4700,-5.5905,0.1205,0.5294
random,4,Linear,RDKit descriptors,265,OC(Cn1cncn1)(c2ccc(F)cc2)c3ccccc3F,c1ccc(C(Cn2cncn2)c2ccccc2)cc1,-3.3700,-3.7293,0.3593,0.2195
random,4,Linear,RDKit descriptors,22,CCOP(=S)(OCC)SCSCC,,-4.1100,-4.0419,0.0681,0.6923
random,4,Linear,RDKit descriptors,956,CCOC(=O)N(C)C(=O)CSP(=S)(OCC)OCC,,-2.5180,-3.6963,1.1783,0.4286
random,4,Linear,RDKit descriptors,325,CC(C)c1ccc(NC(=O)N(C)C)cc1,c1ccccc1,-3.5360,-3.4768,0.0592,0.6667
random,4,Linear,RDKit descriptors,574,CCCCN(CC)C(=O)SCCC,,-3.5300,-3.5498,0.0198,0.3429
random,4,Linear,RDKit descriptors,401,CCOc2ccc1nc(sc1c2)S(N)(=O)=O ,c1ccc2scnc2c1,-3.8100,-2.7049,1.1051,0.3125
random,4,Linear,RDKit descriptors,734,CCCCCCCCC,,-5.8800,-3.4353,2.4447,1.0000
random,4,Linear,RDKit descriptors,4,c1ccsc1,c1ccsc1,-1.3300,-1.9502,0.6202,0.2222
random,4,Linear,RDKit descriptors,379,Nc3nc(N)c2nc(c1ccccc1)c(N)nc2n3,c1ccc(-c2cnc3ncncc3n2)cc1,-2.4040,-2.7529,0.3489,0.2759
random,4,Linear,RDKit descriptors,1019,ClC(Cl)C(c1ccc(Cl)cc1)c2ccc(Cl)cc2 ,c1ccc(Cc2ccccc2)cc1,-7.2000,-6.5043,0.6957,1.0000
random,4,Linear,RDKit descriptors,947,CCC1CCCCC1,C1CCCCC1,-4.2500,-2.7775,1.4725,0.5263
random,4,Linear,RDKit descriptors,878,CC(=O)Nc1ccc(Cl)cc1,c1ccccc1,-2.8430,-2.8315,0.0115,0.6154
random,4,Linear,RDKit descriptors,1078,Oc1c(Cl)c(Cl)cc(Cl)c1Cl,c1ccccc1,-3.3700,-4.5866,1.2166,0.6667
random,4,Linear,RDKit descriptors,900,CCC(C)C1(CC(Br)=C)C(=O)NC(=O)NC1=O ,O=C1CC(=O)NC(=O)N1,-2.6470,-2.9029,0.2559,0.6061
random,4,Linear,RDKit descriptors,437,ClCCCl,,-1.0600,-1.3491,0.2891,0.5000
random,4,MLP,RDKit descriptors,266,CC(=O)OCC(=O)C3(O)C(CC4C2CCC1=CC(=O)C=CC1(C)C2(F)C(O)CC34C)OC(C)=O ,O=C1C=CC2C(=C1)CCC1C3CCCC3CCC21,-4.1300,-3.9114,0.2186,0.8182
random,4,MLP,RDKit descriptors,400,CC1=C(SCCO1)C(=O)Nc2ccccc2,O=C(Nc1ccccc1)C1=COCCS1,-3.1400,-3.0347,0.1053,0.5581
random,4,MLP,RDKit descriptors,869,COP(=O)(OC)OC(Br)C(Cl)(Cl)Br,,-2.2800,-4.0408,1.7608,0.3438
random,4,MLP,RDKit descriptors,926,CCCC(C)(C)O,,-0.4900,-1.0138,0.5238,0.6111
random,4,MLP,RDKit descriptors,721,CN(C)C(=O)C(c1ccccc1)c2ccccc2 ,c1ccc(Cc2ccccc2)cc1,-2.9800,-3.5870,0.6070,0.4194
random,4,MLP,RDKit descriptors,473,COP(=S)(OC)Oc1ccc(cc1Cl)N(=O)=O,c1ccccc1,-4.3100,-3.9876,0.3224,0.5263
random,4,MLP,RDKit descriptors,600,CC,,-1.3600,-0.7728,0.5872,0.2500
random,4,MLP,RDKit descriptors,314,COC(C)(C)C,,-0.2400,-1.0411,0.8011,0.2727
random,4,MLP,RDKit descriptors,1116,COP(=S)(OC)Oc1ccc(Sc2ccc(OP(=S)(OC)OC)cc2)cc1,c1ccc(Sc2ccccc2)cc1,-6.2370,-6.4452,0.2082,0.5000
random,4,MLP,RDKit descriptors,599,Oc1ccccn1,c1ccncc1,1.0200,-0.2806,1.3006,0.3750
random,4,MLP,RDKit descriptors,449,OCC(O)COC(=O)c1ccccc1Nc2ccnc3cc(Cl)ccc23,c1ccc(Nc2ccnc3ccccc23)cc1,-4.5710,-4.7295,0.1585,0.2769
random,4,MLP,RDKit descriptors,915,CC(=O)Nc1ccc(O)cc1,c1ccccc1,-1.0300,-1.5879,0.5579,0.6400
random,4,MLP,RDKit descriptors,629,Oc1cc(Cl)cc(Cl)c1Cl,c1ccccc1,-2.6700,-3.7743,1.1043,0.6111
random,4,MLP,RDKit descriptors,829,CN(C)C(=O)OC1=CC(=O)CC(C)(C)C1 ,O=C1C=CCCC1,-0.8500,-2.0945,1.2445,0.4286
random,4,MLP,RDKit descriptors,415,C1CCOC1,C1CCOC1,0.4900,-0.2448,0.7348,0.8889
random,4,MLP,RDKit descriptors,237,CCCC(=O)CCC,,-1.3000,-2.0840,0.7840,0.7333
random,4,MLP,RDKit descriptors,389,c3ccc2c(O)c1ccccc1cc2c3 ,c1ccc2cc3ccccc3cc2c1,-4.7300,-4.3793,0.3507,0.5455
random,4,MLP,RDKit descriptors,331,C1CCCCCC1,C1CCCCCC1,-3.5100,-3.1887,0.3213,1.0000
random,4,MLP,RDKit descriptors,659,OC(Cn1cncn1)(Cn2cncn2)c3ccc(F)cc3F ,c1ccc(C(Cn2cncn2)Cn2cncn2)cc1,-1.8000,-3.3267,1.5267,0.2319
random,4,MLP,RDKit descriptors,703,Cc1ncc(N(=O)=O)n1CCO,c1c[nH]cn1,-1.2200,-1.5775,0.3575,1.0000
random,4,MLP,RDKit descriptors,385,Cc1ccc(N)cc1,c1ccccc1,-1.2100,-0.9125,0.2975,0.6154
random,4,MLP,RDKit descriptors,762,CC=C(C)C,,-2.5600,-2.0770,0.4830,0.3077
random,4,MLP,RDKit descriptors,502,Cn2c(=O)on(c1ccc(Cl)c(Cl)c1)c2=O,O=c1[nH]c(=O)n(-c2ccccc2)o1,-2.8200,-2.8000,0.0200,0.2955
random,4,MLP,RDKit descriptors,232,CC34CCC1C(CCC2CC(O)CCC12C)C3CCC4=O,O=C1CCC2C1CCC1C3CCCCC3CCC21,-4.1600,-4.4352,0.2752,1.0000
random,4,MLP,RDKit descriptors,860,COC(=O)c1cccnc1 ,c1ccncc1,-0.4600,-0.7715,0.3115,0.5714
random,4,MLP,RDKit descriptors,612,Cc1ccnc(C)c1,c1ccncc1,0.3800,-1.1550,1.5350,0.3810
random,4,MLP,RDKit descriptors,490,CC(C)Br,,-1.5900,-1.7524,0.1624,0.4286
random,4,MLP,RDKit descriptors,247,Clc1ccc(Cl)c(Cl)c1,c1ccccc1,-3.5900,-4.3053,0.7153,0.5909
random,4,MLP,RDKit descriptors,693,COc1ccccc1,c1ccccc1,-1.8500,-1.3615,0.4885,0.5294
random,4,MLP,RDKit descriptors,458,CC1(C)C(C=C(Cl)Cl)C1C(=O)OC(C#N)c2cccc(Oc3ccccc3)c2,O=C(OCc1cccc(Oc2ccccc2)c1)C1CC1,-8.0170,-6.4063,1.6107,0.8421
random,4,MLP,RDKit descriptors,839,C=Cc1ccccc1,c1ccccc1,-2.8200,-2.4622,0.3578,0.4737
random,4,MLP,RDKit descriptors,555,CC1OC(CC(O)C1O)OC2C(O)CC(OC2C)OC8C(O)CC(OC7CCC3(C)C(CCC4C3CC(O)C5(C)C(CCC45O)C6=CC(=O)OC6)C7)OC8C ,O=C1C=C(C2CCC3C2CCC2C4CCC(OC5CCC(OC6CCC(OC7CCCCO7)CO6)CO5)CC4CCC23)CO1,-4.0810,-6.0947,2.0137,0.8133
random,4,MLP,RDKit descriptors,87,CCCN(=O)=O,,-0.8000,-0.4450,0.3550,0.5625
random,4,MLP,RDKit descriptors,531,C1c2ccccc2c3ccccc13,c1ccc2c(c1)Cc1ccccc1-2,-5.0000,-3.8798,1.1202,0.6364
random,4,MLP,RDKit descriptors,595,Cc1ccccc1N,c1ccccc1,-2.2100,-0.9125,1.2975,0.4286
random,4,MLP,RDKit descriptors,396,Oc1c(Br)cc(C#N)cc1Br ,c1ccccc1,-3.3300,-3.7921,0.4621,0.5200
random,4,MLP,RDKit descriptors,565,CCSSCC,,-2.4200,-2.9335,0.5135,0.4545
random,4,MLP,RDKit descriptors,167,O=C1N(COC(=O)CCCCCCC)C(=O)C(N1)(c2ccccc2)c3ccccc3,O=C1NC(=O)C(c2ccccc2)(c2ccccc2)N1,-6.5230,-5.6219,0.9011,1.0000
random,4,MLP,RDKit descriptors,59,CCCC(=O)C,,-0.1900,-0.8286,0.6386,0.6471
random,4,MLP,RDKit descriptors,889,O=C1NC(=O)NC(=O)C1(C)CC,O=C1CC(=O)NC(=O)N1,-1.2280,-1.0567,0.1713,0.5909
random,4,MLP,RDKit descriptors,1126,CCC(C)C,,-3.1800,-2.2493,0.9307,0.5455
random,4,MLP,RDKit descriptors,256,c1ccc2ccccc2c1,c1ccc2ccccc2c1,-3.6000,-3.1091,0.4909,0.6364
random,4,MLP,RDKit descriptors,678,c1c(OC)c(OC)C2C(=O)OCC2c1,O=C1OCC2C=CC=CC12,-1.8990,-0.9766,0.9224,0.2321
random,4,MLP,RDKit descriptors,763,Cc1ccc(C)c(C)c1,c1ccccc1,-3.3100,-2.7690,0.5410,0.5500
random,4,MLP,RDKit descriptors,959,CCCC=C(CC)C=O,,-2.4600,-2.2616,0.1984,0.4091
random,4,MLP,RDKit descriptors,542,CCCC(C)O,,-0.2900,-0.5014,0.2114,0.6471
random,4,MLP,RDKit descriptors,407,CN(C)C(=O)Nc1ccc(C)c(Cl)c1,c1ccccc1,-3.4830,-3.0419,0.4411,0.7500
random,4,MLP,RDKit descriptors,129,CCCCCCCBr,,-4.4300,-4.1605,0.2695,1.0000
random,4,MLP,RDKit descriptors,81,Cc1ncnc2nccnc12,c1cnc2ncncc2n1,-0.4660,-1.1640,0.6980,0.5357
random,4,MLP,RDKit descriptors,1096,O=C(c1ccccc1)c2ccccc2,O=C(c1ccccc1)c1ccccc1,-3.1200,-3.3613,0.2413,0.5789
random,4,MLP,RDKit descriptors,380,CCCCCC(=O)OCC,,-2.3500,-1.8178,0.5322,0.9524
random,4,MLP,RDKit descriptors,725,OC(c1ccc(Cl)cc1)(c2cncnc2)c3ccccc3Cl,c1ccc(C(c2ccccc2)c2cncnc2)cc1,-4.3800,-4.9892,0.6092,0.3514
random,4,MLP,RDKit descriptors,139,Brc1cccc2ccccc12,c1ccc2ccccc2c1,-4.3500,-4.6257,0.2757,0.5263
random,4,MLP,RDKit descriptors,982,CCCN(CCC)c1c(cc(cc1N(=O)=O)C(F)(F)F)N(=O)=O,c1ccccc1,-5.6800,-5.1655,0.5145,0.7436
random,4,MLP,RDKit descriptors,289,Cc1ccc2c(ccc3ccccc32)c1,c1ccc2c(c1)ccc1ccccc12,-5.8400,-5.4439,0.3961,0.6522
random,4,MLP,RDKit descriptors,1020,COC(=O)C=C,,-0.2200,0.1545,0.3745,0.3889
random,4,MLP,RDKit descriptors,701,CCC1(C(C)C)C(=O)NC(=O)NC1=O ,O=C1CC(=O)NC(=O)N1,-2.2100,-1.4493,0.7607,1.0000
random,4,MLP,RDKit descriptors,801,c1ccc2c(c1)[nH]c3ccccc32,c1ccc2c(c1)[nH]c1ccccc12,-5.2700,-3.7043,1.5657,0.4167
random,4,MLP,RDKit descriptors,155,CCCOC(=O)C,,-0.7200,-0.3677,0.3523,0.5789
random,4,MLP,RDKit descriptors,782,CCCOCCC,,-1.6200,-1.9004,0.2804,0.6923
random,4,MLP,RDKit descriptors,361,CC(=O)Nc1ccc(F)cc1,c1ccccc1,-1.7800,-1.5250,0.2550,0.6154
random,4,MLP,RDKit descriptors,1088,ClCC,,-1.0600,-1.0331,0.0269,0.5556
random,4,MLP,RDKit descriptors,1014,O=C1NCCN1c2ncc(s2)N(=O)=O,O=C1NCCN1c1nccs1,-3.2200,-2.2731,0.9469,0.2400
random,4,MLP,RDKit descriptors,111,Oc1ccc(Cl)cc1C(=O)Nc2ccc(cc2Cl)N(=O)=O,O=C(Nc1ccccc1)c1ccccc1,-4.7000,-5.1102,0.4102,0.4286
random,4,MLP,RDKit descriptors,530,O2c1ccccc1N(C)C(=O)c3cccnc23 ,O=C1Nc2ccccc2Oc2ncccc21,-3.6720,-3.1485,0.5235,0.5000
random,4,MLP,RDKit descriptors,339,c3ccc2nc1ccccc1cc2c3,c1ccc2nc3ccccc3cc2c1,-3.6700,-3.9392,0.2692,0.5625
random,4,MLP,RDKit descriptors,197,CCCCCCCC#C,,-4.2400,-3.8029,0.4371,1.0000
random,4,MLP,RDKit descriptors,1,Cc1occc1C(=O)Nc2ccccc2,O=C(Nc1ccccc1)c1ccoc1,-3.3000,-3.3101,0.0101,0.5143
random,4,MLP,RDKit descriptors,277,CCS,,-0.6000,-0.6079,0.0079,0.4286
random,4,MLP,RDKit descriptors,993,Cc1ccc(cc1)N(=O)=O,c1ccccc1,-2.4900,-1.8049,0.6851,0.7222
random,4,MLP,RDKit descriptors,55,Cc1ccccc1O,c1ccccc1,-0.6200,-1.0295,0.4095,0.5625
random,4,MLP,RDKit descriptors,729,Clc1ccc(Cl)c(c1)c2cccc(Cl)c2Cl ,c1ccc(-c2ccccc2)cc1,-6.4700,-7.0891,0.6191,0.6522
random,4,MLP,RDKit descriptors,676,c1cc2ccc3ccc4ccc5cccc6c(c1)c2c3c4c56,c1cc2ccc3ccc4ccc5cccc6c(c1)c2c3c4c56,-9.0180,-7.8857,1.1323,0.8235
random,4,MLP,RDKit descriptors,86,CC(C)C(C(=O)OC(C#N)c1cccc(Oc2ccccc2)c1)c3ccc(OC(F)F)cc3,O=C(Cc1ccccc1)OCc1cccc(Oc2ccccc2)c1,-6.8760,-7.0742,0.1982,0.5139
random,4,MLP,RDKit descriptors,481,ON=Cc1ccc(o1)N(=O)=O ,c1ccoc1,-2.1900,-2.6231,0.4331,0.5238
random,4,MLP,RDKit descriptors,141,Cc1cccc(C)n1,c1ccncc1,0.4500,-1.1550,1.6050,0.3889
random,4,MLP,RDKit descriptors,439,ClCCBr,,-1.3200,-1.5136,0.1936,0.5556
random,4,MLP,RDKit descriptors,221,Cc1ccc(cc1N(=O)=O)N(=O)=O,c1ccccc1,-2.8200,-3.4261,0.6061,0.5926
random,4,MLP,RDKit descriptors,495,Nc1cc(nc(N)n1=O)N2CCCCC2 ,c1cc(N2CCCCC2)nc[nH+]1,-1.9890,-2.0563,0.0673,0.1549
random,4,MLP,RDKit descriptors,48,COC(=O)C1=C(C)NC(=C(C1c2ccccc2N(=O)=O)C(=O)OC)C ,C1=CC(c2ccccc2)C=CN1,-4.7600,-3.9327,0.8273,0.3902
random,4,MLP,RDKit descriptors,354,CCOC(=O)CC(SP(=S)(OC)OC)C(=O)OCC,,-3.3700,-2.4543,0.9157,0.3529
random,4,MLP,RDKit descriptors,723,CCN2c1cc(N(C)C)cc(C)c1NC(=O)c3cccnc23 ,O=C1Nc2ccccc2Nc2ncccc21,-4.8710,-3.9661,0.9049,0.7037
random,4,MLP,RDKit descriptors,408,CON(C)C(=O)Nc1ccc(Cl)c(Cl)c1,c1ccccc1,-3.5920,-3.4658,0.1262,0.7568
random,4,MLP,RDKit descriptors,62,CC34CC(O)C1(F)C(CCC2=CC(=O)C=CC12C)C3CC(O)C4(O)C(=O)CO,O=C1C=CC2C(=C1)CCC1C3CCCC3CCC21,-3.6800,-2.7470,0.9330,0.8596
random,4,MLP,RDKit descriptors,359,CCCCCC(=O)OC,,-1.8700,-1.3889,0.4811,0.9500
random,4,MLP,RDKit descriptors,399,Oc1cccc2ncccc12 ,c1ccc2ncccc2c1,-2.5400,-1.7663,0.7737,0.4828
random,4,MLP,RDKit descriptors,586,Clc2c(Cl)c(Cl)c(c1ccccc1)c(Cl)c2Cl ,c1ccc(-c2ccccc2)cc1,-7.9200,-7.6219,0.2981,0.5714
random,4,MLP,RDKit descriptors,1046,ClC1CC2C(C1Cl)C3(Cl)C(=C(Cl)C2(Cl)C3(Cl)Cl)Cl,C1=CC2CC1C1CCCC21,-6.8600,-6.4521,0.4079,0.4839
random,4,MLP,RDKit descriptors,790,c1cc(O)c(O)c2OCC3(O)CC4=CC(=O)C(O)=CC4=C3c21,O=C1C=CC2=C3c4ccccc4OCC3CC2=C1,-2.7000,-3.8471,1.1471,0.1897
random,4,MLP,RDKit descriptors,309,OC1CCCCCCC1,C1CCCCCCC1,-1.2900,-1.7802,0.4902,1.0000
random,4,MLP,RDKit descriptors,740,Clc1ccccc1C2=NCC(=O)Nc3ccc(cc23)N(=O)=O,O=C1CN=C(c2ccccc2)c2ccccc2N1,-3.4990,-4.4702,0.9712,0.7292
random,4,MLP,RDKit descriptors,796,CCOP(=O)(OCC)OCC,,0.4300,-1.9320,2.3620,0.3125
random,4,MLP,RDKit descriptors,745,CCCC1C(=O)N3N(C1=O)c2cc(C)ccc2N=C3N(C)C ,O=C1CC(=O)N2c3ccccc3N=CN12,-3.5380,-3.0443,0.4937,0.3333
random,4,MLP,RDKit descriptors,1033,CCCN(CCC)c1c(cc(cc1N(=O)=O)S(N)(=O)=O)N(=O)=O,c1ccccc1,-5.1600,-3.9291,1.2309,0.6000
random,4,MLP,RDKit descriptors,489,Oc1ccc(Br)cc1,c1ccccc1,-1.0900,-2.0775,0.9875,0.6154
random,4,MLP,RDKit descriptors,1121,N#Cc1ccccc1C#N,c1ccccc1,-2.3800,-1.4524,0.9276,0.5000
random,4,MLP,RDKit descriptors,884,Cc1cc(cc(N(=O)=O)c1O)N(=O)=O,c1ccccc1,-1.4560,-3.7178,2.2618,0.6071
random,4,MLP,RDKit descriptors,382,CN(C=Nc1ccc(C)cc1C)C=Nc2ccc(C)cc2C,C(=Nc1ccccc1)NC=Nc1ccccc1,-5.4700,-5.1961,0.2739,0.5294
random,4,MLP,RDKit descriptors,265,OC(Cn1cncn1)(c2ccc(F)cc2)c3ccccc3F,c1ccc(C(Cn2cncn2)c2ccccc2)cc1,-3.3700,-3.8467,0.4767,0.2195
random,4,MLP,RDKit descriptors,22,CCOP(=S)(OCC)SCSCC,,-4.1100,-3.9763,0.1337,0.6923
random,4,MLP,RDKit descriptors,956,CCOC(=O)N(C)C(=O)CSP(=S)(OCC)OCC,,-2.5180,-2.8311,0.3131,0.4286
random,4,MLP,RDKit descriptors,325,CC(C)c1ccc(NC(=O)N(C)C)cc1,c1ccccc1,-3.5360,-3.1372,0.3988,0.6667
random,4,MLP,RDKit descriptors,574,CCCCN(CC)C(=O)SCCC,,-3.5300,-3.4710,0.0590,0.3429
random,4,MLP,RDKit descriptors,401,CCOc2ccc1nc(sc1c2)S(N)(=O)=O ,c1ccc2scnc2c1,-3.8100,-3.2076,0.6024,0.3125
random,4,MLP,RDKit descriptors,734,CCCCCCCCC,,-5.8800,-4.7144,1.1656,1.0000
random,4,MLP,RDKit descriptors,4,c1ccsc1,c1ccsc1,-1.3300,-1.4261,0.0961,0.2222
random,4,MLP,RDKit descriptors,379,Nc3nc(N)c2nc(c1ccccc1)c(N)nc2n3,c1ccc(-c2cnc3ncncc3n2)cc1,-2.4040,-4.3358,1.9318,0.2759
random,4,MLP,RDKit descriptors,1019,ClC(Cl)C(c1ccc(Cl)cc1)c2ccc(Cl)cc2 ,c1ccc(Cc2ccccc2)cc1,-7.2000,-6.8762,0.3238,1.0000
random,4,MLP,RDKit descriptors,947,CCC1CCCCC1,C1CCCCC1,-4.2500,-3.6537,0.5963,0.5263
random,4,MLP,RDKit descriptors,878,CC(=O)Nc1ccc(Cl)cc1,c1ccccc1,-2.8430,-2.2383,0.6047,0.6154
random,4,MLP,RDKit descriptors,1078,Oc1c(Cl)c(Cl)cc(Cl)c1Cl,c1ccccc1,-3.3700,-4.7350,1.3650,0.6667
random,4,MLP,RDKit descriptors,900,CCC(C)C1(CC(Br)=C)C(=O)NC(=O)NC1=O ,O=C1CC(=O)NC(=O)N1,-2.6470,-2.2603,0.3867,0.6061
random,4,MLP,RDKit descriptors,437,ClCCCl,,-1.0600,-1.3176,0.2576,0.5000
random,4,GCN,Molecular graph,266,CC(=O)OCC(=O)C3(O)C(CC4C2CCC1=CC(=O)C=CC1(C)C2(F)C(O)CC34C)OC(C)=O ,O=C1C=CC2C(=C1)CCC1C3CCCC3CCC21,-4.1300,-3.4146,0.7154,0.8182
random,4,GCN,Molecular graph,400,CC1=C(SCCO1)C(=O)Nc2ccccc2,O=C(Nc1ccccc1)C1=COCCS1,-3.1400,-2.2373,0.9027,0.5581
random,4,GCN,Molecular graph,869,COP(=O)(OC)OC(Br)C(Cl)(Cl)Br,,-2.2800,-1.2105,1.0695,0.3438
random,4,GCN,Molecular graph,926,CCCC(C)(C)O,,-0.4900,-1.1261,0.6361,0.6111
random,4,GCN,Molecular graph,721,CN(C)C(=O)C(c1ccccc1)c2ccccc2 ,c1ccc(Cc2ccccc2)cc1,-2.9800,-3.0679,0.0879,0.4194
random,4,GCN,Molecular graph,473,COP(=S)(OC)Oc1ccc(cc1Cl)N(=O)=O,c1ccccc1,-4.3100,-4.1598,0.1502,0.5263
random,4,GCN,Molecular graph,600,CC,,-1.3600,-0.9431,0.4169,0.2500
random,4,GCN,Molecular graph,314,COC(C)(C)C,,-0.2400,-1.1928,0.9528,0.2727
random,4,GCN,Molecular graph,1116,COP(=S)(OC)Oc1ccc(Sc2ccc(OP(=S)(OC)OC)cc2)cc1,c1ccc(Sc2ccccc2)cc1,-6.2370,-4.8548,1.3822,0.5000
random,4,GCN,Molecular graph,599,Oc1ccccn1,c1ccncc1,1.0200,-0.1508,1.1708,0.3750
random,4,GCN,Molecular graph,449,OCC(O)COC(=O)c1ccccc1Nc2ccnc3cc(Cl)ccc23,c1ccc(Nc2ccnc3ccccc23)cc1,-4.5710,-3.4435,1.1275,0.2769
random,4,GCN,Molecular graph,915,CC(=O)Nc1ccc(O)cc1,c1ccccc1,-1.0300,-1.3478,0.3178,0.6400
random,4,GCN,Molecular graph,629,Oc1cc(Cl)cc(Cl)c1Cl,c1ccccc1,-2.6700,-3.0956,0.4256,0.6111
random,4,GCN,Molecular graph,829,CN(C)C(=O)OC1=CC(=O)CC(C)(C)C1 ,O=C1C=CCCC1,-0.8500,-1.6415,0.7915,0.4286
random,4,GCN,Molecular graph,415,C1CCOC1,C1CCOC1,0.4900,-0.3108,0.8008,0.8889
random,4,GCN,Molecular graph,237,CCCC(=O)CCC,,-1.3000,-1.6265,0.3265,0.7333
random,4,GCN,Molecular graph,389,c3ccc2c(O)c1ccccc1cc2c3 ,c1ccc2cc3ccccc3cc2c1,-4.7300,-4.6476,0.0824,0.5455
random,4,GCN,Molecular graph,331,C1CCCCCC1,C1CCCCCC1,-3.5100,-2.8294,0.6806,1.0000
random,4,GCN,Molecular graph,659,OC(Cn1cncn1)(Cn2cncn2)c3ccc(F)cc3F ,c1ccc(C(Cn2cncn2)Cn2cncn2)cc1,-1.8000,-1.9289,0.1289,0.2319
random,4,GCN,Molecular graph,703,Cc1ncc(N(=O)=O)n1CCO,c1c[nH]cn1,-1.2200,-1.6146,0.3946,1.0000
random,4,GCN,Molecular graph,385,Cc1ccc(N)cc1,c1ccccc1,-1.2100,-2.0030,0.7930,0.6154
random,4,GCN,Molecular graph,762,CC=C(C)C,,-2.5600,-1.0644,1.4956,0.3077
random,4,GCN,Molecular graph,502,Cn2c(=O)on(c1ccc(Cl)c(Cl)c1)c2=O,O=c1[nH]c(=O)n(-c2ccccc2)o1,-2.8200,-2.8123,0.0077,0.2955
random,4,GCN,Molecular graph,232,CC34CCC1C(CCC2CC(O)CCC12C)C3CCC4=O,O=C1CCC2C1CCC1C3CCCCC3CCC21,-4.1600,-4.8753,0.7153,1.0000
random,4,GCN,Molecular graph,860,COC(=O)c1cccnc1 ,c1ccncc1,-0.4600,-1.3495,0.8895,0.5714
random,4,GCN,Molecular graph,612,Cc1ccnc(C)c1,c1ccncc1,0.3800,-1.4012,1.7812,0.3810
random,4,GCN,Molecular graph,490,CC(C)Br,,-1.5900,-2.1301,0.5401,0.4286
random,4,GCN,Molecular graph,247,Clc1ccc(Cl)c(Cl)c1,c1ccccc1,-3.5900,-4.4953,0.9053,0.5909
random,4,GCN,Molecular graph,693,COc1ccccc1,c1ccccc1,-1.8500,-1.4118,0.4382,0.5294
random,4,GCN,Molecular graph,458,CC1(C)C(C=C(Cl)Cl)C1C(=O)OC(C#N)c2cccc(Oc3ccccc3)c2,O=C(OCc1cccc(Oc2ccccc2)c1)C1CC1,-8.0170,-5.0609,2.9561,0.8421
random,4,GCN,Molecular graph,839,C=Cc1ccccc1,c1ccccc1,-2.8200,-2.3267,0.4933,0.4737
random,4,GCN,Molecular graph,555,CC1OC(CC(O)C1O)OC2C(O)CC(OC2C)OC8C(O)CC(OC7CCC3(C)C(CCC4C3CC(O)C5(C)C(CCC45O)C6=CC(=O)OC6)C7)OC8C ,O=C1C=C(C2CCC3C2CCC2C4CCC(OC5CCC(OC6CCC(OC7CCCCO7)CO6)CO5)CC4CCC23)CO1,-4.0810,-2.5706,1.5104,0.8133
random,4,GCN,Molecular graph,87,CCCN(=O)=O,,-0.8000,-0.8793,0.0793,0.5625
random,4,GCN,Molecular graph,531,C1c2ccccc2c3ccccc13,c1ccc2c(c1)Cc1ccccc1-2,-5.0000,-5.6633,0.6633,0.6364
random,4,GCN,Molecular graph,595,Cc1ccccc1N,c1ccccc1,-2.2100,-1.6031,0.6069,0.4286
random,4,GCN,Molecular graph,396,Oc1c(Br)cc(C#N)cc1Br ,c1ccccc1,-3.3300,-3.8912,0.5612,0.5200
random,4,GCN,Molecular graph,565,CCSSCC,,-2.4200,-1.9211,0.4989,0.4545
random,4,GCN,Molecular graph,167,O=C1N(COC(=O)CCCCCCC)C(=O)C(N1)(c2ccccc2)c3ccccc3,O=C1NC(=O)C(c2ccccc2)(c2ccccc2)N1,-6.5230,-4.2137,2.3093,1.0000
random,4,GCN,Molecular graph,59,CCCC(=O)C,,-0.1900,-0.6113,0.4213,0.6471
random,4,GCN,Molecular graph,889,O=C1NC(=O)NC(=O)C1(C)CC,O=C1CC(=O)NC(=O)N1,-1.2280,-1.2854,0.0574,0.5909
random,4,GCN,Molecular graph,1126,CCC(C)C,,-3.1800,-3.0225,0.1575,0.5455
random,4,GCN,Molecular graph,256,c1ccc2ccccc2c1,c1ccc2ccccc2c1,-3.6000,-3.5333,0.0667,0.6364
random,4,GCN,Molecular graph,678,c1c(OC)c(OC)C2C(=O)OCC2c1,O=C1OCC2C=CC=CC12,-1.8990,-2.2948,0.3958,0.2321
random,4,GCN,Molecular graph,763,Cc1ccc(C)c(C)c1,c1ccccc1,-3.3100,-2.6250,0.6850,0.5500
random,4,GCN,Molecular graph,959,CCCC=C(CC)C=O,,-2.4600,-2.0089,0.4511,0.4091
random,4,GCN,Molecular graph,542,CCCC(C)O,,-0.2900,-0.6632,0.3732,0.6471
random,4,GCN,Molecular graph,407,CN(C)C(=O)Nc1ccc(C)c(Cl)c1,c1ccccc1,-3.4830,-2.5114,0.9716,0.7500
random,4,GCN,Molecular graph,129,CCCCCCCBr,,-4.4300,-4.5526,0.1226,1.0000
random,4,GCN,Molecular graph,81,Cc1ncnc2nccnc12,c1cnc2ncncc2n1,-0.4660,-0.9278,0.4618,0.5357
random,4,GCN,Molecular graph,1096,O=C(c1ccccc1)c2ccccc2,O=C(c1ccccc1)c1ccccc1,-3.1200,-3.2223,0.1023,0.5789
random,4,GCN,Molecular graph,380,CCCCCC(=O)OCC,,-2.3500,-2.2353,0.1147,0.9524
random,4,GCN,Molecular graph,725,OC(c1ccc(Cl)cc1)(c2cncnc2)c3ccccc3Cl,c1ccc(C(c2ccccc2)c2cncnc2)cc1,-4.3800,-3.6685,0.7115,0.3514
random,4,GCN,Molecular graph,139,Brc1cccc2ccccc12,c1ccc2ccccc2c1,-4.3500,-4.6976,0.3476,0.5263
random,4,GCN,Molecular graph,982,CCCN(CCC)c1c(cc(cc1N(=O)=O)C(F)(F)F)N(=O)=O,c1ccccc1,-5.6800,-4.8726,0.8074,0.7436
random,4,GCN,Molecular graph,289,Cc1ccc2c(ccc3ccccc32)c1,c1ccc2c(c1)ccc1ccccc12,-5.8400,-5.7338,0.1062,0.6522
random,4,GCN,Molecular graph,1020,COC(=O)C=C,,-0.2200,-0.1086,0.1114,0.3889
random,4,GCN,Molecular graph,701,CCC1(C(C)C)C(=O)NC(=O)NC1=O ,O=C1CC(=O)NC(=O)N1,-2.2100,-1.8860,0.3240,1.0000
random,4,GCN,Molecular graph,801,c1ccc2c(c1)[nH]c3ccccc32,c1ccc2c(c1)[nH]c1ccccc12,-5.2700,-4.6027,0.6673,0.4167
random,4,GCN,Molecular graph,155,CCCOC(=O)C,,-0.7200,-0.5214,0.1986,0.5789
random,4,GCN,Molecular graph,782,CCCOCCC,,-1.6200,-1.3196,0.3004,0.6923
random,4,GCN,Molecular graph,361,CC(=O)Nc1ccc(F)cc1,c1ccccc1,-1.7800,-2.5798,0.7998,0.6154
random,4,GCN,Molecular graph,1088,ClCC,,-1.0600,-1.3006,0.2406,0.5556
random,4,GCN,Molecular graph,1014,O=C1NCCN1c2ncc(s2)N(=O)=O,O=C1NCCN1c1nccs1,-3.2200,-2.0926,1.1274,0.2400
random,4,GCN,Molecular graph,111,Oc1ccc(Cl)cc1C(=O)Nc2ccc(cc2Cl)N(=O)=O,O=C(Nc1ccccc1)c1ccccc1,-4.7000,-3.6574,1.0426,0.4286
random,4,GCN,Molecular graph,530,O2c1ccccc1N(C)C(=O)c3cccnc23 ,O=C1Nc2ccccc2Oc2ncccc21,-3.6720,-3.4121,0.2599,0.5000
random,4,GCN,Molecular graph,339,c3ccc2nc1ccccc1cc2c3,c1ccc2nc3ccccc3cc2c1,-3.6700,-4.6538,0.9838,0.5625
random,4,GCN,Molecular graph,197,CCCCCCCC#C,,-4.2400,-4.2100,0.0300,1.0000
random,4,GCN,Molecular graph,1,Cc1occc1C(=O)Nc2ccccc2,O=C(Nc1ccccc1)c1ccoc1,-3.3000,-1.9302,1.3698,0.5143
random,4,GCN,Molecular graph,277,CCS,,-0.6000,-0.5647,0.0353,0.4286
random,4,GCN,Molecular graph,993,Cc1ccc(cc1)N(=O)=O,c1ccccc1,-2.4900,-2.8107,0.3207,0.7222
random,4,GCN,Molecular graph,55,Cc1ccccc1O,c1ccccc1,-0.6200,-1.0311,0.4111,0.5625
random,4,GCN,Molecular graph,729,Clc1ccc(Cl)c(c1)c2cccc(Cl)c2Cl ,c1ccc(-c2ccccc2)cc1,-6.4700,-6.0506,0.4194,0.6522
random,4,GCN,Molecular graph,676,c1cc2ccc3ccc4ccc5cccc6c(c1)c2c3c4c56,c1cc2ccc3ccc4ccc5cccc6c(c1)c2c3c4c56,-9.0180,-8.3640,0.6540,0.8235
random,4,GCN,Molecular graph,86,CC(C)C(C(=O)OC(C#N)c1cccc(Oc2ccccc2)c1)c3ccc(OC(F)F)cc3,O=C(Cc1ccccc1)OCc1cccc(Oc2ccccc2)c1,-6.8760,-4.6072,2.2688,0.5139
random,4,GCN,Molecular graph,481,ON=Cc1ccc(o1)N(=O)=O ,c1ccoc1,-2.1900,-1.8903,0.2997,0.5238
random,4,GCN,Molecular graph,141,Cc1cccc(C)n1,c1ccncc1,0.4500,-1.6651,2.1151,0.3889
random,4,GCN,Molecular graph,439,ClCCBr,,-1.3200,-1.3505,0.0305,0.5556
random,4,GCN,Molecular graph,221,Cc1ccc(cc1N(=O)=O)N(=O)=O,c1ccccc1,-2.8200,-3.0715,0.2515,0.5926
random,4,GCN,Molecular graph,495,Nc1cc(nc(N)n1=O)N2CCCCC2 ,c1cc(N2CCCCC2)nc[nH+]1,-1.9890,-2.4286,0.4396,0.1549
random,4,GCN,Molecular graph,48,COC(=O)C1=C(C)NC(=C(C1c2ccccc2N(=O)=O)C(=O)OC)C ,C1=CC(c2ccccc2)C=CN1,-4.7600,-3.0464,1.7136,0.3902
random,4,GCN,Molecular graph,354,CCOC(=O)CC(SP(=S)(OC)OC)C(=O)OCC,,-3.3700,-1.7304,1.6396,0.3529
random,4,GCN,Molecular graph,723,CCN2c1cc(N(C)C)cc(C)c1NC(=O)c3cccnc23 ,O=C1Nc2ccccc2Nc2ncccc21,-4.8710,-4.0594,0.8116,0.7037
random,4,GCN,Molecular graph,408,CON(C)C(=O)Nc1ccc(Cl)c(Cl)c1,c1ccccc1,-3.5920,-3.0152,0.5768,0.7568
random,4,GCN,Molecular graph,62,CC34CC(O)C1(F)C(CCC2=CC(=O)C=CC12C)C3CC(O)C4(O)C(=O)CO,O=C1C=CC2C(=C1)CCC1C3CCCC3CCC21,-3.6800,-3.2321,0.4479,0.8596
random,4,GCN,Molecular graph,359,CCCCCC(=O)OC,,-1.8700,-1.6644,0.2056,0.9500
random,4,GCN,Molecular graph,399,Oc1cccc2ncccc12 ,c1ccc2ncccc2c1,-2.5400,-1.6924,0.8476,0.4828
random,4,GCN,Molecular graph,586,Clc2c(Cl)c(Cl)c(c1ccccc1)c(Cl)c2Cl ,c1ccc(-c2ccccc2)cc1,-7.9200,-6.6143,1.3057,0.5714
random,4,GCN,Molecular graph,1046,ClC1CC2C(C1Cl)C3(Cl)C(=C(Cl)C2(Cl)C3(Cl)Cl)Cl,C1=CC2CC1C1CCCC21,-6.8600,-5.9851,0.8749,0.4839
random,4,GCN,Molecular graph,790,c1cc(O)c(O)c2OCC3(O)CC4=CC(=O)C(O)=CC4=C3c21,O=C1C=CC2=C3c4ccccc4OCC3CC2=C1,-2.7000,-2.9088,0.2088,0.1897
random,4,GCN,Molecular graph,309,OC1CCCCCCC1,C1CCCCCCC1,-1.2900,-2.0842,0.7942,1.0000
random,4,GCN,Molecular graph,740,Clc1ccccc1C2=NCC(=O)Nc3ccc(cc23)N(=O)=O,O=C1CN=C(c2ccccc2)c2ccccc2N1,-3.4990,-4.2716,0.7726,0.7292
random,4,GCN,Molecular graph,796,CCOP(=O)(OCC)OCC,,0.4300,-0.9034,1.3334,0.3125
random,4,GCN,Molecular graph,745,CCCC1C(=O)N3N(C1=O)c2cc(C)ccc2N=C3N(C)C ,O=C1CC(=O)N2c3ccccc3N=CN12,-3.5380,-4.0566,0.5186,0.3333
random,4,GCN,Molecular graph,1033,CCCN(CCC)c1c(cc(cc1N(=O)=O)S(N)(=O)=O)N(=O)=O,c1ccccc1,-5.1600,-3.7971,1.3629,0.6000
random,4,GCN,Molecular graph,489,Oc1ccc(Br)cc1,c1ccccc1,-1.0900,-1.4806,0.3906,0.6154
random,4,GCN,Molecular graph,1121,N#Cc1ccccc1C#N,c1ccccc1,-2.3800,-2.9817,0.6017,0.5000
random,4,GCN,Molecular graph,884,Cc1cc(cc(N(=O)=O)c1O)N(=O)=O,c1ccccc1,-1.4560,-2.4114,0.9554,0.6071
random,4,GCN,Molecular graph,382,CN(C=Nc1ccc(C)cc1C)C=Nc2ccc(C)cc2C,C(=Nc1ccccc1)NC=Nc1ccccc1,-5.4700,-4.4229,1.0471,0.5294
random,4,GCN,Molecular graph,265,OC(Cn1cncn1)(c2ccc(F)cc2)c3ccccc3F,c1ccc(C(Cn2cncn2)c2ccccc2)cc1,-3.3700,-3.2720,0.0980,0.2195
random,4,GCN,Molecular graph,22,CCOP(=S)(OCC)SCSCC,,-4.1100,-3.0861,1.0239,0.6923
random,4,GCN,Molecular graph,956,CCOC(=O)N(C)C(=O)CSP(=S)(OCC)OCC,,-2.5180,-1.9449,0.5731,0.4286
random,4,GCN,Molecular graph,325,CC(C)c1ccc(NC(=O)N(C)C)cc1,c1ccccc1,-3.5360,-2.8329,0.7031,0.6667
random,4,GCN,Molecular graph,574,CCCCN(CC)C(=O)SCCC,,-3.5300,-3.4073,0.1227,0.3429
random,4,GCN,Molecular graph,401,CCOc2ccc1nc(sc1c2)S(N)(=O)=O ,c1ccc2scnc2c1,-3.8100,-3.9384,0.1284,0.3125
random,4,GCN,Molecular graph,734,CCCCCCCCC,,-5.8800,-5.3424,0.5376,1.0000
random,4,GCN,Molecular graph,4,c1ccsc1,c1ccsc1,-1.3300,-0.4318,0.8982,0.2222
random,4,GCN,Molecular graph,379,Nc3nc(N)c2nc(c1ccccc1)c(N)nc2n3,c1ccc(-c2cnc3ncncc3n2)cc1,-2.4040,-3.4035,0.9995,0.2759
random,4,GCN,Molecular graph,1019,ClC(Cl)C(c1ccc(Cl)cc1)c2ccc(Cl)cc2 ,c1ccc(Cc2ccccc2)cc1,-7.2000,-4.9609,2.2391,1.0000
random,4,GCN,Molecular graph,947,CCC1CCCCC1,C1CCCCC1,-4.2500,-3.8371,0.4129,0.5263
random,4,GCN,Molecular graph,878,CC(=O)Nc1ccc(Cl)cc1,c1ccccc1,-2.8430,-2.6080,0.2350,0.6154
random,4,GCN,Molecular graph,1078,Oc1c(Cl)c(Cl)cc(Cl)c1Cl,c1ccccc1,-3.3700,-4.3804,1.0104,0.6667
random,4,GCN,Molecular graph,900,CCC(C)C1(CC(Br)=C)C(=O)NC(=O)NC1=O ,O=C1CC(=O)NC(=O)N1,-2.6470,-2.0941,0.5529,0.6061
random,4,GCN,Molecular graph,437,ClCCCl,,-1.0600,-1.2760,0.2160,0.5000
random,4,GIN,Molecular graph,266,CC(=O)OCC(=O)C3(O)C(CC4C2CCC1=CC(=O)C=CC1(C)C2(F)C(O)CC34C)OC(C)=O ,O=C1C=CC2C(=C1)CCC1C3CCCC3CCC21,-4.1300,-3.6919,0.4381,0.8182
random,4,GIN,Molecular graph,400,CC1=C(SCCO1)C(=O)Nc2ccccc2,O=C(Nc1ccccc1)C1=COCCS1,-3.1400,-3.1742,0.0342,0.5581
random,4,GIN,Molecular graph,869,COP(=O)(OC)OC(Br)C(Cl)(Cl)Br,,-2.2800,-1.1926,1.0874,0.3438
random,4,GIN,Molecular graph,926,CCCC(C)(C)O,,-0.4900,-0.6703,0.1803,0.6111
random,4,GIN,Molecular graph,721,CN(C)C(=O)C(c1ccccc1)c2ccccc2 ,c1ccc(Cc2ccccc2)cc1,-2.9800,-3.5372,0.5572,0.4194
random,4,GIN,Molecular graph,473,COP(=S)(OC)Oc1ccc(cc1Cl)N(=O)=O,c1ccccc1,-4.3100,-4.9278,0.6178,0.5263
random,4,GIN,Molecular graph,600,CC,,-1.3600,-1.2120,0.1480,0.2500
random,4,GIN,Molecular graph,314,COC(C)(C)C,,-0.2400,-0.9955,0.7555,0.2727
random,4,GIN,Molecular graph,1116,COP(=S)(OC)Oc1ccc(Sc2ccc(OP(=S)(OC)OC)cc2)cc1,c1ccc(Sc2ccccc2)cc1,-6.2370,-5.8612,0.3758,0.5000
random,4,GIN,Molecular graph,599,Oc1ccccn1,c1ccncc1,1.0200,0.0854,0.9346,0.3750
random,4,GIN,Molecular graph,449,OCC(O)COC(=O)c1ccccc1Nc2ccnc3cc(Cl)ccc23,c1ccc(Nc2ccnc3ccccc23)cc1,-4.5710,-3.6215,0.9495,0.2769
random,4,GIN,Molecular graph,915,CC(=O)Nc1ccc(O)cc1,c1ccccc1,-1.0300,-1.5201,0.4901,0.6400
random,4,GIN,Molecular graph,629,Oc1cc(Cl)cc(Cl)c1Cl,c1ccccc1,-2.6700,-2.0366,0.6334,0.6111
random,4,GIN,Molecular graph,829,CN(C)C(=O)OC1=CC(=O)CC(C)(C)C1 ,O=C1C=CCCC1,-0.8500,-1.7008,0.8508,0.4286
random,4,GIN,Molecular graph,415,C1CCOC1,C1CCOC1,0.4900,0.5816,0.0916,0.8889
random,4,GIN,Molecular graph,237,CCCC(=O)CCC,,-1.3000,-1.2419,0.0581,0.7333
random,4,GIN,Molecular graph,389,c3ccc2c(O)c1ccccc1cc2c3 ,c1ccc2cc3ccccc3cc2c1,-4.7300,-3.8980,0.8320,0.5455
random,4,GIN,Molecular graph,331,C1CCCCCC1,C1CCCCCC1,-3.5100,-3.5835,0.0735,1.0000
random,4,GIN,Molecular graph,659,OC(Cn1cncn1)(Cn2cncn2)c3ccc(F)cc3F ,c1ccc(C(Cn2cncn2)Cn2cncn2)cc1,-1.8000,-1.9834,0.1834,0.2319
random,4,GIN,Molecular graph,703,Cc1ncc(N(=O)=O)n1CCO,c1c[nH]cn1,-1.2200,-1.9550,0.7350,1.0000
random,4,GIN,Molecular graph,385,Cc1ccc(N)cc1,c1ccccc1,-1.2100,-1.3051,0.0951,0.6154
random,4,GIN,Molecular graph,762,CC=C(C)C,,-2.5600,-2.9067,0.3467,0.3077
random,4,GIN,Molecular graph,502,Cn2c(=O)on(c1ccc(Cl)c(Cl)c1)c2=O,O=c1[nH]c(=O)n(-c2ccccc2)o1,-2.8200,-2.9331,0.1131,0.2955
random,4,GIN,Molecular graph,232,CC34CCC1C(CCC2CC(O)CCC12C)C3CCC4=O,O=C1CCC2C1CCC1C3CCCCC3CCC21,-4.1600,-4.2641,0.1041,1.0000
random,4,GIN,Molecular graph,860,COC(=O)c1cccnc1 ,c1ccncc1,-0.4600,-0.7666,0.3066,0.5714
random,4,GIN,Molecular graph,612,Cc1ccnc(C)c1,c1ccncc1,0.3800,-0.3345,0.7145,0.3810
random,4,GIN,Molecular graph,490,CC(C)Br,,-1.5900,-1.9905,0.4005,0.4286
random,4,GIN,Molecular graph,247,Clc1ccc(Cl)c(Cl)c1,c1ccccc1,-3.5900,-4.1267,0.5367,0.5909
random,4,GIN,Molecular graph,693,COc1ccccc1,c1ccccc1,-1.8500,-1.4044,0.4456,0.5294
random,4,GIN,Molecular graph,458,CC1(C)C(C=C(Cl)Cl)C1C(=O)OC(C#N)c2cccc(Oc3ccccc3)c2,O=C(OCc1cccc(Oc2ccccc2)c1)C1CC1,-8.0170,-6.9173,1.0997,0.8421
random,4,GIN,Molecular graph,839,C=Cc1ccccc1,c1ccccc1,-2.8200,-2.3095,0.5105,0.4737
random,4,GIN,Molecular graph,555,CC1OC(CC(O)C1O)OC2C(O)CC(OC2C)OC8C(O)CC(OC7CCC3(C)C(CCC4C3CC(O)C5(C)C(CCC45O)C6=CC(=O)OC6)C7)OC8C ,O=C1C=C(C2CCC3C2CCC2C4CCC(OC5CCC(OC6CCC(OC7CCCCO7)CO6)CO5)CC4CCC23)CO1,-4.0810,-2.3352,1.7458,0.8133
random,4,GIN,Molecular graph,87,CCCN(=O)=O,,-0.8000,-1.2270,0.4270,0.5625
random,4,GIN,Molecular graph,531,C1c2ccccc2c3ccccc13,c1ccc2c(c1)Cc1ccccc1-2,-5.0000,-5.6952,0.6952,0.6364
random,4,GIN,Molecular graph,595,Cc1ccccc1N,c1ccccc1,-2.2100,-1.1530,1.0570,0.4286
random,4,GIN,Molecular graph,396,Oc1c(Br)cc(C#N)cc1Br ,c1ccccc1,-3.3300,-2.5656,0.7644,0.5200
random,4,GIN,Molecular graph,565,CCSSCC,,-2.4200,-2.1919,0.2281,0.4545
random,4,GIN,Molecular graph,167,O=C1N(COC(=O)CCCCCCC)C(=O)C(N1)(c2ccccc2)c3ccccc3,O=C1NC(=O)C(c2ccccc2)(c2ccccc2)N1,-6.5230,-5.3159,1.2071,1.0000
random,4,GIN,Molecular graph,59,CCCC(=O)C,,-0.1900,-0.5672,0.3772,0.6471
random,4,GIN,Molecular graph,889,O=C1NC(=O)NC(=O)C1(C)CC,O=C1CC(=O)NC(=O)N1,-1.2280,-1.4357,0.2077,0.5909
random,4,GIN,Molecular graph,1126,CCC(C)C,,-3.1800,-3.1179,0.0621,0.5455
random,4,GIN,Molecular graph,256,c1ccc2ccccc2c1,c1ccc2ccccc2c1,-3.6000,-2.8871,0.7129,0.6364
random,4,GIN,Molecular graph,678,c1c(OC)c(OC)C2C(=O)OCC2c1,O=C1OCC2C=CC=CC12,-1.8990,-2.5800,0.6810,0.2321
random,4,GIN,Molecular graph,763,Cc1ccc(C)c(C)c1,c1ccccc1,-3.3100,-3.3686,0.0586,0.5500
random,4,GIN,Molecular graph,959,CCCC=C(CC)C=O,,-2.4600,-2.1609,0.2991,0.4091
random,4,GIN,Molecular graph,542,CCCC(C)O,,-0.2900,-0.5127,0.2227,0.6471
random,4,GIN,Molecular graph,407,CN(C)C(=O)Nc1ccc(C)c(Cl)c1,c1ccccc1,-3.4830,-2.8909,0.5921,0.7500
random,4,GIN,Molecular graph,129,CCCCCCCBr,,-4.4300,-4.8348,0.4048,1.0000
random,4,GIN,Molecular graph,81,Cc1ncnc2nccnc12,c1cnc2ncncc2n1,-0.4660,-0.7974,0.3314,0.5357
random,4,GIN,Molecular graph,1096,O=C(c1ccccc1)c2ccccc2,O=C(c1ccccc1)c1ccccc1,-3.1200,-3.3133,0.1933,0.5789
random,4,GIN,Molecular graph,380,CCCCCC(=O)OCC,,-2.3500,-2.4286,0.0786,0.9524
random,4,GIN,Molecular graph,725,OC(c1ccc(Cl)cc1)(c2cncnc2)c3ccccc3Cl,c1ccc(C(c2ccccc2)c2cncnc2)cc1,-4.3800,-3.5071,0.8729,0.3514
random,4,GIN,Molecular graph,139,Brc1cccc2ccccc12,c1ccc2ccccc2c1,-4.3500,-4.2249,0.1251,0.5263
random,4,GIN,Molecular graph,982,CCCN(CCC)c1c(cc(cc1N(=O)=O)C(F)(F)F)N(=O)=O,c1ccccc1,-5.6800,-6.0239,0.3439,0.7436
random,4,GIN,Molecular graph,289,Cc1ccc2c(ccc3ccccc32)c1,c1ccc2c(c1)ccc1ccccc12,-5.8400,-5.8634,0.0234,0.6522
random,4,GIN,Molecular graph,1020,COC(=O)C=C,,-0.2200,-0.2805,0.0605,0.3889
random,4,GIN,Molecular graph,701,CCC1(C(C)C)C(=O)NC(=O)NC1=O ,O=C1CC(=O)NC(=O)N1,-2.2100,-1.9671,0.2429,1.0000
random,4,GIN,Molecular graph,801,c1ccc2c(c1)[nH]c3ccccc32,c1ccc2c(c1)[nH]c1ccccc12,-5.2700,-4.2494,1.0206,0.4167
random,4,GIN,Molecular graph,155,CCCOC(=O)C,,-0.7200,-0.9604,0.2404,0.5789
random,4,GIN,Molecular graph,782,CCCOCCC,,-1.6200,-1.4749,0.1451,0.6923
random,4,GIN,Molecular graph,361,CC(=O)Nc1ccc(F)cc1,c1ccccc1,-1.7800,-2.3117,0.5317,0.6154
random,4,GIN,Molecular graph,1088,ClCC,,-1.0600,-1.2406,0.1806,0.5556
random,4,GIN,Molecular graph,1014,O=C1NCCN1c2ncc(s2)N(=O)=O,O=C1NCCN1c1nccs1,-3.2200,-2.2017,1.0183,0.2400
random,4,GIN,Molecular graph,111,Oc1ccc(Cl)cc1C(=O)Nc2ccc(cc2Cl)N(=O)=O,O=C(Nc1ccccc1)c1ccccc1,-4.7000,-4.1751,0.5249,0.4286
random,4,GIN,Molecular graph,530,O2c1ccccc1N(C)C(=O)c3cccnc23 ,O=C1Nc2ccccc2Oc2ncccc21,-3.6720,-2.7917,0.8803,0.5000
random,4,GIN,Molecular graph,339,c3ccc2nc1ccccc1cc2c3,c1ccc2nc3ccccc3cc2c1,-3.6700,-4.4367,0.7667,0.5625
random,4,GIN,Molecular graph,197,CCCCCCCC#C,,-4.2400,-4.5228,0.2828,1.0000
random,4,GIN,Molecular graph,1,Cc1occc1C(=O)Nc2ccccc2,O=C(Nc1ccccc1)c1ccoc1,-3.3000,-2.3997,0.9003,0.5143
random,4,GIN,Molecular graph,277,CCS,,-0.6000,-0.9919,0.3919,0.4286
random,4,GIN,Molecular graph,993,Cc1ccc(cc1)N(=O)=O,c1ccccc1,-2.4900,-2.4187,0.0713,0.7222
random,4,GIN,Molecular graph,55,Cc1ccccc1O,c1ccccc1,-0.6200,-0.6708,0.0508,0.5625
random,4,GIN,Molecular graph,729,Clc1ccc(Cl)c(c1)c2cccc(Cl)c2Cl ,c1ccc(-c2ccccc2)cc1,-6.4700,-6.9969,0.5269,0.6522
random,4,GIN,Molecular graph,676,c1cc2ccc3ccc4ccc5cccc6c(c1)c2c3c4c56,c1cc2ccc3ccc4ccc5cccc6c(c1)c2c3c4c56,-9.0180,-8.5533,0.4647,0.8235
random,4,GIN,Molecular graph,86,CC(C)C(C(=O)OC(C#N)c1cccc(Oc2ccccc2)c1)c3ccc(OC(F)F)cc3,O=C(Cc1ccccc1)OCc1cccc(Oc2ccccc2)c1,-6.8760,-6.5546,0.3214,0.5139
random,4,GIN,Molecular graph,481,ON=Cc1ccc(o1)N(=O)=O ,c1ccoc1,-2.1900,-2.3318,0.1418,0.5238
random,4,GIN,Molecular graph,141,Cc1cccc(C)n1,c1ccncc1,0.4500,-0.5705,1.0205,0.3889
random,4,GIN,Molecular graph,439,ClCCBr,,-1.3200,-1.5193,0.1993,0.5556
random,4,GIN,Molecular graph,221,Cc1ccc(cc1N(=O)=O)N(=O)=O,c1ccccc1,-2.8200,-2.8495,0.0295,0.5926
random,4,GIN,Molecular graph,495,Nc1cc(nc(N)n1=O)N2CCCCC2 ,c1cc(N2CCCCC2)nc[nH+]1,-1.9890,-2.9999,1.0109,0.1549
random,4,GIN,Molecular graph,48,COC(=O)C1=C(C)NC(=C(C1c2ccccc2N(=O)=O)C(=O)OC)C ,C1=CC(c2ccccc2)C=CN1,-4.7600,-3.5425,1.2175,0.3902
random,4,GIN,Molecular graph,354,CCOC(=O)CC(SP(=S)(OC)OC)C(=O)OCC,,-3.3700,-3.3838,0.0138,0.3529
random,4,GIN,Molecular graph,723,CCN2c1cc(N(C)C)cc(C)c1NC(=O)c3cccnc23 ,O=C1Nc2ccccc2Nc2ncccc21,-4.8710,-4.2967,0.5743,0.7037
random,4,GIN,Molecular graph,408,CON(C)C(=O)Nc1ccc(Cl)c(Cl)c1,c1ccccc1,-3.5920,-3.2907,0.3013,0.7568
random,4,GIN,Molecular graph,62,CC34CC(O)C1(F)C(CCC2=CC(=O)C=CC12C)C3CC(O)C4(O)C(=O)CO,O=C1C=CC2C(=C1)CCC1C3CCCC3CCC21,-3.6800,-3.1856,0.4944,0.8596
random,4,GIN,Molecular graph,359,CCCCCC(=O)OC,,-1.8700,-1.9195,0.0495,0.9500
random,4,GIN,Molecular graph,399,Oc1cccc2ncccc12 ,c1ccc2ncccc2c1,-2.5400,-1.0701,1.4699,0.4828
random,4,GIN,Molecular graph,586,Clc2c(Cl)c(Cl)c(c1ccccc1)c(Cl)c2Cl ,c1ccc(-c2ccccc2)cc1,-7.9200,-7.8393,0.0807,0.5714
random,4,GIN,Molecular graph,1046,ClC1CC2C(C1Cl)C3(Cl)C(=C(Cl)C2(Cl)C3(Cl)Cl)Cl,C1=CC2CC1C1CCCC21,-6.8600,-5.8020,1.0580,0.4839
random,4,GIN,Molecular graph,790,c1cc(O)c(O)c2OCC3(O)CC4=CC(=O)C(O)=CC4=C3c21,O=C1C=CC2=C3c4ccccc4OCC3CC2=C1,-2.7000,-2.8643,0.1643,0.1897
random,4,GIN,Molecular graph,309,OC1CCCCCCC1,C1CCCCCCC1,-1.2900,-0.9690,0.3210,1.0000
random,4,GIN,Molecular graph,740,Clc1ccccc1C2=NCC(=O)Nc3ccc(cc23)N(=O)=O,O=C1CN=C(c2ccccc2)c2ccccc2N1,-3.4990,-3.5225,0.0235,0.7292
random,4,GIN,Molecular graph,796,CCOP(=O)(OCC)OCC,,0.4300,0.2925,0.1375,0.3125
random,4,GIN,Molecular graph,745,CCCC1C(=O)N3N(C1=O)c2cc(C)ccc2N=C3N(C)C ,O=C1CC(=O)N2c3ccccc3N=CN12,-3.5380,-4.2684,0.7304,0.3333
random,4,GIN,Molecular graph,1033,CCCN(CCC)c1c(cc(cc1N(=O)=O)S(N)(=O)=O)N(=O)=O,c1ccccc1,-5.1600,-4.4272,0.7328,0.6000
random,4,GIN,Molecular graph,489,Oc1ccc(Br)cc1,c1ccccc1,-1.0900,-1.1934,0.1034,0.6154
random,4,GIN,Molecular graph,1121,N#Cc1ccccc1C#N,c1ccccc1,-2.3800,-2.3679,0.0121,0.5000
random,4,GIN,Molecular graph,884,Cc1cc(cc(N(=O)=O)c1O)N(=O)=O,c1ccccc1,-1.4560,-2.6062,1.1502,0.6071
random,4,GIN,Molecular graph,382,CN(C=Nc1ccc(C)cc1C)C=Nc2ccc(C)cc2C,C(=Nc1ccccc1)NC=Nc1ccccc1,-5.4700,-4.3239,1.1461,0.5294
random,4,GIN,Molecular graph,265,OC(Cn1cncn1)(c2ccc(F)cc2)c3ccccc3F,c1ccc(C(Cn2cncn2)c2ccccc2)cc1,-3.3700,-3.0720,0.2980,0.2195
random,4,GIN,Molecular graph,22,CCOP(=S)(OCC)SCSCC,,-4.1100,-4.4141,0.3041,0.6923
random,4,GIN,Molecular graph,956,CCOC(=O)N(C)C(=O)CSP(=S)(OCC)OCC,,-2.5180,-3.0450,0.5270,0.4286
random,4,GIN,Molecular graph,325,CC(C)c1ccc(NC(=O)N(C)C)cc1,c1ccccc1,-3.5360,-2.9665,0.5695,0.6667
random,4,GIN,Molecular graph,574,CCCCN(CC)C(=O)SCCC,,-3.5300,-3.4086,0.1214,0.3429
random,4,GIN,Molecular graph,401,CCOc2ccc1nc(sc1c2)S(N)(=O)=O ,c1ccc2scnc2c1,-3.8100,-3.6554,0.1546,0.3125
random,4,GIN,Molecular graph,734,CCCCCCCCC,,-5.8800,-5.7130,0.1670,1.0000
random,4,GIN,Molecular graph,4,c1ccsc1,c1ccsc1,-1.3300,-1.3905,0.0605,0.2222
random,4,GIN,Molecular graph,379,Nc3nc(N)c2nc(c1ccccc1)c(N)nc2n3,c1ccc(-c2cnc3ncncc3n2)cc1,-2.4040,-3.8783,1.4743,0.2759
random,4,GIN,Molecular graph,1019,ClC(Cl)C(c1ccc(Cl)cc1)c2ccc(Cl)cc2 ,c1ccc(Cc2ccccc2)cc1,-7.2000,-6.5390,0.6610,1.0000
random,4,GIN,Molecular graph,947,CCC1CCCCC1,C1CCCCC1,-4.2500,-3.7457,0.5043,0.5263
random,4,GIN,Molecular graph,878,CC(=O)Nc1ccc(Cl)cc1,c1ccccc1,-2.8430,-2.5190,0.3240,0.6154
random,4,GIN,Molecular graph,1078,Oc1c(Cl)c(Cl)cc(Cl)c1Cl,c1ccccc1,-3.3700,-3.1387,0.2313,0.6667
random,4,GIN,Molecular graph,900,CCC(C)C1(CC(Br)=C)C(=O)NC(=O)NC1=O ,O=C1CC(=O)NC(=O)N1,-2.6470,-2.3469,0.3001,0.6061
random,4,GIN,Molecular graph,437,ClCCCl,,-1.0600,-1.4567,0.3967,0.5000
scaffold,0,Dummy (mean),RDKit descriptors,1,Cc1occc1C(=O)Nc2ccccc2,O=C(Nc1ccccc1)c1ccoc1,-3.3000,-2.9226,0.3774,0.4545
scaffold,0,Dummy (mean),RDKit descriptors,4,c1ccsc1,c1ccsc1,-1.3300,-2.9226,1.5926,0.2222
scaffold,0,Dummy (mean),RDKit descriptors,18,CCOP(=S)(OCC)Oc1cc(C)nc(n1)C(C)C,c1cncnc1,-3.6400,-2.9226,0.7174,0.4130
scaffold,0,Dummy (mean),RDKit descriptors,32,COC(=O)Nc1cccc(OC(=O)Nc2cccc(C)c2)c1,O=C(Nc1ccccc1)Oc1ccccc1,-4.8050,-2.9226,1.8824,0.4894
scaffold,0,Dummy (mean),RDKit descriptors,72,CC1(C)C2CCC1(C)C(=O)C2,O=C1CC2CCC1C2,-1.9600,-2.9226,0.9626,0.3030
scaffold,0,Dummy (mean),RDKit descriptors,86,CC(C)C(C(=O)OC(C#N)c1cccc(Oc2ccccc2)c1)c3ccc(OC(F)F)cc3,O=C(Cc1ccccc1)OCc1cccc(Oc2ccccc2)c1,-6.8760,-2.9226,3.9534,0.5333
scaffold,0,Dummy (mean),RDKit descriptors,92,c1ccc2c(c1)c3cccc4cccc2c34,c1ccc2c(c1)-c1cccc3cccc-2c13,-6.0000,-2.9226,3.0774,0.7368
scaffold,0,Dummy (mean),RDKit descriptors,98,C1OC1c2ccccc2 ,c1ccc(C2CO2)cc1,-1.6000,-2.9226,1.3226,0.3000
scaffold,0,Dummy (mean),RDKit descriptors,126,CCCCc1c(C)nc(nc1O)N(C)C ,c1cncnc1,-2.2400,-2.9226,0.6826,0.3448
scaffold,0,Dummy (mean),RDKit descriptors,160,CSc1nnc(c(=O)n1N)C(C)(C)C,O=c1cnnc[nH]1,-2.2530,-2.9226,0.6696,0.1923
scaffold,0,Dummy (mean),RDKit descriptors,176,CC1=CC(=O)CC(C)(C)C1 ,O=C1C=CCCC1,-1.0600,-2.9226,1.8626,0.2553
scaffold,0,Dummy (mean),RDKit descriptors,179,CCC1(CCC(=O)NC1=O)c2ccccc2 ,O=C1CCC(c2ccccc2)C(=O)N1,-2.3370,-2.9226,0.5856,0.3333
scaffold,0,Dummy (mean),RDKit descriptors,188,C1C(O)CCC2(C)CC3CCC4(C)C5(C)CC6OCC(C)CC6OC5CC4C3C=C21,C1=C2CCCCC2CC2CCC3C4CC5OCCCC5OC4CC3C12,-7.3200,-2.9226,4.3974,0.1875
scaffold,0,Dummy (mean),RDKit descriptors,195,CC(C)Oc1cc(c(Cl)cc1Cl)n2nc(oc2=O)C(C)(C)C,O=c1ocnn1-c1ccccc1,-5.6960,-2.9226,2.7734,0.2105
scaffold,0,Dummy (mean),RDKit descriptors,200,Nc1ccc(cc1)S(=O)(=O)c2ccc(N)cc2,O=S(=O)(c1ccccc1)c1ccccc1,-3.0940,-2.9226,0.1714,0.6500
scaffold,0,Dummy (mean),RDKit descriptors,213,CC12CCC(CC1)C(C)(C)O2 ,C1CC2CCC1CO2,-1.6400,-2.9226,1.2826,0.3000
scaffold,0,Dummy (mean),RDKit descriptors,217,CC(=C)C1CC=C(C)C(=O)C1,O=C1C=CCCC1,-2.0600,-2.9226,0.8626,0.4706
scaffold,0,Dummy (mean),RDKit descriptors,225,Cc3ccnc4N(C1CC1)c2ncccc2C(=O)Nc34 ,O=C1Nc2cccnc2N(C2CC2)c2ncccc21,-3.1900,-2.9226,0.2674,0.4909
scaffold,0,Dummy (mean),RDKit descriptors,260,CCOP(=S)(OCC)SC(CCl)N1C(=O)c2ccccc2C1=O,O=C1NC(=O)c2ccccc21,-6.3400,-2.9226,3.4174,0.3529
scaffold,0,Dummy (mean),RDKit descriptors,286,C(Cc1ccccc1)c2ccccc2,c1ccc(CCc2ccccc2)cc1,-4.6200,-2.9226,1.6974,0.6471
scaffold,0,Dummy (mean),RDKit descriptors,289,Cc1ccc2c(ccc3ccccc32)c1,c1ccc2c(c1)ccc1ccccc12,-5.8400,-2.9226,2.9174,0.6522
scaffold,0,Dummy (mean),RDKit descriptors,298,OCC1OC(CO)(OC2OC(COC3OC(CO)C(O)C(O)C3O)C(O)C(O)C2O)C(O)C1O,C1CCC(OCC2CCCC(OC3CCCO3)O2)OC1,-0.4100,-2.9226,2.5126,0.8421
scaffold,0,Dummy (mean),RDKit descriptors,309,OC1CCCCCCC1,C1CCCCCCC1,-1.2900,-2.9226,1.6326,1.0000
scaffold,0,Dummy (mean),RDKit descriptors,318,Nc1ncnc2nc[nH]c12 ,c1ncc2[nH]cnc2n1,-2.1200,-2.9226,0.8026,0.2432
scaffold,0,Dummy (mean),RDKit descriptors,320,COc1ccc(cc1)C(O)(C2CC2)c3cncnc3 ,c1ccc(C(c2cncnc2)C2CC2)cc1,-2.5960,-2.9226,0.3266,0.2895
scaffold,0,Dummy (mean),RDKit descriptors,336,o1c2ccccc2c3ccccc13,c1ccc2c(c1)oc1ccccc12,-4.6000,-2.9226,1.6774,0.3684
scaffold,0,Dummy (mean),RDKit descriptors,339,c3ccc2nc1ccccc1cc2c3,c1ccc2nc3ccccc3cc2c1,-3.6700,-2.9226,0.7474,0.5625
scaffold,0,Dummy (mean),RDKit descriptors,340,CC12CC(=O)C3C(CCC4=CC(=O)CCC34C)C2CCC1(O)C(=O)CO,O=C1C=C2CCC3C4CCCC4CC(=O)C3C2CC1,-3.1100,-2.9226,0.1874,0.6780
scaffold,0,Dummy (mean),RDKit descriptors,344,CCC(C)C(=O)OC2CC(C)C=C3C=CC(C)C(CCC1CC(O)CC(=O)O1)C23 ,O=C1CCCC(CCC2CC=CC3=CCCCC32)O1,-6.0050,-2.9226,3.0824,0.1774
scaffold,0,Dummy (mean),RDKit descriptors,353,CCC(C(CC)c1ccc(O)cc1)c2ccc(O)cc2,c1ccc(CCc2ccccc2)cc1,-4.4300,-2.9226,1.5074,0.4800
scaffold,0,Dummy (mean),RDKit descriptors,360,CN(C)C(=O)Nc1ccc(c(Cl)c1)n2nc(oc2=O)C(C)(C)C,O=c1ocnn1-c1ccccc1,-4.3280,-2.9226,1.4054,0.4898
scaffold,0,Dummy (mean),RDKit descriptors,365,c1cncnc1,c1cncnc1,1.1000,-2.9226,4.0226,0.5000
scaffold,0,Dummy (mean),RDKit descriptors,373,CC2Nc1cc(Cl)c(cc1C(=O)N2c3ccccc3C)S(N)(=O)=O ,O=C1c2ccccc2NCN1c1ccccc1,-3.7800,-2.9226,0.8574,0.3429
scaffold,0,Dummy (mean),RDKit descriptors,381,OCC(O)C2OC1OC(OC1C2O)C(Cl)(Cl)Cl ,C1CC2OCOC2O1,-1.8400,-2.9226,1.0826,0.1765
scaffold,0,Dummy (mean),RDKit descriptors,386,Nc1nccs1 ,c1cscn1,-0.3600,-2.9226,2.5626,0.2143
scaffold,0,Dummy (mean),RDKit descriptors,394,CN(C(=O)NC(C)(C)c1ccccc1)c2ccccc2,O=C(NCc1ccccc1)Nc1ccccc1,-3.3500,-2.9226,0.4274,0.3784
scaffold,0,Dummy (mean),RDKit descriptors,412,CC(=O)Nc1nnc(s1)S(N)(=O)=O ,c1nncs1,-2.3600,-2.9226,0.5626,0.2703
scaffold,0,Dummy (mean),RDKit descriptors,414,ClC1=C(Cl)C2(Cl)C3C4CC(C=C4)C3C1(Cl)C2(Cl)Cl,C1=CC2CC1C1C3C=CC(C3)C21,-6.3070,-2.9226,3.3844,0.4839
scaffold,0,Dummy (mean),RDKit descriptors,422,ClC(Cl)C(Cl)(Cl)SN2C(=O)C1CC=CCC1C2=O ,O=C1NC(=O)C2CC=CCC12,-5.4000,-2.9226,2.4774,0.1935
scaffold,0,Dummy (mean),RDKit descriptors,448,NC(=O)NC1NC(=O)NC1=O ,O=C1CNC(=O)N1,-1.6000,-2.9226,1.3226,0.2105
scaffold,0,Dummy (mean),RDKit descriptors,449,OCC(O)COC(=O)c1ccccc1Nc2ccnc3cc(Cl)ccc23,c1ccc(Nc2ccnc3ccccc23)cc1,-4.5710,-2.9226,1.6484,0.2769
scaffold,0,Dummy (mean),RDKit descriptors,476,CN(C)C(=O)Oc1nc(nc(C)c1C)N(C)C,c1cncnc1,-1.9500,-2.9226,0.9726,0.3333
scaffold,0,Dummy (mean),RDKit descriptors,488,O=c2c(C3CCCc4ccccc43)c(O)c1ccccc1o2 ,O=c1oc2ccccc2cc1C1CCCc2ccccc21,-2.8400,-2.9226,0.0826,0.2619
scaffold,0,Dummy (mean),RDKit descriptors,495,Nc1cc(nc(N)n1=O)N2CCCCC2 ,c1cc(N2CCCCC2)nc[nH+]1,-1.9890,-2.9226,0.9336,0.1463
scaffold,0,Dummy (mean),RDKit descriptors,496,Nc2cccc3nc1ccccc1cc23 ,c1ccc2nc3ccccc3cc2c1,-4.2200,-2.9226,1.2974,0.5185
scaffold,0,Dummy (mean),RDKit descriptors,500,CCOP(=S)(OCC)SC(CCl)N2C(=O)c1ccccc1C2=O,O=C1NC(=O)c2ccccc21,-6.3400,-2.9226,3.4174,0.3529
scaffold,0,Dummy (mean),RDKit descriptors,504,CC1=C(CCCO1)C(=O)Nc2ccccc2 ,O=C(Nc1ccccc1)C1=COCCC1,-2.5600,-2.9226,0.3626,0.5581
scaffold,0,Dummy (mean),RDKit descriptors,512,Cc1c[nH]c2ccccc12 ,c1ccc2[nH]ccc2c1,-2.4200,-2.9226,0.5026,0.4348
scaffold,0,Dummy (mean),RDKit descriptors,518,CC(=O)N(S(=O)c1ccc(N)cc1)c2onc(C)c2C ,O=S(Nc1ccno1)c1ccccc1,-3.5900,-2.9226,0.6674,0.2708
scaffold,0,Dummy (mean),RDKit descriptors,536,CC3C2CCC1(C)C=CC(=O)C(=C1C2OC3=O)C,O=C1C=CC2CCC3CC(=O)OC3C2=C1,-3.0900,-2.9226,0.1674,0.2063
scaffold,0,Dummy (mean),RDKit descriptors,546,Cc2c(N)c(=O)n(c1ccccc1)n2C,O=c1cc[nH]n1-c1ccccc1,-0.6240,-2.9226,2.2986,0.3333
scaffold,0,Dummy (mean),RDKit descriptors,562,c1ccccc1C(O)C(O)c2ccccc2,c1ccc(CCc2ccccc2)cc1,-1.9300,-2.9226,0.9926,0.6471
scaffold,0,Dummy (mean),RDKit descriptors,579,c1ccc(cc1)c2ccc(cc2)c3ccccc3,c1ccc(-c2ccc(-c3ccccc3)cc2)cc1,-7.1100,-2.9226,4.1874,0.9000
scaffold,0,Dummy (mean),RDKit descriptors,582,Cc1cc(ccc1NS(=O)(=O)C(F)(F)F)S(=O)(=O)c2ccccc2,O=S(=O)(c1ccccc1)c1ccccc1,-3.8000,-2.9226,0.8774,0.4565
scaffold,0,Dummy (mean),RDKit descriptors,611,c1ccc2c(c1)ccc3ccccc32,c1ccc2c(c1)ccc1ccccc12,-5.2600,-2.9226,2.3374,0.8571
scaffold,0,Dummy (mean),RDKit descriptors,621,ClC(Cl)(Cl)C(NC=O)N1C=CN(C=C1)C(NC=O)C(Cl)(Cl)Cl ,C1=CNC=CN1,-4.1900,-2.9226,1.2674,0.2000
scaffold,0,Dummy (mean),RDKit descriptors,622,Cn2cc(c1ccccc1)c(=O)c(c2)c3cccc(c3)C(F)(F)F,O=c1c(-c2ccccc2)c[nH]cc1-c1ccccc1,-4.4450,-2.9226,1.5224,0.3714
scaffold,0,Dummy (mean),RDKit descriptors,624,CC12CCC3C(CCc4cc(O)ccc34)C2CCC1=O,O=C1CCC2C1CCC1c3ccccc3CCC12,-3.9550,-2.9226,1.0324,0.6250
scaffold,0,Dummy (mean),RDKit descriptors,626,CC1CO1,C1CO1,-0.5900,-2.9226,2.3326,0.4118
scaffold,0,Dummy (mean),RDKit descriptors,637,c1ccc2c(c1)cc3ccc4cccc5ccc2c3c45,c1ccc2c(c1)cc1ccc3cccc4ccc2c1c34,-8.6990,-2.9226,5.7764,0.6522
scaffold,0,Dummy (mean),RDKit descriptors,647,Cc1cc(=O)[nH]c(=S)[nH]1,O=c1cc[nH]c(=S)[nH]1,-2.4360,-2.9226,0.4866,0.2581
scaffold,0,Dummy (mean),RDKit descriptors,652,CC1(C)CON(Cc2ccccc2Cl)C1=O,O=C1CCON1Cc1ccccc1,-2.3380,-2.9226,0.5846,0.2703
scaffold,0,Dummy (mean),RDKit descriptors,659,OC(Cn1cncn1)(Cn2cncn2)c3ccc(F)cc3F ,c1ccc(C(Cn2cncn2)Cn2cncn2)cc1,-1.8000,-2.9226,1.1226,0.5417
scaffold,0,Dummy (mean),RDKit descriptors,676,c1cc2ccc3ccc4ccc5cccc6c(c1)c2c3c4c56,c1cc2ccc3ccc4ccc5cccc6c(c1)c2c3c4c56,-9.0180,-2.9226,6.0954,0.8235
scaffold,0,Dummy (mean),RDKit descriptors,678,c1c(OC)c(OC)C2C(=O)OCC2c1,O=C1OCC2C=CC=CC12,-1.8990,-2.9226,1.0236,0.2000
scaffold,0,Dummy (mean),RDKit descriptors,683,Cc1cc(=O)n(c2ccccc2)n1C,O=c1cc[nH]n1-c1ccccc1,0.7150,-2.9226,3.6376,0.3250
scaffold,0,Dummy (mean),RDKit descriptors,702,CC(=O)OCC(=O)C3(O)CCC4C2CCC1=CC(=O)CCC1(C)C2C(=O)CC34C ,O=C1C=C2CCC3C4CCCC4CC(=O)C3C2CC1,-4.2100,-2.9226,1.2874,0.7031
scaffold,0,Dummy (mean),RDKit descriptors,708,CN(C)C(=O)NC1CC2CC1C3CCCC23,C1CC2C3CCC(C3)C2C1,-3.1710,-2.9226,0.2484,0.2381
scaffold,0,Dummy (mean),RDKit descriptors,724,O=C1NC(=O)c2ccccc12 ,O=C1NC(=O)c2ccccc21,-2.6100,-2.9226,0.3126,0.3333
scaffold,0,Dummy (mean),RDKit descriptors,730,CCC2NC(=O)c1cc(c(Cl)cc1N2)S(N)(=O)=O,O=C1NCNc2ccccc21,-3.2900,-2.9226,0.3674,0.3889
scaffold,0,Dummy (mean),RDKit descriptors,733,C1(=O)NC(=O)NC(=O)C1(O)C2(O)C(=O)NC(=O)NC2(=O),O=C1NC(=O)C(C2C(=O)NC(=O)NC2=O)C(=O)N1,-1.9900,-2.9226,0.9326,0.4737
scaffold,0,Dummy (mean),RDKit descriptors,754,COc2cc1c(N)nc(nc1c(OC)c2OC)N3CCN(CC3)C(=O)OCC(C)(C)O ,c1ccc2nc(N3CCNCC3)ncc2c1,-3.6380,-2.9226,0.7154,0.1972
scaffold,0,Dummy (mean),RDKit descriptors,771,C1CCCCCCC1,C1CCCCCCC1,-4.1500,-2.9226,1.2274,1.0000
scaffold,0,Dummy (mean),RDKit descriptors,775,Clc1ccc(CN(C2CCCC2)C(=O)Nc3ccccc3)cc1,O=C(Nc1ccccc1)N(Cc1ccccc1)C1CCCC1,-5.9150,-2.9226,2.9924,0.4000
scaffold,0,Dummy (mean),RDKit descriptors,780,c1ccc2c3c(ccc2c1)c4cccc5cccc3c45,c1ccc2c3c(ccc2c1)-c1cccc2cccc-3c12,-8.0000,-2.9226,5.0774,0.5000
scaffold,0,Dummy (mean),RDKit descriptors,792,OC1C=CC2C1C3(Cl)C(=C(Cl)C2(Cl)C3(Cl)Cl)Cl ,C1=CC2C3C=CC(C3)C2C1,-5.4600,-2.9226,2.5374,0.3714
scaffold,0,Dummy (mean),RDKit descriptors,797,CC2(C)C1CCC(C)(C1)C2=O,O=C1CC2CCC1C2,-1.8500,-2.9226,1.0726,0.2647
scaffold,0,Dummy (mean),RDKit descriptors,799,ClC2=C(Cl)C3(Cl)C1C=CCC1C2(Cl)C3(Cl)Cl ,C1=CC2C3C=CC(C3)C2C1,-5.6400,-2.9226,2.7174,0.3611
scaffold,0,Dummy (mean),RDKit descriptors,801,c1ccc2c(c1)[nH]c3ccccc32,c1ccc2c(c1)[nH]c1ccccc12,-5.2700,-2.9226,2.3474,0.3684
scaffold,0,Dummy (mean),RDKit descriptors,807,CCCCc1c(C)nc(NCC)nc1OS(=O)(=O)N(C)C ,c1cncnc1,-4.1600,-2.9226,1.2374,0.4286
scaffold,0,Dummy (mean),RDKit descriptors,812,c1cc2ccc(OC)c(CC=C(C)(C))c2oc1=O ,O=c1ccc2ccccc2o1,-4.3140,-2.9226,1.3914,0.3673
scaffold,0,Dummy (mean),RDKit descriptors,819,c1ccc2cc3cc4ccccc4cc3cc2c1,c1ccc2cc3cc4ccccc4cc3cc2c1,-8.6000,-2.9226,5.6774,0.9091
scaffold,0,Dummy (mean),RDKit descriptors,829,CN(C)C(=O)OC1=CC(=O)CC(C)(C)C1 ,O=C1C=CCCC1,-0.8500,-2.9226,2.0726,0.2381
scaffold,0,Dummy (mean),RDKit descriptors,846,O=C1CNC(=O)N1 ,O=C1CNC(=O)N1,-0.4000,-2.9226,2.5226,0.3684
scaffold,0,Dummy (mean),RDKit descriptors,849,CCOP(=S)(OCC)Oc2ccc1oc(=O)c(Cl)c(C)c1c2,O=c1ccc2ccccc2o1,-5.3820,-2.9226,2.4594,0.4118
scaffold,0,Dummy (mean),RDKit descriptors,852,O=c2[nH]c(=O)c1[nH]c(=O)[nH]c1[nH]2 ,O=c1[nH]c(=O)c2[nH]c(=O)[nH]c2[nH]1,-3.9300,-2.9226,1.0074,0.2963
scaffold,0,Dummy (mean),RDKit descriptors,863,CC1(OC(=O)N(C1=O)c2cc(Cl)cc(Cl)c2)C=C,O=C1COC(=O)N1c1ccccc1,-4.9250,-2.9226,2.0024,0.4615
scaffold,0,Dummy (mean),RDKit descriptors,893,CCN(Cc1c(F)cccc1Cl)c2c(cc(cc2N(=O)=O)C(F)(F)F)N(=O)=O,c1ccc(CNc2ccccc2)cc1,-6.7800,-2.9226,3.8574,0.5472
scaffold,0,Dummy (mean),RDKit descriptors,899,ClC1C=CC2C1C3(Cl)C(=C(Cl)C2(Cl)C3(Cl)Cl)Cl,C1=CC2C3C=CC(C3)C2C1,-6.3170,-2.9226,3.3944,0.3824
scaffold,0,Dummy (mean),RDKit descriptors,916,c2ccc1[nH]ncc1c2 ,c1ccc2[nH]ncc2c1,-2.1600,-2.9226,0.7626,0.3571
scaffold,0,Dummy (mean),RDKit descriptors,918,Nc2nc1[nH]cnc1c(=O)[nH]2 ,O=c1[nH]cnc2[nH]cnc12,-3.5830,-2.9226,0.6604,0.3158
scaffold,0,Dummy (mean),RDKit descriptors,938,Nc1nc(O)nc2nc[nH]c12 ,c1ncc2[nH]cnc2n1,-3.4010,-2.9226,0.4784,0.2778
scaffold,0,Dummy (mean),RDKit descriptors,943,c2ccc1[nH]ccc1c2,c1ccc2[nH]ccc2c1,-1.5200,-2.9226,1.4026,0.3889
scaffold,0,Dummy (mean),RDKit descriptors,949,COC(=O)Nc2nc1ccc(cc1[nH]2)C(=O)c3ccccc3,O=C(c1ccccc1)c1ccc2nc[nH]c2c1,-3.8800,-2.9226,0.9574,0.3500
scaffold,0,Dummy (mean),RDKit descriptors,955,C1C=CCC=C1,C1=CCC=CC1,-2.0600,-2.9226,0.8626,0.2727
scaffold,0,Dummy (mean),RDKit descriptors,976,CC12CCC(CC1)C(C)(C)O2,C1CC2CCC1CO2,-1.7400,-2.9226,1.1826,0.3000
scaffold,0,Dummy (mean),RDKit descriptors,984,O=C2NC(=O)C1(CCCC1)C(=O)N2,O=C1NC(=O)C2(CCCC2)C(=O)N1,-2.3490,-2.9226,0.5736,0.9444
scaffold,0,Dummy (mean),RDKit descriptors,987,CN(C)C(=O)NC1CCCCCCC1,C1CCCCCCC1,-2.2180,-2.9226,0.7046,0.2973
scaffold,0,Dummy (mean),RDKit descriptors,991,CN(C)c2c(C)n(C)n(c1ccccc1)c2=O ,O=c1cc[nH]n1-c1ccccc1,-0.3640,-2.9226,2.5586,0.3030
scaffold,0,Dummy (mean),RDKit descriptors,1014,O=C1NCCN1c2ncc(s2)N(=O)=O,O=C1NCCN1c1nccs1,-3.2200,-2.9226,0.2974,0.2400
scaffold,0,Dummy (mean),RDKit descriptors,1015,C1c2ccccc2c3ccc4ccccc4c13,c1ccc2c(c1)Cc1c-2ccc2ccccc12,-6.6800,-2.9226,3.7574,0.4688
scaffold,0,Dummy (mean),RDKit descriptors,1022,N(=Nc1ccccc1)c2ccccc2,c1ccc(N=Nc2ccccc2)cc1,-4.4500,-2.9226,1.5274,0.4000
scaffold,0,Dummy (mean),RDKit descriptors,1037,c1c(O)C2C(=O)C3cc(O)ccC3OC2cc1(OC),O=C1C2C=CC=CC2OC2C=CC=CC12,-2.9430,-2.9226,0.0204,0.1667
scaffold,0,Dummy (mean),RDKit descriptors,1039,CC(=O)SC4CC1=CC(=O)CCC1(C)C5CCC2(C)C(CCC23CCC(=O)O3)C45,O=C1C=C2CCC3C(CCC4C3CCC43CCC(=O)O3)C2CC1,-4.1730,-2.9226,1.2504,0.4242
scaffold,0,Dummy (mean),RDKit descriptors,1054,Cc1cccc2c1ccc3ccccc32,c1ccc2c(c1)ccc1ccccc12,-5.8500,-2.9226,2.9274,0.7273
scaffold,0,Dummy (mean),RDKit descriptors,1061,COC1=CC(=O)CC(C)C13Oc2c(Cl)c(OC)cc(OC)c2C3=O,O=C1C=CC2(CC1)Oc1ccccc1C2=O,-3.2460,-2.9226,0.3234,0.1951
scaffold,0,Dummy (mean),RDKit descriptors,1085,CCOP(=S)(OCC)N2C(=O)c1ccccc1C2=O,O=C1NC(=O)c2ccccc21,-3.3500,-2.9226,0.4274,0.3208
scaffold,0,Dummy (mean),RDKit descriptors,1090,O=C(C=CC=Cc2ccc1OCOc1c2)N3CCCCC3,O=C(C=CC=Cc1ccc2c(c1)OCO2)N1CCCCC1,-3.4600,-2.9226,0.5374,0.1786
scaffold,0,Dummy (mean),RDKit descriptors,1093,O=C2NC(=O)C1(CCCCCCC1)C(=O)N2,O=C1NC(=O)C2(CCCCCCC2)C(=O)N1,-2.9820,-2.9226,0.0594,1.0000
scaffold,0,Dummy (mean),RDKit descriptors,1095,Oc2cc(O)c1C(=O)CC(Oc1c2)c3ccc(O)c(O)c3,O=C1CC(c2ccccc2)Oc2ccccc21,-3.6200,-2.9226,0.6974,0.1951
scaffold,0,Dummy (mean),RDKit descriptors,1106,CC(C)(C)C(=O)C(Oc1ccc(Cl)cc1)n2cncn2,c1ccc(OCn2cncn2)cc1,-3.6100,-2.9226,0.6874,0.3077
scaffold,0,Dummy (mean),RDKit descriptors,1110,CCOC(=O)Nc2cccc(OC(=O)Nc1ccccc1)c2 ,O=C(Nc1ccccc1)Oc1ccccc1,-4.6320,-2.9226,1.7094,0.4694
scaffold,0,Dummy (mean),RDKit descriptors,1115,O=C1NC(=O)C(=O)N1 ,O=C1NC(=O)C(=O)N1,-0.4000,-2.9226,2.5226,0.4118
scaffold,0,Linear,RDKit descriptors,1,Cc1occc1C(=O)Nc2ccccc2,O=C(Nc1ccccc1)c1ccoc1,-3.3000,-3.4818,0.1818,0.4545
scaffold,0,Linear,RDKit descriptors,4,c1ccsc1,c1ccsc1,-1.3300,-1.7495,0.4195,0.2222
scaffold,0,Linear,RDKit descriptors,18,CCOP(=S)(OCC)Oc1cc(C)nc(n1)C(C)C,c1cncnc1,-3.6400,-4.4940,0.8540,0.4130
scaffold,0,Linear,RDKit descriptors,32,COC(=O)Nc1cccc(OC(=O)Nc2cccc(C)c2)c1,O=C(Nc1ccccc1)Oc1ccccc1,-4.8050,-4.9747,0.1697,0.4894
scaffold,0,Linear,RDKit descriptors,72,CC1(C)C2CCC1(C)C(=O)C2,O=C1CC2CCC1C2,-1.9600,-2.6014,0.6414,0.3030
scaffold,0,Linear,RDKit descriptors,86,CC(C)C(C(=O)OC(C#N)c1cccc(Oc2ccccc2)c1)c3ccc(OC(F)F)cc3,O=C(Cc1ccccc1)OCc1cccc(Oc2ccccc2)c1,-6.8760,-8.0833,1.2073,0.5333
scaffold,0,Linear,RDKit descriptors,92,c1ccc2c(c1)c3cccc4cccc2c34,c1ccc2c(c1)-c1cccc3cccc-2c13,-6.0000,-4.8203,1.1797,0.7368
scaffold,0,Linear,RDKit descriptors,98,C1OC1c2ccccc2 ,c1ccc(C2CO2)cc1,-1.6000,-1.9144,0.3144,0.3000
scaffold,0,Linear,RDKit descriptors,126,CCCCc1c(C)nc(nc1O)N(C)C ,c1cncnc1,-2.2400,-2.5617,0.3217,0.3448
scaffold,0,Linear,RDKit descriptors,160,CSc1nnc(c(=O)n1N)C(C)(C)C,O=c1cnnc[nH]1,-2.2530,-1.3539,0.8991,0.1923
scaffold,0,Linear,RDKit descriptors,176,CC1=CC(=O)CC(C)(C)C1 ,O=C1C=CCCC1,-1.0600,-2.4755,1.4155,0.2553
scaffold,0,Linear,RDKit descriptors,179,CCC1(CCC(=O)NC1=O)c2ccccc2 ,O=C1CCC(c2ccccc2)C(=O)N1,-2.3370,-2.4721,0.1351,0.3333
scaffold,0,Linear,RDKit descriptors,188,C1C(O)CCC2(C)CC3CCC4(C)C5(C)CC6OCC(C)CC6OC5CC4C3C=C21,C1=C2CCCCC2CC2CCC3C4CC5OCCCC5OC4CC3C12,-7.3200,-6.7032,0.6168,0.1875
scaffold,0,Linear,RDKit descriptors,195,CC(C)Oc1cc(c(Cl)cc1Cl)n2nc(oc2=O)C(C)(C)C,O=c1ocnn1-c1ccccc1,-5.6960,-5.3837,0.3123,0.2105
scaffold,0,Linear,RDKit descriptors,200,Nc1ccc(cc1)S(=O)(=O)c2ccc(N)cc2,O=S(=O)(c1ccccc1)c1ccccc1,-3.0940,-2.8744,0.2196,0.6500
scaffold,0,Linear,RDKit descriptors,213,CC12CCC(CC1)C(C)(C)O2 ,C1CC2CCC1CO2,-1.6400,-2.8772,1.2372,0.3000
scaffold,0,Linear,RDKit descriptors,217,CC(=C)C1CC=C(C)C(=O)C1,O=C1C=CCCC1,-2.0600,-2.6599,0.5999,0.4706
scaffold,0,Linear,RDKit descriptors,225,Cc3ccnc4N(C1CC1)c2ncccc2C(=O)Nc34 ,O=C1Nc2cccnc2N(C2CC2)c2ncccc21,-3.1900,-3.6491,0.4591,0.4909
scaffold,0,Linear,RDKit descriptors,260,CCOP(=S)(OCC)SC(CCl)N1C(=O)c2ccccc2C1=O,O=C1NC(=O)c2ccccc21,-6.3400,-5.0792,1.2608,0.3529
scaffold,0,Linear,RDKit descriptors,286,C(Cc1ccccc1)c2ccccc2,c1ccc(CCc2ccccc2)cc1,-4.6200,-3.6856,0.9344,0.6471
scaffold,0,Linear,RDKit descriptors,289,Cc1ccc2c(ccc3ccccc32)c1,c1ccc2c(c1)ccc1ccccc12,-5.8400,-4.5947,1.2453,0.6522
scaffold,0,Linear,RDKit descriptors,298,OCC1OC(CO)(OC2OC(COC3OC(CO)C(O)C(O)C3O)C(O)C(O)C2O)C(O)C1O,C1CCC(OCC2CCCC(OC3CCCO3)O2)OC1,-0.4100,3.9761,4.3861,0.8421
scaffold,0,Linear,RDKit descriptors,309,OC1CCCCCCC1,C1CCCCCCC1,-1.2900,-2.2431,0.9531,1.0000
scaffold,0,Linear,RDKit descriptors,318,Nc1ncnc2nc[nH]c12 ,c1ncc2[nH]cnc2n1,-2.1200,-0.8051,1.3149,0.2432
scaffold,0,Linear,RDKit descriptors,320,COc1ccc(cc1)C(O)(C2CC2)c3cncnc3 ,c1ccc(C(c2cncnc2)C2CC2)cc1,-2.5960,-3.0345,0.4385,0.2895
scaffold,0,Linear,RDKit descriptors,336,o1c2ccccc2c3ccccc13,c1ccc2c(c1)oc1ccccc12,-4.6000,-3.9343,0.6657,0.3684
scaffold,0,Linear,RDKit descriptors,339,c3ccc2nc1ccccc1cc2c3,c1ccc2nc3ccccc3cc2c1,-3.6700,-3.7774,0.1074,0.5625
scaffold,0,Linear,RDKit descriptors,340,CC12CC(=O)C3C(CCC4=CC(=O)CCC34C)C2CCC1(O)C(=O)CO,O=C1C=C2CCC3C4CCCC4CC(=O)C3C2CC1,-3.1100,-3.4908,0.3808,0.6780
scaffold,0,Linear,RDKit descriptors,344,CCC(C)C(=O)OC2CC(C)C=C3C=CC(C)C(CCC1CC(O)CC(=O)O1)C23 ,O=C1CCCC(CCC2CC=CC3=CCCCC32)O1,-6.0050,-5.5598,0.4452,0.1774
scaffold,0,Linear,RDKit descriptors,353,CCC(C(CC)c1ccc(O)cc1)c2ccc(O)cc2,c1ccc(CCc2ccccc2)cc1,-4.4300,-5.5204,1.0904,0.4800
scaffold,0,Linear,RDKit descriptors,360,CN(C)C(=O)Nc1ccc(c(Cl)c1)n2nc(oc2=O)C(C)(C)C,O=c1ocnn1-c1ccccc1,-4.3280,-4.2556,0.0724,0.4898
scaffold,0,Linear,RDKit descriptors,365,c1cncnc1,c1cncnc1,1.1000,-0.7100,1.8100,0.5000
scaffold,0,Linear,RDKit descriptors,373,CC2Nc1cc(Cl)c(cc1C(=O)N2c3ccccc3C)S(N)(=O)=O ,O=C1c2ccccc2NCN1c1ccccc1,-3.7800,-4.2999,0.5199,0.3429
scaffold,0,Linear,RDKit descriptors,381,OCC(O)C2OC1OC(OC1C2O)C(Cl)(Cl)Cl ,C1CC2OCOC2O1,-1.8400,-0.9026,0.9374,0.1765
scaffold,0,Linear,RDKit descriptors,386,Nc1nccs1 ,c1cscn1,-0.3600,-1.1022,0.7422,0.2143
scaffold,0,Linear,RDKit descriptors,394,CN(C(=O)NC(C)(C)c1ccccc1)c2ccccc2,O=C(NCc1ccccc1)Nc1ccccc1,-3.3500,-4.4939,1.1439,0.3784
scaffold,0,Linear,RDKit descriptors,412,CC(=O)Nc1nnc(s1)S(N)(=O)=O ,c1nncs1,-2.3600,-0.4997,1.8603,0.2703
scaffold,0,Linear,RDKit descriptors,414,ClC1=C(Cl)C2(Cl)C3C4CC(C=C4)C3C1(Cl)C2(Cl)Cl,C1=CC2CC1C1C3C=CC(C3)C21,-6.3070,-5.9828,0.3242,0.4839
scaffold,0,Linear,RDKit descriptors,422,ClC(Cl)C(Cl)(Cl)SN2C(=O)C1CC=CCC1C2=O ,O=C1NC(=O)C2CC=CCC12,-5.4000,-4.4776,0.9224,0.1935
scaffold,0,Linear,RDKit descriptors,448,NC(=O)NC1NC(=O)NC1=O ,O=C1CNC(=O)N1,-1.6000,1.0649,2.6649,0.2105
scaffold,0,Linear,RDKit descriptors,449,OCC(O)COC(=O)c1ccccc1Nc2ccnc3cc(Cl)ccc23,c1ccc(Nc2ccnc3ccccc23)cc1,-4.5710,-4.6775,0.1065,0.2769
scaffold,0,Linear,RDKit descriptors,476,CN(C)C(=O)Oc1nc(nc(C)c1C)N(C)C,c1cncnc1,-1.9500,-2.1062,0.1562,0.3333
scaffold,0,Linear,RDKit descriptors,488,O=c2c(C3CCCc4ccccc43)c(O)c1ccccc1o2 ,O=c1oc2ccccc2cc1C1CCCc2ccccc21,-2.8400,-4.9756,2.1356,0.2619
scaffold,0,Linear,RDKit descriptors,495,Nc1cc(nc(N)n1=O)N2CCCCC2 ,c1cc(N2CCCCC2)nc[nH+]1,-1.9890,-1.0186,0.9704,0.1463
scaffold,0,Linear,RDKit descriptors,496,Nc2cccc3nc1ccccc1cc23 ,c1ccc2nc3ccccc3cc2c1,-4.2200,-3.6254,0.5946,0.5185
scaffold,0,Linear,RDKit descriptors,500,CCOP(=S)(OCC)SC(CCl)N2C(=O)c1ccccc1C2=O,O=C1NC(=O)c2ccccc21,-6.3400,-5.0792,1.2608,0.3529
scaffold,0,Linear,RDKit descriptors,504,CC1=C(CCCO1)C(=O)Nc2ccccc2 ,O=C(Nc1ccccc1)C1=COCCC1,-2.5600,-3.3209,0.7609,0.5581
scaffold,0,Linear,RDKit descriptors,512,Cc1c[nH]c2ccccc12 ,c1ccc2[nH]ccc2c1,-2.4200,-2.7334,0.3134,0.4348
scaffold,0,Linear,RDKit descriptors,518,CC(=O)N(S(=O)c1ccc(N)cc1)c2onc(C)c2C ,O=S(Nc1ccno1)c1ccccc1,-3.5900,-3.2710,0.3190,0.2708
scaffold,0,Linear,RDKit descriptors,536,CC3C2CCC1(C)C=CC(=O)C(=C1C2OC3=O)C,O=C1C=CC2CCC3CC(=O)OC3C2=C1,-3.0900,-3.1577,0.0677,0.2063
scaffold,0,Linear,RDKit descriptors,546,Cc2c(N)c(=O)n(c1ccccc1)n2C,O=c1cc[nH]n1-c1ccccc1,-0.6240,-1.8693,1.2453,0.3333
scaffold,0,Linear,RDKit descriptors,562,c1ccccc1C(O)C(O)c2ccccc2,c1ccc(CCc2ccccc2)cc1,-1.9300,-3.1199,1.1899,0.6471
scaffold,0,Linear,RDKit descriptors,579,c1ccc(cc1)c2ccc(cc2)c3ccccc3,c1ccc(-c2ccc(-c3ccccc3)cc2)cc1,-7.1100,-5.3986,1.7114,0.9000
scaffold,0,Linear,RDKit descriptors,582,Cc1cc(ccc1NS(=O)(=O)C(F)(F)F)S(=O)(=O)c2ccccc2,O=S(=O)(c1ccccc1)c1ccccc1,-3.8000,-4.5745,0.7745,0.4565
scaffold,0,Linear,RDKit descriptors,611,c1ccc2c(c1)ccc3ccccc32,c1ccc2c(c1)ccc1ccccc12,-5.2600,-4.2569,1.0031,0.8571
scaffold,0,Linear,RDKit descriptors,621,ClC(Cl)(Cl)C(NC=O)N1C=CN(C=C1)C(NC=O)C(Cl)(Cl)Cl ,C1=CNC=CN1,-4.1900,-3.8668,0.3232,0.2000
scaffold,0,Linear,RDKit descriptors,622,Cn2cc(c1ccccc1)c(=O)c(c2)c3cccc(c3)C(F)(F)F,O=c1c(-c2ccccc2)c[nH]cc1-c1ccccc1,-4.4450,-5.6049,1.1599,0.3714
scaffold,0,Linear,RDKit descriptors,624,CC12CCC3C(CCc4cc(O)ccc34)C2CCC1=O,O=C1CCC2C1CCC1c3ccccc3CCC12,-3.9550,-4.5980,0.6430,0.6250
scaffold,0,Linear,RDKit descriptors,626,CC1CO1,C1CO1,-0.5900,-0.2981,0.2919,0.4118
scaffold,0,Linear,RDKit descriptors,637,c1ccc2c(c1)cc3ccc4cccc5ccc2c3c45,c1ccc2c(c1)cc1ccc3cccc4ccc2c1c34,-8.6990,-6.2084,2.4906,0.6522
scaffold,0,Linear,RDKit descriptors,647,Cc1cc(=O)[nH]c(=S)[nH]1,O=c1cc[nH]c(=S)[nH]1,-2.4360,-1.3154,1.1206,0.2581
scaffold,0,Linear,RDKit descriptors,652,CC1(C)CON(Cc2ccccc2Cl)C1=O,O=C1CCON1Cc1ccccc1,-2.3380,-3.2583,0.9203,0.2703
scaffold,0,Linear,RDKit descriptors,659,OC(Cn1cncn1)(Cn2cncn2)c3ccc(F)cc3F ,c1ccc(C(Cn2cncn2)Cn2cncn2)cc1,-1.8000,-2.0619,0.2619,0.5417
scaffold,0,Linear,RDKit descriptors,676,c1cc2ccc3ccc4ccc5cccc6c(c1)c2c3c4c56,c1cc2ccc3ccc4ccc5cccc6c(c1)c2c3c4c56,-9.0180,-6.8660,2.1520,0.8235
scaffold,0,Linear,RDKit descriptors,678,c1c(OC)c(OC)C2C(=O)OCC2c1,O=C1OCC2C=CC=CC12,-1.8990,-1.4327,0.4663,0.2000
scaffold,0,Linear,RDKit descriptors,683,Cc1cc(=O)n(c2ccccc2)n1C,O=c1cc[nH]n1-c1ccccc1,0.7150,-2.0191,2.7341,0.3250
scaffold,0,Linear,RDKit descriptors,702,CC(=O)OCC(=O)C3(O)CCC4C2CCC1=CC(=O)CCC1(C)C2C(=O)CC34C ,O=C1C=C2CCC3C4CCCC4CC(=O)C3C2CC1,-4.2100,-4.2219,0.0119,0.7031
scaffold,0,Linear,RDKit descriptors,708,CN(C)C(=O)NC1CC2CC1C3CCCC23,C1CC2C3CCC(C3)C2C1,-3.1710,-2.6382,0.5328,0.2381
scaffold,0,Linear,RDKit descriptors,724,O=C1NC(=O)c2ccccc12 ,O=C1NC(=O)c2ccccc21,-2.6100,-1.1268,1.4832,0.3333
scaffold,0,Linear,RDKit descriptors,730,CCC2NC(=O)c1cc(c(Cl)cc1N2)S(N)(=O)=O,O=C1NCNc2ccccc21,-3.2900,-2.2986,0.9914,0.3889
scaffold,0,Linear,RDKit descriptors,733,C1(=O)NC(=O)NC(=O)C1(O)C2(O)C(=O)NC(=O)NC2(=O),O=C1NC(=O)C(C2C(=O)NC(=O)NC2=O)C(=O)N1,-1.9900,2.5561,4.5461,0.4737
scaffold,0,Linear,RDKit descriptors,754,COc2cc1c(N)nc(nc1c(OC)c2OC)N3CCN(CC3)C(=O)OCC(C)(C)O ,c1ccc2nc(N3CCNCC3)ncc2c1,-3.6380,-3.3575,0.2805,0.1972
scaffold,0,Linear,RDKit descriptors,771,C1CCCCCCC1,C1CCCCCCC1,-4.1500,-3.0236,1.1264,1.0000
scaffold,0,Linear,RDKit descriptors,775,Clc1ccc(CN(C2CCCC2)C(=O)Nc3ccccc3)cc1,O=C(Nc1ccccc1)N(Cc1ccccc1)C1CCCC1,-5.9150,-6.1779,0.2629,0.4000
scaffold,0,Linear,RDKit descriptors,780,c1ccc2c3c(ccc2c1)c4cccc5cccc3c45,c1ccc2c3c(ccc2c1)-c1cccc2cccc-3c12,-8.0000,-6.1143,1.8857,0.5000
scaffold,0,Linear,RDKit descriptors,792,OC1C=CC2C1C3(Cl)C(=C(Cl)C2(Cl)C3(Cl)Cl)Cl ,C1=CC2C3C=CC(C3)C2C1,-5.4600,-4.8736,0.5864,0.3714
scaffold,0,Linear,RDKit descriptors,797,CC2(C)C1CCC(C)(C1)C2=O,O=C1CC2CCC1C2,-1.8500,-2.6014,0.7514,0.2647
scaffold,0,Linear,RDKit descriptors,799,ClC2=C(Cl)C3(Cl)C1C=CCC1C2(Cl)C3(Cl)Cl ,C1=CC2C3C=CC(C3)C2C1,-5.6400,-5.6541,0.0141,0.3611
scaffold,0,Linear,RDKit descriptors,801,c1ccc2c(c1)[nH]c3ccccc32,c1ccc2c(c1)[nH]c1ccccc12,-5.2700,-3.6949,1.5751,0.3684
scaffold,0,Linear,RDKit descriptors,807,CCCCc1c(C)nc(NCC)nc1OS(=O)(=O)N(C)C ,c1cncnc1,-4.1600,-2.9758,1.1842,0.4286
scaffold,0,Linear,RDKit descriptors,812,c1cc2ccc(OC)c(CC=C(C)(C))c2oc1=O ,O=c1ccc2ccccc2o1,-4.3140,-4.0174,0.2966,0.3673
scaffold,0,Linear,RDKit descriptors,819,c1ccc2cc3cc4ccccc4cc3cc2c1,c1ccc2cc3cc4ccccc4cc3cc2c1,-8.6000,-5.5509,3.0491,0.9091
scaffold,0,Linear,RDKit descriptors,829,CN(C)C(=O)OC1=CC(=O)CC(C)(C)C1 ,O=C1C=CCCC1,-0.8500,-2.5959,1.7459,0.2381
scaffold,0,Linear,RDKit descriptors,846,O=C1CNC(=O)N1 ,O=C1CNC(=O)N1,-0.4000,0.7196,1.1196,0.3684
scaffold,0,Linear,RDKit descriptors,849,CCOP(=S)(OCC)Oc2ccc1oc(=O)c(Cl)c(C)c1c2,O=c1ccc2ccccc2o1,-5.3820,-5.5949,0.2129,0.4118
scaffold,0,Linear,RDKit descriptors,852,O=c2[nH]c(=O)c1[nH]c(=O)[nH]c1[nH]2 ,O=c1[nH]c(=O)c2[nH]c(=O)[nH]c2[nH]1,-3.9300,0.4835,4.4135,0.2963
scaffold,0,Linear,RDKit descriptors,863,CC1(OC(=O)N(C1=O)c2cc(Cl)cc(Cl)c2)C=C,O=C1COC(=O)N1c1ccccc1,-4.9250,-4.3113,0.6137,0.4615
scaffold,0,Linear,RDKit descriptors,893,CCN(Cc1c(F)cccc1Cl)c2c(cc(cc2N(=O)=O)C(F)(F)F)N(=O)=O,c1ccc(CNc2ccccc2)cc1,-6.7800,-6.9378,0.1578,0.5472
scaffold,0,Linear,RDKit descriptors,899,ClC1C=CC2C1C3(Cl)C(=C(Cl)C2(Cl)C3(Cl)Cl)Cl,C1=CC2C3C=CC(C3)C2C1,-6.3170,-5.9838,0.3332,0.3824
scaffold,0,Linear,RDKit descriptors,916,c2ccc1[nH]ncc1c2 ,c1ccc2[nH]ncc2c1,-2.1600,-1.9214,0.2386,0.3571
scaffold,0,Linear,RDKit descriptors,918,Nc2nc1[nH]cnc1c(=O)[nH]2 ,O=c1[nH]cnc2[nH]cnc12,-3.5830,-0.3234,3.2596,0.3158
scaffold,0,Linear,RDKit descriptors,938,Nc1nc(O)nc2nc[nH]c12 ,c1ncc2[nH]cnc2n1,-3.4010,-0.7267,2.6743,0.2778
scaffold,0,Linear,RDKit descriptors,943,c2ccc1[nH]ccc1c2,c1ccc2[nH]ccc2c1,-1.5200,-2.4009,0.8809,0.3889
scaffold,0,Linear,RDKit descriptors,949,COC(=O)Nc2nc1ccc(cc1[nH]2)C(=O)c3ccccc3,O=C(c1ccccc1)c1ccc2nc[nH]c2c1,-3.8800,-4.2498,0.3698,0.3500
scaffold,0,Linear,RDKit descriptors,955,C1C=CCC=C1,C1=CCC=CC1,-2.0600,-1.7184,0.3416,0.2727
scaffold,0,Linear,RDKit descriptors,976,CC12CCC(CC1)C(C)(C)O2,C1CC2CCC1CO2,-1.7400,-2.8772,1.1372,0.3000
scaffold,0,Linear,RDKit descriptors,984,O=C2NC(=O)C1(CCCC1)C(=O)N2,O=C1NC(=O)C2(CCCC2)C(=O)N1,-2.3490,-0.7601,1.5889,0.9444
scaffold,0,Linear,RDKit descriptors,987,CN(C)C(=O)NC1CCCCCCC1,C1CCCCCCC1,-2.2180,-2.8361,0.6181,0.2973
scaffold,0,Linear,RDKit descriptors,991,CN(C)c2c(C)n(C)n(c1ccccc1)c2=O ,O=c1cc[nH]n1-c1ccccc1,-0.3640,-2.2174,1.8534,0.3030
scaffold,0,Linear,RDKit descriptors,1014,O=C1NCCN1c2ncc(s2)N(=O)=O,O=C1NCCN1c1nccs1,-3.2200,-1.6471,1.5729,0.2400
scaffold,0,Linear,RDKit descriptors,1015,C1c2ccccc2c3ccc4ccccc4c13,c1ccc2c(c1)Cc1c-2ccc2ccccc12,-6.6800,-4.7850,1.8950,0.4688
scaffold,0,Linear,RDKit descriptors,1022,N(=Nc1ccccc1)c2ccccc2,c1ccc(N=Nc2ccccc2)cc1,-4.4500,-4.5199,0.0699,0.4000
scaffold,0,Linear,RDKit descriptors,1037,c1c(O)C2C(=O)C3cc(O)ccC3OC2cc1(OC),O=C1C2C=CC=CC2OC2C=CC=CC12,-2.9430,-2.6183,0.3247,0.1667
scaffold,0,Linear,RDKit descriptors,1039,CC(=O)SC4CC1=CC(=O)CCC1(C)C5CCC2(C)C(CCC23CCC(=O)O3)C45,O=C1C=C2CCC3C(CCC4C3CCC43CCC(=O)O3)C2CC1,-4.1730,-6.2311,2.0581,0.4242
scaffold,0,Linear,RDKit descriptors,1054,Cc1cccc2c1ccc3ccccc32,c1ccc2c(c1)ccc1ccccc12,-5.8500,-4.5947,1.2553,0.7273
scaffold,0,Linear,RDKit descriptors,1061,COC1=CC(=O)CC(C)C13Oc2c(Cl)c(OC)cc(OC)c2C3=O,O=C1C=CC2(CC1)Oc1ccccc1C2=O,-3.2460,-4.1147,0.8687,0.1951
scaffold,0,Linear,RDKit descriptors,1085,CCOP(=S)(OCC)N2C(=O)c1ccccc1C2=O,O=C1NC(=O)c2ccccc21,-3.3500,-3.5556,0.2056,0.3208
scaffold,0,Linear,RDKit descriptors,1090,O=C(C=CC=Cc2ccc1OCOc1c2)N3CCCCC3,O=C(C=CC=Cc1ccc2c(c1)OCO2)N1CCCCC1,-3.4600,-3.8057,0.3457,0.1786
scaffold,0,Linear,RDKit descriptors,1093,O=C2NC(=O)C1(CCCCCCC1)C(=O)N2,O=C1NC(=O)C2(CCCCCCC2)C(=O)N1,-2.9820,-2.0433,0.9387,1.0000
scaffold,0,Linear,RDKit descriptors,1095,Oc2cc(O)c1C(=O)CC(Oc1c2)c3ccc(O)c(O)c3,O=C1CC(c2ccccc2)Oc2ccccc21,-3.6200,-3.6988,0.0788,0.1951
scaffold,0,Linear,RDKit descriptors,1106,CC(C)(C)C(=O)C(Oc1ccc(Cl)cc1)n2cncn2,c1ccc(OCn2cncn2)cc1,-3.6100,-4.1311,0.5211,0.3077
scaffold,0,Linear,RDKit descriptors,1110,CCOC(=O)Nc2cccc(OC(=O)Nc1ccccc1)c2 ,O=C(Nc1ccccc1)Oc1ccccc1,-4.6320,-5.0357,0.4037,0.4694
scaffold,0,Linear,RDKit descriptors,1115,O=C1NC(=O)C(=O)N1 ,O=C1NC(=O)C(=O)N1,-0.4000,0.9921,1.3921,0.4118
scaffold,0,MLP,RDKit descriptors,1,Cc1occc1C(=O)Nc2ccccc2,O=C(Nc1ccccc1)c1ccoc1,-3.3000,-3.2713,0.0287,0.4545
scaffold,0,MLP,RDKit descriptors,4,c1ccsc1,c1ccsc1,-1.3300,-1.3987,0.0687,0.2222
scaffold,0,MLP,RDKit descriptors,18,CCOP(=S)(OCC)Oc1cc(C)nc(n1)C(C)C,c1cncnc1,-3.6400,-4.1512,0.5112,0.4130
scaffold,0,MLP,RDKit descriptors,32,COC(=O)Nc1cccc(OC(=O)Nc2cccc(C)c2)c1,O=C(Nc1ccccc1)Oc1ccccc1,-4.8050,-4.6221,0.1829,0.4894
scaffold,0,MLP,RDKit descriptors,72,CC1(C)C2CCC1(C)C(=O)C2,O=C1CC2CCC1C2,-1.9600,-2.4060,0.4460,0.3030
scaffold,0,MLP,RDKit descriptors,86,CC(C)C(C(=O)OC(C#N)c1cccc(Oc2ccccc2)c1)c3ccc(OC(F)F)cc3,O=C(Cc1ccccc1)OCc1cccc(Oc2ccccc2)c1,-6.8760,-7.3324,0.4564,0.5333
scaffold,0,MLP,RDKit descriptors,92,c1ccc2c(c1)c3cccc4cccc2c34,c1ccc2c(c1)-c1cccc3cccc-2c13,-6.0000,-5.7334,0.2666,0.7368
scaffold,0,MLP,RDKit descriptors,98,C1OC1c2ccccc2 ,c1ccc(C2CO2)cc1,-1.6000,-1.1756,0.4244,0.3000
scaffold,0,MLP,RDKit descriptors,126,CCCCc1c(C)nc(nc1O)N(C)C ,c1cncnc1,-2.2400,-2.6334,0.3934,0.3448
scaffold,0,MLP,RDKit descriptors,160,CSc1nnc(c(=O)n1N)C(C)(C)C,O=c1cnnc[nH]1,-2.2530,-1.7868,0.4662,0.1923
scaffold,0,MLP,RDKit descriptors,176,CC1=CC(=O)CC(C)(C)C1 ,O=C1C=CCCC1,-1.0600,-2.2863,1.2263,0.2553
scaffold,0,MLP,RDKit descriptors,179,CCC1(CCC(=O)NC1=O)c2ccccc2 ,O=C1CCC(c2ccccc2)C(=O)N1,-2.3370,-2.4493,0.1123,0.3333
scaffold,0,MLP,RDKit descriptors,188,C1C(O)CCC2(C)CC3CCC4(C)C5(C)CC6OCC(C)CC6OC5CC4C3C=C21,C1=C2CCCCC2CC2CCC3C4CC5OCCCC5OC4CC3C12,-7.3200,-5.8882,1.4318,0.1875
scaffold,0,MLP,RDKit descriptors,195,CC(C)Oc1cc(c(Cl)cc1Cl)n2nc(oc2=O)C(C)(C)C,O=c1ocnn1-c1ccccc1,-5.6960,-4.9111,0.7849,0.2105
scaffold,0,MLP,RDKit descriptors,200,Nc1ccc(cc1)S(=O)(=O)c2ccc(N)cc2,O=S(=O)(c1ccccc1)c1ccccc1,-3.0940,-3.2727,0.1787,0.6500
scaffold,0,MLP,RDKit descriptors,213,CC12CCC(CC1)C(C)(C)O2 ,C1CC2CCC1CO2,-1.6400,-3.0206,1.3806,0.3000
scaffold,0,MLP,RDKit descriptors,217,CC(=C)C1CC=C(C)C(=O)C1,O=C1C=CCCC1,-2.0600,-2.5420,0.4820,0.4706
scaffold,0,MLP,RDKit descriptors,225,Cc3ccnc4N(C1CC1)c2ncccc2C(=O)Nc34 ,O=C1Nc2cccnc2N(C2CC2)c2ncccc21,-3.1900,-3.4283,0.2383,0.4909
scaffold,0,MLP,RDKit descriptors,260,CCOP(=S)(OCC)SC(CCl)N1C(=O)c2ccccc2C1=O,O=C1NC(=O)c2ccccc21,-6.3400,-4.5746,1.7654,0.3529
scaffold,0,MLP,RDKit descriptors,286,C(Cc1ccccc1)c2ccccc2,c1ccc(CCc2ccccc2)cc1,-4.6200,-4.4587,0.1613,0.6471
scaffold,0,MLP,RDKit descriptors,289,Cc1ccc2c(ccc3ccccc32)c1,c1ccc2c(c1)ccc1ccccc12,-5.8400,-5.3922,0.4478,0.6522
scaffold,0,MLP,RDKit descriptors,298,OCC1OC(CO)(OC2OC(COC3OC(CO)C(O)C(O)C3O)C(O)C(O)C2O)C(O)C1O,C1CCC(OCC2CCCC(OC3CCCO3)O2)OC1,-0.4100,0.4901,0.9001,0.8421
scaffold,0,MLP,RDKit descriptors,309,OC1CCCCCCC1,C1CCCCCCC1,-1.2900,-1.9216,0.6316,1.0000
scaffold,0,MLP,RDKit descriptors,318,Nc1ncnc2nc[nH]c12 ,c1ncc2[nH]cnc2n1,-2.1200,-1.2871,0.8329,0.2432
scaffold,0,MLP,RDKit descriptors,320,COc1ccc(cc1)C(O)(C2CC2)c3cncnc3 ,c1ccc(C(c2cncnc2)C2CC2)cc1,-2.5960,-3.2062,0.6102,0.2895
scaffold,0,MLP,RDKit descriptors,336,o1c2ccccc2c3ccccc13,c1ccc2c(c1)oc1ccccc12,-4.6000,-4.1789,0.4211,0.3684
scaffold,0,MLP,RDKit descriptors,339,c3ccc2nc1ccccc1cc2c3,c1ccc2nc3ccccc3cc2c1,-3.6700,-4.0253,0.3553,0.5625
scaffold,0,MLP,RDKit descriptors,340,CC12CC(=O)C3C(CCC4=CC(=O)CCC34C)C2CCC1(O)C(=O)CO,O=C1C=C2CCC3C4CCCC4CC(=O)C3C2CC1,-3.1100,-3.3747,0.2647,0.6780
scaffold,0,MLP,RDKit descriptors,344,CCC(C)C(=O)OC2CC(C)C=C3C=CC(C)C(CCC1CC(O)CC(=O)O1)C23 ,O=C1CCCC(CCC2CC=CC3=CCCCC32)O1,-6.0050,-4.7536,1.2514,0.1774
scaffold,0,MLP,RDKit descriptors,353,CCC(C(CC)c1ccc(O)cc1)c2ccc(O)cc2,c1ccc(CCc2ccccc2)cc1,-4.4300,-4.9707,0.5407,0.4800
scaffold,0,MLP,RDKit descriptors,360,CN(C)C(=O)Nc1ccc(c(Cl)c1)n2nc(oc2=O)C(C)(C)C,O=c1ocnn1-c1ccccc1,-4.3280,-4.3124,0.0156,0.4898
scaffold,0,MLP,RDKit descriptors,365,c1cncnc1,c1cncnc1,1.1000,0.0562,1.0438,0.5000
scaffold,0,MLP,RDKit descriptors,373,CC2Nc1cc(Cl)c(cc1C(=O)N2c3ccccc3C)S(N)(=O)=O ,O=C1c2ccccc2NCN1c1ccccc1,-3.7800,-4.5379,0.7579,0.3429
scaffold,0,MLP,RDKit descriptors,381,OCC(O)C2OC1OC(OC1C2O)C(Cl)(Cl)Cl ,C1CC2OCOC2O1,-1.8400,-1.4101,0.4299,0.1765
scaffold,0,MLP,RDKit descriptors,386,Nc1nccs1 ,c1cscn1,-0.3600,-0.2780,0.0820,0.2143
scaffold,0,MLP,RDKit descriptors,394,CN(C(=O)NC(C)(C)c1ccccc1)c2ccccc2,O=C(NCc1ccccc1)Nc1ccccc1,-3.3500,-4.1502,0.8002,0.3784
scaffold,0,MLP,RDKit descriptors,412,CC(=O)Nc1nnc(s1)S(N)(=O)=O ,c1nncs1,-2.3600,-1.6236,0.7364,0.2703
scaffold,0,MLP,RDKit descriptors,414,ClC1=C(Cl)C2(Cl)C3C4CC(C=C4)C3C1(Cl)C2(Cl)Cl,C1=CC2CC1C1C3C=CC(C3)C21,-6.3070,-5.5396,0.7674,0.4839
scaffold,0,MLP,RDKit descriptors,422,ClC(Cl)C(Cl)(Cl)SN2C(=O)C1CC=CCC1C2=O ,O=C1NC(=O)C2CC=CCC12,-5.4000,-3.8890,1.5110,0.1935
scaffold,0,MLP,RDKit descriptors,448,NC(=O)NC1NC(=O)NC1=O ,O=C1CNC(=O)N1,-1.6000,-0.0850,1.5150,0.2105
scaffold,0,MLP,RDKit descriptors,449,OCC(O)COC(=O)c1ccccc1Nc2ccnc3cc(Cl)ccc23,c1ccc(Nc2ccnc3ccccc23)cc1,-4.5710,-4.8083,0.2373,0.2769
scaffold,0,MLP,RDKit descriptors,476,CN(C)C(=O)Oc1nc(nc(C)c1C)N(C)C,c1cncnc1,-1.9500,-2.2912,0.3412,0.3333
scaffold,0,MLP,RDKit descriptors,488,O=c2c(C3CCCc4ccccc43)c(O)c1ccccc1o2 ,O=c1oc2ccccc2cc1C1CCCc2ccccc21,-2.8400,-4.6829,1.8429,0.2619
scaffold,0,MLP,RDKit descriptors,495,Nc1cc(nc(N)n1=O)N2CCCCC2 ,c1cc(N2CCCCC2)nc[nH+]1,-1.9890,-1.7755,0.2135,0.1463
scaffold,0,MLP,RDKit descriptors,496,Nc2cccc3nc1ccccc1cc23 ,c1ccc2nc3ccccc3cc2c1,-4.2200,-3.2696,0.9504,0.5185
scaffold,0,MLP,RDKit descriptors,500,CCOP(=S)(OCC)SC(CCl)N2C(=O)c1ccccc1C2=O,O=C1NC(=O)c2ccccc21,-6.3400,-4.5746,1.7654,0.3529
scaffold,0,MLP,RDKit descriptors,504,CC1=C(CCCO1)C(=O)Nc2ccccc2 ,O=C(Nc1ccccc1)C1=COCCC1,-2.5600,-2.9125,0.3525,0.5581
scaffold,0,MLP,RDKit descriptors,512,Cc1c[nH]c2ccccc12 ,c1ccc2[nH]ccc2c1,-2.4200,-2.1525,0.2675,0.4348
scaffold,0,MLP,RDKit descriptors,518,CC(=O)N(S(=O)c1ccc(N)cc1)c2onc(C)c2C ,O=S(Nc1ccno1)c1ccccc1,-3.5900,-3.6380,0.0480,0.2708
scaffold,0,MLP,RDKit descriptors,536,CC3C2CCC1(C)C=CC(=O)C(=C1C2OC3=O)C,O=C1C=CC2CCC3CC(=O)OC3C2=C1,-3.0900,-2.8535,0.2365,0.2063
scaffold,0,MLP,RDKit descriptors,546,Cc2c(N)c(=O)n(c1ccccc1)n2C,O=c1cc[nH]n1-c1ccccc1,-0.6240,-1.7776,1.1536,0.3333
scaffold,0,MLP,RDKit descriptors,562,c1ccccc1C(O)C(O)c2ccccc2,c1ccc(CCc2ccccc2)cc1,-1.9300,-3.0911,1.1611,0.6471
scaffold,0,MLP,RDKit descriptors,579,c1ccc(cc1)c2ccc(cc2)c3ccccc3,c1ccc(-c2ccc(-c3ccccc3)cc2)cc1,-7.1100,-6.3164,0.7936,0.9000
scaffold,0,MLP,RDKit descriptors,582,Cc1cc(ccc1NS(=O)(=O)C(F)(F)F)S(=O)(=O)c2ccccc2,O=S(=O)(c1ccccc1)c1ccccc1,-3.8000,-4.6208,0.8208,0.4565
scaffold,0,MLP,RDKit descriptors,611,c1ccc2c(c1)ccc3ccccc32,c1ccc2c(c1)ccc1ccccc12,-5.2600,-5.0694,0.1906,0.8571
scaffold,0,MLP,RDKit descriptors,621,ClC(Cl)(Cl)C(NC=O)N1C=CN(C=C1)C(NC=O)C(Cl)(Cl)Cl ,C1=CNC=CN1,-4.1900,-2.9943,1.1957,0.2000
scaffold,0,MLP,RDKit descriptors,622,Cn2cc(c1ccccc1)c(=O)c(c2)c3cccc(c3)C(F)(F)F,O=c1c(-c2ccccc2)c[nH]cc1-c1ccccc1,-4.4450,-5.5066,1.0616,0.3714
scaffold,0,MLP,RDKit descriptors,624,CC12CCC3C(CCc4cc(O)ccc34)C2CCC1=O,O=C1CCC2C1CCC1c3ccccc3CCC12,-3.9550,-4.1613,0.2063,0.6250
scaffold,0,MLP,RDKit descriptors,626,CC1CO1,C1CO1,-0.5900,0.3518,0.9418,0.4118
scaffold,0,MLP,RDKit descriptors,637,c1ccc2c(c1)cc3ccc4cccc5ccc2c3c45,c1ccc2c(c1)cc1ccc3cccc4ccc2c1c34,-8.6990,-7.1987,1.5003,0.6522
scaffold,0,MLP,RDKit descriptors,647,Cc1cc(=O)[nH]c(=S)[nH]1,O=c1cc[nH]c(=S)[nH]1,-2.4360,-0.9114,1.5246,0.2581
scaffold,0,MLP,RDKit descriptors,652,CC1(C)CON(Cc2ccccc2Cl)C1=O,O=C1CCON1Cc1ccccc1,-2.3380,-2.9738,0.6358,0.2703
scaffold,0,MLP,RDKit descriptors,659,OC(Cn1cncn1)(Cn2cncn2)c3ccc(F)cc3F ,c1ccc(C(Cn2cncn2)Cn2cncn2)cc1,-1.8000,-3.0824,1.2824,0.5417
scaffold,0,MLP,RDKit descriptors,676,c1cc2ccc3ccc4ccc5cccc6c(c1)c2c3c4c56,c1cc2ccc3ccc4ccc5cccc6c(c1)c2c3c4c56,-9.0180,-7.7656,1.2524,0.8235
scaffold,0,MLP,RDKit descriptors,678,c1c(OC)c(OC)C2C(=O)OCC2c1,O=C1OCC2C=CC=CC12,-1.8990,-1.2317,0.6673,0.2000
scaffold,0,MLP,RDKit descriptors,683,Cc1cc(=O)n(c2ccccc2)n1C,O=c1cc[nH]n1-c1ccccc1,0.7150,-1.6177,2.3327,0.3250
scaffold,0,MLP,RDKit descriptors,702,CC(=O)OCC(=O)C3(O)CCC4C2CCC1=CC(=O)CCC1(C)C2C(=O)CC34C ,O=C1C=C2CCC3C4CCCC4CC(=O)C3C2CC1,-4.2100,-3.9047,0.3053,0.7031
scaffold,0,MLP,RDKit descriptors,708,CN(C)C(=O)NC1CC2CC1C3CCCC23,C1CC2C3CCC(C3)C2C1,-3.1710,-2.2509,0.9201,0.2381
scaffold,0,MLP,RDKit descriptors,724,O=C1NC(=O)c2ccccc12 ,O=C1NC(=O)c2ccccc21,-2.6100,-0.7957,1.8143,0.3333
scaffold,0,MLP,RDKit descriptors,730,CCC2NC(=O)c1cc(c(Cl)cc1N2)S(N)(=O)=O,O=C1NCNc2ccccc21,-3.2900,-2.8756,0.4144,0.3889
scaffold,0,MLP,RDKit descriptors,733,C1(=O)NC(=O)NC(=O)C1(O)C2(O)C(=O)NC(=O)NC2(=O),O=C1NC(=O)C(C2C(=O)NC(=O)NC2=O)C(=O)N1,-1.9900,-0.2213,1.7687,0.4737
scaffold,0,MLP,RDKit descriptors,754,COc2cc1c(N)nc(nc1c(OC)c2OC)N3CCN(CC3)C(=O)OCC(C)(C)O ,c1ccc2nc(N3CCNCC3)ncc2c1,-3.6380,-3.4425,0.1955,0.1972
scaffold,0,MLP,RDKit descriptors,771,C1CCCCCCC1,C1CCCCCCC1,-4.1500,-3.9583,0.1917,1.0000
scaffold,0,MLP,RDKit descriptors,775,Clc1ccc(CN(C2CCCC2)C(=O)Nc3ccccc3)cc1,O=C(Nc1ccccc1)N(Cc1ccccc1)C1CCCC1,-5.9150,-5.5825,0.3325,0.4000
scaffold,0,MLP,RDKit descriptors,780,c1ccc2c3c(ccc2c1)c4cccc5cccc3c45,c1ccc2c3c(ccc2c1)-c1cccc2cccc-3c12,-8.0000,-7.0990,0.9010,0.5000
scaffold,0,MLP,RDKit descriptors,792,OC1C=CC2C1C3(Cl)C(=C(Cl)C2(Cl)C3(Cl)Cl)Cl ,C1=CC2C3C=CC(C3)C2C1,-5.4600,-4.4636,0.9964,0.3714
scaffold,0,MLP,RDKit descriptors,797,CC2(C)C1CCC(C)(C1)C2=O,O=C1CC2CCC1C2,-1.8500,-2.4060,0.5560,0.2647
scaffold,0,MLP,RDKit descriptors,799,ClC2=C(Cl)C3(Cl)C1C=CCC1C2(Cl)C3(Cl)Cl ,C1=CC2C3C=CC(C3)C2C1,-5.6400,-5.2680,0.3720,0.3611
scaffold,0,MLP,RDKit descriptors,801,c1ccc2c(c1)[nH]c3ccccc32,c1ccc2c(c1)[nH]c1ccccc12,-5.2700,-3.7740,1.4960,0.3684
scaffold,0,MLP,RDKit descriptors,807,CCCCc1c(C)nc(NCC)nc1OS(=O)(=O)N(C)C ,c1cncnc1,-4.1600,-2.6959,1.4641,0.4286
scaffold,0,MLP,RDKit descriptors,812,c1cc2ccc(OC)c(CC=C(C)(C))c2oc1=O ,O=c1ccc2ccccc2o1,-4.3140,-3.5859,0.7281,0.3673
scaffold,0,MLP,RDKit descriptors,819,c1ccc2cc3cc4ccccc4cc3cc2c1,c1ccc2cc3cc4ccccc4cc3cc2c1,-8.6000,-6.5765,2.0235,0.9091
scaffold,0,MLP,RDKit descriptors,829,CN(C)C(=O)OC1=CC(=O)CC(C)(C)C1 ,O=C1C=CCCC1,-0.8500,-2.3301,1.4801,0.2381
scaffold,0,MLP,RDKit descriptors,846,O=C1CNC(=O)N1 ,O=C1CNC(=O)N1,-0.4000,0.6619,1.0619,0.3684
scaffold,0,MLP,RDKit descriptors,849,CCOP(=S)(OCC)Oc2ccc1oc(=O)c(Cl)c(C)c1c2,O=c1ccc2ccccc2o1,-5.3820,-5.1411,0.2409,0.4118
scaffold,0,MLP,RDKit descriptors,852,O=c2[nH]c(=O)c1[nH]c(=O)[nH]c1[nH]2 ,O=c1[nH]c(=O)c2[nH]c(=O)[nH]c2[nH]1,-3.9300,-1.2059,2.7241,0.2963
scaffold,0,MLP,RDKit descriptors,863,CC1(OC(=O)N(C1=O)c2cc(Cl)cc(Cl)c2)C=C,O=C1COC(=O)N1c1ccccc1,-4.9250,-3.8921,1.0329,0.4615
scaffold,0,MLP,RDKit descriptors,893,CCN(Cc1c(F)cccc1Cl)c2c(cc(cc2N(=O)=O)C(F)(F)F)N(=O)=O,c1ccc(CNc2ccccc2)cc1,-6.7800,-6.3502,0.4298,0.5472
scaffold,0,MLP,RDKit descriptors,899,ClC1C=CC2C1C3(Cl)C(=C(Cl)C2(Cl)C3(Cl)Cl)Cl,C1=CC2C3C=CC(C3)C2C1,-6.3170,-5.5456,0.7714,0.3824
scaffold,0,MLP,RDKit descriptors,916,c2ccc1[nH]ncc1c2 ,c1ccc2[nH]ncc2c1,-2.1600,-0.9654,1.1946,0.3571
scaffold,0,MLP,RDKit descriptors,918,Nc2nc1[nH]cnc1c(=O)[nH]2 ,O=c1[nH]cnc2[nH]cnc12,-3.5830,-1.5451,2.0379,0.3158
scaffold,0,MLP,RDKit descriptors,938,Nc1nc(O)nc2nc[nH]c12 ,c1ncc2[nH]cnc2n1,-3.4010,-1.7664,1.6346,0.2778
scaffold,0,MLP,RDKit descriptors,943,c2ccc1[nH]ccc1c2,c1ccc2[nH]ccc2c1,-1.5200,-1.7351,0.2151,0.3889
scaffold,0,MLP,RDKit descriptors,949,COC(=O)Nc2nc1ccc(cc1[nH]2)C(=O)c3ccccc3,O=C(c1ccccc1)c1ccc2nc[nH]c2c1,-3.8800,-4.2579,0.3779,0.3500
scaffold,0,MLP,RDKit descriptors,955,C1C=CCC=C1,C1=CCC=CC1,-2.0600,-2.0319,0.0281,0.2727
scaffold,0,MLP,RDKit descriptors,976,CC12CCC(CC1)C(C)(C)O2,C1CC2CCC1CO2,-1.7400,-3.0206,1.2806,0.3000
scaffold,0,MLP,RDKit descriptors,984,O=C2NC(=O)C1(CCCC1)C(=O)N2,O=C1NC(=O)C2(CCCC2)C(=O)N1,-2.3490,-0.9318,1.4172,0.9444
scaffold,0,MLP,RDKit descriptors,987,CN(C)C(=O)NC1CCCCCCC1,C1CCCCCCC1,-2.2180,-2.5016,0.2836,0.2973
scaffold,0,MLP,RDKit descriptors,991,CN(C)c2c(C)n(C)n(c1ccccc1)c2=O ,O=c1cc[nH]n1-c1ccccc1,-0.3640,-2.2668,1.9028,0.3030
scaffold,0,MLP,RDKit descriptors,1014,O=C1NCCN1c2ncc(s2)N(=O)=O,O=C1NCCN1c1nccs1,-3.2200,-2.1912,1.0288,0.2400
scaffold,0,MLP,RDKit descriptors,1015,C1c2ccccc2c3ccc4ccccc4c13,c1ccc2c(c1)Cc1c-2ccc2ccccc12,-6.6800,-5.5743,1.1057,0.4688
scaffold,0,MLP,RDKit descriptors,1022,N(=Nc1ccccc1)c2ccccc2,c1ccc(N=Nc2ccccc2)cc1,-4.4500,-4.6176,0.1676,0.4000
scaffold,0,MLP,RDKit descriptors,1037,c1c(O)C2C(=O)C3cc(O)ccC3OC2cc1(OC),O=C1C2C=CC=CC2OC2C=CC=CC12,-2.9430,-2.6711,0.2719,0.1667
scaffold,0,MLP,RDKit descriptors,1039,CC(=O)SC4CC1=CC(=O)CCC1(C)C5CCC2(C)C(CCC23CCC(=O)O3)C45,O=C1C=C2CCC3C(CCC4C3CCC43CCC(=O)O3)C2CC1,-4.1730,-5.6481,1.4751,0.4242
scaffold,0,MLP,RDKit descriptors,1054,Cc1cccc2c1ccc3ccccc32,c1ccc2c(c1)ccc1ccccc12,-5.8500,-5.3922,0.4578,0.7273
scaffold,0,MLP,RDKit descriptors,1061,COC1=CC(=O)CC(C)C13Oc2c(Cl)c(OC)cc(OC)c2C3=O,O=C1C=CC2(CC1)Oc1ccccc1C2=O,-3.2460,-4.0365,0.7905,0.1951
scaffold,0,MLP,RDKit descriptors,1085,CCOP(=S)(OCC)N2C(=O)c1ccccc1C2=O,O=C1NC(=O)c2ccccc21,-3.3500,-3.4367,0.0867,0.3208
scaffold,0,MLP,RDKit descriptors,1090,O=C(C=CC=Cc2ccc1OCOc1c2)N3CCCCC3,O=C(C=CC=Cc1ccc2c(c1)OCO2)N1CCCCC1,-3.4600,-3.5328,0.0728,0.1786
scaffold,0,MLP,RDKit descriptors,1093,O=C2NC(=O)C1(CCCCCCC1)C(=O)N2,O=C1NC(=O)C2(CCCCCCC2)C(=O)N1,-2.9820,-2.2081,0.7739,1.0000
scaffold,0,MLP,RDKit descriptors,1095,Oc2cc(O)c1C(=O)CC(Oc1c2)c3ccc(O)c(O)c3,O=C1CC(c2ccccc2)Oc2ccccc21,-3.6200,-4.1772,0.5572,0.1951
scaffold,0,MLP,RDKit descriptors,1106,CC(C)(C)C(=O)C(Oc1ccc(Cl)cc1)n2cncn2,c1ccc(OCn2cncn2)cc1,-3.6100,-3.9424,0.3324,0.3077
scaffold,0,MLP,RDKit descriptors,1110,CCOC(=O)Nc2cccc(OC(=O)Nc1ccccc1)c2 ,O=C(Nc1ccccc1)Oc1ccccc1,-4.6320,-4.6544,0.0224,0.4694
scaffold,0,MLP,RDKit descriptors,1115,O=C1NC(=O)C(=O)N1 ,O=C1NC(=O)C(=O)N1,-0.4000,0.4347,0.8347,0.4118
scaffold,0,GCN,Molecular graph,1,Cc1occc1C(=O)Nc2ccccc2,O=C(Nc1ccccc1)c1ccoc1,-3.3000,-2.5850,0.7150,0.4545
scaffold,0,GCN,Molecular graph,4,c1ccsc1,c1ccsc1,-1.3300,1.8461,3.1761,0.2222
scaffold,0,GCN,Molecular graph,18,CCOP(=S)(OCC)Oc1cc(C)nc(n1)C(C)C,c1cncnc1,-3.6400,-4.3798,0.7398,0.4130
scaffold,0,GCN,Molecular graph,32,COC(=O)Nc1cccc(OC(=O)Nc2cccc(C)c2)c1,O=C(Nc1ccccc1)Oc1ccccc1,-4.8050,-3.5394,1.2656,0.4894
scaffold,0,GCN,Molecular graph,72,CC1(C)C2CCC1(C)C(=O)C2,O=C1CC2CCC1C2,-1.9600,-4.5738,2.6138,0.3030
scaffold,0,GCN,Molecular graph,86,CC(C)C(C(=O)OC(C#N)c1cccc(Oc2ccccc2)c1)c3ccc(OC(F)F)cc3,O=C(Cc1ccccc1)OCc1cccc(Oc2ccccc2)c1,-6.8760,-6.1981,0.6779,0.5333
scaffold,0,GCN,Molecular graph,92,c1ccc2c(c1)c3cccc4cccc2c34,c1ccc2c(c1)-c1cccc3cccc-2c13,-6.0000,-7.3340,1.3340,0.7368
scaffold,0,GCN,Molecular graph,98,C1OC1c2ccccc2 ,c1ccc(C2CO2)cc1,-1.6000,-2.1404,0.5404,0.3000
scaffold,0,GCN,Molecular graph,126,CCCCc1c(C)nc(nc1O)N(C)C ,c1cncnc1,-2.2400,-3.0269,0.7869,0.3448
scaffold,0,GCN,Molecular graph,160,CSc1nnc(c(=O)n1N)C(C)(C)C,O=c1cnnc[nH]1,-2.2530,-2.7763,0.5233,0.1923
scaffold,0,GCN,Molecular graph,176,CC1=CC(=O)CC(C)(C)C1 ,O=C1C=CCCC1,-1.0600,-2.9280,1.8680,0.2553
scaffold,0,GCN,Molecular graph,179,CCC1(CCC(=O)NC1=O)c2ccccc2 ,O=C1CCC(c2ccccc2)C(=O)N1,-2.3370,-3.1178,0.7808,0.3333
scaffold,0,GCN,Molecular graph,188,C1C(O)CCC2(C)CC3CCC4(C)C5(C)CC6OCC(C)CC6OC5CC4C3C=C21,C1=C2CCCCC2CC2CCC3C4CC5OCCCC5OC4CC3C12,-7.3200,-5.0386,2.2814,0.1875
scaffold,0,GCN,Molecular graph,195,CC(C)Oc1cc(c(Cl)cc1Cl)n2nc(oc2=O)C(C)(C)C,O=c1ocnn1-c1ccccc1,-5.6960,-4.7489,0.9471,0.2105
scaffold,0,GCN,Molecular graph,200,Nc1ccc(cc1)S(=O)(=O)c2ccc(N)cc2,O=S(=O)(c1ccccc1)c1ccccc1,-3.0940,-2.5606,0.5334,0.6500
scaffold,0,GCN,Molecular graph,213,CC12CCC(CC1)C(C)(C)O2 ,C1CC2CCC1CO2,-1.6400,-4.2112,2.5712,0.3000
scaffold,0,GCN,Molecular graph,217,CC(=C)C1CC=C(C)C(=O)C1,O=C1C=CCCC1,-2.0600,-2.8378,0.7778,0.4706
scaffold,0,GCN,Molecular graph,225,Cc3ccnc4N(C1CC1)c2ncccc2C(=O)Nc34 ,O=C1Nc2cccnc2N(C2CC2)c2ncccc21,-3.1900,-3.8726,0.6826,0.4909
scaffold,0,GCN,Molecular graph,260,CCOP(=S)(OCC)SC(CCl)N1C(=O)c2ccccc2C1=O,O=C1NC(=O)c2ccccc21,-6.3400,-5.3918,0.9482,0.3529
scaffold,0,GCN,Molecular graph,286,C(Cc1ccccc1)c2ccccc2,c1ccc(CCc2ccccc2)cc1,-4.6200,-4.2089,0.4111,0.6471
scaffold,0,GCN,Molecular graph,289,Cc1ccc2c(ccc3ccccc32)c1,c1ccc2c(c1)ccc1ccccc12,-5.8400,-6.0178,0.1778,0.6522
scaffold,0,GCN,Molecular graph,298,OCC1OC(CO)(OC2OC(COC3OC(CO)C(O)C(O)C3O)C(O)C(O)C2O)C(O)C1O,C1CCC(OCC2CCCC(OC3CCCO3)O2)OC1,-0.4100,0.1133,0.5233,0.8421
scaffold,0,GCN,Molecular graph,309,OC1CCCCCCC1,C1CCCCCCC1,-1.2900,-0.9943,0.2957,1.0000
scaffold,0,GCN,Molecular graph,318,Nc1ncnc2nc[nH]c12 ,c1ncc2[nH]cnc2n1,-2.1200,-1.1354,0.9846,0.2432
scaffold,0,GCN,Molecular graph,320,COc1ccc(cc1)C(O)(C2CC2)c3cncnc3 ,c1ccc(C(c2cncnc2)C2CC2)cc1,-2.5960,-3.5727,0.9767,0.2895
scaffold,0,GCN,Molecular graph,336,o1c2ccccc2c3ccccc13,c1ccc2c(c1)oc1ccccc12,-4.6000,-5.1414,0.5414,0.3684
scaffold,0,GCN,Molecular graph,339,c3ccc2nc1ccccc1cc2c3,c1ccc2nc3ccccc3cc2c1,-3.6700,-4.6459,0.9759,0.5625
scaffold,0,GCN,Molecular graph,340,CC12CC(=O)C3C(CCC4=CC(=O)CCC34C)C2CCC1(O)C(=O)CO,O=C1C=C2CCC3C4CCCC4CC(=O)C3C2CC1,-3.1100,-3.8999,0.7899,0.6780
scaffold,0,GCN,Molecular graph,344,CCC(C)C(=O)OC2CC(C)C=C3C=CC(C)C(CCC1CC(O)CC(=O)O1)C23 ,O=C1CCCC(CCC2CC=CC3=CCCCC32)O1,-6.0050,-4.3587,1.6463,0.1774
scaffold,0,GCN,Molecular graph,353,CCC(C(CC)c1ccc(O)cc1)c2ccc(O)cc2,c1ccc(CCc2ccccc2)cc1,-4.4300,-4.0631,0.3669,0.4800
scaffold,0,GCN,Molecular graph,360,CN(C)C(=O)Nc1ccc(c(Cl)c1)n2nc(oc2=O)C(C)(C)C,O=c1ocnn1-c1ccccc1,-4.3280,-3.6988,0.6292,0.4898
scaffold,0,GCN,Molecular graph,365,c1cncnc1,c1cncnc1,1.1000,2.2262,1.1262,0.5000
scaffold,0,GCN,Molecular graph,373,CC2Nc1cc(Cl)c(cc1C(=O)N2c3ccccc3C)S(N)(=O)=O ,O=C1c2ccccc2NCN1c1ccccc1,-3.7800,-4.3976,0.6176,0.3429
scaffold,0,GCN,Molecular graph,381,OCC(O)C2OC1OC(OC1C2O)C(Cl)(Cl)Cl ,C1CC2OCOC2O1,-1.8400,-1.3512,0.4888,0.1765
scaffold,0,GCN,Molecular graph,386,Nc1nccs1 ,c1cscn1,-0.3600,0.4071,0.7671,0.2143
scaffold,0,GCN,Molecular graph,394,CN(C(=O)NC(C)(C)c1ccccc1)c2ccccc2,O=C(NCc1ccccc1)Nc1ccccc1,-3.3500,-4.3234,0.9734,0.3784
scaffold,0,GCN,Molecular graph,412,CC(=O)Nc1nnc(s1)S(N)(=O)=O ,c1nncs1,-2.3600,-1.8465,0.5135,0.2703
scaffold,0,GCN,Molecular graph,414,ClC1=C(Cl)C2(Cl)C3C4CC(C=C4)C3C1(Cl)C2(Cl)Cl,C1=CC2CC1C1C3C=CC(C3)C21,-6.3070,-7.5076,1.2006,0.4839
scaffold,0,GCN,Molecular graph,422,ClC(Cl)C(Cl)(Cl)SN2C(=O)C1CC=CCC1C2=O ,O=C1NC(=O)C2CC=CCC12,-5.4000,-4.3584,1.0416,0.1935
scaffold,0,GCN,Molecular graph,448,NC(=O)NC1NC(=O)NC1=O ,O=C1CNC(=O)N1,-1.6000,-0.9190,0.6810,0.2105
scaffold,0,GCN,Molecular graph,449,OCC(O)COC(=O)c1ccccc1Nc2ccnc3cc(Cl)ccc23,c1ccc(Nc2ccnc3ccccc23)cc1,-4.5710,-4.1286,0.4424,0.2769
scaffold,0,GCN,Molecular graph,476,CN(C)C(=O)Oc1nc(nc(C)c1C)N(C)C,c1cncnc1,-1.9500,-2.3059,0.3559,0.3333
scaffold,0,GCN,Molecular graph,488,O=c2c(C3CCCc4ccccc43)c(O)c1ccccc1o2 ,O=c1oc2ccccc2cc1C1CCCc2ccccc21,-2.8400,-4.2713,1.4313,0.2619
scaffold,0,GCN,Molecular graph,495,Nc1cc(nc(N)n1=O)N2CCCCC2 ,c1cc(N2CCCCC2)nc[nH+]1,-1.9890,-2.1488,0.1598,0.1463
scaffold,0,GCN,Molecular graph,496,Nc2cccc3nc1ccccc1cc23 ,c1ccc2nc3ccccc3cc2c1,-4.2200,-4.2880,0.0680,0.5185
scaffold,0,GCN,Molecular graph,500,CCOP(=S)(OCC)SC(CCl)N2C(=O)c1ccccc1C2=O,O=C1NC(=O)c2ccccc21,-6.3400,-5.3918,0.9482,0.3529
scaffold,0,GCN,Molecular graph,504,CC1=C(CCCO1)C(=O)Nc2ccccc2 ,O=C(Nc1ccccc1)C1=COCCC1,-2.5600,-3.2173,0.6573,0.5581
scaffold,0,GCN,Molecular graph,512,Cc1c[nH]c2ccccc12 ,c1ccc2[nH]ccc2c1,-2.4200,-3.0220,0.6020,0.4348
scaffold,0,GCN,Molecular graph,518,CC(=O)N(S(=O)c1ccc(N)cc1)c2onc(C)c2C ,O=S(Nc1ccno1)c1ccccc1,-3.5900,-2.6798,0.9102,0.2708
scaffold,0,GCN,Molecular graph,536,CC3C2CCC1(C)C=CC(=O)C(=C1C2OC3=O)C,O=C1C=CC2CCC3CC(=O)OC3C2=C1,-3.0900,-4.0136,0.9236,0.2063
scaffold,0,GCN,Molecular graph,546,Cc2c(N)c(=O)n(c1ccccc1)n2C,O=c1cc[nH]n1-c1ccccc1,-0.6240,-2.2163,1.5923,0.3333
scaffold,0,GCN,Molecular graph,562,c1ccccc1C(O)C(O)c2ccccc2,c1ccc(CCc2ccccc2)cc1,-1.9300,-1.6986,0.2314,0.6471
scaffold,0,GCN,Molecular graph,579,c1ccc(cc1)c2ccc(cc2)c3ccccc3,c1ccc(-c2ccc(-c3ccccc3)cc2)cc1,-7.1100,-4.3036,2.8064,0.9000
scaffold,0,GCN,Molecular graph,582,Cc1cc(ccc1NS(=O)(=O)C(F)(F)F)S(=O)(=O)c2ccccc2,O=S(=O)(c1ccccc1)c1ccccc1,-3.8000,-4.4683,0.6683,0.4565
scaffold,0,GCN,Molecular graph,611,c1ccc2c(c1)ccc3ccccc32,c1ccc2c(c1)ccc1ccccc12,-5.2600,-5.4366,0.1766,0.8571
scaffold,0,GCN,Molecular graph,621,ClC(Cl)(Cl)C(NC=O)N1C=CN(C=C1)C(NC=O)C(Cl)(Cl)Cl ,C1=CNC=CN1,-4.1900,-2.9628,1.2272,0.2000
scaffold,0,GCN,Molecular graph,622,Cn2cc(c1ccccc1)c(=O)c(c2)c3cccc(c3)C(F)(F)F,O=c1c(-c2ccccc2)c[nH]cc1-c1ccccc1,-4.4450,-5.4154,0.9704,0.3714
scaffold,0,GCN,Molecular graph,624,CC12CCC3C(CCc4cc(O)ccc34)C2CCC1=O,O=C1CCC2C1CCC1c3ccccc3CCC12,-3.9550,-4.7091,0.7541,0.6250
scaffold,0,GCN,Molecular graph,626,CC1CO1,C1CO1,-0.5900,0.7812,1.3712,0.4118
scaffold,0,GCN,Molecular graph,637,c1ccc2c(c1)cc3ccc4cccc5ccc2c3c45,c1ccc2c(c1)cc1ccc3cccc4ccc2c1c34,-8.6990,-7.9772,0.7218,0.6522
scaffold,0,GCN,Molecular graph,647,Cc1cc(=O)[nH]c(=S)[nH]1,O=c1cc[nH]c(=S)[nH]1,-2.4360,-2.1222,0.3138,0.2581
scaffold,0,GCN,Molecular graph,652,CC1(C)CON(Cc2ccccc2Cl)C1=O,O=C1CCON1Cc1ccccc1,-2.3380,-3.7455,1.4075,0.2703
scaffold,0,GCN,Molecular graph,659,OC(Cn1cncn1)(Cn2cncn2)c3ccc(F)cc3F ,c1ccc(C(Cn2cncn2)Cn2cncn2)cc1,-1.8000,-2.6504,0.8504,0.5417
scaffold,0,GCN,Molecular graph,676,c1cc2ccc3ccc4ccc5cccc6c(c1)c2c3c4c56,c1cc2ccc3ccc4ccc5cccc6c(c1)c2c3c4c56,-9.0180,-8.6149,0.4031,0.8235
scaffold,0,GCN,Molecular graph,678,c1c(OC)c(OC)C2C(=O)OCC2c1,O=C1OCC2C=CC=CC12,-1.8990,-2.3182,0.4192,0.2000
scaffold,0,GCN,Molecular graph,683,Cc1cc(=O)n(c2ccccc2)n1C,O=c1cc[nH]n1-c1ccccc1,0.7150,-2.4503,3.1653,0.3250
scaffold,0,GCN,Molecular graph,702,CC(=O)OCC(=O)C3(O)CCC4C2CCC1=CC(=O)CCC1(C)C2C(=O)CC34C ,O=C1C=C2CCC3C4CCCC4CC(=O)C3C2CC1,-4.2100,-4.1452,0.0648,0.7031
scaffold,0,GCN,Molecular graph,708,CN(C)C(=O)NC1CC2CC1C3CCCC23,C1CC2C3CCC(C3)C2C1,-3.1710,-5.0591,1.8881,0.2381
scaffold,0,GCN,Molecular graph,724,O=C1NC(=O)c2ccccc12 ,O=C1NC(=O)c2ccccc21,-2.6100,-2.9921,0.3821,0.3333
scaffold,0,GCN,Molecular graph,730,CCC2NC(=O)c1cc(c(Cl)cc1N2)S(N)(=O)=O,O=C1NCNc2ccccc21,-3.2900,-3.3834,0.0934,0.3889
scaffold,0,GCN,Molecular graph,733,C1(=O)NC(=O)NC(=O)C1(O)C2(O)C(=O)NC(=O)NC2(=O),O=C1NC(=O)C(C2C(=O)NC(=O)NC2=O)C(=O)N1,-1.9900,-1.1337,0.8563,0.4737
scaffold,0,GCN,Molecular graph,754,COc2cc1c(N)nc(nc1c(OC)c2OC)N3CCN(CC3)C(=O)OCC(C)(C)O ,c1ccc2nc(N3CCNCC3)ncc2c1,-3.6380,-2.9165,0.7215,0.1972
scaffold,0,GCN,Molecular graph,771,C1CCCCCCC1,C1CCCCCCC1,-4.1500,-3.0038,1.1462,1.0000
scaffold,0,GCN,Molecular graph,775,Clc1ccc(CN(C2CCCC2)C(=O)Nc3ccccc3)cc1,O=C(Nc1ccccc1)N(Cc1ccccc1)C1CCCC1,-5.9150,-5.4983,0.4167,0.4000
scaffold,0,GCN,Molecular graph,780,c1ccc2c3c(ccc2c1)c4cccc5cccc3c45,c1ccc2c3c(ccc2c1)-c1cccc2cccc-3c12,-8.0000,-7.8981,0.1019,0.5000
scaffold,0,GCN,Molecular graph,792,OC1C=CC2C1C3(Cl)C(=C(Cl)C2(Cl)C3(Cl)Cl)Cl ,C1=CC2C3C=CC(C3)C2C1,-5.4600,-6.0323,0.5723,0.3714
scaffold,0,GCN,Molecular graph,797,CC2(C)C1CCC(C)(C1)C2=O,O=C1CC2CCC1C2,-1.8500,-4.5994,2.7494,0.2647
scaffold,0,GCN,Molecular graph,799,ClC2=C(Cl)C3(Cl)C1C=CCC1C2(Cl)C3(Cl)Cl ,C1=CC2C3C=CC(C3)C2C1,-5.6400,-6.8456,1.2056,0.3611
scaffold,0,GCN,Molecular graph,801,c1ccc2c(c1)[nH]c3ccccc32,c1ccc2c(c1)[nH]c1ccccc12,-5.2700,-5.1754,0.0946,0.3684
scaffold,0,GCN,Molecular graph,807,CCCCc1c(C)nc(NCC)nc1OS(=O)(=O)N(C)C ,c1cncnc1,-4.1600,-3.1698,0.9902,0.4286
scaffold,0,GCN,Molecular graph,812,c1cc2ccc(OC)c(CC=C(C)(C))c2oc1=O ,O=c1ccc2ccccc2o1,-4.3140,-4.2783,0.0357,0.3673
scaffold,0,GCN,Molecular graph,819,c1ccc2cc3cc4ccccc4cc3cc2c1,c1ccc2cc3cc4ccccc4cc3cc2c1,-8.6000,-7.0520,1.5480,0.9091
scaffold,0,GCN,Molecular graph,829,CN(C)C(=O)OC1=CC(=O)CC(C)(C)C1 ,O=C1C=CCCC1,-0.8500,-2.3305,1.4805,0.2381
scaffold,0,GCN,Molecular graph,846,O=C1CNC(=O)N1 ,O=C1CNC(=O)N1,-0.4000,-0.0041,0.3959,0.3684
scaffold,0,GCN,Molecular graph,849,CCOP(=S)(OCC)Oc2ccc1oc(=O)c(Cl)c(C)c1c2,O=c1ccc2ccccc2o1,-5.3820,-5.5412,0.1592,0.4118
scaffold,0,GCN,Molecular graph,852,O=c2[nH]c(=O)c1[nH]c(=O)[nH]c1[nH]2 ,O=c1[nH]c(=O)c2[nH]c(=O)[nH]c2[nH]1,-3.9300,-2.1660,1.7640,0.2963
scaffold,0,GCN,Molecular graph,863,CC1(OC(=O)N(C1=O)c2cc(Cl)cc(Cl)c2)C=C,O=C1COC(=O)N1c1ccccc1,-4.9250,-4.0469,0.8781,0.4615
scaffold,0,GCN,Molecular graph,893,CCN(Cc1c(F)cccc1Cl)c2c(cc(cc2N(=O)=O)C(F)(F)F)N(=O)=O,c1ccc(CNc2ccccc2)cc1,-6.7800,-6.4247,0.3553,0.5472
scaffold,0,GCN,Molecular graph,899,ClC1C=CC2C1C3(Cl)C(=C(Cl)C2(Cl)C3(Cl)Cl)Cl,C1=CC2C3C=CC(C3)C2C1,-6.3170,-6.9513,0.6343,0.3824
scaffold,0,GCN,Molecular graph,916,c2ccc1[nH]ncc1c2 ,c1ccc2[nH]ncc2c1,-2.1600,-1.4042,0.7558,0.3571
scaffold,0,GCN,Molecular graph,918,Nc2nc1[nH]cnc1c(=O)[nH]2 ,O=c1[nH]cnc2[nH]cnc12,-3.5830,-1.7375,1.8455,0.3158
scaffold,0,GCN,Molecular graph,938,Nc1nc(O)nc2nc[nH]c12 ,c1ncc2[nH]cnc2n1,-3.4010,-1.3936,2.0074,0.2778
scaffold,0,GCN,Molecular graph,943,c2ccc1[nH]ccc1c2,c1ccc2[nH]ccc2c1,-1.5200,-2.5756,1.0556,0.3889
scaffold,0,GCN,Molecular graph,949,COC(=O)Nc2nc1ccc(cc1[nH]2)C(=O)c3ccccc3,O=C(c1ccccc1)c1ccc2nc[nH]c2c1,-3.8800,-4.3702,0.4902,0.3500
scaffold,0,GCN,Molecular graph,955,C1C=CCC=C1,C1=CCC=CC1,-2.0600,-1.7027,0.3573,0.2727
scaffold,0,GCN,Molecular graph,976,CC12CCC(CC1)C(C)(C)O2,C1CC2CCC1CO2,-1.7400,-4.2112,2.4712,0.3000
scaffold,0,GCN,Molecular graph,984,O=C2NC(=O)C1(CCCC1)C(=O)N2,O=C1NC(=O)C2(CCCC2)C(=O)N1,-2.3490,-1.8322,0.5168,0.9444
scaffold,0,GCN,Molecular graph,987,CN(C)C(=O)NC1CCCCCCC1,C1CCCCCCC1,-2.2180,-2.3120,0.0940,0.2973
scaffold,0,GCN,Molecular graph,991,CN(C)c2c(C)n(C)n(c1ccccc1)c2=O ,O=c1cc[nH]n1-c1ccccc1,-0.3640,-3.1581,2.7941,0.3030
scaffold,0,GCN,Molecular graph,1014,O=C1NCCN1c2ncc(s2)N(=O)=O,O=C1NCCN1c1nccs1,-3.2200,-1.8345,1.3855,0.2400
scaffold,0,GCN,Molecular graph,1015,C1c2ccccc2c3ccc4ccccc4c13,c1ccc2c(c1)Cc1c-2ccc2ccccc12,-6.6800,-7.1554,0.4754,0.4688
scaffold,0,GCN,Molecular graph,1022,N(=Nc1ccccc1)c2ccccc2,c1ccc(N=Nc2ccccc2)cc1,-4.4500,-4.1115,0.3385,0.4000
scaffold,0,GCN,Molecular graph,1037,c1c(O)C2C(=O)C3cc(O)ccC3OC2cc1(OC),O=C1C2C=CC=CC2OC2C=CC=CC12,-2.9430,-2.7065,0.2365,0.1667
scaffold,0,GCN,Molecular graph,1039,CC(=O)SC4CC1=CC(=O)CCC1(C)C5CCC2(C)C(CCC23CCC(=O)O3)C45,O=C1C=C2CCC3C(CCC4C3CCC43CCC(=O)O3)C2CC1,-4.1730,-4.5653,0.3923,0.4242
scaffold,0,GCN,Molecular graph,1054,Cc1cccc2c1ccc3ccccc32,c1ccc2c(c1)ccc1ccccc12,-5.8500,-5.8901,0.0401,0.7273
scaffold,0,GCN,Molecular graph,1061,COC1=CC(=O)CC(C)C13Oc2c(Cl)c(OC)cc(OC)c2C3=O,O=C1C=CC2(CC1)Oc1ccccc1C2=O,-3.2460,-4.1278,0.8818,0.1951
scaffold,0,GCN,Molecular graph,1085,CCOP(=S)(OCC)N2C(=O)c1ccccc1C2=O,O=C1NC(=O)c2ccccc21,-3.3500,-5.0061,1.6561,0.3208
scaffold,0,GCN,Molecular graph,1090,O=C(C=CC=Cc2ccc1OCOc1c2)N3CCCCC3,O=C(C=CC=Cc1ccc2c(c1)OCO2)N1CCCCC1,-3.4600,-3.4940,0.0340,0.1786
scaffold,0,GCN,Molecular graph,1093,O=C2NC(=O)C1(CCCCCCC1)C(=O)N2,O=C1NC(=O)C2(CCCCCCC2)C(=O)N1,-2.9820,-2.1433,0.8387,1.0000
scaffold,0,GCN,Molecular graph,1095,Oc2cc(O)c1C(=O)CC(Oc1c2)c3ccc(O)c(O)c3,O=C1CC(c2ccccc2)Oc2ccccc21,-3.6200,-2.2675,1.3525,0.1951
scaffold,0,GCN,Molecular graph,1106,CC(C)(C)C(=O)C(Oc1ccc(Cl)cc1)n2cncn2,c1ccc(OCn2cncn2)cc1,-3.6100,-3.9498,0.3398,0.3077
scaffold,0,GCN,Molecular graph,1110,CCOC(=O)Nc2cccc(OC(=O)Nc1ccccc1)c2 ,O=C(Nc1ccccc1)Oc1ccccc1,-4.6320,-3.7551,0.8769,0.4694
scaffold,0,GCN,Molecular graph,1115,O=C1NC(=O)C(=O)N1 ,O=C1NC(=O)C(=O)N1,-0.4000,-0.4693,0.0693,0.4118
scaffold,0,GIN,Molecular graph,1,Cc1occc1C(=O)Nc2ccccc2,O=C(Nc1ccccc1)c1ccoc1,-3.3000,-2.2473,1.0527,0.4545
scaffold,0,GIN,Molecular graph,4,c1ccsc1,c1ccsc1,-1.3300,-0.1978,1.1322,0.2222
scaffold,0,GIN,Molecular graph,18,CCOP(=S)(OCC)Oc1cc(C)nc(n1)C(C)C,c1cncnc1,-3.6400,-5.1694,1.5294,0.4130
scaffold,0,GIN,Molecular graph,32,COC(=O)Nc1cccc(OC(=O)Nc2cccc(C)c2)c1,O=C(Nc1ccccc1)Oc1ccccc1,-4.8050,-3.6937,1.1113,0.4894
scaffold,0,GIN,Molecular graph,72,CC1(C)C2CCC1(C)C(=O)C2,O=C1CC2CCC1C2,-1.9600,-4.3897,2.4297,0.3030
scaffold,0,GIN,Molecular graph,86,CC(C)C(C(=O)OC(C#N)c1cccc(Oc2ccccc2)c1)c3ccc(OC(F)F)cc3,O=C(Cc1ccccc1)OCc1cccc(Oc2ccccc2)c1,-6.8760,-6.3117,0.5643,0.5333
scaffold,0,GIN,Molecular graph,92,c1ccc2c(c1)c3cccc4cccc2c34,c1ccc2c(c1)-c1cccc3cccc-2c13,-6.0000,-8.2304,2.2304,0.7368
scaffold,0,GIN,Molecular graph,98,C1OC1c2ccccc2 ,c1ccc(C2CO2)cc1,-1.6000,-1.6797,0.0797,0.3000
scaffold,0,GIN,Molecular graph,126,CCCCc1c(C)nc(nc1O)N(C)C ,c1cncnc1,-2.2400,-2.5974,0.3574,0.3448
scaffold,0,GIN,Molecular graph,160,CSc1nnc(c(=O)n1N)C(C)(C)C,O=c1cnnc[nH]1,-2.2530,-1.9600,0.2930,0.1923
scaffold,0,GIN,Molecular graph,176,CC1=CC(=O)CC(C)(C)C1 ,O=C1C=CCCC1,-1.0600,-2.9559,1.8959,0.2553
scaffold,0,GIN,Molecular graph,179,CCC1(CCC(=O)NC1=O)c2ccccc2 ,O=C1CCC(c2ccccc2)C(=O)N1,-2.3370,-2.8465,0.5095,0.3333
scaffold,0,GIN,Molecular graph,188,C1C(O)CCC2(C)CC3CCC4(C)C5(C)CC6OCC(C)CC6OC5CC4C3C=C21,C1=C2CCCCC2CC2CCC3C4CC5OCCCC5OC4CC3C12,-7.3200,-4.7154,2.6046,0.1875
scaffold,0,GIN,Molecular graph,195,CC(C)Oc1cc(c(Cl)cc1Cl)n2nc(oc2=O)C(C)(C)C,O=c1ocnn1-c1ccccc1,-5.6960,-4.5921,1.1039,0.2105
scaffold,0,GIN,Molecular graph,200,Nc1ccc(cc1)S(=O)(=O)c2ccc(N)cc2,O=S(=O)(c1ccccc1)c1ccccc1,-3.0940,-2.2377,0.8563,0.6500
scaffold,0,GIN,Molecular graph,213,CC12CCC(CC1)C(C)(C)O2 ,C1CC2CCC1CO2,-1.6400,-4.6477,3.0077,0.3000
scaffold,0,GIN,Molecular graph,217,CC(=C)C1CC=C(C)C(=O)C1,O=C1C=CCCC1,-2.0600,-3.1170,1.0570,0.4706
scaffold,0,GIN,Molecular graph,225,Cc3ccnc4N(C1CC1)c2ncccc2C(=O)Nc34 ,O=C1Nc2cccnc2N(C2CC2)c2ncccc21,-3.1900,-3.5912,0.4012,0.4909
scaffold,0,GIN,Molecular graph,260,CCOP(=S)(OCC)SC(CCl)N1C(=O)c2ccccc2C1=O,O=C1NC(=O)c2ccccc21,-6.3400,-5.5161,0.8239,0.3529
scaffold,0,GIN,Molecular graph,286,C(Cc1ccccc1)c2ccccc2,c1ccc(CCc2ccccc2)cc1,-4.6200,-3.5926,1.0274,0.6471
scaffold,0,GIN,Molecular graph,289,Cc1ccc2c(ccc3ccccc32)c1,c1ccc2c(c1)ccc1ccccc12,-5.8400,-5.7055,0.1345,0.6522
scaffold,0,GIN,Molecular graph,298,OCC1OC(CO)(OC2OC(COC3OC(CO)C(O)C(O)C3O)C(O)C(O)C2O)C(O)C1O,C1CCC(OCC2CCCC(OC3CCCO3)O2)OC1,-0.4100,-0.8910,0.4810,0.8421
scaffold,0,GIN,Molecular graph,309,OC1CCCCCCC1,C1CCCCCCC1,-1.2900,-1.1708,0.1192,1.0000
scaffold,0,GIN,Molecular graph,318,Nc1ncnc2nc[nH]c12 ,c1ncc2[nH]cnc2n1,-2.1200,-0.8177,1.3023,0.2432
scaffold,0,GIN,Molecular graph,320,COc1ccc(cc1)C(O)(C2CC2)c3cncnc3 ,c1ccc(C(c2cncnc2)C2CC2)cc1,-2.5960,-3.0398,0.4438,0.2895
scaffold,0,GIN,Molecular graph,336,o1c2ccccc2c3ccccc13,c1ccc2c(c1)oc1ccccc12,-4.6000,-3.6889,0.9111,0.3684
scaffold,0,GIN,Molecular graph,339,c3ccc2nc1ccccc1cc2c3,c1ccc2nc3ccccc3cc2c1,-3.6700,-3.9762,0.3062,0.5625
scaffold,0,GIN,Molecular graph,340,CC12CC(=O)C3C(CCC4=CC(=O)CCC34C)C2CCC1(O)C(=O)CO,O=C1C=C2CCC3C4CCCC4CC(=O)C3C2CC1,-3.1100,-3.5045,0.3945,0.6780
scaffold,0,GIN,Molecular graph,344,CCC(C)C(=O)OC2CC(C)C=C3C=CC(C)C(CCC1CC(O)CC(=O)O1)C23 ,O=C1CCCC(CCC2CC=CC3=CCCCC32)O1,-6.0050,-4.1072,1.8978,0.1774
scaffold,0,GIN,Molecular graph,353,CCC(C(CC)c1ccc(O)cc1)c2ccc(O)cc2,c1ccc(CCc2ccccc2)cc1,-4.4300,-3.6044,0.8256,0.4800
scaffold,0,GIN,Molecular graph,360,CN(C)C(=O)Nc1ccc(c(Cl)c1)n2nc(oc2=O)C(C)(C)C,O=c1ocnn1-c1ccccc1,-4.3280,-3.4255,0.9025,0.4898
scaffold,0,GIN,Molecular graph,365,c1cncnc1,c1cncnc1,1.1000,0.8247,0.2753,0.5000
scaffold,0,GIN,Molecular graph,373,CC2Nc1cc(Cl)c(cc1C(=O)N2c3ccccc3C)S(N)(=O)=O ,O=C1c2ccccc2NCN1c1ccccc1,-3.7800,-4.1897,0.4097,0.3429
scaffold,0,GIN,Molecular graph,381,OCC(O)C2OC1OC(OC1C2O)C(Cl)(Cl)Cl ,C1CC2OCOC2O1,-1.8400,-1.9586,0.1186,0.1765
scaffold,0,GIN,Molecular graph,386,Nc1nccs1 ,c1cscn1,-0.3600,-0.0611,0.2989,0.2143
scaffold,0,GIN,Molecular graph,394,CN(C(=O)NC(C)(C)c1ccccc1)c2ccccc2,O=C(NCc1ccccc1)Nc1ccccc1,-3.3500,-3.3945,0.0445,0.3784
scaffold,0,GIN,Molecular graph,412,CC(=O)Nc1nnc(s1)S(N)(=O)=O ,c1nncs1,-2.3600,-1.5252,0.8348,0.2703
scaffold,0,GIN,Molecular graph,414,ClC1=C(Cl)C2(Cl)C3C4CC(C=C4)C3C1(Cl)C2(Cl)Cl,C1=CC2CC1C1C3C=CC(C3)C21,-6.3070,-6.9168,0.6098,0.4839
scaffold,0,GIN,Molecular graph,422,ClC(Cl)C(Cl)(Cl)SN2C(=O)C1CC=CCC1C2=O ,O=C1NC(=O)C2CC=CCC12,-5.4000,-4.0550,1.3450,0.1935
scaffold,0,GIN,Molecular graph,448,NC(=O)NC1NC(=O)NC1=O ,O=C1CNC(=O)N1,-1.6000,-0.9598,0.6402,0.2105
scaffold,0,GIN,Molecular graph,449,OCC(O)COC(=O)c1ccccc1Nc2ccnc3cc(Cl)ccc23,c1ccc(Nc2ccnc3ccccc23)cc1,-4.5710,-4.0042,0.5668,0.2769
scaffold,0,GIN,Molecular graph,476,CN(C)C(=O)Oc1nc(nc(C)c1C)N(C)C,c1cncnc1,-1.9500,-2.5185,0.5685,0.3333
scaffold,0,GIN,Molecular graph,488,O=c2c(C3CCCc4ccccc43)c(O)c1ccccc1o2 ,O=c1oc2ccccc2cc1C1CCCc2ccccc21,-2.8400,-3.4683,0.6283,0.2619
scaffold,0,GIN,Molecular graph,495,Nc1cc(nc(N)n1=O)N2CCCCC2 ,c1cc(N2CCCCC2)nc[nH+]1,-1.9890,-2.9176,0.9286,0.1463
scaffold,0,GIN,Molecular graph,496,Nc2cccc3nc1ccccc1cc23 ,c1ccc2nc3ccccc3cc2c1,-4.2200,-3.6713,0.5487,0.5185
scaffold,0,GIN,Molecular graph,500,CCOP(=S)(OCC)SC(CCl)N2C(=O)c1ccccc1C2=O,O=C1NC(=O)c2ccccc21,-6.3400,-5.5161,0.8239,0.3529
scaffold,0,GIN,Molecular graph,504,CC1=C(CCCO1)C(=O)Nc2ccccc2 ,O=C(Nc1ccccc1)C1=COCCC1,-2.5600,-2.5574,0.0026,0.5581
scaffold,0,GIN,Molecular graph,512,Cc1c[nH]c2ccccc12 ,c1ccc2[nH]ccc2c1,-2.4200,-3.2714,0.8514,0.4348
scaffold,0,GIN,Molecular graph,518,CC(=O)N(S(=O)c1ccc(N)cc1)c2onc(C)c2C ,O=S(Nc1ccno1)c1ccccc1,-3.5900,-1.9415,1.6485,0.2708
scaffold,0,GIN,Molecular graph,536,CC3C2CCC1(C)C=CC(=O)C(=C1C2OC3=O)C,O=C1C=CC2CCC3CC(=O)OC3C2=C1,-3.0900,-3.7438,0.6538,0.2063
scaffold,0,GIN,Molecular graph,546,Cc2c(N)c(=O)n(c1ccccc1)n2C,O=c1cc[nH]n1-c1ccccc1,-0.6240,-2.9975,2.3735,0.3333
scaffold,0,GIN,Molecular graph,562,c1ccccc1C(O)C(O)c2ccccc2,c1ccc(CCc2ccccc2)cc1,-1.9300,-1.8289,0.1011,0.6471
scaffold,0,GIN,Molecular graph,579,c1ccc(cc1)c2ccc(cc2)c3ccccc3,c1ccc(-c2ccc(-c3ccccc3)cc2)cc1,-7.1100,-5.2703,1.8397,0.9000
scaffold,0,GIN,Molecular graph,582,Cc1cc(ccc1NS(=O)(=O)C(F)(F)F)S(=O)(=O)c2ccccc2,O=S(=O)(c1ccccc1)c1ccccc1,-3.8000,-3.3135,0.4865,0.4565
scaffold,0,GIN,Molecular graph,611,c1ccc2c(c1)ccc3ccccc32,c1ccc2c(c1)ccc1ccccc12,-5.2600,-5.2192,0.0408,0.8571
scaffold,0,GIN,Molecular graph,621,ClC(Cl)(Cl)C(NC=O)N1C=CN(C=C1)C(NC=O)C(Cl)(Cl)Cl ,C1=CNC=CN1,-4.1900,-2.6949,1.4951,0.2000
scaffold,0,GIN,Molecular graph,622,Cn2cc(c1ccccc1)c(=O)c(c2)c3cccc(c3)C(F)(F)F,O=c1c(-c2ccccc2)c[nH]cc1-c1ccccc1,-4.4450,-5.4514,1.0064,0.3714
scaffold,0,GIN,Molecular graph,624,CC12CCC3C(CCc4cc(O)ccc34)C2CCC1=O,O=C1CCC2C1CCC1c3ccccc3CCC12,-3.9550,-4.2888,0.3338,0.6250
scaffold,0,GIN,Molecular graph,626,CC1CO1,C1CO1,-0.5900,-0.0500,0.5400,0.4118
scaffold,0,GIN,Molecular graph,637,c1ccc2c(c1)cc3ccc4cccc5ccc2c3c45,c1ccc2c(c1)cc1ccc3cccc4ccc2c1c34,-8.6990,-7.4199,1.2791,0.6522
scaffold,0,GIN,Molecular graph,647,Cc1cc(=O)[nH]c(=S)[nH]1,O=c1cc[nH]c(=S)[nH]1,-2.4360,-1.4433,0.9927,0.2581
scaffold,0,GIN,Molecular graph,652,CC1(C)CON(Cc2ccccc2Cl)C1=O,O=C1CCON1Cc1ccccc1,-2.3380,-2.6959,0.3579,0.2703
scaffold,0,GIN,Molecular graph,659,OC(Cn1cncn1)(Cn2cncn2)c3ccc(F)cc3F ,c1ccc(C(Cn2cncn2)Cn2cncn2)cc1,-1.8000,-1.8385,0.0385,0.5417
scaffold,0,GIN,Molecular graph,676,c1cc2ccc3ccc4ccc5cccc6c(c1)c2c3c4c56,c1cc2ccc3ccc4ccc5cccc6c(c1)c2c3c4c56,-9.0180,-8.4134,0.6046,0.8235
scaffold,0,GIN,Molecular graph,678,c1c(OC)c(OC)C2C(=O)OCC2c1,O=C1OCC2C=CC=CC12,-1.8990,-2.5244,0.6254,0.2000
scaffold,0,GIN,Molecular graph,683,Cc1cc(=O)n(c2ccccc2)n1C,O=c1cc[nH]n1-c1ccccc1,0.7150,-3.3198,4.0348,0.3250
scaffold,0,GIN,Molecular graph,702,CC(=O)OCC(=O)C3(O)CCC4C2CCC1=CC(=O)CCC1(C)C2C(=O)CC34C ,O=C1C=C2CCC3C4CCCC4CC(=O)C3C2CC1,-4.2100,-3.8191,0.3909,0.7031
scaffold,0,GIN,Molecular graph,708,CN(C)C(=O)NC1CC2CC1C3CCCC23,C1CC2C3CCC(C3)C2C1,-3.1710,-4.6913,1.5203,0.2381
scaffold,0,GIN,Molecular graph,724,O=C1NC(=O)c2ccccc12 ,O=C1NC(=O)c2ccccc21,-2.6100,-2.9562,0.3462,0.3333
scaffold,0,GIN,Molecular graph,730,CCC2NC(=O)c1cc(c(Cl)cc1N2)S(N)(=O)=O,O=C1NCNc2ccccc21,-3.2900,-3.8069,0.5169,0.3889
scaffold,0,GIN,Molecular graph,733,C1(=O)NC(=O)NC(=O)C1(O)C2(O)C(=O)NC(=O)NC2(=O),O=C1NC(=O)C(C2C(=O)NC(=O)NC2=O)C(=O)N1,-1.9900,-1.2523,0.7377,0.4737
scaffold,0,GIN,Molecular graph,754,COc2cc1c(N)nc(nc1c(OC)c2OC)N3CCN(CC3)C(=O)OCC(C)(C)O ,c1ccc2nc(N3CCNCC3)ncc2c1,-3.6380,-3.1330,0.5050,0.1972
scaffold,0,GIN,Molecular graph,771,C1CCCCCCC1,C1CCCCCCC1,-4.1500,-3.1712,0.9788,1.0000
scaffold,0,GIN,Molecular graph,775,Clc1ccc(CN(C2CCCC2)C(=O)Nc3ccccc3)cc1,O=C(Nc1ccccc1)N(Cc1ccccc1)C1CCCC1,-5.9150,-4.4872,1.4278,0.4000
scaffold,0,GIN,Molecular graph,780,c1ccc2c3c(ccc2c1)c4cccc5cccc3c45,c1ccc2c3c(ccc2c1)-c1cccc2cccc-3c12,-8.0000,-8.5105,0.5105,0.5000
scaffold,0,GIN,Molecular graph,792,OC1C=CC2C1C3(Cl)C(=C(Cl)C2(Cl)C3(Cl)Cl)Cl ,C1=CC2C3C=CC(C3)C2C1,-5.4600,-5.4782,0.0182,0.3714
scaffold,0,GIN,Molecular graph,797,CC2(C)C1CCC(C)(C1)C2=O,O=C1CC2CCC1C2,-1.8500,-4.5293,2.6793,0.2647
scaffold,0,GIN,Molecular graph,799,ClC2=C(Cl)C3(Cl)C1C=CCC1C2(Cl)C3(Cl)Cl ,C1=CC2C3C=CC(C3)C2C1,-5.6400,-6.3511,0.7111,0.3611
scaffold,0,GIN,Molecular graph,801,c1ccc2c(c1)[nH]c3ccccc32,c1ccc2c(c1)[nH]c1ccccc12,-5.2700,-4.8409,0.4291,0.3684
scaffold,0,GIN,Molecular graph,807,CCCCc1c(C)nc(NCC)nc1OS(=O)(=O)N(C)C ,c1cncnc1,-4.1600,-3.4852,0.6748,0.4286
scaffold,0,GIN,Molecular graph,812,c1cc2ccc(OC)c(CC=C(C)(C))c2oc1=O ,O=c1ccc2ccccc2o1,-4.3140,-3.8401,0.4739,0.3673
scaffold,0,GIN,Molecular graph,819,c1ccc2cc3cc4ccccc4cc3cc2c1,c1ccc2cc3cc4ccccc4cc3cc2c1,-8.6000,-6.1403,2.4597,0.9091
scaffold,0,GIN,Molecular graph,829,CN(C)C(=O)OC1=CC(=O)CC(C)(C)C1 ,O=C1C=CCCC1,-0.8500,-2.5296,1.6796,0.2381
scaffold,0,GIN,Molecular graph,846,O=C1CNC(=O)N1 ,O=C1CNC(=O)N1,-0.4000,-0.1946,0.2054,0.3684
scaffold,0,GIN,Molecular graph,849,CCOP(=S)(OCC)Oc2ccc1oc(=O)c(Cl)c(C)c1c2,O=c1ccc2ccccc2o1,-5.3820,-5.7413,0.3593,0.4118
scaffold,0,GIN,Molecular graph,852,O=c2[nH]c(=O)c1[nH]c(=O)[nH]c1[nH]2 ,O=c1[nH]c(=O)c2[nH]c(=O)[nH]c2[nH]1,-3.9300,-2.0062,1.9238,0.2963
scaffold,0,GIN,Molecular graph,863,CC1(OC(=O)N(C1=O)c2cc(Cl)cc(Cl)c2)C=C,O=C1COC(=O)N1c1ccccc1,-4.9250,-4.1646,0.7604,0.4615
scaffold,0,GIN,Molecular graph,893,CCN(Cc1c(F)cccc1Cl)c2c(cc(cc2N(=O)=O)C(F)(F)F)N(=O)=O,c1ccc(CNc2ccccc2)cc1,-6.7800,-5.8548,0.9252,0.5472
scaffold,0,GIN,Molecular graph,899,ClC1C=CC2C1C3(Cl)C(=C(Cl)C2(Cl)C3(Cl)Cl)Cl,C1=CC2C3C=CC(C3)C2C1,-6.3170,-6.5120,0.1950,0.3824
scaffold,0,GIN,Molecular graph,916,c2ccc1[nH]ncc1c2 ,c1ccc2[nH]ncc2c1,-2.1600,-1.3547,0.8053,0.3571
scaffold,0,GIN,Molecular graph,918,Nc2nc1[nH]cnc1c(=O)[nH]2 ,O=c1[nH]cnc2[nH]cnc12,-3.5830,-1.3540,2.2290,0.3158
scaffold,0,GIN,Molecular graph,938,Nc1nc(O)nc2nc[nH]c12 ,c1ncc2[nH]cnc2n1,-3.4010,-1.0544,2.3466,0.2778
scaffold,0,GIN,Molecular graph,943,c2ccc1[nH]ccc1c2,c1ccc2[nH]ccc2c1,-1.5200,-2.5625,1.0425,0.3889
scaffold,0,GIN,Molecular graph,949,COC(=O)Nc2nc1ccc(cc1[nH]2)C(=O)c3ccccc3,O=C(c1ccccc1)c1ccc2nc[nH]c2c1,-3.8800,-3.8803,0.0003,0.3500
scaffold,0,GIN,Molecular graph,955,C1C=CCC=C1,C1=CCC=CC1,-2.0600,-2.0863,0.0263,0.2727
scaffold,0,GIN,Molecular graph,976,CC12CCC(CC1)C(C)(C)O2,C1CC2CCC1CO2,-1.7400,-4.6477,2.9077,0.3000
scaffold,0,GIN,Molecular graph,984,O=C2NC(=O)C1(CCCC1)C(=O)N2,O=C1NC(=O)C2(CCCC2)C(=O)N1,-2.3490,-2.1229,0.2261,0.9444
scaffold,0,GIN,Molecular graph,987,CN(C)C(=O)NC1CCCCCCC1,C1CCCCCCC1,-2.2180,-2.3883,0.1703,0.2973
scaffold,0,GIN,Molecular graph,991,CN(C)c2c(C)n(C)n(c1ccccc1)c2=O ,O=c1cc[nH]n1-c1ccccc1,-0.3640,-3.4610,3.0970,0.3030
scaffold,0,GIN,Molecular graph,1014,O=C1NCCN1c2ncc(s2)N(=O)=O,O=C1NCCN1c1nccs1,-3.2200,-2.4756,0.7444,0.2400
scaffold,0,GIN,Molecular graph,1015,C1c2ccccc2c3ccc4ccccc4c13,c1ccc2c(c1)Cc1c-2ccc2ccccc12,-6.6800,-7.0927,0.4127,0.4688
scaffold,0,GIN,Molecular graph,1022,N(=Nc1ccccc1)c2ccccc2,c1ccc(N=Nc2ccccc2)cc1,-4.4500,-2.9089,1.5411,0.4000
scaffold,0,GIN,Molecular graph,1037,c1c(O)C2C(=O)C3cc(O)ccC3OC2cc1(OC),O=C1C2C=CC=CC2OC2C=CC=CC12,-2.9430,-2.1825,0.7605,0.1667
scaffold,0,GIN,Molecular graph,1039,CC(=O)SC4CC1=CC(=O)CCC1(C)C5CCC2(C)C(CCC23CCC(=O)O3)C45,O=C1C=C2CCC3C(CCC4C3CCC43CCC(=O)O3)C2CC1,-4.1730,-4.4556,0.2826,0.4242
scaffold,0,GIN,Molecular graph,1054,Cc1cccc2c1ccc3ccccc32,c1ccc2c(c1)ccc1ccccc12,-5.8500,-5.5428,0.3072,0.7273
scaffold,0,GIN,Molecular graph,1061,COC1=CC(=O)CC(C)C13Oc2c(Cl)c(OC)cc(OC)c2C3=O,O=C1C=CC2(CC1)Oc1ccccc1C2=O,-3.2460,-4.2496,1.0036,0.1951
scaffold,0,GIN,Molecular graph,1085,CCOP(=S)(OCC)N2C(=O)c1ccccc1C2=O,O=C1NC(=O)c2ccccc21,-3.3500,-4.9072,1.5572,0.3208
scaffold,0,GIN,Molecular graph,1090,O=C(C=CC=Cc2ccc1OCOc1c2)N3CCCCC3,O=C(C=CC=Cc1ccc2c(c1)OCO2)N1CCCCC1,-3.4600,-3.3241,0.1359,0.1786
scaffold,0,GIN,Molecular graph,1093,O=C2NC(=O)C1(CCCCCCC1)C(=O)N2,O=C1NC(=O)C2(CCCCCCC2)C(=O)N1,-2.9820,-2.2838,0.6982,1.0000
scaffold,0,GIN,Molecular graph,1095,Oc2cc(O)c1C(=O)CC(Oc1c2)c3ccc(O)c(O)c3,O=C1CC(c2ccccc2)Oc2ccccc21,-3.6200,-1.7991,1.8209,0.1951
scaffold,0,GIN,Molecular graph,1106,CC(C)(C)C(=O)C(Oc1ccc(Cl)cc1)n2cncn2,c1ccc(OCn2cncn2)cc1,-3.6100,-3.4324,0.1776,0.3077
scaffold,0,GIN,Molecular graph,1110,CCOC(=O)Nc2cccc(OC(=O)Nc1ccccc1)c2 ,O=C(Nc1ccccc1)Oc1ccccc1,-4.6320,-3.7054,0.9266,0.4694
scaffold,0,GIN,Molecular graph,1115,O=C1NC(=O)C(=O)N1 ,O=C1NC(=O)C(=O)N1,-0.4000,-1.0098,0.6098,0.4118
scaffold,1,Dummy (mean),RDKit descriptors,1,Cc1occc1C(=O)Nc2ccccc2,O=C(Nc1ccccc1)c1ccoc1,-3.3000,-2.9226,0.3774,0.4545
scaffold,1,Dummy (mean),RDKit descriptors,4,c1ccsc1,c1ccsc1,-1.3300,-2.9226,1.5926,0.2222
scaffold,1,Dummy (mean),RDKit descriptors,18,CCOP(=S)(OCC)Oc1cc(C)nc(n1)C(C)C,c1cncnc1,-3.6400,-2.9226,0.7174,0.4130
scaffold,1,Dummy (mean),RDKit descriptors,32,COC(=O)Nc1cccc(OC(=O)Nc2cccc(C)c2)c1,O=C(Nc1ccccc1)Oc1ccccc1,-4.8050,-2.9226,1.8824,0.4894
scaffold,1,Dummy (mean),RDKit descriptors,72,CC1(C)C2CCC1(C)C(=O)C2,O=C1CC2CCC1C2,-1.9600,-2.9226,0.9626,0.3030
scaffold,1,Dummy (mean),RDKit descriptors,86,CC(C)C(C(=O)OC(C#N)c1cccc(Oc2ccccc2)c1)c3ccc(OC(F)F)cc3,O=C(Cc1ccccc1)OCc1cccc(Oc2ccccc2)c1,-6.8760,-2.9226,3.9534,0.5333
scaffold,1,Dummy (mean),RDKit descriptors,92,c1ccc2c(c1)c3cccc4cccc2c34,c1ccc2c(c1)-c1cccc3cccc-2c13,-6.0000,-2.9226,3.0774,0.7368
scaffold,1,Dummy (mean),RDKit descriptors,98,C1OC1c2ccccc2 ,c1ccc(C2CO2)cc1,-1.6000,-2.9226,1.3226,0.3000
scaffold,1,Dummy (mean),RDKit descriptors,126,CCCCc1c(C)nc(nc1O)N(C)C ,c1cncnc1,-2.2400,-2.9226,0.6826,0.3448
scaffold,1,Dummy (mean),RDKit descriptors,160,CSc1nnc(c(=O)n1N)C(C)(C)C,O=c1cnnc[nH]1,-2.2530,-2.9226,0.6696,0.1923
scaffold,1,Dummy (mean),RDKit descriptors,176,CC1=CC(=O)CC(C)(C)C1 ,O=C1C=CCCC1,-1.0600,-2.9226,1.8626,0.2553
scaffold,1,Dummy (mean),RDKit descriptors,179,CCC1(CCC(=O)NC1=O)c2ccccc2 ,O=C1CCC(c2ccccc2)C(=O)N1,-2.3370,-2.9226,0.5856,0.3333
scaffold,1,Dummy (mean),RDKit descriptors,188,C1C(O)CCC2(C)CC3CCC4(C)C5(C)CC6OCC(C)CC6OC5CC4C3C=C21,C1=C2CCCCC2CC2CCC3C4CC5OCCCC5OC4CC3C12,-7.3200,-2.9226,4.3974,0.1875
scaffold,1,Dummy (mean),RDKit descriptors,195,CC(C)Oc1cc(c(Cl)cc1Cl)n2nc(oc2=O)C(C)(C)C,O=c1ocnn1-c1ccccc1,-5.6960,-2.9226,2.7734,0.2105
scaffold,1,Dummy (mean),RDKit descriptors,200,Nc1ccc(cc1)S(=O)(=O)c2ccc(N)cc2,O=S(=O)(c1ccccc1)c1ccccc1,-3.0940,-2.9226,0.1714,0.6500
scaffold,1,Dummy (mean),RDKit descriptors,213,CC12CCC(CC1)C(C)(C)O2 ,C1CC2CCC1CO2,-1.6400,-2.9226,1.2826,0.3000
scaffold,1,Dummy (mean),RDKit descriptors,217,CC(=C)C1CC=C(C)C(=O)C1,O=C1C=CCCC1,-2.0600,-2.9226,0.8626,0.4706
scaffold,1,Dummy (mean),RDKit descriptors,225,Cc3ccnc4N(C1CC1)c2ncccc2C(=O)Nc34 ,O=C1Nc2cccnc2N(C2CC2)c2ncccc21,-3.1900,-2.9226,0.2674,0.4909
scaffold,1,Dummy (mean),RDKit descriptors,260,CCOP(=S)(OCC)SC(CCl)N1C(=O)c2ccccc2C1=O,O=C1NC(=O)c2ccccc21,-6.3400,-2.9226,3.4174,0.3529
scaffold,1,Dummy (mean),RDKit descriptors,286,C(Cc1ccccc1)c2ccccc2,c1ccc(CCc2ccccc2)cc1,-4.6200,-2.9226,1.6974,0.6471
scaffold,1,Dummy (mean),RDKit descriptors,289,Cc1ccc2c(ccc3ccccc32)c1,c1ccc2c(c1)ccc1ccccc12,-5.8400,-2.9226,2.9174,0.6522
scaffold,1,Dummy (mean),RDKit descriptors,298,OCC1OC(CO)(OC2OC(COC3OC(CO)C(O)C(O)C3O)C(O)C(O)C2O)C(O)C1O,C1CCC(OCC2CCCC(OC3CCCO3)O2)OC1,-0.4100,-2.9226,2.5126,0.8421
scaffold,1,Dummy (mean),RDKit descriptors,309,OC1CCCCCCC1,C1CCCCCCC1,-1.2900,-2.9226,1.6326,1.0000
scaffold,1,Dummy (mean),RDKit descriptors,318,Nc1ncnc2nc[nH]c12 ,c1ncc2[nH]cnc2n1,-2.1200,-2.9226,0.8026,0.2432
scaffold,1,Dummy (mean),RDKit descriptors,320,COc1ccc(cc1)C(O)(C2CC2)c3cncnc3 ,c1ccc(C(c2cncnc2)C2CC2)cc1,-2.5960,-2.9226,0.3266,0.2895
scaffold,1,Dummy (mean),RDKit descriptors,336,o1c2ccccc2c3ccccc13,c1ccc2c(c1)oc1ccccc12,-4.6000,-2.9226,1.6774,0.3684
scaffold,1,Dummy (mean),RDKit descriptors,339,c3ccc2nc1ccccc1cc2c3,c1ccc2nc3ccccc3cc2c1,-3.6700,-2.9226,0.7474,0.5625
scaffold,1,Dummy (mean),RDKit descriptors,340,CC12CC(=O)C3C(CCC4=CC(=O)CCC34C)C2CCC1(O)C(=O)CO,O=C1C=C2CCC3C4CCCC4CC(=O)C3C2CC1,-3.1100,-2.9226,0.1874,0.6780
scaffold,1,Dummy (mean),RDKit descriptors,344,CCC(C)C(=O)OC2CC(C)C=C3C=CC(C)C(CCC1CC(O)CC(=O)O1)C23 ,O=C1CCCC(CCC2CC=CC3=CCCCC32)O1,-6.0050,-2.9226,3.0824,0.1774
scaffold,1,Dummy (mean),RDKit descriptors,353,CCC(C(CC)c1ccc(O)cc1)c2ccc(O)cc2,c1ccc(CCc2ccccc2)cc1,-4.4300,-2.9226,1.5074,0.4800
scaffold,1,Dummy (mean),RDKit descriptors,360,CN(C)C(=O)Nc1ccc(c(Cl)c1)n2nc(oc2=O)C(C)(C)C,O=c1ocnn1-c1ccccc1,-4.3280,-2.9226,1.4054,0.4898
scaffold,1,Dummy (mean),RDKit descriptors,365,c1cncnc1,c1cncnc1,1.1000,-2.9226,4.0226,0.5000
scaffold,1,Dummy (mean),RDKit descriptors,373,CC2Nc1cc(Cl)c(cc1C(=O)N2c3ccccc3C)S(N)(=O)=O ,O=C1c2ccccc2NCN1c1ccccc1,-3.7800,-2.9226,0.8574,0.3429
scaffold,1,Dummy (mean),RDKit descriptors,381,OCC(O)C2OC1OC(OC1C2O)C(Cl)(Cl)Cl ,C1CC2OCOC2O1,-1.8400,-2.9226,1.0826,0.1765
scaffold,1,Dummy (mean),RDKit descriptors,386,Nc1nccs1 ,c1cscn1,-0.3600,-2.9226,2.5626,0.2143
scaffold,1,Dummy (mean),RDKit descriptors,394,CN(C(=O)NC(C)(C)c1ccccc1)c2ccccc2,O=C(NCc1ccccc1)Nc1ccccc1,-3.3500,-2.9226,0.4274,0.3784
scaffold,1,Dummy (mean),RDKit descriptors,412,CC(=O)Nc1nnc(s1)S(N)(=O)=O ,c1nncs1,-2.3600,-2.9226,0.5626,0.2703
scaffold,1,Dummy (mean),RDKit descriptors,414,ClC1=C(Cl)C2(Cl)C3C4CC(C=C4)C3C1(Cl)C2(Cl)Cl,C1=CC2CC1C1C3C=CC(C3)C21,-6.3070,-2.9226,3.3844,0.4839
scaffold,1,Dummy (mean),RDKit descriptors,422,ClC(Cl)C(Cl)(Cl)SN2C(=O)C1CC=CCC1C2=O ,O=C1NC(=O)C2CC=CCC12,-5.4000,-2.9226,2.4774,0.1935
scaffold,1,Dummy (mean),RDKit descriptors,448,NC(=O)NC1NC(=O)NC1=O ,O=C1CNC(=O)N1,-1.6000,-2.9226,1.3226,0.2105
scaffold,1,Dummy (mean),RDKit descriptors,449,OCC(O)COC(=O)c1ccccc1Nc2ccnc3cc(Cl)ccc23,c1ccc(Nc2ccnc3ccccc23)cc1,-4.5710,-2.9226,1.6484,0.2769
scaffold,1,Dummy (mean),RDKit descriptors,476,CN(C)C(=O)Oc1nc(nc(C)c1C)N(C)C,c1cncnc1,-1.9500,-2.9226,0.9726,0.3333
scaffold,1,Dummy (mean),RDKit descriptors,488,O=c2c(C3CCCc4ccccc43)c(O)c1ccccc1o2 ,O=c1oc2ccccc2cc1C1CCCc2ccccc21,-2.8400,-2.9226,0.0826,0.2619
scaffold,1,Dummy (mean),RDKit descriptors,495,Nc1cc(nc(N)n1=O)N2CCCCC2 ,c1cc(N2CCCCC2)nc[nH+]1,-1.9890,-2.9226,0.9336,0.1463
scaffold,1,Dummy (mean),RDKit descriptors,496,Nc2cccc3nc1ccccc1cc23 ,c1ccc2nc3ccccc3cc2c1,-4.2200,-2.9226,1.2974,0.5185
scaffold,1,Dummy (mean),RDKit descriptors,500,CCOP(=S)(OCC)SC(CCl)N2C(=O)c1ccccc1C2=O,O=C1NC(=O)c2ccccc21,-6.3400,-2.9226,3.4174,0.3529
scaffold,1,Dummy (mean),RDKit descriptors,504,CC1=C(CCCO1)C(=O)Nc2ccccc2 ,O=C(Nc1ccccc1)C1=COCCC1,-2.5600,-2.9226,0.3626,0.5581
scaffold,1,Dummy (mean),RDKit descriptors,512,Cc1c[nH]c2ccccc12 ,c1ccc2[nH]ccc2c1,-2.4200,-2.9226,0.5026,0.4348
scaffold,1,Dummy (mean),RDKit descriptors,518,CC(=O)N(S(=O)c1ccc(N)cc1)c2onc(C)c2C ,O=S(Nc1ccno1)c1ccccc1,-3.5900,-2.9226,0.6674,0.2708
scaffold,1,Dummy (mean),RDKit descriptors,536,CC3C2CCC1(C)C=CC(=O)C(=C1C2OC3=O)C,O=C1C=CC2CCC3CC(=O)OC3C2=C1,-3.0900,-2.9226,0.1674,0.2063
scaffold,1,Dummy (mean),RDKit descriptors,546,Cc2c(N)c(=O)n(c1ccccc1)n2C,O=c1cc[nH]n1-c1ccccc1,-0.6240,-2.9226,2.2986,0.3333
scaffold,1,Dummy (mean),RDKit descriptors,562,c1ccccc1C(O)C(O)c2ccccc2,c1ccc(CCc2ccccc2)cc1,-1.9300,-2.9226,0.9926,0.6471
scaffold,1,Dummy (mean),RDKit descriptors,579,c1ccc(cc1)c2ccc(cc2)c3ccccc3,c1ccc(-c2ccc(-c3ccccc3)cc2)cc1,-7.1100,-2.9226,4.1874,0.9000
scaffold,1,Dummy (mean),RDKit descriptors,582,Cc1cc(ccc1NS(=O)(=O)C(F)(F)F)S(=O)(=O)c2ccccc2,O=S(=O)(c1ccccc1)c1ccccc1,-3.8000,-2.9226,0.8774,0.4565
scaffold,1,Dummy (mean),RDKit descriptors,611,c1ccc2c(c1)ccc3ccccc32,c1ccc2c(c1)ccc1ccccc12,-5.2600,-2.9226,2.3374,0.8571
scaffold,1,Dummy (mean),RDKit descriptors,621,ClC(Cl)(Cl)C(NC=O)N1C=CN(C=C1)C(NC=O)C(Cl)(Cl)Cl ,C1=CNC=CN1,-4.1900,-2.9226,1.2674,0.2000
scaffold,1,Dummy (mean),RDKit descriptors,622,Cn2cc(c1ccccc1)c(=O)c(c2)c3cccc(c3)C(F)(F)F,O=c1c(-c2ccccc2)c[nH]cc1-c1ccccc1,-4.4450,-2.9226,1.5224,0.3714
scaffold,1,Dummy (mean),RDKit descriptors,624,CC12CCC3C(CCc4cc(O)ccc34)C2CCC1=O,O=C1CCC2C1CCC1c3ccccc3CCC12,-3.9550,-2.9226,1.0324,0.6250
scaffold,1,Dummy (mean),RDKit descriptors,626,CC1CO1,C1CO1,-0.5900,-2.9226,2.3326,0.4118
scaffold,1,Dummy (mean),RDKit descriptors,637,c1ccc2c(c1)cc3ccc4cccc5ccc2c3c45,c1ccc2c(c1)cc1ccc3cccc4ccc2c1c34,-8.6990,-2.9226,5.7764,0.6522
scaffold,1,Dummy (mean),RDKit descriptors,647,Cc1cc(=O)[nH]c(=S)[nH]1,O=c1cc[nH]c(=S)[nH]1,-2.4360,-2.9226,0.4866,0.2581
scaffold,1,Dummy (mean),RDKit descriptors,652,CC1(C)CON(Cc2ccccc2Cl)C1=O,O=C1CCON1Cc1ccccc1,-2.3380,-2.9226,0.5846,0.2703
scaffold,1,Dummy (mean),RDKit descriptors,659,OC(Cn1cncn1)(Cn2cncn2)c3ccc(F)cc3F ,c1ccc(C(Cn2cncn2)Cn2cncn2)cc1,-1.8000,-2.9226,1.1226,0.5417
scaffold,1,Dummy (mean),RDKit descriptors,676,c1cc2ccc3ccc4ccc5cccc6c(c1)c2c3c4c56,c1cc2ccc3ccc4ccc5cccc6c(c1)c2c3c4c56,-9.0180,-2.9226,6.0954,0.8235
scaffold,1,Dummy (mean),RDKit descriptors,678,c1c(OC)c(OC)C2C(=O)OCC2c1,O=C1OCC2C=CC=CC12,-1.8990,-2.9226,1.0236,0.2000
scaffold,1,Dummy (mean),RDKit descriptors,683,Cc1cc(=O)n(c2ccccc2)n1C,O=c1cc[nH]n1-c1ccccc1,0.7150,-2.9226,3.6376,0.3250
scaffold,1,Dummy (mean),RDKit descriptors,702,CC(=O)OCC(=O)C3(O)CCC4C2CCC1=CC(=O)CCC1(C)C2C(=O)CC34C ,O=C1C=C2CCC3C4CCCC4CC(=O)C3C2CC1,-4.2100,-2.9226,1.2874,0.7031
scaffold,1,Dummy (mean),RDKit descriptors,708,CN(C)C(=O)NC1CC2CC1C3CCCC23,C1CC2C3CCC(C3)C2C1,-3.1710,-2.9226,0.2484,0.2381
scaffold,1,Dummy (mean),RDKit descriptors,724,O=C1NC(=O)c2ccccc12 ,O=C1NC(=O)c2ccccc21,-2.6100,-2.9226,0.3126,0.3333
scaffold,1,Dummy (mean),RDKit descriptors,730,CCC2NC(=O)c1cc(c(Cl)cc1N2)S(N)(=O)=O,O=C1NCNc2ccccc21,-3.2900,-2.9226,0.3674,0.3889
scaffold,1,Dummy (mean),RDKit descriptors,733,C1(=O)NC(=O)NC(=O)C1(O)C2(O)C(=O)NC(=O)NC2(=O),O=C1NC(=O)C(C2C(=O)NC(=O)NC2=O)C(=O)N1,-1.9900,-2.9226,0.9326,0.4737
scaffold,1,Dummy (mean),RDKit descriptors,754,COc2cc1c(N)nc(nc1c(OC)c2OC)N3CCN(CC3)C(=O)OCC(C)(C)O ,c1ccc2nc(N3CCNCC3)ncc2c1,-3.6380,-2.9226,0.7154,0.1972
scaffold,1,Dummy (mean),RDKit descriptors,771,C1CCCCCCC1,C1CCCCCCC1,-4.1500,-2.9226,1.2274,1.0000
scaffold,1,Dummy (mean),RDKit descriptors,775,Clc1ccc(CN(C2CCCC2)C(=O)Nc3ccccc3)cc1,O=C(Nc1ccccc1)N(Cc1ccccc1)C1CCCC1,-5.9150,-2.9226,2.9924,0.4000
scaffold,1,Dummy (mean),RDKit descriptors,780,c1ccc2c3c(ccc2c1)c4cccc5cccc3c45,c1ccc2c3c(ccc2c1)-c1cccc2cccc-3c12,-8.0000,-2.9226,5.0774,0.5000
scaffold,1,Dummy (mean),RDKit descriptors,792,OC1C=CC2C1C3(Cl)C(=C(Cl)C2(Cl)C3(Cl)Cl)Cl ,C1=CC2C3C=CC(C3)C2C1,-5.4600,-2.9226,2.5374,0.3714
scaffold,1,Dummy (mean),RDKit descriptors,797,CC2(C)C1CCC(C)(C1)C2=O,O=C1CC2CCC1C2,-1.8500,-2.9226,1.0726,0.2647
scaffold,1,Dummy (mean),RDKit descriptors,799,ClC2=C(Cl)C3(Cl)C1C=CCC1C2(Cl)C3(Cl)Cl ,C1=CC2C3C=CC(C3)C2C1,-5.6400,-2.9226,2.7174,0.3611
scaffold,1,Dummy (mean),RDKit descriptors,801,c1ccc2c(c1)[nH]c3ccccc32,c1ccc2c(c1)[nH]c1ccccc12,-5.2700,-2.9226,2.3474,0.3684
scaffold,1,Dummy (mean),RDKit descriptors,807,CCCCc1c(C)nc(NCC)nc1OS(=O)(=O)N(C)C ,c1cncnc1,-4.1600,-2.9226,1.2374,0.4286
scaffold,1,Dummy (mean),RDKit descriptors,812,c1cc2ccc(OC)c(CC=C(C)(C))c2oc1=O ,O=c1ccc2ccccc2o1,-4.3140,-2.9226,1.3914,0.3673
scaffold,1,Dummy (mean),RDKit descriptors,819,c1ccc2cc3cc4ccccc4cc3cc2c1,c1ccc2cc3cc4ccccc4cc3cc2c1,-8.6000,-2.9226,5.6774,0.9091
scaffold,1,Dummy (mean),RDKit descriptors,829,CN(C)C(=O)OC1=CC(=O)CC(C)(C)C1 ,O=C1C=CCCC1,-0.8500,-2.9226,2.0726,0.2381
scaffold,1,Dummy (mean),RDKit descriptors,846,O=C1CNC(=O)N1 ,O=C1CNC(=O)N1,-0.4000,-2.9226,2.5226,0.3684
scaffold,1,Dummy (mean),RDKit descriptors,849,CCOP(=S)(OCC)Oc2ccc1oc(=O)c(Cl)c(C)c1c2,O=c1ccc2ccccc2o1,-5.3820,-2.9226,2.4594,0.4118
scaffold,1,Dummy (mean),RDKit descriptors,852,O=c2[nH]c(=O)c1[nH]c(=O)[nH]c1[nH]2 ,O=c1[nH]c(=O)c2[nH]c(=O)[nH]c2[nH]1,-3.9300,-2.9226,1.0074,0.2963
scaffold,1,Dummy (mean),RDKit descriptors,863,CC1(OC(=O)N(C1=O)c2cc(Cl)cc(Cl)c2)C=C,O=C1COC(=O)N1c1ccccc1,-4.9250,-2.9226,2.0024,0.4615
scaffold,1,Dummy (mean),RDKit descriptors,893,CCN(Cc1c(F)cccc1Cl)c2c(cc(cc2N(=O)=O)C(F)(F)F)N(=O)=O,c1ccc(CNc2ccccc2)cc1,-6.7800,-2.9226,3.8574,0.5472
scaffold,1,Dummy (mean),RDKit descriptors,899,ClC1C=CC2C1C3(Cl)C(=C(Cl)C2(Cl)C3(Cl)Cl)Cl,C1=CC2C3C=CC(C3)C2C1,-6.3170,-2.9226,3.3944,0.3824
scaffold,1,Dummy (mean),RDKit descriptors,916,c2ccc1[nH]ncc1c2 ,c1ccc2[nH]ncc2c1,-2.1600,-2.9226,0.7626,0.3571
scaffold,1,Dummy (mean),RDKit descriptors,918,Nc2nc1[nH]cnc1c(=O)[nH]2 ,O=c1[nH]cnc2[nH]cnc12,-3.5830,-2.9226,0.6604,0.3158
scaffold,1,Dummy (mean),RDKit descriptors,938,Nc1nc(O)nc2nc[nH]c12 ,c1ncc2[nH]cnc2n1,-3.4010,-2.9226,0.4784,0.2778
scaffold,1,Dummy (mean),RDKit descriptors,943,c2ccc1[nH]ccc1c2,c1ccc2[nH]ccc2c1,-1.5200,-2.9226,1.4026,0.3889
scaffold,1,Dummy (mean),RDKit descriptors,949,COC(=O)Nc2nc1ccc(cc1[nH]2)C(=O)c3ccccc3,O=C(c1ccccc1)c1ccc2nc[nH]c2c1,-3.8800,-2.9226,0.9574,0.3500
scaffold,1,Dummy (mean),RDKit descriptors,955,C1C=CCC=C1,C1=CCC=CC1,-2.0600,-2.9226,0.8626,0.2727
scaffold,1,Dummy (mean),RDKit descriptors,976,CC12CCC(CC1)C(C)(C)O2,C1CC2CCC1CO2,-1.7400,-2.9226,1.1826,0.3000
scaffold,1,Dummy (mean),RDKit descriptors,984,O=C2NC(=O)C1(CCCC1)C(=O)N2,O=C1NC(=O)C2(CCCC2)C(=O)N1,-2.3490,-2.9226,0.5736,0.9444
scaffold,1,Dummy (mean),RDKit descriptors,987,CN(C)C(=O)NC1CCCCCCC1,C1CCCCCCC1,-2.2180,-2.9226,0.7046,0.2973
scaffold,1,Dummy (mean),RDKit descriptors,991,CN(C)c2c(C)n(C)n(c1ccccc1)c2=O ,O=c1cc[nH]n1-c1ccccc1,-0.3640,-2.9226,2.5586,0.3030
scaffold,1,Dummy (mean),RDKit descriptors,1014,O=C1NCCN1c2ncc(s2)N(=O)=O,O=C1NCCN1c1nccs1,-3.2200,-2.9226,0.2974,0.2400
scaffold,1,Dummy (mean),RDKit descriptors,1015,C1c2ccccc2c3ccc4ccccc4c13,c1ccc2c(c1)Cc1c-2ccc2ccccc12,-6.6800,-2.9226,3.7574,0.4688
scaffold,1,Dummy (mean),RDKit descriptors,1022,N(=Nc1ccccc1)c2ccccc2,c1ccc(N=Nc2ccccc2)cc1,-4.4500,-2.9226,1.5274,0.4000
scaffold,1,Dummy (mean),RDKit descriptors,1037,c1c(O)C2C(=O)C3cc(O)ccC3OC2cc1(OC),O=C1C2C=CC=CC2OC2C=CC=CC12,-2.9430,-2.9226,0.0204,0.1667
scaffold,1,Dummy (mean),RDKit descriptors,1039,CC(=O)SC4CC1=CC(=O)CCC1(C)C5CCC2(C)C(CCC23CCC(=O)O3)C45,O=C1C=C2CCC3C(CCC4C3CCC43CCC(=O)O3)C2CC1,-4.1730,-2.9226,1.2504,0.4242
scaffold,1,Dummy (mean),RDKit descriptors,1054,Cc1cccc2c1ccc3ccccc32,c1ccc2c(c1)ccc1ccccc12,-5.8500,-2.9226,2.9274,0.7273
scaffold,1,Dummy (mean),RDKit descriptors,1061,COC1=CC(=O)CC(C)C13Oc2c(Cl)c(OC)cc(OC)c2C3=O,O=C1C=CC2(CC1)Oc1ccccc1C2=O,-3.2460,-2.9226,0.3234,0.1951
scaffold,1,Dummy (mean),RDKit descriptors,1085,CCOP(=S)(OCC)N2C(=O)c1ccccc1C2=O,O=C1NC(=O)c2ccccc21,-3.3500,-2.9226,0.4274,0.3208
scaffold,1,Dummy (mean),RDKit descriptors,1090,O=C(C=CC=Cc2ccc1OCOc1c2)N3CCCCC3,O=C(C=CC=Cc1ccc2c(c1)OCO2)N1CCCCC1,-3.4600,-2.9226,0.5374,0.1786
scaffold,1,Dummy (mean),RDKit descriptors,1093,O=C2NC(=O)C1(CCCCCCC1)C(=O)N2,O=C1NC(=O)C2(CCCCCCC2)C(=O)N1,-2.9820,-2.9226,0.0594,1.0000
scaffold,1,Dummy (mean),RDKit descriptors,1095,Oc2cc(O)c1C(=O)CC(Oc1c2)c3ccc(O)c(O)c3,O=C1CC(c2ccccc2)Oc2ccccc21,-3.6200,-2.9226,0.6974,0.1951
scaffold,1,Dummy (mean),RDKit descriptors,1106,CC(C)(C)C(=O)C(Oc1ccc(Cl)cc1)n2cncn2,c1ccc(OCn2cncn2)cc1,-3.6100,-2.9226,0.6874,0.3077
scaffold,1,Dummy (mean),RDKit descriptors,1110,CCOC(=O)Nc2cccc(OC(=O)Nc1ccccc1)c2 ,O=C(Nc1ccccc1)Oc1ccccc1,-4.6320,-2.9226,1.7094,0.4694
scaffold,1,Dummy (mean),RDKit descriptors,1115,O=C1NC(=O)C(=O)N1 ,O=C1NC(=O)C(=O)N1,-0.4000,-2.9226,2.5226,0.4118
scaffold,1,Linear,RDKit descriptors,1,Cc1occc1C(=O)Nc2ccccc2,O=C(Nc1ccccc1)c1ccoc1,-3.3000,-3.4818,0.1818,0.4545
scaffold,1,Linear,RDKit descriptors,4,c1ccsc1,c1ccsc1,-1.3300,-1.7495,0.4195,0.2222
scaffold,1,Linear,RDKit descriptors,18,CCOP(=S)(OCC)Oc1cc(C)nc(n1)C(C)C,c1cncnc1,-3.6400,-4.4940,0.8540,0.4130
scaffold,1,Linear,RDKit descriptors,32,COC(=O)Nc1cccc(OC(=O)Nc2cccc(C)c2)c1,O=C(Nc1ccccc1)Oc1ccccc1,-4.8050,-4.9747,0.1697,0.4894
scaffold,1,Linear,RDKit descriptors,72,CC1(C)C2CCC1(C)C(=O)C2,O=C1CC2CCC1C2,-1.9600,-2.6014,0.6414,0.3030
scaffold,1,Linear,RDKit descriptors,86,CC(C)C(C(=O)OC(C#N)c1cccc(Oc2ccccc2)c1)c3ccc(OC(F)F)cc3,O=C(Cc1ccccc1)OCc1cccc(Oc2ccccc2)c1,-6.8760,-8.0833,1.2073,0.5333
scaffold,1,Linear,RDKit descriptors,92,c1ccc2c(c1)c3cccc4cccc2c34,c1ccc2c(c1)-c1cccc3cccc-2c13,-6.0000,-4.8203,1.1797,0.7368
scaffold,1,Linear,RDKit descriptors,98,C1OC1c2ccccc2 ,c1ccc(C2CO2)cc1,-1.6000,-1.9144,0.3144,0.3000
scaffold,1,Linear,RDKit descriptors,126,CCCCc1c(C)nc(nc1O)N(C)C ,c1cncnc1,-2.2400,-2.5617,0.3217,0.3448
scaffold,1,Linear,RDKit descriptors,160,CSc1nnc(c(=O)n1N)C(C)(C)C,O=c1cnnc[nH]1,-2.2530,-1.3539,0.8991,0.1923
scaffold,1,Linear,RDKit descriptors,176,CC1=CC(=O)CC(C)(C)C1 ,O=C1C=CCCC1,-1.0600,-2.4755,1.4155,0.2553
scaffold,1,Linear,RDKit descriptors,179,CCC1(CCC(=O)NC1=O)c2ccccc2 ,O=C1CCC(c2ccccc2)C(=O)N1,-2.3370,-2.4721,0.1351,0.3333
scaffold,1,Linear,RDKit descriptors,188,C1C(O)CCC2(C)CC3CCC4(C)C5(C)CC6OCC(C)CC6OC5CC4C3C=C21,C1=C2CCCCC2CC2CCC3C4CC5OCCCC5OC4CC3C12,-7.3200,-6.7032,0.6168,0.1875
scaffold,1,Linear,RDKit descriptors,195,CC(C)Oc1cc(c(Cl)cc1Cl)n2nc(oc2=O)C(C)(C)C,O=c1ocnn1-c1ccccc1,-5.6960,-5.3837,0.3123,0.2105
scaffold,1,Linear,RDKit descriptors,200,Nc1ccc(cc1)S(=O)(=O)c2ccc(N)cc2,O=S(=O)(c1ccccc1)c1ccccc1,-3.0940,-2.8744,0.2196,0.6500
scaffold,1,Linear,RDKit descriptors,213,CC12CCC(CC1)C(C)(C)O2 ,C1CC2CCC1CO2,-1.6400,-2.8772,1.2372,0.3000
scaffold,1,Linear,RDKit descriptors,217,CC(=C)C1CC=C(C)C(=O)C1,O=C1C=CCCC1,-2.0600,-2.6599,0.5999,0.4706
scaffold,1,Linear,RDKit descriptors,225,Cc3ccnc4N(C1CC1)c2ncccc2C(=O)Nc34 ,O=C1Nc2cccnc2N(C2CC2)c2ncccc21,-3.1900,-3.6491,0.4591,0.4909
scaffold,1,Linear,RDKit descriptors,260,CCOP(=S)(OCC)SC(CCl)N1C(=O)c2ccccc2C1=O,O=C1NC(=O)c2ccccc21,-6.3400,-5.0792,1.2608,0.3529
scaffold,1,Linear,RDKit descriptors,286,C(Cc1ccccc1)c2ccccc2,c1ccc(CCc2ccccc2)cc1,-4.6200,-3.6856,0.9344,0.6471
scaffold,1,Linear,RDKit descriptors,289,Cc1ccc2c(ccc3ccccc32)c1,c1ccc2c(c1)ccc1ccccc12,-5.8400,-4.5947,1.2453,0.6522
scaffold,1,Linear,RDKit descriptors,298,OCC1OC(CO)(OC2OC(COC3OC(CO)C(O)C(O)C3O)C(O)C(O)C2O)C(O)C1O,C1CCC(OCC2CCCC(OC3CCCO3)O2)OC1,-0.4100,3.9761,4.3861,0.8421
scaffold,1,Linear,RDKit descriptors,309,OC1CCCCCCC1,C1CCCCCCC1,-1.2900,-2.2431,0.9531,1.0000
scaffold,1,Linear,RDKit descriptors,318,Nc1ncnc2nc[nH]c12 ,c1ncc2[nH]cnc2n1,-2.1200,-0.8051,1.3149,0.2432
scaffold,1,Linear,RDKit descriptors,320,COc1ccc(cc1)C(O)(C2CC2)c3cncnc3 ,c1ccc(C(c2cncnc2)C2CC2)cc1,-2.5960,-3.0345,0.4385,0.2895
scaffold,1,Linear,RDKit descriptors,336,o1c2ccccc2c3ccccc13,c1ccc2c(c1)oc1ccccc12,-4.6000,-3.9343,0.6657,0.3684
scaffold,1,Linear,RDKit descriptors,339,c3ccc2nc1ccccc1cc2c3,c1ccc2nc3ccccc3cc2c1,-3.6700,-3.7774,0.1074,0.5625
scaffold,1,Linear,RDKit descriptors,340,CC12CC(=O)C3C(CCC4=CC(=O)CCC34C)C2CCC1(O)C(=O)CO,O=C1C=C2CCC3C4CCCC4CC(=O)C3C2CC1,-3.1100,-3.4908,0.3808,0.6780
scaffold,1,Linear,RDKit descriptors,344,CCC(C)C(=O)OC2CC(C)C=C3C=CC(C)C(CCC1CC(O)CC(=O)O1)C23 ,O=C1CCCC(CCC2CC=CC3=CCCCC32)O1,-6.0050,-5.5598,0.4452,0.1774
scaffold,1,Linear,RDKit descriptors,353,CCC(C(CC)c1ccc(O)cc1)c2ccc(O)cc2,c1ccc(CCc2ccccc2)cc1,-4.4300,-5.5204,1.0904,0.4800
scaffold,1,Linear,RDKit descriptors,360,CN(C)C(=O)Nc1ccc(c(Cl)c1)n2nc(oc2=O)C(C)(C)C,O=c1ocnn1-c1ccccc1,-4.3280,-4.2556,0.0724,0.4898
scaffold,1,Linear,RDKit descriptors,365,c1cncnc1,c1cncnc1,1.1000,-0.7100,1.8100,0.5000
scaffold,1,Linear,RDKit descriptors,373,CC2Nc1cc(Cl)c(cc1C(=O)N2c3ccccc3C)S(N)(=O)=O ,O=C1c2ccccc2NCN1c1ccccc1,-3.7800,-4.2999,0.5199,0.3429
scaffold,1,Linear,RDKit descriptors,381,OCC(O)C2OC1OC(OC1C2O)C(Cl)(Cl)Cl ,C1CC2OCOC2O1,-1.8400,-0.9026,0.9374,0.1765
scaffold,1,Linear,RDKit descriptors,386,Nc1nccs1 ,c1cscn1,-0.3600,-1.1022,0.7422,0.2143
scaffold,1,Linear,RDKit descriptors,394,CN(C(=O)NC(C)(C)c1ccccc1)c2ccccc2,O=C(NCc1ccccc1)Nc1ccccc1,-3.3500,-4.4939,1.1439,0.3784
scaffold,1,Linear,RDKit descriptors,412,CC(=O)Nc1nnc(s1)S(N)(=O)=O ,c1nncs1,-2.3600,-0.4997,1.8603,0.2703
scaffold,1,Linear,RDKit descriptors,414,ClC1=C(Cl)C2(Cl)C3C4CC(C=C4)C3C1(Cl)C2(Cl)Cl,C1=CC2CC1C1C3C=CC(C3)C21,-6.3070,-5.9828,0.3242,0.4839
scaffold,1,Linear,RDKit descriptors,422,ClC(Cl)C(Cl)(Cl)SN2C(=O)C1CC=CCC1C2=O ,O=C1NC(=O)C2CC=CCC12,-5.4000,-4.4776,0.9224,0.1935
scaffold,1,Linear,RDKit descriptors,448,NC(=O)NC1NC(=O)NC1=O ,O=C1CNC(=O)N1,-1.6000,1.0649,2.6649,0.2105
scaffold,1,Linear,RDKit descriptors,449,OCC(O)COC(=O)c1ccccc1Nc2ccnc3cc(Cl)ccc23,c1ccc(Nc2ccnc3ccccc23)cc1,-4.5710,-4.6775,0.1065,0.2769
scaffold,1,Linear,RDKit descriptors,476,CN(C)C(=O)Oc1nc(nc(C)c1C)N(C)C,c1cncnc1,-1.9500,-2.1062,0.1562,0.3333
scaffold,1,Linear,RDKit descriptors,488,O=c2c(C3CCCc4ccccc43)c(O)c1ccccc1o2 ,O=c1oc2ccccc2cc1C1CCCc2ccccc21,-2.8400,-4.9756,2.1356,0.2619
scaffold,1,Linear,RDKit descriptors,495,Nc1cc(nc(N)n1=O)N2CCCCC2 ,c1cc(N2CCCCC2)nc[nH+]1,-1.9890,-1.0186,0.9704,0.1463
scaffold,1,Linear,RDKit descriptors,496,Nc2cccc3nc1ccccc1cc23 ,c1ccc2nc3ccccc3cc2c1,-4.2200,-3.6254,0.5946,0.5185
scaffold,1,Linear,RDKit descriptors,500,CCOP(=S)(OCC)SC(CCl)N2C(=O)c1ccccc1C2=O,O=C1NC(=O)c2ccccc21,-6.3400,-5.0792,1.2608,0.3529
scaffold,1,Linear,RDKit descriptors,504,CC1=C(CCCO1)C(=O)Nc2ccccc2 ,O=C(Nc1ccccc1)C1=COCCC1,-2.5600,-3.3209,0.7609,0.5581
scaffold,1,Linear,RDKit descriptors,512,Cc1c[nH]c2ccccc12 ,c1ccc2[nH]ccc2c1,-2.4200,-2.7334,0.3134,0.4348
scaffold,1,Linear,RDKit descriptors,518,CC(=O)N(S(=O)c1ccc(N)cc1)c2onc(C)c2C ,O=S(Nc1ccno1)c1ccccc1,-3.5900,-3.2710,0.3190,0.2708
scaffold,1,Linear,RDKit descriptors,536,CC3C2CCC1(C)C=CC(=O)C(=C1C2OC3=O)C,O=C1C=CC2CCC3CC(=O)OC3C2=C1,-3.0900,-3.1577,0.0677,0.2063
scaffold,1,Linear,RDKit descriptors,546,Cc2c(N)c(=O)n(c1ccccc1)n2C,O=c1cc[nH]n1-c1ccccc1,-0.6240,-1.8693,1.2453,0.3333
scaffold,1,Linear,RDKit descriptors,562,c1ccccc1C(O)C(O)c2ccccc2,c1ccc(CCc2ccccc2)cc1,-1.9300,-3.1199,1.1899,0.6471
scaffold,1,Linear,RDKit descriptors,579,c1ccc(cc1)c2ccc(cc2)c3ccccc3,c1ccc(-c2ccc(-c3ccccc3)cc2)cc1,-7.1100,-5.3986,1.7114,0.9000
scaffold,1,Linear,RDKit descriptors,582,Cc1cc(ccc1NS(=O)(=O)C(F)(F)F)S(=O)(=O)c2ccccc2,O=S(=O)(c1ccccc1)c1ccccc1,-3.8000,-4.5745,0.7745,0.4565
scaffold,1,Linear,RDKit descriptors,611,c1ccc2c(c1)ccc3ccccc32,c1ccc2c(c1)ccc1ccccc12,-5.2600,-4.2569,1.0031,0.8571
scaffold,1,Linear,RDKit descriptors,621,ClC(Cl)(Cl)C(NC=O)N1C=CN(C=C1)C(NC=O)C(Cl)(Cl)Cl ,C1=CNC=CN1,-4.1900,-3.8668,0.3232,0.2000
scaffold,1,Linear,RDKit descriptors,622,Cn2cc(c1ccccc1)c(=O)c(c2)c3cccc(c3)C(F)(F)F,O=c1c(-c2ccccc2)c[nH]cc1-c1ccccc1,-4.4450,-5.6049,1.1599,0.3714
scaffold,1,Linear,RDKit descriptors,624,CC12CCC3C(CCc4cc(O)ccc34)C2CCC1=O,O=C1CCC2C1CCC1c3ccccc3CCC12,-3.9550,-4.5980,0.6430,0.6250
scaffold,1,Linear,RDKit descriptors,626,CC1CO1,C1CO1,-0.5900,-0.2981,0.2919,0.4118
scaffold,1,Linear,RDKit descriptors,637,c1ccc2c(c1)cc3ccc4cccc5ccc2c3c45,c1ccc2c(c1)cc1ccc3cccc4ccc2c1c34,-8.6990,-6.2084,2.4906,0.6522
scaffold,1,Linear,RDKit descriptors,647,Cc1cc(=O)[nH]c(=S)[nH]1,O=c1cc[nH]c(=S)[nH]1,-2.4360,-1.3154,1.1206,0.2581
scaffold,1,Linear,RDKit descriptors,652,CC1(C)CON(Cc2ccccc2Cl)C1=O,O=C1CCON1Cc1ccccc1,-2.3380,-3.2583,0.9203,0.2703
scaffold,1,Linear,RDKit descriptors,659,OC(Cn1cncn1)(Cn2cncn2)c3ccc(F)cc3F ,c1ccc(C(Cn2cncn2)Cn2cncn2)cc1,-1.8000,-2.0619,0.2619,0.5417
scaffold,1,Linear,RDKit descriptors,676,c1cc2ccc3ccc4ccc5cccc6c(c1)c2c3c4c56,c1cc2ccc3ccc4ccc5cccc6c(c1)c2c3c4c56,-9.0180,-6.8660,2.1520,0.8235
scaffold,1,Linear,RDKit descriptors,678,c1c(OC)c(OC)C2C(=O)OCC2c1,O=C1OCC2C=CC=CC12,-1.8990,-1.4327,0.4663,0.2000
scaffold,1,Linear,RDKit descriptors,683,Cc1cc(=O)n(c2ccccc2)n1C,O=c1cc[nH]n1-c1ccccc1,0.7150,-2.0191,2.7341,0.3250
scaffold,1,Linear,RDKit descriptors,702,CC(=O)OCC(=O)C3(O)CCC4C2CCC1=CC(=O)CCC1(C)C2C(=O)CC34C ,O=C1C=C2CCC3C4CCCC4CC(=O)C3C2CC1,-4.2100,-4.2219,0.0119,0.7031
scaffold,1,Linear,RDKit descriptors,708,CN(C)C(=O)NC1CC2CC1C3CCCC23,C1CC2C3CCC(C3)C2C1,-3.1710,-2.6382,0.5328,0.2381
scaffold,1,Linear,RDKit descriptors,724,O=C1NC(=O)c2ccccc12 ,O=C1NC(=O)c2ccccc21,-2.6100,-1.1268,1.4832,0.3333
scaffold,1,Linear,RDKit descriptors,730,CCC2NC(=O)c1cc(c(Cl)cc1N2)S(N)(=O)=O,O=C1NCNc2ccccc21,-3.2900,-2.2986,0.9914,0.3889
scaffold,1,Linear,RDKit descriptors,733,C1(=O)NC(=O)NC(=O)C1(O)C2(O)C(=O)NC(=O)NC2(=O),O=C1NC(=O)C(C2C(=O)NC(=O)NC2=O)C(=O)N1,-1.9900,2.5561,4.5461,0.4737
scaffold,1,Linear,RDKit descriptors,754,COc2cc1c(N)nc(nc1c(OC)c2OC)N3CCN(CC3)C(=O)OCC(C)(C)O ,c1ccc2nc(N3CCNCC3)ncc2c1,-3.6380,-3.3575,0.2805,0.1972
scaffold,1,Linear,RDKit descriptors,771,C1CCCCCCC1,C1CCCCCCC1,-4.1500,-3.0236,1.1264,1.0000
scaffold,1,Linear,RDKit descriptors,775,Clc1ccc(CN(C2CCCC2)C(=O)Nc3ccccc3)cc1,O=C(Nc1ccccc1)N(Cc1ccccc1)C1CCCC1,-5.9150,-6.1779,0.2629,0.4000
scaffold,1,Linear,RDKit descriptors,780,c1ccc2c3c(ccc2c1)c4cccc5cccc3c45,c1ccc2c3c(ccc2c1)-c1cccc2cccc-3c12,-8.0000,-6.1143,1.8857,0.5000
scaffold,1,Linear,RDKit descriptors,792,OC1C=CC2C1C3(Cl)C(=C(Cl)C2(Cl)C3(Cl)Cl)Cl ,C1=CC2C3C=CC(C3)C2C1,-5.4600,-4.8736,0.5864,0.3714
scaffold,1,Linear,RDKit descriptors,797,CC2(C)C1CCC(C)(C1)C2=O,O=C1CC2CCC1C2,-1.8500,-2.6014,0.7514,0.2647
scaffold,1,Linear,RDKit descriptors,799,ClC2=C(Cl)C3(Cl)C1C=CCC1C2(Cl)C3(Cl)Cl ,C1=CC2C3C=CC(C3)C2C1,-5.6400,-5.6541,0.0141,0.3611
scaffold,1,Linear,RDKit descriptors,801,c1ccc2c(c1)[nH]c3ccccc32,c1ccc2c(c1)[nH]c1ccccc12,-5.2700,-3.6949,1.5751,0.3684
scaffold,1,Linear,RDKit descriptors,807,CCCCc1c(C)nc(NCC)nc1OS(=O)(=O)N(C)C ,c1cncnc1,-4.1600,-2.9758,1.1842,0.4286
scaffold,1,Linear,RDKit descriptors,812,c1cc2ccc(OC)c(CC=C(C)(C))c2oc1=O ,O=c1ccc2ccccc2o1,-4.3140,-4.0174,0.2966,0.3673
scaffold,1,Linear,RDKit descriptors,819,c1ccc2cc3cc4ccccc4cc3cc2c1,c1ccc2cc3cc4ccccc4cc3cc2c1,-8.6000,-5.5509,3.0491,0.9091
scaffold,1,Linear,RDKit descriptors,829,CN(C)C(=O)OC1=CC(=O)CC(C)(C)C1 ,O=C1C=CCCC1,-0.8500,-2.5959,1.7459,0.2381
scaffold,1,Linear,RDKit descriptors,846,O=C1CNC(=O)N1 ,O=C1CNC(=O)N1,-0.4000,0.7196,1.1196,0.3684
scaffold,1,Linear,RDKit descriptors,849,CCOP(=S)(OCC)Oc2ccc1oc(=O)c(Cl)c(C)c1c2,O=c1ccc2ccccc2o1,-5.3820,-5.5949,0.2129,0.4118
scaffold,1,Linear,RDKit descriptors,852,O=c2[nH]c(=O)c1[nH]c(=O)[nH]c1[nH]2 ,O=c1[nH]c(=O)c2[nH]c(=O)[nH]c2[nH]1,-3.9300,0.4835,4.4135,0.2963
scaffold,1,Linear,RDKit descriptors,863,CC1(OC(=O)N(C1=O)c2cc(Cl)cc(Cl)c2)C=C,O=C1COC(=O)N1c1ccccc1,-4.9250,-4.3113,0.6137,0.4615
scaffold,1,Linear,RDKit descriptors,893,CCN(Cc1c(F)cccc1Cl)c2c(cc(cc2N(=O)=O)C(F)(F)F)N(=O)=O,c1ccc(CNc2ccccc2)cc1,-6.7800,-6.9378,0.1578,0.5472
scaffold,1,Linear,RDKit descriptors,899,ClC1C=CC2C1C3(Cl)C(=C(Cl)C2(Cl)C3(Cl)Cl)Cl,C1=CC2C3C=CC(C3)C2C1,-6.3170,-5.9838,0.3332,0.3824
scaffold,1,Linear,RDKit descriptors,916,c2ccc1[nH]ncc1c2 ,c1ccc2[nH]ncc2c1,-2.1600,-1.9214,0.2386,0.3571
scaffold,1,Linear,RDKit descriptors,918,Nc2nc1[nH]cnc1c(=O)[nH]2 ,O=c1[nH]cnc2[nH]cnc12,-3.5830,-0.3234,3.2596,0.3158
scaffold,1,Linear,RDKit descriptors,938,Nc1nc(O)nc2nc[nH]c12 ,c1ncc2[nH]cnc2n1,-3.4010,-0.7267,2.6743,0.2778
scaffold,1,Linear,RDKit descriptors,943,c2ccc1[nH]ccc1c2,c1ccc2[nH]ccc2c1,-1.5200,-2.4009,0.8809,0.3889
scaffold,1,Linear,RDKit descriptors,949,COC(=O)Nc2nc1ccc(cc1[nH]2)C(=O)c3ccccc3,O=C(c1ccccc1)c1ccc2nc[nH]c2c1,-3.8800,-4.2498,0.3698,0.3500
scaffold,1,Linear,RDKit descriptors,955,C1C=CCC=C1,C1=CCC=CC1,-2.0600,-1.7184,0.3416,0.2727
scaffold,1,Linear,RDKit descriptors,976,CC12CCC(CC1)C(C)(C)O2,C1CC2CCC1CO2,-1.7400,-2.8772,1.1372,0.3000
scaffold,1,Linear,RDKit descriptors,984,O=C2NC(=O)C1(CCCC1)C(=O)N2,O=C1NC(=O)C2(CCCC2)C(=O)N1,-2.3490,-0.7601,1.5889,0.9444
scaffold,1,Linear,RDKit descriptors,987,CN(C)C(=O)NC1CCCCCCC1,C1CCCCCCC1,-2.2180,-2.8361,0.6181,0.2973
scaffold,1,Linear,RDKit descriptors,991,CN(C)c2c(C)n(C)n(c1ccccc1)c2=O ,O=c1cc[nH]n1-c1ccccc1,-0.3640,-2.2174,1.8534,0.3030
scaffold,1,Linear,RDKit descriptors,1014,O=C1NCCN1c2ncc(s2)N(=O)=O,O=C1NCCN1c1nccs1,-3.2200,-1.6471,1.5729,0.2400
scaffold,1,Linear,RDKit descriptors,1015,C1c2ccccc2c3ccc4ccccc4c13,c1ccc2c(c1)Cc1c-2ccc2ccccc12,-6.6800,-4.7850,1.8950,0.4688
scaffold,1,Linear,RDKit descriptors,1022,N(=Nc1ccccc1)c2ccccc2,c1ccc(N=Nc2ccccc2)cc1,-4.4500,-4.5199,0.0699,0.4000
scaffold,1,Linear,RDKit descriptors,1037,c1c(O)C2C(=O)C3cc(O)ccC3OC2cc1(OC),O=C1C2C=CC=CC2OC2C=CC=CC12,-2.9430,-2.6183,0.3247,0.1667
scaffold,1,Linear,RDKit descriptors,1039,CC(=O)SC4CC1=CC(=O)CCC1(C)C5CCC2(C)C(CCC23CCC(=O)O3)C45,O=C1C=C2CCC3C(CCC4C3CCC43CCC(=O)O3)C2CC1,-4.1730,-6.2311,2.0581,0.4242
scaffold,1,Linear,RDKit descriptors,1054,Cc1cccc2c1ccc3ccccc32,c1ccc2c(c1)ccc1ccccc12,-5.8500,-4.5947,1.2553,0.7273
scaffold,1,Linear,RDKit descriptors,1061,COC1=CC(=O)CC(C)C13Oc2c(Cl)c(OC)cc(OC)c2C3=O,O=C1C=CC2(CC1)Oc1ccccc1C2=O,-3.2460,-4.1147,0.8687,0.1951
scaffold,1,Linear,RDKit descriptors,1085,CCOP(=S)(OCC)N2C(=O)c1ccccc1C2=O,O=C1NC(=O)c2ccccc21,-3.3500,-3.5556,0.2056,0.3208
scaffold,1,Linear,RDKit descriptors,1090,O=C(C=CC=Cc2ccc1OCOc1c2)N3CCCCC3,O=C(C=CC=Cc1ccc2c(c1)OCO2)N1CCCCC1,-3.4600,-3.8057,0.3457,0.1786
scaffold,1,Linear,RDKit descriptors,1093,O=C2NC(=O)C1(CCCCCCC1)C(=O)N2,O=C1NC(=O)C2(CCCCCCC2)C(=O)N1,-2.9820,-2.0433,0.9387,1.0000
scaffold,1,Linear,RDKit descriptors,1095,Oc2cc(O)c1C(=O)CC(Oc1c2)c3ccc(O)c(O)c3,O=C1CC(c2ccccc2)Oc2ccccc21,-3.6200,-3.6988,0.0788,0.1951
scaffold,1,Linear,RDKit descriptors,1106,CC(C)(C)C(=O)C(Oc1ccc(Cl)cc1)n2cncn2,c1ccc(OCn2cncn2)cc1,-3.6100,-4.1311,0.5211,0.3077
scaffold,1,Linear,RDKit descriptors,1110,CCOC(=O)Nc2cccc(OC(=O)Nc1ccccc1)c2 ,O=C(Nc1ccccc1)Oc1ccccc1,-4.6320,-5.0357,0.4037,0.4694
scaffold,1,Linear,RDKit descriptors,1115,O=C1NC(=O)C(=O)N1 ,O=C1NC(=O)C(=O)N1,-0.4000,0.9921,1.3921,0.4118
scaffold,1,MLP,RDKit descriptors,1,Cc1occc1C(=O)Nc2ccccc2,O=C(Nc1ccccc1)c1ccoc1,-3.3000,-3.3335,0.0335,0.4545
scaffold,1,MLP,RDKit descriptors,4,c1ccsc1,c1ccsc1,-1.3300,-1.4010,0.0710,0.2222
scaffold,1,MLP,RDKit descriptors,18,CCOP(=S)(OCC)Oc1cc(C)nc(n1)C(C)C,c1cncnc1,-3.6400,-4.0845,0.4445,0.4130
scaffold,1,MLP,RDKit descriptors,32,COC(=O)Nc1cccc(OC(=O)Nc2cccc(C)c2)c1,O=C(Nc1ccccc1)Oc1ccccc1,-4.8050,-4.6914,0.1136,0.4894
scaffold,1,MLP,RDKit descriptors,72,CC1(C)C2CCC1(C)C(=O)C2,O=C1CC2CCC1C2,-1.9600,-2.3274,0.3674,0.3030
scaffold,1,MLP,RDKit descriptors,86,CC(C)C(C(=O)OC(C#N)c1cccc(Oc2ccccc2)c1)c3ccc(OC(F)F)cc3,O=C(Cc1ccccc1)OCc1cccc(Oc2ccccc2)c1,-6.8760,-7.1437,0.2677,0.5333
scaffold,1,MLP,RDKit descriptors,92,c1ccc2c(c1)c3cccc4cccc2c34,c1ccc2c(c1)-c1cccc3cccc-2c13,-6.0000,-5.7657,0.2343,0.7368
scaffold,1,MLP,RDKit descriptors,98,C1OC1c2ccccc2 ,c1ccc(C2CO2)cc1,-1.6000,-1.1833,0.4167,0.3000
scaffold,1,MLP,RDKit descriptors,126,CCCCc1c(C)nc(nc1O)N(C)C ,c1cncnc1,-2.2400,-2.4392,0.1992,0.3448
scaffold,1,MLP,RDKit descriptors,160,CSc1nnc(c(=O)n1N)C(C)(C)C,O=c1cnnc[nH]1,-2.2530,-1.9326,0.3204,0.1923
scaffold,1,MLP,RDKit descriptors,176,CC1=CC(=O)CC(C)(C)C1 ,O=C1C=CCCC1,-1.0600,-2.1991,1.1391,0.2553
scaffold,1,MLP,RDKit descriptors,179,CCC1(CCC(=O)NC1=O)c2ccccc2 ,O=C1CCC(c2ccccc2)C(=O)N1,-2.3370,-2.3009,0.0361,0.3333
scaffold,1,MLP,RDKit descriptors,188,C1C(O)CCC2(C)CC3CCC4(C)C5(C)CC6OCC(C)CC6OC5CC4C3C=C21,C1=C2CCCCC2CC2CCC3C4CC5OCCCC5OC4CC3C12,-7.3200,-6.0834,1.2366,0.1875
scaffold,1,MLP,RDKit descriptors,195,CC(C)Oc1cc(c(Cl)cc1Cl)n2nc(oc2=O)C(C)(C)C,O=c1ocnn1-c1ccccc1,-5.6960,-5.0750,0.6210,0.2105
scaffold,1,MLP,RDKit descriptors,200,Nc1ccc(cc1)S(=O)(=O)c2ccc(N)cc2,O=S(=O)(c1ccccc1)c1ccccc1,-3.0940,-3.5056,0.4116,0.6500
scaffold,1,MLP,RDKit descriptors,213,CC12CCC(CC1)C(C)(C)O2 ,C1CC2CCC1CO2,-1.6400,-2.9580,1.3180,0.3000
scaffold,1,MLP,RDKit descriptors,217,CC(=C)C1CC=C(C)C(=O)C1,O=C1C=CCCC1,-2.0600,-2.3354,0.2754,0.4706
scaffold,1,MLP,RDKit descriptors,225,Cc3ccnc4N(C1CC1)c2ncccc2C(=O)Nc34 ,O=C1Nc2cccnc2N(C2CC2)c2ncccc21,-3.1900,-3.6137,0.4237,0.4909
scaffold,1,MLP,RDKit descriptors,260,CCOP(=S)(OCC)SC(CCl)N1C(=O)c2ccccc2C1=O,O=C1NC(=O)c2ccccc21,-6.3400,-4.6467,1.6933,0.3529
scaffold,1,MLP,RDKit descriptors,286,C(Cc1ccccc1)c2ccccc2,c1ccc(CCc2ccccc2)cc1,-4.6200,-4.5892,0.0308,0.6471
scaffold,1,MLP,RDKit descriptors,289,Cc1ccc2c(ccc3ccccc32)c1,c1ccc2c(c1)ccc1ccccc12,-5.8400,-5.4855,0.3545,0.6522
scaffold,1,MLP,RDKit descriptors,298,OCC1OC(CO)(OC2OC(COC3OC(CO)C(O)C(O)C3O)C(O)C(O)C2O)C(O)C1O,C1CCC(OCC2CCCC(OC3CCCO3)O2)OC1,-0.4100,-0.1205,0.2895,0.8421
scaffold,1,MLP,RDKit descriptors,309,OC1CCCCCCC1,C1CCCCCCC1,-1.2900,-1.8344,0.5444,1.0000
scaffold,1,MLP,RDKit descriptors,318,Nc1ncnc2nc[nH]c12 ,c1ncc2[nH]cnc2n1,-2.1200,-1.1508,0.9692,0.2432
scaffold,1,MLP,RDKit descriptors,320,COc1ccc(cc1)C(O)(C2CC2)c3cncnc3 ,c1ccc(C(c2cncnc2)C2CC2)cc1,-2.5960,-3.4398,0.8438,0.2895
scaffold,1,MLP,RDKit descriptors,336,o1c2ccccc2c3ccccc13,c1ccc2c(c1)oc1ccccc12,-4.6000,-4.0732,0.5268,0.3684
scaffold,1,MLP,RDKit descriptors,339,c3ccc2nc1ccccc1cc2c3,c1ccc2nc3ccccc3cc2c1,-3.6700,-3.7916,0.1216,0.5625
scaffold,1,MLP,RDKit descriptors,340,CC12CC(=O)C3C(CCC4=CC(=O)CCC34C)C2CCC1(O)C(=O)CO,O=C1C=C2CCC3C4CCCC4CC(=O)C3C2CC1,-3.1100,-3.4626,0.3526,0.6780
scaffold,1,MLP,RDKit descriptors,344,CCC(C)C(=O)OC2CC(C)C=C3C=CC(C)C(CCC1CC(O)CC(=O)O1)C23 ,O=C1CCCC(CCC2CC=CC3=CCCCC32)O1,-6.0050,-4.8318,1.1732,0.1774
scaffold,1,MLP,RDKit descriptors,353,CCC(C(CC)c1ccc(O)cc1)c2ccc(O)cc2,c1ccc(CCc2ccccc2)cc1,-4.4300,-5.1769,0.7469,0.4800
scaffold,1,MLP,RDKit descriptors,360,CN(C)C(=O)Nc1ccc(c(Cl)c1)n2nc(oc2=O)C(C)(C)C,O=c1ocnn1-c1ccccc1,-4.3280,-4.2866,0.0414,0.4898
scaffold,1,MLP,RDKit descriptors,365,c1cncnc1,c1cncnc1,1.1000,0.2695,0.8305,0.5000
scaffold,1,MLP,RDKit descriptors,373,CC2Nc1cc(Cl)c(cc1C(=O)N2c3ccccc3C)S(N)(=O)=O ,O=C1c2ccccc2NCN1c1ccccc1,-3.7800,-4.4088,0.6288,0.3429
scaffold,1,MLP,RDKit descriptors,381,OCC(O)C2OC1OC(OC1C2O)C(Cl)(Cl)Cl ,C1CC2OCOC2O1,-1.8400,-1.8905,0.0505,0.1765
scaffold,1,MLP,RDKit descriptors,386,Nc1nccs1 ,c1cscn1,-0.3600,-0.1938,0.1662,0.2143
scaffold,1,MLP,RDKit descriptors,394,CN(C(=O)NC(C)(C)c1ccccc1)c2ccccc2,O=C(NCc1ccccc1)Nc1ccccc1,-3.3500,-4.2727,0.9227,0.3784
scaffold,1,MLP,RDKit descriptors,412,CC(=O)Nc1nnc(s1)S(N)(=O)=O ,c1nncs1,-2.3600,-1.7711,0.5889,0.2703
scaffold,1,MLP,RDKit descriptors,414,ClC1=C(Cl)C2(Cl)C3C4CC(C=C4)C3C1(Cl)C2(Cl)Cl,C1=CC2CC1C1C3C=CC(C3)C21,-6.3070,-5.8972,0.4098,0.4839
scaffold,1,MLP,RDKit descriptors,422,ClC(Cl)C(Cl)(Cl)SN2C(=O)C1CC=CCC1C2=O ,O=C1NC(=O)C2CC=CCC12,-5.4000,-4.2829,1.1171,0.1935
scaffold,1,MLP,RDKit descriptors,448,NC(=O)NC1NC(=O)NC1=O ,O=C1CNC(=O)N1,-1.6000,-0.3289,1.2711,0.2105
scaffold,1,MLP,RDKit descriptors,449,OCC(O)COC(=O)c1ccccc1Nc2ccnc3cc(Cl)ccc23,c1ccc(Nc2ccnc3ccccc23)cc1,-4.5710,-4.7565,0.1855,0.2769
scaffold,1,MLP,RDKit descriptors,476,CN(C)C(=O)Oc1nc(nc(C)c1C)N(C)C,c1cncnc1,-1.9500,-2.3613,0.4113,0.3333
scaffold,1,MLP,RDKit descriptors,488,O=c2c(C3CCCc4ccccc43)c(O)c1ccccc1o2 ,O=c1oc2ccccc2cc1C1CCCc2ccccc21,-2.8400,-4.6740,1.8340,0.2619
scaffold,1,MLP,RDKit descriptors,495,Nc1cc(nc(N)n1=O)N2CCCCC2 ,c1cc(N2CCCCC2)nc[nH+]1,-1.9890,-1.9125,0.0765,0.1463
scaffold,1,MLP,RDKit descriptors,496,Nc2cccc3nc1ccccc1cc23 ,c1ccc2nc3ccccc3cc2c1,-4.2200,-3.1558,1.0642,0.5185
scaffold,1,MLP,RDKit descriptors,500,CCOP(=S)(OCC)SC(CCl)N2C(=O)c1ccccc1C2=O,O=C1NC(=O)c2ccccc21,-6.3400,-4.6467,1.6933,0.3529
scaffold,1,MLP,RDKit descriptors,504,CC1=C(CCCO1)C(=O)Nc2ccccc2 ,O=C(Nc1ccccc1)C1=COCCC1,-2.5600,-2.9818,0.4218,0.5581
scaffold,1,MLP,RDKit descriptors,512,Cc1c[nH]c2ccccc12 ,c1ccc2[nH]ccc2c1,-2.4200,-2.1988,0.2212,0.4348
scaffold,1,MLP,RDKit descriptors,518,CC(=O)N(S(=O)c1ccc(N)cc1)c2onc(C)c2C ,O=S(Nc1ccno1)c1ccccc1,-3.5900,-3.7518,0.1618,0.2708
scaffold,1,MLP,RDKit descriptors,536,CC3C2CCC1(C)C=CC(=O)C(=C1C2OC3=O)C,O=C1C=CC2CCC3CC(=O)OC3C2=C1,-3.0900,-2.7565,0.3335,0.2063
scaffold,1,MLP,RDKit descriptors,546,Cc2c(N)c(=O)n(c1ccccc1)n2C,O=c1cc[nH]n1-c1ccccc1,-0.6240,-1.7910,1.1670,0.3333
scaffold,1,MLP,RDKit descriptors,562,c1ccccc1C(O)C(O)c2ccccc2,c1ccc(CCc2ccccc2)cc1,-1.9300,-3.1814,1.2514,0.6471
scaffold,1,MLP,RDKit descriptors,579,c1ccc(cc1)c2ccc(cc2)c3ccccc3,c1ccc(-c2ccc(-c3ccccc3)cc2)cc1,-7.1100,-6.5234,0.5866,0.9000
scaffold,1,MLP,RDKit descriptors,582,Cc1cc(ccc1NS(=O)(=O)C(F)(F)F)S(=O)(=O)c2ccccc2,O=S(=O)(c1ccccc1)c1ccccc1,-3.8000,-4.5107,0.7107,0.4565
scaffold,1,MLP,RDKit descriptors,611,c1ccc2c(c1)ccc3ccccc32,c1ccc2c(c1)ccc1ccccc12,-5.2600,-5.0386,0.2214,0.8571
scaffold,1,MLP,RDKit descriptors,621,ClC(Cl)(Cl)C(NC=O)N1C=CN(C=C1)C(NC=O)C(Cl)(Cl)Cl ,C1=CNC=CN1,-4.1900,-3.6883,0.5017,0.2000
scaffold,1,MLP,RDKit descriptors,622,Cn2cc(c1ccccc1)c(=O)c(c2)c3cccc(c3)C(F)(F)F,O=c1c(-c2ccccc2)c[nH]cc1-c1ccccc1,-4.4450,-5.4748,1.0298,0.3714
scaffold,1,MLP,RDKit descriptors,624,CC12CCC3C(CCc4cc(O)ccc34)C2CCC1=O,O=C1CCC2C1CCC1c3ccccc3CCC12,-3.9550,-4.0854,0.1304,0.6250
scaffold,1,MLP,RDKit descriptors,626,CC1CO1,C1CO1,-0.5900,0.4888,1.0788,0.4118
scaffold,1,MLP,RDKit descriptors,637,c1ccc2c(c1)cc3ccc4cccc5ccc2c3c45,c1ccc2c(c1)cc1ccc3cccc4ccc2c1c34,-8.6990,-7.1846,1.5144,0.6522
scaffold,1,MLP,RDKit descriptors,647,Cc1cc(=O)[nH]c(=S)[nH]1,O=c1cc[nH]c(=S)[nH]1,-2.4360,-0.8098,1.6262,0.2581
scaffold,1,MLP,RDKit descriptors,652,CC1(C)CON(Cc2ccccc2Cl)C1=O,O=C1CCON1Cc1ccccc1,-2.3380,-3.0047,0.6667,0.2703
scaffold,1,MLP,RDKit descriptors,659,OC(Cn1cncn1)(Cn2cncn2)c3ccc(F)cc3F ,c1ccc(C(Cn2cncn2)Cn2cncn2)cc1,-1.8000,-3.0333,1.2333,0.5417
scaffold,1,MLP,RDKit descriptors,676,c1cc2ccc3ccc4ccc5cccc6c(c1)c2c3c4c56,c1cc2ccc3ccc4ccc5cccc6c(c1)c2c3c4c56,-9.0180,-7.7360,1.2820,0.8235
scaffold,1,MLP,RDKit descriptors,678,c1c(OC)c(OC)C2C(=O)OCC2c1,O=C1OCC2C=CC=CC12,-1.8990,-1.1608,0.7382,0.2000
scaffold,1,MLP,RDKit descriptors,683,Cc1cc(=O)n(c2ccccc2)n1C,O=c1cc[nH]n1-c1ccccc1,0.7150,-1.5446,2.2596,0.3250
scaffold,1,MLP,RDKit descriptors,702,CC(=O)OCC(=O)C3(O)CCC4C2CCC1=CC(=O)CCC1(C)C2C(=O)CC34C ,O=C1C=C2CCC3C4CCCC4CC(=O)C3C2CC1,-4.2100,-3.9274,0.2826,0.7031
scaffold,1,MLP,RDKit descriptors,708,CN(C)C(=O)NC1CC2CC1C3CCCC23,C1CC2C3CCC(C3)C2C1,-3.1710,-2.1002,1.0708,0.2381
scaffold,1,MLP,RDKit descriptors,724,O=C1NC(=O)c2ccccc12 ,O=C1NC(=O)c2ccccc21,-2.6100,-0.6924,1.9176,0.3333
scaffold,1,MLP,RDKit descriptors,730,CCC2NC(=O)c1cc(c(Cl)cc1N2)S(N)(=O)=O,O=C1NCNc2ccccc21,-3.2900,-2.8435,0.4465,0.3889
scaffold,1,MLP,RDKit descriptors,733,C1(=O)NC(=O)NC(=O)C1(O)C2(O)C(=O)NC(=O)NC2(=O),O=C1NC(=O)C(C2C(=O)NC(=O)NC2=O)C(=O)N1,-1.9900,-0.9183,1.0717,0.4737
scaffold,1,MLP,RDKit descriptors,754,COc2cc1c(N)nc(nc1c(OC)c2OC)N3CCN(CC3)C(=O)OCC(C)(C)O ,c1ccc2nc(N3CCNCC3)ncc2c1,-3.6380,-3.6111,0.0269,0.1972
scaffold,1,MLP,RDKit descriptors,771,C1CCCCCCC1,C1CCCCCCC1,-4.1500,-4.1008,0.0492,1.0000
scaffold,1,MLP,RDKit descriptors,775,Clc1ccc(CN(C2CCCC2)C(=O)Nc3ccccc3)cc1,O=C(Nc1ccccc1)N(Cc1ccccc1)C1CCCC1,-5.9150,-5.7573,0.1577,0.4000
scaffold,1,MLP,RDKit descriptors,780,c1ccc2c3c(ccc2c1)c4cccc5cccc3c45,c1ccc2c3c(ccc2c1)-c1cccc2cccc-3c12,-8.0000,-7.0756,0.9244,0.5000
scaffold,1,MLP,RDKit descriptors,792,OC1C=CC2C1C3(Cl)C(=C(Cl)C2(Cl)C3(Cl)Cl)Cl ,C1=CC2C3C=CC(C3)C2C1,-5.4600,-4.6636,0.7964,0.3714
scaffold,1,MLP,RDKit descriptors,797,CC2(C)C1CCC(C)(C1)C2=O,O=C1CC2CCC1C2,-1.8500,-2.3274,0.4774,0.2647
scaffold,1,MLP,RDKit descriptors,799,ClC2=C(Cl)C3(Cl)C1C=CCC1C2(Cl)C3(Cl)Cl ,C1=CC2C3C=CC(C3)C2C1,-5.6400,-5.6229,0.0171,0.3611
scaffold,1,MLP,RDKit descriptors,801,c1ccc2c(c1)[nH]c3ccccc32,c1ccc2c(c1)[nH]c1ccccc12,-5.2700,-3.6054,1.6646,0.3684
scaffold,1,MLP,RDKit descriptors,807,CCCCc1c(C)nc(NCC)nc1OS(=O)(=O)N(C)C ,c1cncnc1,-4.1600,-2.8598,1.3002,0.4286
scaffold,1,MLP,RDKit descriptors,812,c1cc2ccc(OC)c(CC=C(C)(C))c2oc1=O ,O=c1ccc2ccccc2o1,-4.3140,-3.7341,0.5799,0.3673
scaffold,1,MLP,RDKit descriptors,819,c1ccc2cc3cc4ccccc4cc3cc2c1,c1ccc2cc3cc4ccccc4cc3cc2c1,-8.6000,-6.6100,1.9900,0.9091
scaffold,1,MLP,RDKit descriptors,829,CN(C)C(=O)OC1=CC(=O)CC(C)(C)C1 ,O=C1C=CCCC1,-0.8500,-2.0985,1.2485,0.2381
scaffold,1,MLP,RDKit descriptors,846,O=C1CNC(=O)N1 ,O=C1CNC(=O)N1,-0.4000,0.5250,0.9250,0.3684
scaffold,1,MLP,RDKit descriptors,849,CCOP(=S)(OCC)Oc2ccc1oc(=O)c(Cl)c(C)c1c2,O=c1ccc2ccccc2o1,-5.3820,-5.1636,0.2184,0.4118
scaffold,1,MLP,RDKit descriptors,852,O=c2[nH]c(=O)c1[nH]c(=O)[nH]c1[nH]2 ,O=c1[nH]c(=O)c2[nH]c(=O)[nH]c2[nH]1,-3.9300,-1.0906,2.8394,0.2963
scaffold,1,MLP,RDKit descriptors,863,CC1(OC(=O)N(C1=O)c2cc(Cl)cc(Cl)c2)C=C,O=C1COC(=O)N1c1ccccc1,-4.9250,-3.9235,1.0015,0.4615
scaffold,1,MLP,RDKit descriptors,893,CCN(Cc1c(F)cccc1Cl)c2c(cc(cc2N(=O)=O)C(F)(F)F)N(=O)=O,c1ccc(CNc2ccccc2)cc1,-6.7800,-6.2063,0.5737,0.5472
scaffold,1,MLP,RDKit descriptors,899,ClC1C=CC2C1C3(Cl)C(=C(Cl)C2(Cl)C3(Cl)Cl)Cl,C1=CC2C3C=CC(C3)C2C1,-6.3170,-5.8795,0.4375,0.3824
scaffold,1,MLP,RDKit descriptors,916,c2ccc1[nH]ncc1c2 ,c1ccc2[nH]ncc2c1,-2.1600,-1.0457,1.1143,0.3571
scaffold,1,MLP,RDKit descriptors,918,Nc2nc1[nH]cnc1c(=O)[nH]2 ,O=c1[nH]cnc2[nH]cnc12,-3.5830,-1.3383,2.2447,0.3158
scaffold,1,MLP,RDKit descriptors,938,Nc1nc(O)nc2nc[nH]c12 ,c1ncc2[nH]cnc2n1,-3.4010,-1.6134,1.7876,0.2778
scaffold,1,MLP,RDKit descriptors,943,c2ccc1[nH]ccc1c2,c1ccc2[nH]ccc2c1,-1.5200,-1.7772,0.2572,0.3889
scaffold,1,MLP,RDKit descriptors,949,COC(=O)Nc2nc1ccc(cc1[nH]2)C(=O)c3ccccc3,O=C(c1ccccc1)c1ccc2nc[nH]c2c1,-3.8800,-4.4089,0.5289,0.3500
scaffold,1,MLP,RDKit descriptors,955,C1C=CCC=C1,C1=CCC=CC1,-2.0600,-2.0832,0.0232,0.2727
scaffold,1,MLP,RDKit descriptors,976,CC12CCC(CC1)C(C)(C)O2,C1CC2CCC1CO2,-1.7400,-2.9580,1.2180,0.3000
scaffold,1,MLP,RDKit descriptors,984,O=C2NC(=O)C1(CCCC1)C(=O)N2,O=C1NC(=O)C2(CCCC2)C(=O)N1,-2.3490,-1.2684,1.0806,0.9444
scaffold,1,MLP,RDKit descriptors,987,CN(C)C(=O)NC1CCCCCCC1,C1CCCCCCC1,-2.2180,-2.2794,0.0614,0.2973
scaffold,1,MLP,RDKit descriptors,991,CN(C)c2c(C)n(C)n(c1ccccc1)c2=O ,O=c1cc[nH]n1-c1ccccc1,-0.3640,-2.1956,1.8316,0.3030
scaffold,1,MLP,RDKit descriptors,1014,O=C1NCCN1c2ncc(s2)N(=O)=O,O=C1NCCN1c1nccs1,-3.2200,-2.2666,0.9534,0.2400
scaffold,1,MLP,RDKit descriptors,1015,C1c2ccccc2c3ccc4ccccc4c13,c1ccc2c(c1)Cc1c-2ccc2ccccc12,-6.6800,-5.6127,1.0673,0.4688
scaffold,1,MLP,RDKit descriptors,1022,N(=Nc1ccccc1)c2ccccc2,c1ccc(N=Nc2ccccc2)cc1,-4.4500,-4.9239,0.4739,0.4000
scaffold,1,MLP,RDKit descriptors,1037,c1c(O)C2C(=O)C3cc(O)ccC3OC2cc1(OC),O=C1C2C=CC=CC2OC2C=CC=CC12,-2.9430,-2.7701,0.1729,0.1667
scaffold,1,MLP,RDKit descriptors,1039,CC(=O)SC4CC1=CC(=O)CCC1(C)C5CCC2(C)C(CCC23CCC(=O)O3)C45,O=C1C=C2CCC3C(CCC4C3CCC43CCC(=O)O3)C2CC1,-4.1730,-5.7627,1.5897,0.4242
scaffold,1,MLP,RDKit descriptors,1054,Cc1cccc2c1ccc3ccccc32,c1ccc2c(c1)ccc1ccccc12,-5.8500,-5.4855,0.3645,0.7273
scaffold,1,MLP,RDKit descriptors,1061,COC1=CC(=O)CC(C)C13Oc2c(Cl)c(OC)cc(OC)c2C3=O,O=C1C=CC2(CC1)Oc1ccccc1C2=O,-3.2460,-3.9887,0.7427,0.1951
scaffold,1,MLP,RDKit descriptors,1085,CCOP(=S)(OCC)N2C(=O)c1ccccc1C2=O,O=C1NC(=O)c2ccccc21,-3.3500,-3.3467,0.0033,0.3208
scaffold,1,MLP,RDKit descriptors,1090,O=C(C=CC=Cc2ccc1OCOc1c2)N3CCCCC3,O=C(C=CC=Cc1ccc2c(c1)OCO2)N1CCCCC1,-3.4600,-3.5789,0.1189,0.1786
scaffold,1,MLP,RDKit descriptors,1093,O=C2NC(=O)C1(CCCCCCC1)C(=O)N2,O=C1NC(=O)C2(CCCCCCC2)C(=O)N1,-2.9820,-2.4026,0.5794,1.0000
scaffold,1,MLP,RDKit descriptors,1095,Oc2cc(O)c1C(=O)CC(Oc1c2)c3ccc(O)c(O)c3,O=C1CC(c2ccccc2)Oc2ccccc21,-3.6200,-4.0708,0.4508,0.1951
scaffold,1,MLP,RDKit descriptors,1106,CC(C)(C)C(=O)C(Oc1ccc(Cl)cc1)n2cncn2,c1ccc(OCn2cncn2)cc1,-3.6100,-4.0415,0.4315,0.3077
scaffold,1,MLP,RDKit descriptors,1110,CCOC(=O)Nc2cccc(OC(=O)Nc1ccccc1)c2 ,O=C(Nc1ccccc1)Oc1ccccc1,-4.6320,-4.7015,0.0695,0.4694
scaffold,1,MLP,RDKit descriptors,1115,O=C1NC(=O)C(=O)N1 ,O=C1NC(=O)C(=O)N1,-0.4000,0.2835,0.6835,0.4118
scaffold,1,GCN,Molecular graph,1,Cc1occc1C(=O)Nc2ccccc2,O=C(Nc1ccccc1)c1ccoc1,-3.3000,-2.9150,0.3850,0.4545
scaffold,1,GCN,Molecular graph,4,c1ccsc1,c1ccsc1,-1.3300,1.4164,2.7464,0.2222
scaffold,1,GCN,Molecular graph,18,CCOP(=S)(OCC)Oc1cc(C)nc(n1)C(C)C,c1cncnc1,-3.6400,-4.7806,1.1406,0.4130
scaffold,1,GCN,Molecular graph,32,COC(=O)Nc1cccc(OC(=O)Nc2cccc(C)c2)c1,O=C(Nc1ccccc1)Oc1ccccc1,-4.8050,-3.6557,1.1493,0.4894
scaffold,1,GCN,Molecular graph,72,CC1(C)C2CCC1(C)C(=O)C2,O=C1CC2CCC1C2,-1.9600,-4.3042,2.3442,0.3030
scaffold,1,GCN,Molecular graph,86,CC(C)C(C(=O)OC(C#N)c1cccc(Oc2ccccc2)c1)c3ccc(OC(F)F)cc3,O=C(Cc1ccccc1)OCc1cccc(Oc2ccccc2)c1,-6.8760,-5.9908,0.8852,0.5333
scaffold,1,GCN,Molecular graph,92,c1ccc2c(c1)c3cccc4cccc2c34,c1ccc2c(c1)-c1cccc3cccc-2c13,-6.0000,-7.4091,1.4091,0.7368
scaffold,1,GCN,Molecular graph,98,C1OC1c2ccccc2 ,c1ccc(C2CO2)cc1,-1.6000,-2.1570,0.5570,0.3000
scaffold,1,GCN,Molecular graph,126,CCCCc1c(C)nc(nc1O)N(C)C ,c1cncnc1,-2.2400,-3.0804,0.8404,0.3448
scaffold,1,GCN,Molecular graph,160,CSc1nnc(c(=O)n1N)C(C)(C)C,O=c1cnnc[nH]1,-2.2530,-2.6503,0.3973,0.1923
scaffold,1,GCN,Molecular graph,176,CC1=CC(=O)CC(C)(C)C1 ,O=C1C=CCCC1,-1.0600,-3.0894,2.0294,0.2553
scaffold,1,GCN,Molecular graph,179,CCC1(CCC(=O)NC1=O)c2ccccc2 ,O=C1CCC(c2ccccc2)C(=O)N1,-2.3370,-2.7228,0.3858,0.3333
scaffold,1,GCN,Molecular graph,188,C1C(O)CCC2(C)CC3CCC4(C)C5(C)CC6OCC(C)CC6OC5CC4C3C=C21,C1=C2CCCCC2CC2CCC3C4CC5OCCCC5OC4CC3C12,-7.3200,-4.7779,2.5421,0.1875
scaffold,1,GCN,Molecular graph,195,CC(C)Oc1cc(c(Cl)cc1Cl)n2nc(oc2=O)C(C)(C)C,O=c1ocnn1-c1ccccc1,-5.6960,-4.8970,0.7990,0.2105
scaffold,1,GCN,Molecular graph,200,Nc1ccc(cc1)S(=O)(=O)c2ccc(N)cc2,O=S(=O)(c1ccccc1)c1ccccc1,-3.0940,-2.7939,0.3001,0.6500
scaffold,1,GCN,Molecular graph,213,CC12CCC(CC1)C(C)(C)O2 ,C1CC2CCC1CO2,-1.6400,-3.8791,2.2391,0.3000
scaffold,1,GCN,Molecular graph,217,CC(=C)C1CC=C(C)C(=O)C1,O=C1C=CCCC1,-2.0600,-3.1259,1.0659,0.4706
scaffold,1,GCN,Molecular graph,225,Cc3ccnc4N(C1CC1)c2ncccc2C(=O)Nc34 ,O=C1Nc2cccnc2N(C2CC2)c2ncccc21,-3.1900,-3.7235,0.5335,0.4909
scaffold,1,GCN,Molecular graph,260,CCOP(=S)(OCC)SC(CCl)N1C(=O)c2ccccc2C1=O,O=C1NC(=O)c2ccccc21,-6.3400,-5.5745,0.7655,0.3529
scaffold,1,GCN,Molecular graph,286,C(Cc1ccccc1)c2ccccc2,c1ccc(CCc2ccccc2)cc1,-4.6200,-3.9266,0.6934,0.6471
scaffold,1,GCN,Molecular graph,289,Cc1ccc2c(ccc3ccccc32)c1,c1ccc2c(c1)ccc1ccccc12,-5.8400,-6.1326,0.2926,0.6522
scaffold,1,GCN,Molecular graph,298,OCC1OC(CO)(OC2OC(COC3OC(CO)C(O)C(O)C3O)C(O)C(O)C2O)C(O)C1O,C1CCC(OCC2CCCC(OC3CCCO3)O2)OC1,-0.4100,0.4450,0.8550,0.8421
scaffold,1,GCN,Molecular graph,309,OC1CCCCCCC1,C1CCCCCCC1,-1.2900,-1.3585,0.0685,1.0000
scaffold,1,GCN,Molecular graph,318,Nc1ncnc2nc[nH]c12 ,c1ncc2[nH]cnc2n1,-2.1200,-0.9912,1.1288,0.2432
scaffold,1,GCN,Molecular graph,320,COc1ccc(cc1)C(O)(C2CC2)c3cncnc3 ,c1ccc(C(c2cncnc2)C2CC2)cc1,-2.5960,-3.2396,0.6436,0.2895
scaffold,1,GCN,Molecular graph,336,o1c2ccccc2c3ccccc13,c1ccc2c(c1)oc1ccccc12,-4.6000,-5.9678,1.3678,0.3684
scaffold,1,GCN,Molecular graph,339,c3ccc2nc1ccccc1cc2c3,c1ccc2nc3ccccc3cc2c1,-3.6700,-5.2378,1.5678,0.5625
scaffold,1,GCN,Molecular graph,340,CC12CC(=O)C3C(CCC4=CC(=O)CCC34C)C2CCC1(O)C(=O)CO,O=C1C=C2CCC3C4CCCC4CC(=O)C3C2CC1,-3.1100,-3.7426,0.6326,0.6780
scaffold,1,GCN,Molecular graph,344,CCC(C)C(=O)OC2CC(C)C=C3C=CC(C)C(CCC1CC(O)CC(=O)O1)C23 ,O=C1CCCC(CCC2CC=CC3=CCCCC32)O1,-6.0050,-4.1774,1.8276,0.1774
scaffold,1,GCN,Molecular graph,353,CCC(C(CC)c1ccc(O)cc1)c2ccc(O)cc2,c1ccc(CCc2ccccc2)cc1,-4.4300,-3.9359,0.4941,0.4800
scaffold,1,GCN,Molecular graph,360,CN(C)C(=O)Nc1ccc(c(Cl)c1)n2nc(oc2=O)C(C)(C)C,O=c1ocnn1-c1ccccc1,-4.3280,-4.0590,0.2690,0.4898
scaffold,1,GCN,Molecular graph,365,c1cncnc1,c1cncnc1,1.1000,2.0267,0.9267,0.5000
scaffold,1,GCN,Molecular graph,373,CC2Nc1cc(Cl)c(cc1C(=O)N2c3ccccc3C)S(N)(=O)=O ,O=C1c2ccccc2NCN1c1ccccc1,-3.7800,-4.1752,0.3952,0.3429
scaffold,1,GCN,Molecular graph,381,OCC(O)C2OC1OC(OC1C2O)C(Cl)(Cl)Cl ,C1CC2OCOC2O1,-1.8400,-1.4362,0.4038,0.1765
scaffold,1,GCN,Molecular graph,386,Nc1nccs1 ,c1cscn1,-0.3600,0.4537,0.8137,0.2143
scaffold,1,GCN,Molecular graph,394,CN(C(=O)NC(C)(C)c1ccccc1)c2ccccc2,O=C(NCc1ccccc1)Nc1ccccc1,-3.3500,-4.0703,0.7203,0.3784
scaffold,1,GCN,Molecular graph,412,CC(=O)Nc1nnc(s1)S(N)(=O)=O ,c1nncs1,-2.3600,-1.9460,0.4140,0.2703
scaffold,1,GCN,Molecular graph,414,ClC1=C(Cl)C2(Cl)C3C4CC(C=C4)C3C1(Cl)C2(Cl)Cl,C1=CC2CC1C1C3C=CC(C3)C21,-6.3070,-6.9933,0.6863,0.4839
scaffold,1,GCN,Molecular graph,422,ClC(Cl)C(Cl)(Cl)SN2C(=O)C1CC=CCC1C2=O ,O=C1NC(=O)C2CC=CCC12,-5.4000,-4.8381,0.5619,0.1935
scaffold,1,GCN,Molecular graph,448,NC(=O)NC1NC(=O)NC1=O ,O=C1CNC(=O)N1,-1.6000,-0.8248,0.7752,0.2105
scaffold,1,GCN,Molecular graph,449,OCC(O)COC(=O)c1ccccc1Nc2ccnc3cc(Cl)ccc23,c1ccc(Nc2ccnc3ccccc23)cc1,-4.5710,-4.0402,0.5308,0.2769
scaffold,1,GCN,Molecular graph,476,CN(C)C(=O)Oc1nc(nc(C)c1C)N(C)C,c1cncnc1,-1.9500,-2.8085,0.8585,0.3333
scaffold,1,GCN,Molecular graph,488,O=c2c(C3CCCc4ccccc43)c(O)c1ccccc1o2 ,O=c1oc2ccccc2cc1C1CCCc2ccccc21,-2.8400,-4.0736,1.2336,0.2619
scaffold,1,GCN,Molecular graph,495,Nc1cc(nc(N)n1=O)N2CCCCC2 ,c1cc(N2CCCCC2)nc[nH+]1,-1.9890,-2.1787,0.1897,0.1463
scaffold,1,GCN,Molecular graph,496,Nc2cccc3nc1ccccc1cc23 ,c1ccc2nc3ccccc3cc2c1,-4.2200,-4.6738,0.4538,0.5185
scaffold,1,GCN,Molecular graph,500,CCOP(=S)(OCC)SC(CCl)N2C(=O)c1ccccc1C2=O,O=C1NC(=O)c2ccccc21,-6.3400,-5.5745,0.7655,0.3529
scaffold,1,GCN,Molecular graph,504,CC1=C(CCCO1)C(=O)Nc2ccccc2 ,O=C(Nc1ccccc1)C1=COCCC1,-2.5600,-3.3232,0.7632,0.5581
scaffold,1,GCN,Molecular graph,512,Cc1c[nH]c2ccccc12 ,c1ccc2[nH]ccc2c1,-2.4200,-3.5740,1.1540,0.4348
scaffold,1,GCN,Molecular graph,518,CC(=O)N(S(=O)c1ccc(N)cc1)c2onc(C)c2C ,O=S(Nc1ccno1)c1ccccc1,-3.5900,-2.7796,0.8104,0.2708
scaffold,1,GCN,Molecular graph,536,CC3C2CCC1(C)C=CC(=O)C(=C1C2OC3=O)C,O=C1C=CC2CCC3CC(=O)OC3C2=C1,-3.0900,-4.0849,0.9949,0.2063
scaffold,1,GCN,Molecular graph,546,Cc2c(N)c(=O)n(c1ccccc1)n2C,O=c1cc[nH]n1-c1ccccc1,-0.6240,-2.4820,1.8580,0.3333
scaffold,1,GCN,Molecular graph,562,c1ccccc1C(O)C(O)c2ccccc2,c1ccc(CCc2ccccc2)cc1,-1.9300,-1.6738,0.2562,0.6471
scaffold,1,GCN,Molecular graph,579,c1ccc(cc1)c2ccc(cc2)c3ccccc3,c1ccc(-c2ccc(-c3ccccc3)cc2)cc1,-7.1100,-4.7315,2.3785,0.9000
scaffold,1,GCN,Molecular graph,582,Cc1cc(ccc1NS(=O)(=O)C(F)(F)F)S(=O)(=O)c2ccccc2,O=S(=O)(c1ccccc1)c1ccccc1,-3.8000,-3.8329,0.0329,0.4565
scaffold,1,GCN,Molecular graph,611,c1ccc2c(c1)ccc3ccccc32,c1ccc2c(c1)ccc1ccccc12,-5.2600,-5.6855,0.4255,0.8571
scaffold,1,GCN,Molecular graph,621,ClC(Cl)(Cl)C(NC=O)N1C=CN(C=C1)C(NC=O)C(Cl)(Cl)Cl ,C1=CNC=CN1,-4.1900,-3.6306,0.5594,0.2000
scaffold,1,GCN,Molecular graph,622,Cn2cc(c1ccccc1)c(=O)c(c2)c3cccc(c3)C(F)(F)F,O=c1c(-c2ccccc2)c[nH]cc1-c1ccccc1,-4.4450,-5.5366,1.0916,0.3714
scaffold,1,GCN,Molecular graph,624,CC12CCC3C(CCc4cc(O)ccc34)C2CCC1=O,O=C1CCC2C1CCC1c3ccccc3CCC12,-3.9550,-4.5178,0.5628,0.6250
scaffold,1,GCN,Molecular graph,626,CC1CO1,C1CO1,-0.5900,0.4803,1.0703,0.4118
scaffold,1,GCN,Molecular graph,637,c1ccc2c(c1)cc3ccc4cccc5ccc2c3c45,c1ccc2c(c1)cc1ccc3cccc4ccc2c1c34,-8.6990,-8.3024,0.3966,0.6522
scaffold,1,GCN,Molecular graph,647,Cc1cc(=O)[nH]c(=S)[nH]1,O=c1cc[nH]c(=S)[nH]1,-2.4360,-1.8212,0.6148,0.2581
scaffold,1,GCN,Molecular graph,652,CC1(C)CON(Cc2ccccc2Cl)C1=O,O=C1CCON1Cc1ccccc1,-2.3380,-3.4184,1.0804,0.2703
scaffold,1,GCN,Molecular graph,659,OC(Cn1cncn1)(Cn2cncn2)c3ccc(F)cc3F ,c1ccc(C(Cn2cncn2)Cn2cncn2)cc1,-1.8000,-1.7973,0.0027,0.5417
scaffold,1,GCN,Molecular graph,676,c1cc2ccc3ccc4ccc5cccc6c(c1)c2c3c4c56,c1cc2ccc3ccc4ccc5cccc6c(c1)c2c3c4c56,-9.0180,-9.2355,0.2175,0.8235
scaffold,1,GCN,Molecular graph,678,c1c(OC)c(OC)C2C(=O)OCC2c1,O=C1OCC2C=CC=CC12,-1.8990,-3.0321,1.1331,0.2000
scaffold,1,GCN,Molecular graph,683,Cc1cc(=O)n(c2ccccc2)n1C,O=c1cc[nH]n1-c1ccccc1,0.7150,-2.6269,3.3419,0.3250
scaffold,1,GCN,Molecular graph,702,CC(=O)OCC(=O)C3(O)CCC4C2CCC1=CC(=O)CCC1(C)C2C(=O)CC34C ,O=C1C=C2CCC3C4CCCC4CC(=O)C3C2CC1,-4.2100,-4.0122,0.1978,0.7031
scaffold,1,GCN,Molecular graph,708,CN(C)C(=O)NC1CC2CC1C3CCCC23,C1CC2C3CCC(C3)C2C1,-3.1710,-4.2611,1.0901,0.2381
scaffold,1,GCN,Molecular graph,724,O=C1NC(=O)c2ccccc12 ,O=C1NC(=O)c2ccccc21,-2.6100,-3.0140,0.4040,0.3333
scaffold,1,GCN,Molecular graph,730,CCC2NC(=O)c1cc(c(Cl)cc1N2)S(N)(=O)=O,O=C1NCNc2ccccc21,-3.2900,-3.6115,0.3215,0.3889
scaffold,1,GCN,Molecular graph,733,C1(=O)NC(=O)NC(=O)C1(O)C2(O)C(=O)NC(=O)NC2(=O),O=C1NC(=O)C(C2C(=O)NC(=O)NC2=O)C(=O)N1,-1.9900,-1.5520,0.4380,0.4737
scaffold,1,GCN,Molecular graph,754,COc2cc1c(N)nc(nc1c(OC)c2OC)N3CCN(CC3)C(=O)OCC(C)(C)O ,c1ccc2nc(N3CCNCC3)ncc2c1,-3.6380,-3.5116,0.1264,0.1972
scaffold,1,GCN,Molecular graph,771,C1CCCCCCC1,C1CCCCCCC1,-4.1500,-3.0330,1.1170,1.0000
scaffold,1,GCN,Molecular graph,775,Clc1ccc(CN(C2CCCC2)C(=O)Nc3ccccc3)cc1,O=C(Nc1ccccc1)N(Cc1ccccc1)C1CCCC1,-5.9150,-5.2662,0.6488,0.4000
scaffold,1,GCN,Molecular graph,780,c1ccc2c3c(ccc2c1)c4cccc5cccc3c45,c1ccc2c3c(ccc2c1)-c1cccc2cccc-3c12,-8.0000,-8.1116,0.1116,0.5000
scaffold,1,GCN,Molecular graph,792,OC1C=CC2C1C3(Cl)C(=C(Cl)C2(Cl)C3(Cl)Cl)Cl ,C1=CC2C3C=CC(C3)C2C1,-5.4600,-5.9546,0.4946,0.3714
scaffold,1,GCN,Molecular graph,797,CC2(C)C1CCC(C)(C1)C2=O,O=C1CC2CCC1C2,-1.8500,-4.3096,2.4596,0.2647
scaffold,1,GCN,Molecular graph,799,ClC2=C(Cl)C3(Cl)C1C=CCC1C2(Cl)C3(Cl)Cl ,C1=CC2C3C=CC(C3)C2C1,-5.6400,-6.4289,0.7889,0.3611
scaffold,1,GCN,Molecular graph,801,c1ccc2c(c1)[nH]c3ccccc32,c1ccc2c(c1)[nH]c1ccccc12,-5.2700,-5.8405,0.5705,0.3684
scaffold,1,GCN,Molecular graph,807,CCCCc1c(C)nc(NCC)nc1OS(=O)(=O)N(C)C ,c1cncnc1,-4.1600,-3.3089,0.8511,0.4286
scaffold,1,GCN,Molecular graph,812,c1cc2ccc(OC)c(CC=C(C)(C))c2oc1=O ,O=c1ccc2ccccc2o1,-4.3140,-4.7536,0.4396,0.3673
scaffold,1,GCN,Molecular graph,819,c1ccc2cc3cc4ccccc4cc3cc2c1,c1ccc2cc3cc4ccccc4cc3cc2c1,-8.6000,-7.0463,1.5537,0.9091
scaffold,1,GCN,Molecular graph,829,CN(C)C(=O)OC1=CC(=O)CC(C)(C)C1 ,O=C1C=CCCC1,-0.8500,-2.6726,1.8226,0.2381
scaffold,1,GCN,Molecular graph,846,O=C1CNC(=O)N1 ,O=C1CNC(=O)N1,-0.4000,0.0523,0.4523,0.3684
scaffold,1,GCN,Molecular graph,849,CCOP(=S)(OCC)Oc2ccc1oc(=O)c(Cl)c(C)c1c2,O=c1ccc2ccccc2o1,-5.3820,-6.1121,0.7301,0.4118
scaffold,1,GCN,Molecular graph,852,O=c2[nH]c(=O)c1[nH]c(=O)[nH]c1[nH]2 ,O=c1[nH]c(=O)c2[nH]c(=O)[nH]c2[nH]1,-3.9300,-2.2143,1.7157,0.2963
scaffold,1,GCN,Molecular graph,863,CC1(OC(=O)N(C1=O)c2cc(Cl)cc(Cl)c2)C=C,O=C1COC(=O)N1c1ccccc1,-4.9250,-4.6137,0.3113,0.4615
scaffold,1,GCN,Molecular graph,893,CCN(Cc1c(F)cccc1Cl)c2c(cc(cc2N(=O)=O)C(F)(F)F)N(=O)=O,c1ccc(CNc2ccccc2)cc1,-6.7800,-6.1032,0.6768,0.5472
scaffold,1,GCN,Molecular graph,899,ClC1C=CC2C1C3(Cl)C(=C(Cl)C2(Cl)C3(Cl)Cl)Cl,C1=CC2C3C=CC(C3)C2C1,-6.3170,-6.6609,0.3439,0.3824
scaffold,1,GCN,Molecular graph,916,c2ccc1[nH]ncc1c2 ,c1ccc2[nH]ncc2c1,-2.1600,-1.3407,0.8193,0.3571
scaffold,1,GCN,Molecular graph,918,Nc2nc1[nH]cnc1c(=O)[nH]2 ,O=c1[nH]cnc2[nH]cnc12,-3.5830,-1.9757,1.6073,0.3158
scaffold,1,GCN,Molecular graph,938,Nc1nc(O)nc2nc[nH]c12 ,c1ncc2[nH]cnc2n1,-3.4010,-1.5506,1.8504,0.2778
scaffold,1,GCN,Molecular graph,943,c2ccc1[nH]ccc1c2,c1ccc2[nH]ccc2c1,-1.5200,-2.9807,1.4607,0.3889
scaffold,1,GCN,Molecular graph,949,COC(=O)Nc2nc1ccc(cc1[nH]2)C(=O)c3ccccc3,O=C(c1ccccc1)c1ccc2nc[nH]c2c1,-3.8800,-4.0980,0.2180,0.3500
scaffold,1,GCN,Molecular graph,955,C1C=CCC=C1,C1=CCC=CC1,-2.0600,-2.6451,0.5851,0.2727
scaffold,1,GCN,Molecular graph,976,CC12CCC(CC1)C(C)(C)O2,C1CC2CCC1CO2,-1.7400,-3.8791,2.1391,0.3000
scaffold,1,GCN,Molecular graph,984,O=C2NC(=O)C1(CCCC1)C(=O)N2,O=C1NC(=O)C2(CCCC2)C(=O)N1,-2.3490,-2.2153,0.1337,0.9444
scaffold,1,GCN,Molecular graph,987,CN(C)C(=O)NC1CCCCCCC1,C1CCCCCCC1,-2.2180,-2.2115,0.0065,0.2973
scaffold,1,GCN,Molecular graph,991,CN(C)c2c(C)n(C)n(c1ccccc1)c2=O ,O=c1cc[nH]n1-c1ccccc1,-0.3640,-3.1117,2.7477,0.3030
scaffold,1,GCN,Molecular graph,1014,O=C1NCCN1c2ncc(s2)N(=O)=O,O=C1NCCN1c1nccs1,-3.2200,-1.9187,1.3013,0.2400
scaffold,1,GCN,Molecular graph,1015,C1c2ccccc2c3ccc4ccccc4c13,c1ccc2c(c1)Cc1c-2ccc2ccccc12,-6.6800,-7.1342,0.4542,0.4688
scaffold,1,GCN,Molecular graph,1022,N(=Nc1ccccc1)c2ccccc2,c1ccc(N=Nc2ccccc2)cc1,-4.4500,-4.0488,0.4012,0.4000
scaffold,1,GCN,Molecular graph,1037,c1c(O)C2C(=O)C3cc(O)ccC3OC2cc1(OC),O=C1C2C=CC=CC2OC2C=CC=CC12,-2.9430,-3.1766,0.2336,0.1667
scaffold,1,GCN,Molecular graph,1039,CC(=O)SC4CC1=CC(=O)CCC1(C)C5CCC2(C)C(CCC23CCC(=O)O3)C45,O=C1C=C2CCC3C(CCC4C3CCC43CCC(=O)O3)C2CC1,-4.1730,-4.3760,0.2030,0.4242
scaffold,1,GCN,Molecular graph,1054,Cc1cccc2c1ccc3ccccc32,c1ccc2c(c1)ccc1ccccc12,-5.8500,-5.9493,0.0993,0.7273
scaffold,1,GCN,Molecular graph,1061,COC1=CC(=O)CC(C)C13Oc2c(Cl)c(OC)cc(OC)c2C3=O,O=C1C=CC2(CC1)Oc1ccccc1C2=O,-3.2460,-4.5606,1.3146,0.1951
scaffold,1,GCN,Molecular graph,1085,CCOP(=S)(OCC)N2C(=O)c1ccccc1C2=O,O=C1NC(=O)c2ccccc21,-3.3500,-5.2113,1.8613,0.3208
scaffold,1,GCN,Molecular graph,1090,O=C(C=CC=Cc2ccc1OCOc1c2)N3CCCCC3,O=C(C=CC=Cc1ccc2c(c1)OCO2)N1CCCCC1,-3.4600,-5.0828,1.6228,0.1786
scaffold,1,GCN,Molecular graph,1093,O=C2NC(=O)C1(CCCCCCC1)C(=O)N2,O=C1NC(=O)C2(CCCCCCC2)C(=O)N1,-2.9820,-2.3956,0.5864,1.0000
scaffold,1,GCN,Molecular graph,1095,Oc2cc(O)c1C(=O)CC(Oc1c2)c3ccc(O)c(O)c3,O=C1CC(c2ccccc2)Oc2ccccc21,-3.6200,-1.8653,1.7547,0.1951
scaffold,1,GCN,Molecular graph,1106,CC(C)(C)C(=O)C(Oc1ccc(Cl)cc1)n2cncn2,c1ccc(OCn2cncn2)cc1,-3.6100,-3.6875,0.0775,0.3077
scaffold,1,GCN,Molecular graph,1110,CCOC(=O)Nc2cccc(OC(=O)Nc1ccccc1)c2 ,O=C(Nc1ccccc1)Oc1ccccc1,-4.6320,-3.6912,0.9408,0.4694
scaffold,1,GCN,Molecular graph,1115,O=C1NC(=O)C(=O)N1 ,O=C1NC(=O)C(=O)N1,-0.4000,-0.6097,0.2097,0.4118
scaffold,1,GIN,Molecular graph,1,Cc1occc1C(=O)Nc2ccccc2,O=C(Nc1ccccc1)c1ccoc1,-3.3000,-2.7990,0.5010,0.4545
scaffold,1,GIN,Molecular graph,4,c1ccsc1,c1ccsc1,-1.3300,-0.1655,1.1645,0.2222
scaffold,1,GIN,Molecular graph,18,CCOP(=S)(OCC)Oc1cc(C)nc(n1)C(C)C,c1cncnc1,-3.6400,-4.7053,1.0653,0.4130
scaffold,1,GIN,Molecular graph,32,COC(=O)Nc1cccc(OC(=O)Nc2cccc(C)c2)c1,O=C(Nc1ccccc1)Oc1ccccc1,-4.8050,-3.9668,0.8382,0.4894
scaffold,1,GIN,Molecular graph,72,CC1(C)C2CCC1(C)C(=O)C2,O=C1CC2CCC1C2,-1.9600,-4.2607,2.3007,0.3030
scaffold,1,GIN,Molecular graph,86,CC(C)C(C(=O)OC(C#N)c1cccc(Oc2ccccc2)c1)c3ccc(OC(F)F)cc3,O=C(Cc1ccccc1)OCc1cccc(Oc2ccccc2)c1,-6.8760,-5.3773,1.4987,0.5333
scaffold,1,GIN,Molecular graph,92,c1ccc2c(c1)c3cccc4cccc2c34,c1ccc2c(c1)-c1cccc3cccc-2c13,-6.0000,-8.1482,2.1482,0.7368
scaffold,1,GIN,Molecular graph,98,C1OC1c2ccccc2 ,c1ccc(C2CO2)cc1,-1.6000,-2.1028,0.5028,0.3000
scaffold,1,GIN,Molecular graph,126,CCCCc1c(C)nc(nc1O)N(C)C ,c1cncnc1,-2.2400,-3.2710,1.0310,0.3448
scaffold,1,GIN,Molecular graph,160,CSc1nnc(c(=O)n1N)C(C)(C)C,O=c1cnnc[nH]1,-2.2530,-3.0880,0.8350,0.1923
scaffold,1,GIN,Molecular graph,176,CC1=CC(=O)CC(C)(C)C1 ,O=C1C=CCCC1,-1.0600,-2.7931,1.7331,0.2553
scaffold,1,GIN,Molecular graph,179,CCC1(CCC(=O)NC1=O)c2ccccc2 ,O=C1CCC(c2ccccc2)C(=O)N1,-2.3370,-3.2985,0.9615,0.3333
scaffold,1,GIN,Molecular graph,188,C1C(O)CCC2(C)CC3CCC4(C)C5(C)CC6OCC(C)CC6OC5CC4C3C=C21,C1=C2CCCCC2CC2CCC3C4CC5OCCCC5OC4CC3C12,-7.3200,-4.0317,3.2883,0.1875
scaffold,1,GIN,Molecular graph,195,CC(C)Oc1cc(c(Cl)cc1Cl)n2nc(oc2=O)C(C)(C)C,O=c1ocnn1-c1ccccc1,-5.6960,-5.2560,0.4400,0.2105
scaffold,1,GIN,Molecular graph,200,Nc1ccc(cc1)S(=O)(=O)c2ccc(N)cc2,O=S(=O)(c1ccccc1)c1ccccc1,-3.0940,-3.7226,0.6286,0.6500
scaffold,1,GIN,Molecular graph,213,CC12CCC(CC1)C(C)(C)O2 ,C1CC2CCC1CO2,-1.6400,-3.9031,2.2631,0.3000
scaffold,1,GIN,Molecular graph,217,CC(=C)C1CC=C(C)C(=O)C1,O=C1C=CCCC1,-2.0600,-3.2013,1.1413,0.4706
scaffold,1,GIN,Molecular graph,225,Cc3ccnc4N(C1CC1)c2ncccc2C(=O)Nc34 ,O=C1Nc2cccnc2N(C2CC2)c2ncccc21,-3.1900,-3.9721,0.7821,0.4909
scaffold,1,GIN,Molecular graph,260,CCOP(=S)(OCC)SC(CCl)N1C(=O)c2ccccc2C1=O,O=C1NC(=O)c2ccccc21,-6.3400,-5.3508,0.9892,0.3529
scaffold,1,GIN,Molecular graph,286,C(Cc1ccccc1)c2ccccc2,c1ccc(CCc2ccccc2)cc1,-4.6200,-3.6350,0.9850,0.6471
scaffold,1,GIN,Molecular graph,289,Cc1ccc2c(ccc3ccccc32)c1,c1ccc2c(c1)ccc1ccccc12,-5.8400,-5.8324,0.0076,0.6522
scaffold,1,GIN,Molecular graph,298,OCC1OC(CO)(OC2OC(COC3OC(CO)C(O)C(O)C3O)C(O)C(O)C2O)C(O)C1O,C1CCC(OCC2CCCC(OC3CCCO3)O2)OC1,-0.4100,-0.1594,0.2506,0.8421
scaffold,1,GIN,Molecular graph,309,OC1CCCCCCC1,C1CCCCCCC1,-1.2900,-1.3175,0.0275,1.0000
scaffold,1,GIN,Molecular graph,318,Nc1ncnc2nc[nH]c12 ,c1ncc2[nH]cnc2n1,-2.1200,-1.1550,0.9650,0.2432
scaffold,1,GIN,Molecular graph,320,COc1ccc(cc1)C(O)(C2CC2)c3cncnc3 ,c1ccc(C(c2cncnc2)C2CC2)cc1,-2.5960,-3.2952,0.6992,0.2895
scaffold,1,GIN,Molecular graph,336,o1c2ccccc2c3ccccc13,c1ccc2c(c1)oc1ccccc12,-4.6000,-4.6953,0.0953,0.3684
scaffold,1,GIN,Molecular graph,339,c3ccc2nc1ccccc1cc2c3,c1ccc2nc3ccccc3cc2c1,-3.6700,-4.4095,0.7395,0.5625
scaffold,1,GIN,Molecular graph,340,CC12CC(=O)C3C(CCC4=CC(=O)CCC34C)C2CCC1(O)C(=O)CO,O=C1C=C2CCC3C4CCCC4CC(=O)C3C2CC1,-3.1100,-3.5279,0.4179,0.6780
scaffold,1,GIN,Molecular graph,344,CCC(C)C(=O)OC2CC(C)C=C3C=CC(C)C(CCC1CC(O)CC(=O)O1)C23 ,O=C1CCCC(CCC2CC=CC3=CCCCC32)O1,-6.0050,-3.5915,2.4135,0.1774
scaffold,1,GIN,Molecular graph,353,CCC(C(CC)c1ccc(O)cc1)c2ccc(O)cc2,c1ccc(CCc2ccccc2)cc1,-4.4300,-4.1466,0.2834,0.4800
scaffold,1,GIN,Molecular graph,360,CN(C)C(=O)Nc1ccc(c(Cl)c1)n2nc(oc2=O)C(C)(C)C,O=c1ocnn1-c1ccccc1,-4.3280,-4.4045,0.0765,0.4898
scaffold,1,GIN,Molecular graph,365,c1cncnc1,c1cncnc1,1.1000,0.5009,0.5991,0.5000
scaffold,1,GIN,Molecular graph,373,CC2Nc1cc(Cl)c(cc1C(=O)N2c3ccccc3C)S(N)(=O)=O ,O=C1c2ccccc2NCN1c1ccccc1,-3.7800,-4.9102,1.1302,0.3429
scaffold,1,GIN,Molecular graph,381,OCC(O)C2OC1OC(OC1C2O)C(Cl)(Cl)Cl ,C1CC2OCOC2O1,-1.8400,-1.0792,0.7608,0.1765
scaffold,1,GIN,Molecular graph,386,Nc1nccs1 ,c1cscn1,-0.3600,-0.4160,0.0560,0.2143
scaffold,1,GIN,Molecular graph,394,CN(C(=O)NC(C)(C)c1ccccc1)c2ccccc2,O=C(NCc1ccccc1)Nc1ccccc1,-3.3500,-4.2686,0.9186,0.3784
scaffold,1,GIN,Molecular graph,412,CC(=O)Nc1nnc(s1)S(N)(=O)=O ,c1nncs1,-2.3600,-1.8777,0.4823,0.2703
scaffold,1,GIN,Molecular graph,414,ClC1=C(Cl)C2(Cl)C3C4CC(C=C4)C3C1(Cl)C2(Cl)Cl,C1=CC2CC1C1C3C=CC(C3)C21,-6.3070,-7.2265,0.9195,0.4839
scaffold,1,GIN,Molecular graph,422,ClC(Cl)C(Cl)(Cl)SN2C(=O)C1CC=CCC1C2=O ,O=C1NC(=O)C2CC=CCC12,-5.4000,-4.5845,0.8155,0.1935
scaffold,1,GIN,Molecular graph,448,NC(=O)NC1NC(=O)NC1=O ,O=C1CNC(=O)N1,-1.6000,-1.5941,0.0059,0.2105
scaffold,1,GIN,Molecular graph,449,OCC(O)COC(=O)c1ccccc1Nc2ccnc3cc(Cl)ccc23,c1ccc(Nc2ccnc3ccccc23)cc1,-4.5710,-3.7619,0.8091,0.2769
scaffold,1,GIN,Molecular graph,476,CN(C)C(=O)Oc1nc(nc(C)c1C)N(C)C,c1cncnc1,-1.9500,-3.7864,1.8364,0.3333
scaffold,1,GIN,Molecular graph,488,O=c2c(C3CCCc4ccccc43)c(O)c1ccccc1o2 ,O=c1oc2ccccc2cc1C1CCCc2ccccc21,-2.8400,-4.2592,1.4192,0.2619
scaffold,1,GIN,Molecular graph,495,Nc1cc(nc(N)n1=O)N2CCCCC2 ,c1cc(N2CCCCC2)nc[nH+]1,-1.9890,-3.1595,1.1705,0.1463
scaffold,1,GIN,Molecular graph,496,Nc2cccc3nc1ccccc1cc23 ,c1ccc2nc3ccccc3cc2c1,-4.2200,-4.4888,0.2688,0.5185
scaffold,1,GIN,Molecular graph,500,CCOP(=S)(OCC)SC(CCl)N2C(=O)c1ccccc1C2=O,O=C1NC(=O)c2ccccc21,-6.3400,-5.3508,0.9892,0.3529
scaffold,1,GIN,Molecular graph,504,CC1=C(CCCO1)C(=O)Nc2ccccc2 ,O=C(Nc1ccccc1)C1=COCCC1,-2.5600,-3.0731,0.5131,0.5581
scaffold,1,GIN,Molecular graph,512,Cc1c[nH]c2ccccc12 ,c1ccc2[nH]ccc2c1,-2.4200,-3.5749,1.1549,0.4348
scaffold,1,GIN,Molecular graph,518,CC(=O)N(S(=O)c1ccc(N)cc1)c2onc(C)c2C ,O=S(Nc1ccno1)c1ccccc1,-3.5900,-3.8116,0.2216,0.2708
scaffold,1,GIN,Molecular graph,536,CC3C2CCC1(C)C=CC(=O)C(=C1C2OC3=O)C,O=C1C=CC2CCC3CC(=O)OC3C2=C1,-3.0900,-4.5387,1.4487,0.2063
scaffold,1,GIN,Molecular graph,546,Cc2c(N)c(=O)n(c1ccccc1)n2C,O=c1cc[nH]n1-c1ccccc1,-0.6240,-3.4832,2.8592,0.3333
scaffold,1,GIN,Molecular graph,562,c1ccccc1C(O)C(O)c2ccccc2,c1ccc(CCc2ccccc2)cc1,-1.9300,-2.3332,0.4032,0.6471
scaffold,1,GIN,Molecular graph,579,c1ccc(cc1)c2ccc(cc2)c3ccccc3,c1ccc(-c2ccc(-c3ccccc3)cc2)cc1,-7.1100,-5.0937,2.0163,0.9000
scaffold,1,GIN,Molecular graph,582,Cc1cc(ccc1NS(=O)(=O)C(F)(F)F)S(=O)(=O)c2ccccc2,O=S(=O)(c1ccccc1)c1ccccc1,-3.8000,-3.9723,0.1723,0.4565
scaffold,1,GIN,Molecular graph,611,c1ccc2c(c1)ccc3ccccc32,c1ccc2c(c1)ccc1ccccc12,-5.2600,-5.3717,0.1117,0.8571
scaffold,1,GIN,Molecular graph,621,ClC(Cl)(Cl)C(NC=O)N1C=CN(C=C1)C(NC=O)C(Cl)(Cl)Cl ,C1=CNC=CN1,-4.1900,-3.4862,0.7038,0.2000
scaffold,1,GIN,Molecular graph,622,Cn2cc(c1ccccc1)c(=O)c(c2)c3cccc(c3)C(F)(F)F,O=c1c(-c2ccccc2)c[nH]cc1-c1ccccc1,-4.4450,-5.4310,0.9860,0.3714
scaffold,1,GIN,Molecular graph,624,CC12CCC3C(CCc4cc(O)ccc34)C2CCC1=O,O=C1CCC2C1CCC1c3ccccc3CCC12,-3.9550,-4.4062,0.4512,0.6250
scaffold,1,GIN,Molecular graph,626,CC1CO1,C1CO1,-0.5900,-0.3531,0.2369,0.4118
scaffold,1,GIN,Molecular graph,637,c1ccc2c(c1)cc3ccc4cccc5ccc2c3c45,c1ccc2c(c1)cc1ccc3cccc4ccc2c1c34,-8.6990,-7.7037,0.9953,0.6522
scaffold,1,GIN,Molecular graph,647,Cc1cc(=O)[nH]c(=S)[nH]1,O=c1cc[nH]c(=S)[nH]1,-2.4360,-1.7369,0.6991,0.2581
scaffold,1,GIN,Molecular graph,652,CC1(C)CON(Cc2ccccc2Cl)C1=O,O=C1CCON1Cc1ccccc1,-2.3380,-3.9046,1.5666,0.2703
scaffold,1,GIN,Molecular graph,659,OC(Cn1cncn1)(Cn2cncn2)c3ccc(F)cc3F ,c1ccc(C(Cn2cncn2)Cn2cncn2)cc1,-1.8000,-2.2045,0.4045,0.5417
scaffold,1,GIN,Molecular graph,676,c1cc2ccc3ccc4ccc5cccc6c(c1)c2c3c4c56,c1cc2ccc3ccc4ccc5cccc6c(c1)c2c3c4c56,-9.0180,-8.7344,0.2836,0.8235
scaffold,1,GIN,Molecular graph,678,c1c(OC)c(OC)C2C(=O)OCC2c1,O=C1OCC2C=CC=CC12,-1.8990,-3.5865,1.6875,0.2000
scaffold,1,GIN,Molecular graph,683,Cc1cc(=O)n(c2ccccc2)n1C,O=c1cc[nH]n1-c1ccccc1,0.7150,-3.3397,4.0547,0.3250
scaffold,1,GIN,Molecular graph,702,CC(=O)OCC(=O)C3(O)CCC4C2CCC1=CC(=O)CCC1(C)C2C(=O)CC34C ,O=C1C=C2CCC3C4CCCC4CC(=O)C3C2CC1,-4.2100,-3.9284,0.2816,0.7031
scaffold,1,GIN,Molecular graph,708,CN(C)C(=O)NC1CC2CC1C3CCCC23,C1CC2C3CCC(C3)C2C1,-3.1710,-4.2578,1.0868,0.2381
scaffold,1,GIN,Molecular graph,724,O=C1NC(=O)c2ccccc12 ,O=C1NC(=O)c2ccccc21,-2.6100,-3.8538,1.2438,0.3333
scaffold,1,GIN,Molecular graph,730,CCC2NC(=O)c1cc(c(Cl)cc1N2)S(N)(=O)=O,O=C1NCNc2ccccc21,-3.2900,-4.2746,0.9846,0.3889
scaffold,1,GIN,Molecular graph,733,C1(=O)NC(=O)NC(=O)C1(O)C2(O)C(=O)NC(=O)NC2(=O),O=C1NC(=O)C(C2C(=O)NC(=O)NC2=O)C(=O)N1,-1.9900,-2.2513,0.2613,0.4737
scaffold,1,GIN,Molecular graph,754,COc2cc1c(N)nc(nc1c(OC)c2OC)N3CCN(CC3)C(=O)OCC(C)(C)O ,c1ccc2nc(N3CCNCC3)ncc2c1,-3.6380,-4.0503,0.4123,0.1972
scaffold,1,GIN,Molecular graph,771,C1CCCCCCC1,C1CCCCCCC1,-4.1500,-2.6013,1.5487,1.0000
scaffold,1,GIN,Molecular graph,775,Clc1ccc(CN(C2CCCC2)C(=O)Nc3ccccc3)cc1,O=C(Nc1ccccc1)N(Cc1ccccc1)C1CCCC1,-5.9150,-4.5306,1.3844,0.4000
scaffold,1,GIN,Molecular graph,780,c1ccc2c3c(ccc2c1)c4cccc5cccc3c45,c1ccc2c3c(ccc2c1)-c1cccc2cccc-3c12,-8.0000,-8.4925,0.4925,0.5000
scaffold,1,GIN,Molecular graph,792,OC1C=CC2C1C3(Cl)C(=C(Cl)C2(Cl)C3(Cl)Cl)Cl ,C1=CC2C3C=CC(C3)C2C1,-5.4600,-6.0438,0.5838,0.3714
scaffold,1,GIN,Molecular graph,797,CC2(C)C1CCC(C)(C1)C2=O,O=C1CC2CCC1C2,-1.8500,-4.2773,2.4273,0.2647
scaffold,1,GIN,Molecular graph,799,ClC2=C(Cl)C3(Cl)C1C=CCC1C2(Cl)C3(Cl)Cl ,C1=CC2C3C=CC(C3)C2C1,-5.6400,-6.7870,1.1470,0.3611
scaffold,1,GIN,Molecular graph,801,c1ccc2c(c1)[nH]c3ccccc32,c1ccc2c(c1)[nH]c1ccccc12,-5.2700,-4.8674,0.4026,0.3684
scaffold,1,GIN,Molecular graph,807,CCCCc1c(C)nc(NCC)nc1OS(=O)(=O)N(C)C ,c1cncnc1,-4.1600,-4.0068,0.1532,0.4286
scaffold,1,GIN,Molecular graph,812,c1cc2ccc(OC)c(CC=C(C)(C))c2oc1=O ,O=c1ccc2ccccc2o1,-4.3140,-4.5666,0.2526,0.3673
scaffold,1,GIN,Molecular graph,819,c1ccc2cc3cc4ccccc4cc3cc2c1,c1ccc2cc3cc4ccccc4cc3cc2c1,-8.6000,-6.3842,2.2158,0.9091
scaffold,1,GIN,Molecular graph,829,CN(C)C(=O)OC1=CC(=O)CC(C)(C)C1 ,O=C1C=CCCC1,-0.8500,-3.2448,2.3948,0.2381
scaffold,1,GIN,Molecular graph,846,O=C1CNC(=O)N1 ,O=C1CNC(=O)N1,-0.4000,-0.7987,0.3987,0.3684
scaffold,1,GIN,Molecular graph,849,CCOP(=S)(OCC)Oc2ccc1oc(=O)c(Cl)c(C)c1c2,O=c1ccc2ccccc2o1,-5.3820,-5.4127,0.0307,0.4118
scaffold,1,GIN,Molecular graph,852,O=c2[nH]c(=O)c1[nH]c(=O)[nH]c1[nH]2 ,O=c1[nH]c(=O)c2[nH]c(=O)[nH]c2[nH]1,-3.9300,-1.8240,2.1060,0.2963
scaffold,1,GIN,Molecular graph,863,CC1(OC(=O)N(C1=O)c2cc(Cl)cc(Cl)c2)C=C,O=C1COC(=O)N1c1ccccc1,-4.9250,-5.5000,0.5750,0.4615
scaffold,1,GIN,Molecular graph,893,CCN(Cc1c(F)cccc1Cl)c2c(cc(cc2N(=O)=O)C(F)(F)F)N(=O)=O,c1ccc(CNc2ccccc2)cc1,-6.7800,-5.6823,1.0977,0.5472
scaffold,1,GIN,Molecular graph,899,ClC1C=CC2C1C3(Cl)C(=C(Cl)C2(Cl)C3(Cl)Cl)Cl,C1=CC2C3C=CC(C3)C2C1,-6.3170,-6.8307,0.5137,0.3824
scaffold,1,GIN,Molecular graph,916,c2ccc1[nH]ncc1c2 ,c1ccc2[nH]ncc2c1,-2.1600,-1.5572,0.6028,0.3571
scaffold,1,GIN,Molecular graph,918,Nc2nc1[nH]cnc1c(=O)[nH]2 ,O=c1[nH]cnc2[nH]cnc12,-3.5830,-1.6786,1.9044,0.3158
scaffold,1,GIN,Molecular graph,938,Nc1nc(O)nc2nc[nH]c12 ,c1ncc2[nH]cnc2n1,-3.4010,-1.5757,1.8253,0.2778
scaffold,1,GIN,Molecular graph,943,c2ccc1[nH]ccc1c2,c1ccc2[nH]ccc2c1,-1.5200,-2.7325,1.2125,0.3889
scaffold,1,GIN,Molecular graph,949,COC(=O)Nc2nc1ccc(cc1[nH]2)C(=O)c3ccccc3,O=C(c1ccccc1)c1ccc2nc[nH]c2c1,-3.8800,-4.3212,0.4412,0.3500
scaffold,1,GIN,Molecular graph,955,C1C=CCC=C1,C1=CCC=CC1,-2.0600,-1.9806,0.0794,0.2727
scaffold,1,GIN,Molecular graph,976,CC12CCC(CC1)C(C)(C)O2,C1CC2CCC1CO2,-1.7400,-3.9031,2.1631,0.3000
scaffold,1,GIN,Molecular graph,984,O=C2NC(=O)C1(CCCC1)C(=O)N2,O=C1NC(=O)C2(CCCC2)C(=O)N1,-2.3490,-2.5850,0.2360,0.9444
scaffold,1,GIN,Molecular graph,987,CN(C)C(=O)NC1CCCCCCC1,C1CCCCCCC1,-2.2180,-2.4609,0.2429,0.2973
scaffold,1,GIN,Molecular graph,991,CN(C)c2c(C)n(C)n(c1ccccc1)c2=O ,O=c1cc[nH]n1-c1ccccc1,-0.3640,-3.7911,3.4271,0.3030
scaffold,1,GIN,Molecular graph,1014,O=C1NCCN1c2ncc(s2)N(=O)=O,O=C1NCCN1c1nccs1,-3.2200,-3.0579,0.1621,0.2400
scaffold,1,GIN,Molecular graph,1015,C1c2ccccc2c3ccc4ccccc4c13,c1ccc2c(c1)Cc1c-2ccc2ccccc12,-6.6800,-7.0571,0.3771,0.4688
scaffold,1,GIN,Molecular graph,1022,N(=Nc1ccccc1)c2ccccc2,c1ccc(N=Nc2ccccc2)cc1,-4.4500,-3.1139,1.3361,0.4000
scaffold,1,GIN,Molecular graph,1037,c1c(O)C2C(=O)C3cc(O)ccC3OC2cc1(OC),O=C1C2C=CC=CC2OC2C=CC=CC12,-2.9430,-2.7981,0.1449,0.1667
scaffold,1,GIN,Molecular graph,1039,CC(=O)SC4CC1=CC(=O)CCC1(C)C5CCC2(C)C(CCC23CCC(=O)O3)C45,O=C1C=C2CCC3C(CCC4C3CCC43CCC(=O)O3)C2CC1,-4.1730,-4.6063,0.4333,0.4242
scaffold,1,GIN,Molecular graph,1054,Cc1cccc2c1ccc3ccccc32,c1ccc2c(c1)ccc1ccccc12,-5.8500,-5.7180,0.1320,0.7273
scaffold,1,GIN,Molecular graph,1061,COC1=CC(=O)CC(C)C13Oc2c(Cl)c(OC)cc(OC)c2C3=O,O=C1C=CC2(CC1)Oc1ccccc1C2=O,-3.2460,-5.7110,2.4650,0.1951
scaffold,1,GIN,Molecular graph,1085,CCOP(=S)(OCC)N2C(=O)c1ccccc1C2=O,O=C1NC(=O)c2ccccc21,-3.3500,-5.3061,1.9561,0.3208
scaffold,1,GIN,Molecular graph,1090,O=C(C=CC=Cc2ccc1OCOc1c2)N3CCCCC3,O=C(C=CC=Cc1ccc2c(c1)OCO2)N1CCCCC1,-3.4600,-4.4583,0.9983,0.1786
scaffold,1,GIN,Molecular graph,1093,O=C2NC(=O)C1(CCCCCCC1)C(=O)N2,O=C1NC(=O)C2(CCCCCCC2)C(=O)N1,-2.9820,-2.5930,0.3890,1.0000
scaffold,1,GIN,Molecular graph,1095,Oc2cc(O)c1C(=O)CC(Oc1c2)c3ccc(O)c(O)c3,O=C1CC(c2ccccc2)Oc2ccccc21,-3.6200,-2.4773,1.1427,0.1951
scaffold,1,GIN,Molecular graph,1106,CC(C)(C)C(=O)C(Oc1ccc(Cl)cc1)n2cncn2,c1ccc(OCn2cncn2)cc1,-3.6100,-3.7986,0.1886,0.3077
scaffold,1,GIN,Molecular graph,1110,CCOC(=O)Nc2cccc(OC(=O)Nc1ccccc1)c2 ,O=C(Nc1ccccc1)Oc1ccccc1,-4.6320,-3.9553,0.6767,0.4694
scaffold,1,GIN,Molecular graph,1115,O=C1NC(=O)C(=O)N1 ,O=C1NC(=O)C(=O)N1,-0.4000,-1.6661,1.2661,0.4118
scaffold,2,Dummy (mean),RDKit descriptors,1,Cc1occc1C(=O)Nc2ccccc2,O=C(Nc1ccccc1)c1ccoc1,-3.3000,-2.9226,0.3774,0.4545
scaffold,2,Dummy (mean),RDKit descriptors,4,c1ccsc1,c1ccsc1,-1.3300,-2.9226,1.5926,0.2222
scaffold,2,Dummy (mean),RDKit descriptors,18,CCOP(=S)(OCC)Oc1cc(C)nc(n1)C(C)C,c1cncnc1,-3.6400,-2.9226,0.7174,0.4130
scaffold,2,Dummy (mean),RDKit descriptors,32,COC(=O)Nc1cccc(OC(=O)Nc2cccc(C)c2)c1,O=C(Nc1ccccc1)Oc1ccccc1,-4.8050,-2.9226,1.8824,0.4894
scaffold,2,Dummy (mean),RDKit descriptors,72,CC1(C)C2CCC1(C)C(=O)C2,O=C1CC2CCC1C2,-1.9600,-2.9226,0.9626,0.3030
scaffold,2,Dummy (mean),RDKit descriptors,86,CC(C)C(C(=O)OC(C#N)c1cccc(Oc2ccccc2)c1)c3ccc(OC(F)F)cc3,O=C(Cc1ccccc1)OCc1cccc(Oc2ccccc2)c1,-6.8760,-2.9226,3.9534,0.5333
scaffold,2,Dummy (mean),RDKit descriptors,92,c1ccc2c(c1)c3cccc4cccc2c34,c1ccc2c(c1)-c1cccc3cccc-2c13,-6.0000,-2.9226,3.0774,0.7368
scaffold,2,Dummy (mean),RDKit descriptors,98,C1OC1c2ccccc2 ,c1ccc(C2CO2)cc1,-1.6000,-2.9226,1.3226,0.3000
scaffold,2,Dummy (mean),RDKit descriptors,126,CCCCc1c(C)nc(nc1O)N(C)C ,c1cncnc1,-2.2400,-2.9226,0.6826,0.3448
scaffold,2,Dummy (mean),RDKit descriptors,160,CSc1nnc(c(=O)n1N)C(C)(C)C,O=c1cnnc[nH]1,-2.2530,-2.9226,0.6696,0.1923
scaffold,2,Dummy (mean),RDKit descriptors,176,CC1=CC(=O)CC(C)(C)C1 ,O=C1C=CCCC1,-1.0600,-2.9226,1.8626,0.2553
scaffold,2,Dummy (mean),RDKit descriptors,179,CCC1(CCC(=O)NC1=O)c2ccccc2 ,O=C1CCC(c2ccccc2)C(=O)N1,-2.3370,-2.9226,0.5856,0.3333
scaffold,2,Dummy (mean),RDKit descriptors,188,C1C(O)CCC2(C)CC3CCC4(C)C5(C)CC6OCC(C)CC6OC5CC4C3C=C21,C1=C2CCCCC2CC2CCC3C4CC5OCCCC5OC4CC3C12,-7.3200,-2.9226,4.3974,0.1875
scaffold,2,Dummy (mean),RDKit descriptors,195,CC(C)Oc1cc(c(Cl)cc1Cl)n2nc(oc2=O)C(C)(C)C,O=c1ocnn1-c1ccccc1,-5.6960,-2.9226,2.7734,0.2105
scaffold,2,Dummy (mean),RDKit descriptors,200,Nc1ccc(cc1)S(=O)(=O)c2ccc(N)cc2,O=S(=O)(c1ccccc1)c1ccccc1,-3.0940,-2.9226,0.1714,0.6500
scaffold,2,Dummy (mean),RDKit descriptors,213,CC12CCC(CC1)C(C)(C)O2 ,C1CC2CCC1CO2,-1.6400,-2.9226,1.2826,0.3000
scaffold,2,Dummy (mean),RDKit descriptors,217,CC(=C)C1CC=C(C)C(=O)C1,O=C1C=CCCC1,-2.0600,-2.9226,0.8626,0.4706
scaffold,2,Dummy (mean),RDKit descriptors,225,Cc3ccnc4N(C1CC1)c2ncccc2C(=O)Nc34 ,O=C1Nc2cccnc2N(C2CC2)c2ncccc21,-3.1900,-2.9226,0.2674,0.4909
scaffold,2,Dummy (mean),RDKit descriptors,260,CCOP(=S)(OCC)SC(CCl)N1C(=O)c2ccccc2C1=O,O=C1NC(=O)c2ccccc21,-6.3400,-2.9226,3.4174,0.3529
scaffold,2,Dummy (mean),RDKit descriptors,286,C(Cc1ccccc1)c2ccccc2,c1ccc(CCc2ccccc2)cc1,-4.6200,-2.9226,1.6974,0.6471
scaffold,2,Dummy (mean),RDKit descriptors,289,Cc1ccc2c(ccc3ccccc32)c1,c1ccc2c(c1)ccc1ccccc12,-5.8400,-2.9226,2.9174,0.6522
scaffold,2,Dummy (mean),RDKit descriptors,298,OCC1OC(CO)(OC2OC(COC3OC(CO)C(O)C(O)C3O)C(O)C(O)C2O)C(O)C1O,C1CCC(OCC2CCCC(OC3CCCO3)O2)OC1,-0.4100,-2.9226,2.5126,0.8421
scaffold,2,Dummy (mean),RDKit descriptors,309,OC1CCCCCCC1,C1CCCCCCC1,-1.2900,-2.9226,1.6326,1.0000
scaffold,2,Dummy (mean),RDKit descriptors,318,Nc1ncnc2nc[nH]c12 ,c1ncc2[nH]cnc2n1,-2.1200,-2.9226,0.8026,0.2432
scaffold,2,Dummy (mean),RDKit descriptors,320,COc1ccc(cc1)C(O)(C2CC2)c3cncnc3 ,c1ccc(C(c2cncnc2)C2CC2)cc1,-2.5960,-2.9226,0.3266,0.2895
scaffold,2,Dummy (mean),RDKit descriptors,336,o1c2ccccc2c3ccccc13,c1ccc2c(c1)oc1ccccc12,-4.6000,-2.9226,1.6774,0.3684
scaffold,2,Dummy (mean),RDKit descriptors,339,c3ccc2nc1ccccc1cc2c3,c1ccc2nc3ccccc3cc2c1,-3.6700,-2.9226,0.7474,0.5625
scaffold,2,Dummy (mean),RDKit descriptors,340,CC12CC(=O)C3C(CCC4=CC(=O)CCC34C)C2CCC1(O)C(=O)CO,O=C1C=C2CCC3C4CCCC4CC(=O)C3C2CC1,-3.1100,-2.9226,0.1874,0.6780
scaffold,2,Dummy (mean),RDKit descriptors,344,CCC(C)C(=O)OC2CC(C)C=C3C=CC(C)C(CCC1CC(O)CC(=O)O1)C23 ,O=C1CCCC(CCC2CC=CC3=CCCCC32)O1,-6.0050,-2.9226,3.0824,0.1774
scaffold,2,Dummy (mean),RDKit descriptors,353,CCC(C(CC)c1ccc(O)cc1)c2ccc(O)cc2,c1ccc(CCc2ccccc2)cc1,-4.4300,-2.9226,1.5074,0.4800
scaffold,2,Dummy (mean),RDKit descriptors,360,CN(C)C(=O)Nc1ccc(c(Cl)c1)n2nc(oc2=O)C(C)(C)C,O=c1ocnn1-c1ccccc1,-4.3280,-2.9226,1.4054,0.4898
scaffold,2,Dummy (mean),RDKit descriptors,365,c1cncnc1,c1cncnc1,1.1000,-2.9226,4.0226,0.5000
scaffold,2,Dummy (mean),RDKit descriptors,373,CC2Nc1cc(Cl)c(cc1C(=O)N2c3ccccc3C)S(N)(=O)=O ,O=C1c2ccccc2NCN1c1ccccc1,-3.7800,-2.9226,0.8574,0.3429
scaffold,2,Dummy (mean),RDKit descriptors,381,OCC(O)C2OC1OC(OC1C2O)C(Cl)(Cl)Cl ,C1CC2OCOC2O1,-1.8400,-2.9226,1.0826,0.1765
scaffold,2,Dummy (mean),RDKit descriptors,386,Nc1nccs1 ,c1cscn1,-0.3600,-2.9226,2.5626,0.2143
scaffold,2,Dummy (mean),RDKit descriptors,394,CN(C(=O)NC(C)(C)c1ccccc1)c2ccccc2,O=C(NCc1ccccc1)Nc1ccccc1,-3.3500,-2.9226,0.4274,0.3784
scaffold,2,Dummy (mean),RDKit descriptors,412,CC(=O)Nc1nnc(s1)S(N)(=O)=O ,c1nncs1,-2.3600,-2.9226,0.5626,0.2703
scaffold,2,Dummy (mean),RDKit descriptors,414,ClC1=C(Cl)C2(Cl)C3C4CC(C=C4)C3C1(Cl)C2(Cl)Cl,C1=CC2CC1C1C3C=CC(C3)C21,-6.3070,-2.9226,3.3844,0.4839
scaffold,2,Dummy (mean),RDKit descriptors,422,ClC(Cl)C(Cl)(Cl)SN2C(=O)C1CC=CCC1C2=O ,O=C1NC(=O)C2CC=CCC12,-5.4000,-2.9226,2.4774,0.1935
scaffold,2,Dummy (mean),RDKit descriptors,448,NC(=O)NC1NC(=O)NC1=O ,O=C1CNC(=O)N1,-1.6000,-2.9226,1.3226,0.2105
scaffold,2,Dummy (mean),RDKit descriptors,449,OCC(O)COC(=O)c1ccccc1Nc2ccnc3cc(Cl)ccc23,c1ccc(Nc2ccnc3ccccc23)cc1,-4.5710,-2.9226,1.6484,0.2769
scaffold,2,Dummy (mean),RDKit descriptors,476,CN(C)C(=O)Oc1nc(nc(C)c1C)N(C)C,c1cncnc1,-1.9500,-2.9226,0.9726,0.3333
scaffold,2,Dummy (mean),RDKit descriptors,488,O=c2c(C3CCCc4ccccc43)c(O)c1ccccc1o2 ,O=c1oc2ccccc2cc1C1CCCc2ccccc21,-2.8400,-2.9226,0.0826,0.2619
scaffold,2,Dummy (mean),RDKit descriptors,495,Nc1cc(nc(N)n1=O)N2CCCCC2 ,c1cc(N2CCCCC2)nc[nH+]1,-1.9890,-2.9226,0.9336,0.1463
scaffold,2,Dummy (mean),RDKit descriptors,496,Nc2cccc3nc1ccccc1cc23 ,c1ccc2nc3ccccc3cc2c1,-4.2200,-2.9226,1.2974,0.5185
scaffold,2,Dummy (mean),RDKit descriptors,500,CCOP(=S)(OCC)SC(CCl)N2C(=O)c1ccccc1C2=O,O=C1NC(=O)c2ccccc21,-6.3400,-2.9226,3.4174,0.3529
scaffold,2,Dummy (mean),RDKit descriptors,504,CC1=C(CCCO1)C(=O)Nc2ccccc2 ,O=C(Nc1ccccc1)C1=COCCC1,-2.5600,-2.9226,0.3626,0.5581
scaffold,2,Dummy (mean),RDKit descriptors,512,Cc1c[nH]c2ccccc12 ,c1ccc2[nH]ccc2c1,-2.4200,-2.9226,0.5026,0.4348
scaffold,2,Dummy (mean),RDKit descriptors,518,CC(=O)N(S(=O)c1ccc(N)cc1)c2onc(C)c2C ,O=S(Nc1ccno1)c1ccccc1,-3.5900,-2.9226,0.6674,0.2708
scaffold,2,Dummy (mean),RDKit descriptors,536,CC3C2CCC1(C)C=CC(=O)C(=C1C2OC3=O)C,O=C1C=CC2CCC3CC(=O)OC3C2=C1,-3.0900,-2.9226,0.1674,0.2063
scaffold,2,Dummy (mean),RDKit descriptors,546,Cc2c(N)c(=O)n(c1ccccc1)n2C,O=c1cc[nH]n1-c1ccccc1,-0.6240,-2.9226,2.2986,0.3333
scaffold,2,Dummy (mean),RDKit descriptors,562,c1ccccc1C(O)C(O)c2ccccc2,c1ccc(CCc2ccccc2)cc1,-1.9300,-2.9226,0.9926,0.6471
scaffold,2,Dummy (mean),RDKit descriptors,579,c1ccc(cc1)c2ccc(cc2)c3ccccc3,c1ccc(-c2ccc(-c3ccccc3)cc2)cc1,-7.1100,-2.9226,4.1874,0.9000
scaffold,2,Dummy (mean),RDKit descriptors,582,Cc1cc(ccc1NS(=O)(=O)C(F)(F)F)S(=O)(=O)c2ccccc2,O=S(=O)(c1ccccc1)c1ccccc1,-3.8000,-2.9226,0.8774,0.4565
scaffold,2,Dummy (mean),RDKit descriptors,611,c1ccc2c(c1)ccc3ccccc32,c1ccc2c(c1)ccc1ccccc12,-5.2600,-2.9226,2.3374,0.8571
scaffold,2,Dummy (mean),RDKit descriptors,621,ClC(Cl)(Cl)C(NC=O)N1C=CN(C=C1)C(NC=O)C(Cl)(Cl)Cl ,C1=CNC=CN1,-4.1900,-2.9226,1.2674,0.2000
scaffold,2,Dummy (mean),RDKit descriptors,622,Cn2cc(c1ccccc1)c(=O)c(c2)c3cccc(c3)C(F)(F)F,O=c1c(-c2ccccc2)c[nH]cc1-c1ccccc1,-4.4450,-2.9226,1.5224,0.3714
scaffold,2,Dummy (mean),RDKit descriptors,624,CC12CCC3C(CCc4cc(O)ccc34)C2CCC1=O,O=C1CCC2C1CCC1c3ccccc3CCC12,-3.9550,-2.9226,1.0324,0.6250
scaffold,2,Dummy (mean),RDKit descriptors,626,CC1CO1,C1CO1,-0.5900,-2.9226,2.3326,0.4118
scaffold,2,Dummy (mean),RDKit descriptors,637,c1ccc2c(c1)cc3ccc4cccc5ccc2c3c45,c1ccc2c(c1)cc1ccc3cccc4ccc2c1c34,-8.6990,-2.9226,5.7764,0.6522
scaffold,2,Dummy (mean),RDKit descriptors,647,Cc1cc(=O)[nH]c(=S)[nH]1,O=c1cc[nH]c(=S)[nH]1,-2.4360,-2.9226,0.4866,0.2581
scaffold,2,Dummy (mean),RDKit descriptors,652,CC1(C)CON(Cc2ccccc2Cl)C1=O,O=C1CCON1Cc1ccccc1,-2.3380,-2.9226,0.5846,0.2703
scaffold,2,Dummy (mean),RDKit descriptors,659,OC(Cn1cncn1)(Cn2cncn2)c3ccc(F)cc3F ,c1ccc(C(Cn2cncn2)Cn2cncn2)cc1,-1.8000,-2.9226,1.1226,0.5417
scaffold,2,Dummy (mean),RDKit descriptors,676,c1cc2ccc3ccc4ccc5cccc6c(c1)c2c3c4c56,c1cc2ccc3ccc4ccc5cccc6c(c1)c2c3c4c56,-9.0180,-2.9226,6.0954,0.8235
scaffold,2,Dummy (mean),RDKit descriptors,678,c1c(OC)c(OC)C2C(=O)OCC2c1,O=C1OCC2C=CC=CC12,-1.8990,-2.9226,1.0236,0.2000
scaffold,2,Dummy (mean),RDKit descriptors,683,Cc1cc(=O)n(c2ccccc2)n1C,O=c1cc[nH]n1-c1ccccc1,0.7150,-2.9226,3.6376,0.3250
scaffold,2,Dummy (mean),RDKit descriptors,702,CC(=O)OCC(=O)C3(O)CCC4C2CCC1=CC(=O)CCC1(C)C2C(=O)CC34C ,O=C1C=C2CCC3C4CCCC4CC(=O)C3C2CC1,-4.2100,-2.9226,1.2874,0.7031
scaffold,2,Dummy (mean),RDKit descriptors,708,CN(C)C(=O)NC1CC2CC1C3CCCC23,C1CC2C3CCC(C3)C2C1,-3.1710,-2.9226,0.2484,0.2381
scaffold,2,Dummy (mean),RDKit descriptors,724,O=C1NC(=O)c2ccccc12 ,O=C1NC(=O)c2ccccc21,-2.6100,-2.9226,0.3126,0.3333
scaffold,2,Dummy (mean),RDKit descriptors,730,CCC2NC(=O)c1cc(c(Cl)cc1N2)S(N)(=O)=O,O=C1NCNc2ccccc21,-3.2900,-2.9226,0.3674,0.3889
scaffold,2,Dummy (mean),RDKit descriptors,733,C1(=O)NC(=O)NC(=O)C1(O)C2(O)C(=O)NC(=O)NC2(=O),O=C1NC(=O)C(C2C(=O)NC(=O)NC2=O)C(=O)N1,-1.9900,-2.9226,0.9326,0.4737
scaffold,2,Dummy (mean),RDKit descriptors,754,COc2cc1c(N)nc(nc1c(OC)c2OC)N3CCN(CC3)C(=O)OCC(C)(C)O ,c1ccc2nc(N3CCNCC3)ncc2c1,-3.6380,-2.9226,0.7154,0.1972
scaffold,2,Dummy (mean),RDKit descriptors,771,C1CCCCCCC1,C1CCCCCCC1,-4.1500,-2.9226,1.2274,1.0000
scaffold,2,Dummy (mean),RDKit descriptors,775,Clc1ccc(CN(C2CCCC2)C(=O)Nc3ccccc3)cc1,O=C(Nc1ccccc1)N(Cc1ccccc1)C1CCCC1,-5.9150,-2.9226,2.9924,0.4000
scaffold,2,Dummy (mean),RDKit descriptors,780,c1ccc2c3c(ccc2c1)c4cccc5cccc3c45,c1ccc2c3c(ccc2c1)-c1cccc2cccc-3c12,-8.0000,-2.9226,5.0774,0.5000
scaffold,2,Dummy (mean),RDKit descriptors,792,OC1C=CC2C1C3(Cl)C(=C(Cl)C2(Cl)C3(Cl)Cl)Cl ,C1=CC2C3C=CC(C3)C2C1,-5.4600,-2.9226,2.5374,0.3714
scaffold,2,Dummy (mean),RDKit descriptors,797,CC2(C)C1CCC(C)(C1)C2=O,O=C1CC2CCC1C2,-1.8500,-2.9226,1.0726,0.2647
scaffold,2,Dummy (mean),RDKit descriptors,799,ClC2=C(Cl)C3(Cl)C1C=CCC1C2(Cl)C3(Cl)Cl ,C1=CC2C3C=CC(C3)C2C1,-5.6400,-2.9226,2.7174,0.3611
scaffold,2,Dummy (mean),RDKit descriptors,801,c1ccc2c(c1)[nH]c3ccccc32,c1ccc2c(c1)[nH]c1ccccc12,-5.2700,-2.9226,2.3474,0.3684
scaffold,2,Dummy (mean),RDKit descriptors,807,CCCCc1c(C)nc(NCC)nc1OS(=O)(=O)N(C)C ,c1cncnc1,-4.1600,-2.9226,1.2374,0.4286
scaffold,2,Dummy (mean),RDKit descriptors,812,c1cc2ccc(OC)c(CC=C(C)(C))c2oc1=O ,O=c1ccc2ccccc2o1,-4.3140,-2.9226,1.3914,0.3673
scaffold,2,Dummy (mean),RDKit descriptors,819,c1ccc2cc3cc4ccccc4cc3cc2c1,c1ccc2cc3cc4ccccc4cc3cc2c1,-8.6000,-2.9226,5.6774,0.9091
scaffold,2,Dummy (mean),RDKit descriptors,829,CN(C)C(=O)OC1=CC(=O)CC(C)(C)C1 ,O=C1C=CCCC1,-0.8500,-2.9226,2.0726,0.2381
scaffold,2,Dummy (mean),RDKit descriptors,846,O=C1CNC(=O)N1 ,O=C1CNC(=O)N1,-0.4000,-2.9226,2.5226,0.3684
scaffold,2,Dummy (mean),RDKit descriptors,849,CCOP(=S)(OCC)Oc2ccc1oc(=O)c(Cl)c(C)c1c2,O=c1ccc2ccccc2o1,-5.3820,-2.9226,2.4594,0.4118
scaffold,2,Dummy (mean),RDKit descriptors,852,O=c2[nH]c(=O)c1[nH]c(=O)[nH]c1[nH]2 ,O=c1[nH]c(=O)c2[nH]c(=O)[nH]c2[nH]1,-3.9300,-2.9226,1.0074,0.2963
scaffold,2,Dummy (mean),RDKit descriptors,863,CC1(OC(=O)N(C1=O)c2cc(Cl)cc(Cl)c2)C=C,O=C1COC(=O)N1c1ccccc1,-4.9250,-2.9226,2.0024,0.4615
scaffold,2,Dummy (mean),RDKit descriptors,893,CCN(Cc1c(F)cccc1Cl)c2c(cc(cc2N(=O)=O)C(F)(F)F)N(=O)=O,c1ccc(CNc2ccccc2)cc1,-6.7800,-2.9226,3.8574,0.5472
scaffold,2,Dummy (mean),RDKit descriptors,899,ClC1C=CC2C1C3(Cl)C(=C(Cl)C2(Cl)C3(Cl)Cl)Cl,C1=CC2C3C=CC(C3)C2C1,-6.3170,-2.9226,3.3944,0.3824
scaffold,2,Dummy (mean),RDKit descriptors,916,c2ccc1[nH]ncc1c2 ,c1ccc2[nH]ncc2c1,-2.1600,-2.9226,0.7626,0.3571
scaffold,2,Dummy (mean),RDKit descriptors,918,Nc2nc1[nH]cnc1c(=O)[nH]2 ,O=c1[nH]cnc2[nH]cnc12,-3.5830,-2.9226,0.6604,0.3158
scaffold,2,Dummy (mean),RDKit descriptors,938,Nc1nc(O)nc2nc[nH]c12 ,c1ncc2[nH]cnc2n1,-3.4010,-2.9226,0.4784,0.2778
scaffold,2,Dummy (mean),RDKit descriptors,943,c2ccc1[nH]ccc1c2,c1ccc2[nH]ccc2c1,-1.5200,-2.9226,1.4026,0.3889
scaffold,2,Dummy (mean),RDKit descriptors,949,COC(=O)Nc2nc1ccc(cc1[nH]2)C(=O)c3ccccc3,O=C(c1ccccc1)c1ccc2nc[nH]c2c1,-3.8800,-2.9226,0.9574,0.3500
scaffold,2,Dummy (mean),RDKit descriptors,955,C1C=CCC=C1,C1=CCC=CC1,-2.0600,-2.9226,0.8626,0.2727
scaffold,2,Dummy (mean),RDKit descriptors,976,CC12CCC(CC1)C(C)(C)O2,C1CC2CCC1CO2,-1.7400,-2.9226,1.1826,0.3000
scaffold,2,Dummy (mean),RDKit descriptors,984,O=C2NC(=O)C1(CCCC1)C(=O)N2,O=C1NC(=O)C2(CCCC2)C(=O)N1,-2.3490,-2.9226,0.5736,0.9444
scaffold,2,Dummy (mean),RDKit descriptors,987,CN(C)C(=O)NC1CCCCCCC1,C1CCCCCCC1,-2.2180,-2.9226,0.7046,0.2973
scaffold,2,Dummy (mean),RDKit descriptors,991,CN(C)c2c(C)n(C)n(c1ccccc1)c2=O ,O=c1cc[nH]n1-c1ccccc1,-0.3640,-2.9226,2.5586,0.3030
scaffold,2,Dummy (mean),RDKit descriptors,1014,O=C1NCCN1c2ncc(s2)N(=O)=O,O=C1NCCN1c1nccs1,-3.2200,-2.9226,0.2974,0.2400
scaffold,2,Dummy (mean),RDKit descriptors,1015,C1c2ccccc2c3ccc4ccccc4c13,c1ccc2c(c1)Cc1c-2ccc2ccccc12,-6.6800,-2.9226,3.7574,0.4688
scaffold,2,Dummy (mean),RDKit descriptors,1022,N(=Nc1ccccc1)c2ccccc2,c1ccc(N=Nc2ccccc2)cc1,-4.4500,-2.9226,1.5274,0.4000
scaffold,2,Dummy (mean),RDKit descriptors,1037,c1c(O)C2C(=O)C3cc(O)ccC3OC2cc1(OC),O=C1C2C=CC=CC2OC2C=CC=CC12,-2.9430,-2.9226,0.0204,0.1667
scaffold,2,Dummy (mean),RDKit descriptors,1039,CC(=O)SC4CC1=CC(=O)CCC1(C)C5CCC2(C)C(CCC23CCC(=O)O3)C45,O=C1C=C2CCC3C(CCC4C3CCC43CCC(=O)O3)C2CC1,-4.1730,-2.9226,1.2504,0.4242
scaffold,2,Dummy (mean),RDKit descriptors,1054,Cc1cccc2c1ccc3ccccc32,c1ccc2c(c1)ccc1ccccc12,-5.8500,-2.9226,2.9274,0.7273
scaffold,2,Dummy (mean),RDKit descriptors,1061,COC1=CC(=O)CC(C)C13Oc2c(Cl)c(OC)cc(OC)c2C3=O,O=C1C=CC2(CC1)Oc1ccccc1C2=O,-3.2460,-2.9226,0.3234,0.1951
scaffold,2,Dummy (mean),RDKit descriptors,1085,CCOP(=S)(OCC)N2C(=O)c1ccccc1C2=O,O=C1NC(=O)c2ccccc21,-3.3500,-2.9226,0.4274,0.3208
scaffold,2,Dummy (mean),RDKit descriptors,1090,O=C(C=CC=Cc2ccc1OCOc1c2)N3CCCCC3,O=C(C=CC=Cc1ccc2c(c1)OCO2)N1CCCCC1,-3.4600,-2.9226,0.5374,0.1786
scaffold,2,Dummy (mean),RDKit descriptors,1093,O=C2NC(=O)C1(CCCCCCC1)C(=O)N2,O=C1NC(=O)C2(CCCCCCC2)C(=O)N1,-2.9820,-2.9226,0.0594,1.0000
scaffold,2,Dummy (mean),RDKit descriptors,1095,Oc2cc(O)c1C(=O)CC(Oc1c2)c3ccc(O)c(O)c3,O=C1CC(c2ccccc2)Oc2ccccc21,-3.6200,-2.9226,0.6974,0.1951
scaffold,2,Dummy (mean),RDKit descriptors,1106,CC(C)(C)C(=O)C(Oc1ccc(Cl)cc1)n2cncn2,c1ccc(OCn2cncn2)cc1,-3.6100,-2.9226,0.6874,0.3077
scaffold,2,Dummy (mean),RDKit descriptors,1110,CCOC(=O)Nc2cccc(OC(=O)Nc1ccccc1)c2 ,O=C(Nc1ccccc1)Oc1ccccc1,-4.6320,-2.9226,1.7094,0.4694
scaffold,2,Dummy (mean),RDKit descriptors,1115,O=C1NC(=O)C(=O)N1 ,O=C1NC(=O)C(=O)N1,-0.4000,-2.9226,2.5226,0.4118
scaffold,2,Linear,RDKit descriptors,1,Cc1occc1C(=O)Nc2ccccc2,O=C(Nc1ccccc1)c1ccoc1,-3.3000,-3.4818,0.1818,0.4545
scaffold,2,Linear,RDKit descriptors,4,c1ccsc1,c1ccsc1,-1.3300,-1.7495,0.4195,0.2222
scaffold,2,Linear,RDKit descriptors,18,CCOP(=S)(OCC)Oc1cc(C)nc(n1)C(C)C,c1cncnc1,-3.6400,-4.4940,0.8540,0.4130
scaffold,2,Linear,RDKit descriptors,32,COC(=O)Nc1cccc(OC(=O)Nc2cccc(C)c2)c1,O=C(Nc1ccccc1)Oc1ccccc1,-4.8050,-4.9747,0.1697,0.4894
scaffold,2,Linear,RDKit descriptors,72,CC1(C)C2CCC1(C)C(=O)C2,O=C1CC2CCC1C2,-1.9600,-2.6014,0.6414,0.3030
scaffold,2,Linear,RDKit descriptors,86,CC(C)C(C(=O)OC(C#N)c1cccc(Oc2ccccc2)c1)c3ccc(OC(F)F)cc3,O=C(Cc1ccccc1)OCc1cccc(Oc2ccccc2)c1,-6.8760,-8.0833,1.2073,0.5333
scaffold,2,Linear,RDKit descriptors,92,c1ccc2c(c1)c3cccc4cccc2c34,c1ccc2c(c1)-c1cccc3cccc-2c13,-6.0000,-4.8203,1.1797,0.7368
scaffold,2,Linear,RDKit descriptors,98,C1OC1c2ccccc2 ,c1ccc(C2CO2)cc1,-1.6000,-1.9144,0.3144,0.3000
scaffold,2,Linear,RDKit descriptors,126,CCCCc1c(C)nc(nc1O)N(C)C ,c1cncnc1,-2.2400,-2.5617,0.3217,0.3448
scaffold,2,Linear,RDKit descriptors,160,CSc1nnc(c(=O)n1N)C(C)(C)C,O=c1cnnc[nH]1,-2.2530,-1.3539,0.8991,0.1923
scaffold,2,Linear,RDKit descriptors,176,CC1=CC(=O)CC(C)(C)C1 ,O=C1C=CCCC1,-1.0600,-2.4755,1.4155,0.2553
scaffold,2,Linear,RDKit descriptors,179,CCC1(CCC(=O)NC1=O)c2ccccc2 ,O=C1CCC(c2ccccc2)C(=O)N1,-2.3370,-2.4721,0.1351,0.3333
scaffold,2,Linear,RDKit descriptors,188,C1C(O)CCC2(C)CC3CCC4(C)C5(C)CC6OCC(C)CC6OC5CC4C3C=C21,C1=C2CCCCC2CC2CCC3C4CC5OCCCC5OC4CC3C12,-7.3200,-6.7032,0.6168,0.1875
scaffold,2,Linear,RDKit descriptors,195,CC(C)Oc1cc(c(Cl)cc1Cl)n2nc(oc2=O)C(C)(C)C,O=c1ocnn1-c1ccccc1,-5.6960,-5.3837,0.3123,0.2105
scaffold,2,Linear,RDKit descriptors,200,Nc1ccc(cc1)S(=O)(=O)c2ccc(N)cc2,O=S(=O)(c1ccccc1)c1ccccc1,-3.0940,-2.8744,0.2196,0.6500
scaffold,2,Linear,RDKit descriptors,213,CC12CCC(CC1)C(C)(C)O2 ,C1CC2CCC1CO2,-1.6400,-2.8772,1.2372,0.3000
scaffold,2,Linear,RDKit descriptors,217,CC(=C)C1CC=C(C)C(=O)C1,O=C1C=CCCC1,-2.0600,-2.6599,0.5999,0.4706
scaffold,2,Linear,RDKit descriptors,225,Cc3ccnc4N(C1CC1)c2ncccc2C(=O)Nc34 ,O=C1Nc2cccnc2N(C2CC2)c2ncccc21,-3.1900,-3.6491,0.4591,0.4909
scaffold,2,Linear,RDKit descriptors,260,CCOP(=S)(OCC)SC(CCl)N1C(=O)c2ccccc2C1=O,O=C1NC(=O)c2ccccc21,-6.3400,-5.0792,1.2608,0.3529
scaffold,2,Linear,RDKit descriptors,286,C(Cc1ccccc1)c2ccccc2,c1ccc(CCc2ccccc2)cc1,-4.6200,-3.6856,0.9344,0.6471
scaffold,2,Linear,RDKit descriptors,289,Cc1ccc2c(ccc3ccccc32)c1,c1ccc2c(c1)ccc1ccccc12,-5.8400,-4.5947,1.2453,0.6522
scaffold,2,Linear,RDKit descriptors,298,OCC1OC(CO)(OC2OC(COC3OC(CO)C(O)C(O)C3O)C(O)C(O)C2O)C(O)C1O,C1CCC(OCC2CCCC(OC3CCCO3)O2)OC1,-0.4100,3.9761,4.3861,0.8421
scaffold,2,Linear,RDKit descriptors,309,OC1CCCCCCC1,C1CCCCCCC1,-1.2900,-2.2431,0.9531,1.0000
scaffold,2,Linear,RDKit descriptors,318,Nc1ncnc2nc[nH]c12 ,c1ncc2[nH]cnc2n1,-2.1200,-0.8051,1.3149,0.2432
scaffold,2,Linear,RDKit descriptors,320,COc1ccc(cc1)C(O)(C2CC2)c3cncnc3 ,c1ccc(C(c2cncnc2)C2CC2)cc1,-2.5960,-3.0345,0.4385,0.2895
scaffold,2,Linear,RDKit descriptors,336,o1c2ccccc2c3ccccc13,c1ccc2c(c1)oc1ccccc12,-4.6000,-3.9343,0.6657,0.3684
scaffold,2,Linear,RDKit descriptors,339,c3ccc2nc1ccccc1cc2c3,c1ccc2nc3ccccc3cc2c1,-3.6700,-3.7774,0.1074,0.5625
scaffold,2,Linear,RDKit descriptors,340,CC12CC(=O)C3C(CCC4=CC(=O)CCC34C)C2CCC1(O)C(=O)CO,O=C1C=C2CCC3C4CCCC4CC(=O)C3C2CC1,-3.1100,-3.4908,0.3808,0.6780
scaffold,2,Linear,RDKit descriptors,344,CCC(C)C(=O)OC2CC(C)C=C3C=CC(C)C(CCC1CC(O)CC(=O)O1)C23 ,O=C1CCCC(CCC2CC=CC3=CCCCC32)O1,-6.0050,-5.5598,0.4452,0.1774
scaffold,2,Linear,RDKit descriptors,353,CCC(C(CC)c1ccc(O)cc1)c2ccc(O)cc2,c1ccc(CCc2ccccc2)cc1,-4.4300,-5.5204,1.0904,0.4800
scaffold,2,Linear,RDKit descriptors,360,CN(C)C(=O)Nc1ccc(c(Cl)c1)n2nc(oc2=O)C(C)(C)C,O=c1ocnn1-c1ccccc1,-4.3280,-4.2556,0.0724,0.4898
scaffold,2,Linear,RDKit descriptors,365,c1cncnc1,c1cncnc1,1.1000,-0.7100,1.8100,0.5000
scaffold,2,Linear,RDKit descriptors,373,CC2Nc1cc(Cl)c(cc1C(=O)N2c3ccccc3C)S(N)(=O)=O ,O=C1c2ccccc2NCN1c1ccccc1,-3.7800,-4.2999,0.5199,0.3429
scaffold,2,Linear,RDKit descriptors,381,OCC(O)C2OC1OC(OC1C2O)C(Cl)(Cl)Cl ,C1CC2OCOC2O1,-1.8400,-0.9026,0.9374,0.1765
scaffold,2,Linear,RDKit descriptors,386,Nc1nccs1 ,c1cscn1,-0.3600,-1.1022,0.7422,0.2143
scaffold,2,Linear,RDKit descriptors,394,CN(C(=O)NC(C)(C)c1ccccc1)c2ccccc2,O=C(NCc1ccccc1)Nc1ccccc1,-3.3500,-4.4939,1.1439,0.3784
scaffold,2,Linear,RDKit descriptors,412,CC(=O)Nc1nnc(s1)S(N)(=O)=O ,c1nncs1,-2.3600,-0.4997,1.8603,0.2703
scaffold,2,Linear,RDKit descriptors,414,ClC1=C(Cl)C2(Cl)C3C4CC(C=C4)C3C1(Cl)C2(Cl)Cl,C1=CC2CC1C1C3C=CC(C3)C21,-6.3070,-5.9828,0.3242,0.4839
scaffold,2,Linear,RDKit descriptors,422,ClC(Cl)C(Cl)(Cl)SN2C(=O)C1CC=CCC1C2=O ,O=C1NC(=O)C2CC=CCC12,-5.4000,-4.4776,0.9224,0.1935
scaffold,2,Linear,RDKit descriptors,448,NC(=O)NC1NC(=O)NC1=O ,O=C1CNC(=O)N1,-1.6000,1.0649,2.6649,0.2105
scaffold,2,Linear,RDKit descriptors,449,OCC(O)COC(=O)c1ccccc1Nc2ccnc3cc(Cl)ccc23,c1ccc(Nc2ccnc3ccccc23)cc1,-4.5710,-4.6775,0.1065,0.2769
scaffold,2,Linear,RDKit descriptors,476,CN(C)C(=O)Oc1nc(nc(C)c1C)N(C)C,c1cncnc1,-1.9500,-2.1062,0.1562,0.3333
scaffold,2,Linear,RDKit descriptors,488,O=c2c(C3CCCc4ccccc43)c(O)c1ccccc1o2 ,O=c1oc2ccccc2cc1C1CCCc2ccccc21,-2.8400,-4.9756,2.1356,0.2619
scaffold,2,Linear,RDKit descriptors,495,Nc1cc(nc(N)n1=O)N2CCCCC2 ,c1cc(N2CCCCC2)nc[nH+]1,-1.9890,-1.0186,0.9704,0.1463
scaffold,2,Linear,RDKit descriptors,496,Nc2cccc3nc1ccccc1cc23 ,c1ccc2nc3ccccc3cc2c1,-4.2200,-3.6254,0.5946,0.5185
scaffold,2,Linear,RDKit descriptors,500,CCOP(=S)(OCC)SC(CCl)N2C(=O)c1ccccc1C2=O,O=C1NC(=O)c2ccccc21,-6.3400,-5.0792,1.2608,0.3529
scaffold,2,Linear,RDKit descriptors,504,CC1=C(CCCO1)C(=O)Nc2ccccc2 ,O=C(Nc1ccccc1)C1=COCCC1,-2.5600,-3.3209,0.7609,0.5581
scaffold,2,Linear,RDKit descriptors,512,Cc1c[nH]c2ccccc12 ,c1ccc2[nH]ccc2c1,-2.4200,-2.7334,0.3134,0.4348
scaffold,2,Linear,RDKit descriptors,518,CC(=O)N(S(=O)c1ccc(N)cc1)c2onc(C)c2C ,O=S(Nc1ccno1)c1ccccc1,-3.5900,-3.2710,0.3190,0.2708
scaffold,2,Linear,RDKit descriptors,536,CC3C2CCC1(C)C=CC(=O)C(=C1C2OC3=O)C,O=C1C=CC2CCC3CC(=O)OC3C2=C1,-3.0900,-3.1577,0.0677,0.2063
scaffold,2,Linear,RDKit descriptors,546,Cc2c(N)c(=O)n(c1ccccc1)n2C,O=c1cc[nH]n1-c1ccccc1,-0.6240,-1.8693,1.2453,0.3333
scaffold,2,Linear,RDKit descriptors,562,c1ccccc1C(O)C(O)c2ccccc2,c1ccc(CCc2ccccc2)cc1,-1.9300,-3.1199,1.1899,0.6471
scaffold,2,Linear,RDKit descriptors,579,c1ccc(cc1)c2ccc(cc2)c3ccccc3,c1ccc(-c2ccc(-c3ccccc3)cc2)cc1,-7.1100,-5.3986,1.7114,0.9000
scaffold,2,Linear,RDKit descriptors,582,Cc1cc(ccc1NS(=O)(=O)C(F)(F)F)S(=O)(=O)c2ccccc2,O=S(=O)(c1ccccc1)c1ccccc1,-3.8000,-4.5745,0.7745,0.4565
scaffold,2,Linear,RDKit descriptors,611,c1ccc2c(c1)ccc3ccccc32,c1ccc2c(c1)ccc1ccccc12,-5.2600,-4.2569,1.0031,0.8571
scaffold,2,Linear,RDKit descriptors,621,ClC(Cl)(Cl)C(NC=O)N1C=CN(C=C1)C(NC=O)C(Cl)(Cl)Cl ,C1=CNC=CN1,-4.1900,-3.8668,0.3232,0.2000
scaffold,2,Linear,RDKit descriptors,622,Cn2cc(c1ccccc1)c(=O)c(c2)c3cccc(c3)C(F)(F)F,O=c1c(-c2ccccc2)c[nH]cc1-c1ccccc1,-4.4450,-5.6049,1.1599,0.3714
scaffold,2,Linear,RDKit descriptors,624,CC12CCC3C(CCc4cc(O)ccc34)C2CCC1=O,O=C1CCC2C1CCC1c3ccccc3CCC12,-3.9550,-4.5980,0.6430,0.6250
scaffold,2,Linear,RDKit descriptors,626,CC1CO1,C1CO1,-0.5900,-0.2981,0.2919,0.4118
scaffold,2,Linear,RDKit descriptors,637,c1ccc2c(c1)cc3ccc4cccc5ccc2c3c45,c1ccc2c(c1)cc1ccc3cccc4ccc2c1c34,-8.6990,-6.2084,2.4906,0.6522
scaffold,2,Linear,RDKit descriptors,647,Cc1cc(=O)[nH]c(=S)[nH]1,O=c1cc[nH]c(=S)[nH]1,-2.4360,-1.3154,1.1206,0.2581
scaffold,2,Linear,RDKit descriptors,652,CC1(C)CON(Cc2ccccc2Cl)C1=O,O=C1CCON1Cc1ccccc1,-2.3380,-3.2583,0.9203,0.2703
scaffold,2,Linear,RDKit descriptors,659,OC(Cn1cncn1)(Cn2cncn2)c3ccc(F)cc3F ,c1ccc(C(Cn2cncn2)Cn2cncn2)cc1,-1.8000,-2.0619,0.2619,0.5417
scaffold,2,Linear,RDKit descriptors,676,c1cc2ccc3ccc4ccc5cccc6c(c1)c2c3c4c56,c1cc2ccc3ccc4ccc5cccc6c(c1)c2c3c4c56,-9.0180,-6.8660,2.1520,0.8235
scaffold,2,Linear,RDKit descriptors,678,c1c(OC)c(OC)C2C(=O)OCC2c1,O=C1OCC2C=CC=CC12,-1.8990,-1.4327,0.4663,0.2000
scaffold,2,Linear,RDKit descriptors,683,Cc1cc(=O)n(c2ccccc2)n1C,O=c1cc[nH]n1-c1ccccc1,0.7150,-2.0191,2.7341,0.3250
scaffold,2,Linear,RDKit descriptors,702,CC(=O)OCC(=O)C3(O)CCC4C2CCC1=CC(=O)CCC1(C)C2C(=O)CC34C ,O=C1C=C2CCC3C4CCCC4CC(=O)C3C2CC1,-4.2100,-4.2219,0.0119,0.7031
scaffold,2,Linear,RDKit descriptors,708,CN(C)C(=O)NC1CC2CC1C3CCCC23,C1CC2C3CCC(C3)C2C1,-3.1710,-2.6382,0.5328,0.2381
scaffold,2,Linear,RDKit descriptors,724,O=C1NC(=O)c2ccccc12 ,O=C1NC(=O)c2ccccc21,-2.6100,-1.1268,1.4832,0.3333
scaffold,2,Linear,RDKit descriptors,730,CCC2NC(=O)c1cc(c(Cl)cc1N2)S(N)(=O)=O,O=C1NCNc2ccccc21,-3.2900,-2.2986,0.9914,0.3889
scaffold,2,Linear,RDKit descriptors,733,C1(=O)NC(=O)NC(=O)C1(O)C2(O)C(=O)NC(=O)NC2(=O),O=C1NC(=O)C(C2C(=O)NC(=O)NC2=O)C(=O)N1,-1.9900,2.5561,4.5461,0.4737
scaffold,2,Linear,RDKit descriptors,754,COc2cc1c(N)nc(nc1c(OC)c2OC)N3CCN(CC3)C(=O)OCC(C)(C)O ,c1ccc2nc(N3CCNCC3)ncc2c1,-3.6380,-3.3575,0.2805,0.1972
scaffold,2,Linear,RDKit descriptors,771,C1CCCCCCC1,C1CCCCCCC1,-4.1500,-3.0236,1.1264,1.0000
scaffold,2,Linear,RDKit descriptors,775,Clc1ccc(CN(C2CCCC2)C(=O)Nc3ccccc3)cc1,O=C(Nc1ccccc1)N(Cc1ccccc1)C1CCCC1,-5.9150,-6.1779,0.2629,0.4000
scaffold,2,Linear,RDKit descriptors,780,c1ccc2c3c(ccc2c1)c4cccc5cccc3c45,c1ccc2c3c(ccc2c1)-c1cccc2cccc-3c12,-8.0000,-6.1143,1.8857,0.5000
scaffold,2,Linear,RDKit descriptors,792,OC1C=CC2C1C3(Cl)C(=C(Cl)C2(Cl)C3(Cl)Cl)Cl ,C1=CC2C3C=CC(C3)C2C1,-5.4600,-4.8736,0.5864,0.3714
scaffold,2,Linear,RDKit descriptors,797,CC2(C)C1CCC(C)(C1)C2=O,O=C1CC2CCC1C2,-1.8500,-2.6014,0.7514,0.2647
scaffold,2,Linear,RDKit descriptors,799,ClC2=C(Cl)C3(Cl)C1C=CCC1C2(Cl)C3(Cl)Cl ,C1=CC2C3C=CC(C3)C2C1,-5.6400,-5.6541,0.0141,0.3611
scaffold,2,Linear,RDKit descriptors,801,c1ccc2c(c1)[nH]c3ccccc32,c1ccc2c(c1)[nH]c1ccccc12,-5.2700,-3.6949,1.5751,0.3684
scaffold,2,Linear,RDKit descriptors,807,CCCCc1c(C)nc(NCC)nc1OS(=O)(=O)N(C)C ,c1cncnc1,-4.1600,-2.9758,1.1842,0.4286
scaffold,2,Linear,RDKit descriptors,812,c1cc2ccc(OC)c(CC=C(C)(C))c2oc1=O ,O=c1ccc2ccccc2o1,-4.3140,-4.0174,0.2966,0.3673
scaffold,2,Linear,RDKit descriptors,819,c1ccc2cc3cc4ccccc4cc3cc2c1,c1ccc2cc3cc4ccccc4cc3cc2c1,-8.6000,-5.5509,3.0491,0.9091
scaffold,2,Linear,RDKit descriptors,829,CN(C)C(=O)OC1=CC(=O)CC(C)(C)C1 ,O=C1C=CCCC1,-0.8500,-2.5959,1.7459,0.2381
scaffold,2,Linear,RDKit descriptors,846,O=C1CNC(=O)N1 ,O=C1CNC(=O)N1,-0.4000,0.7196,1.1196,0.3684
scaffold,2,Linear,RDKit descriptors,849,CCOP(=S)(OCC)Oc2ccc1oc(=O)c(Cl)c(C)c1c2,O=c1ccc2ccccc2o1,-5.3820,-5.5949,0.2129,0.4118
scaffold,2,Linear,RDKit descriptors,852,O=c2[nH]c(=O)c1[nH]c(=O)[nH]c1[nH]2 ,O=c1[nH]c(=O)c2[nH]c(=O)[nH]c2[nH]1,-3.9300,0.4835,4.4135,0.2963
scaffold,2,Linear,RDKit descriptors,863,CC1(OC(=O)N(C1=O)c2cc(Cl)cc(Cl)c2)C=C,O=C1COC(=O)N1c1ccccc1,-4.9250,-4.3113,0.6137,0.4615
scaffold,2,Linear,RDKit descriptors,893,CCN(Cc1c(F)cccc1Cl)c2c(cc(cc2N(=O)=O)C(F)(F)F)N(=O)=O,c1ccc(CNc2ccccc2)cc1,-6.7800,-6.9378,0.1578,0.5472
scaffold,2,Linear,RDKit descriptors,899,ClC1C=CC2C1C3(Cl)C(=C(Cl)C2(Cl)C3(Cl)Cl)Cl,C1=CC2C3C=CC(C3)C2C1,-6.3170,-5.9838,0.3332,0.3824
scaffold,2,Linear,RDKit descriptors,916,c2ccc1[nH]ncc1c2 ,c1ccc2[nH]ncc2c1,-2.1600,-1.9214,0.2386,0.3571
scaffold,2,Linear,RDKit descriptors,918,Nc2nc1[nH]cnc1c(=O)[nH]2 ,O=c1[nH]cnc2[nH]cnc12,-3.5830,-0.3234,3.2596,0.3158
scaffold,2,Linear,RDKit descriptors,938,Nc1nc(O)nc2nc[nH]c12 ,c1ncc2[nH]cnc2n1,-3.4010,-0.7267,2.6743,0.2778
scaffold,2,Linear,RDKit descriptors,943,c2ccc1[nH]ccc1c2,c1ccc2[nH]ccc2c1,-1.5200,-2.4009,0.8809,0.3889
scaffold,2,Linear,RDKit descriptors,949,COC(=O)Nc2nc1ccc(cc1[nH]2)C(=O)c3ccccc3,O=C(c1ccccc1)c1ccc2nc[nH]c2c1,-3.8800,-4.2498,0.3698,0.3500
scaffold,2,Linear,RDKit descriptors,955,C1C=CCC=C1,C1=CCC=CC1,-2.0600,-1.7184,0.3416,0.2727
scaffold,2,Linear,RDKit descriptors,976,CC12CCC(CC1)C(C)(C)O2,C1CC2CCC1CO2,-1.7400,-2.8772,1.1372,0.3000
scaffold,2,Linear,RDKit descriptors,984,O=C2NC(=O)C1(CCCC1)C(=O)N2,O=C1NC(=O)C2(CCCC2)C(=O)N1,-2.3490,-0.7601,1.5889,0.9444
scaffold,2,Linear,RDKit descriptors,987,CN(C)C(=O)NC1CCCCCCC1,C1CCCCCCC1,-2.2180,-2.8361,0.6181,0.2973
scaffold,2,Linear,RDKit descriptors,991,CN(C)c2c(C)n(C)n(c1ccccc1)c2=O ,O=c1cc[nH]n1-c1ccccc1,-0.3640,-2.2174,1.8534,0.3030
scaffold,2,Linear,RDKit descriptors,1014,O=C1NCCN1c2ncc(s2)N(=O)=O,O=C1NCCN1c1nccs1,-3.2200,-1.6471,1.5729,0.2400
scaffold,2,Linear,RDKit descriptors,1015,C1c2ccccc2c3ccc4ccccc4c13,c1ccc2c(c1)Cc1c-2ccc2ccccc12,-6.6800,-4.7850,1.8950,0.4688
scaffold,2,Linear,RDKit descriptors,1022,N(=Nc1ccccc1)c2ccccc2,c1ccc(N=Nc2ccccc2)cc1,-4.4500,-4.5199,0.0699,0.4000
scaffold,2,Linear,RDKit descriptors,1037,c1c(O)C2C(=O)C3cc(O)ccC3OC2cc1(OC),O=C1C2C=CC=CC2OC2C=CC=CC12,-2.9430,-2.6183,0.3247,0.1667
scaffold,2,Linear,RDKit descriptors,1039,CC(=O)SC4CC1=CC(=O)CCC1(C)C5CCC2(C)C(CCC23CCC(=O)O3)C45,O=C1C=C2CCC3C(CCC4C3CCC43CCC(=O)O3)C2CC1,-4.1730,-6.2311,2.0581,0.4242
scaffold,2,Linear,RDKit descriptors,1054,Cc1cccc2c1ccc3ccccc32,c1ccc2c(c1)ccc1ccccc12,-5.8500,-4.5947,1.2553,0.7273
scaffold,2,Linear,RDKit descriptors,1061,COC1=CC(=O)CC(C)C13Oc2c(Cl)c(OC)cc(OC)c2C3=O,O=C1C=CC2(CC1)Oc1ccccc1C2=O,-3.2460,-4.1147,0.8687,0.1951
scaffold,2,Linear,RDKit descriptors,1085,CCOP(=S)(OCC)N2C(=O)c1ccccc1C2=O,O=C1NC(=O)c2ccccc21,-3.3500,-3.5556,0.2056,0.3208
scaffold,2,Linear,RDKit descriptors,1090,O=C(C=CC=Cc2ccc1OCOc1c2)N3CCCCC3,O=C(C=CC=Cc1ccc2c(c1)OCO2)N1CCCCC1,-3.4600,-3.8057,0.3457,0.1786
scaffold,2,Linear,RDKit descriptors,1093,O=C2NC(=O)C1(CCCCCCC1)C(=O)N2,O=C1NC(=O)C2(CCCCCCC2)C(=O)N1,-2.9820,-2.0433,0.9387,1.0000
scaffold,2,Linear,RDKit descriptors,1095,Oc2cc(O)c1C(=O)CC(Oc1c2)c3ccc(O)c(O)c3,O=C1CC(c2ccccc2)Oc2ccccc21,-3.6200,-3.6988,0.0788,0.1951
scaffold,2,Linear,RDKit descriptors,1106,CC(C)(C)C(=O)C(Oc1ccc(Cl)cc1)n2cncn2,c1ccc(OCn2cncn2)cc1,-3.6100,-4.1311,0.5211,0.3077
scaffold,2,Linear,RDKit descriptors,1110,CCOC(=O)Nc2cccc(OC(=O)Nc1ccccc1)c2 ,O=C(Nc1ccccc1)Oc1ccccc1,-4.6320,-5.0357,0.4037,0.4694
scaffold,2,Linear,RDKit descriptors,1115,O=C1NC(=O)C(=O)N1 ,O=C1NC(=O)C(=O)N1,-0.4000,0.9921,1.3921,0.4118
scaffold,2,MLP,RDKit descriptors,1,Cc1occc1C(=O)Nc2ccccc2,O=C(Nc1ccccc1)c1ccoc1,-3.3000,-3.4327,0.1327,0.4545
scaffold,2,MLP,RDKit descriptors,4,c1ccsc1,c1ccsc1,-1.3300,-1.2792,0.0508,0.2222
scaffold,2,MLP,RDKit descriptors,18,CCOP(=S)(OCC)Oc1cc(C)nc(n1)C(C)C,c1cncnc1,-3.6400,-4.2624,0.6224,0.4130
scaffold,2,MLP,RDKit descriptors,32,COC(=O)Nc1cccc(OC(=O)Nc2cccc(C)c2)c1,O=C(Nc1ccccc1)Oc1ccccc1,-4.8050,-4.5674,0.2376,0.4894
scaffold,2,MLP,RDKit descriptors,72,CC1(C)C2CCC1(C)C(=O)C2,O=C1CC2CCC1C2,-1.9600,-2.4218,0.4618,0.3030
scaffold,2,MLP,RDKit descriptors,86,CC(C)C(C(=O)OC(C#N)c1cccc(Oc2ccccc2)c1)c3ccc(OC(F)F)cc3,O=C(Cc1ccccc1)OCc1cccc(Oc2ccccc2)c1,-6.8760,-7.4180,0.5420,0.5333
scaffold,2,MLP,RDKit descriptors,92,c1ccc2c(c1)c3cccc4cccc2c34,c1ccc2c(c1)-c1cccc3cccc-2c13,-6.0000,-5.9212,0.0788,0.7368
scaffold,2,MLP,RDKit descriptors,98,C1OC1c2ccccc2 ,c1ccc(C2CO2)cc1,-1.6000,-1.3133,0.2867,0.3000
scaffold,2,MLP,RDKit descriptors,126,CCCCc1c(C)nc(nc1O)N(C)C ,c1cncnc1,-2.2400,-2.7115,0.4715,0.3448
scaffold,2,MLP,RDKit descriptors,160,CSc1nnc(c(=O)n1N)C(C)(C)C,O=c1cnnc[nH]1,-2.2530,-1.9290,0.3240,0.1923
scaffold,2,MLP,RDKit descriptors,176,CC1=CC(=O)CC(C)(C)C1 ,O=C1C=CCCC1,-1.0600,-2.2600,1.2000,0.2553
scaffold,2,MLP,RDKit descriptors,179,CCC1(CCC(=O)NC1=O)c2ccccc2 ,O=C1CCC(c2ccccc2)C(=O)N1,-2.3370,-2.6307,0.2937,0.3333
scaffold,2,MLP,RDKit descriptors,188,C1C(O)CCC2(C)CC3CCC4(C)C5(C)CC6OCC(C)CC6OC5CC4C3C=C21,C1=C2CCCCC2CC2CCC3C4CC5OCCCC5OC4CC3C12,-7.3200,-6.5457,0.7743,0.1875
scaffold,2,MLP,RDKit descriptors,195,CC(C)Oc1cc(c(Cl)cc1Cl)n2nc(oc2=O)C(C)(C)C,O=c1ocnn1-c1ccccc1,-5.6960,-5.0471,0.6489,0.2105
scaffold,2,MLP,RDKit descriptors,200,Nc1ccc(cc1)S(=O)(=O)c2ccc(N)cc2,O=S(=O)(c1ccccc1)c1ccccc1,-3.0940,-3.4735,0.3795,0.6500
scaffold,2,MLP,RDKit descriptors,213,CC12CCC(CC1)C(C)(C)O2 ,C1CC2CCC1CO2,-1.6400,-2.8595,1.2195,0.3000
scaffold,2,MLP,RDKit descriptors,217,CC(=C)C1CC=C(C)C(=O)C1,O=C1C=CCCC1,-2.0600,-2.3101,0.2501,0.4706
scaffold,2,MLP,RDKit descriptors,225,Cc3ccnc4N(C1CC1)c2ncccc2C(=O)Nc34 ,O=C1Nc2cccnc2N(C2CC2)c2ncccc21,-3.1900,-3.6651,0.4751,0.4909
scaffold,2,MLP,RDKit descriptors,260,CCOP(=S)(OCC)SC(CCl)N1C(=O)c2ccccc2C1=O,O=C1NC(=O)c2ccccc21,-6.3400,-4.7113,1.6287,0.3529
scaffold,2,MLP,RDKit descriptors,286,C(Cc1ccccc1)c2ccccc2,c1ccc(CCc2ccccc2)cc1,-4.6200,-4.8238,0.2038,0.6471
scaffold,2,MLP,RDKit descriptors,289,Cc1ccc2c(ccc3ccccc32)c1,c1ccc2c(c1)ccc1ccccc12,-5.8400,-5.6480,0.1920,0.6522
scaffold,2,MLP,RDKit descriptors,298,OCC1OC(CO)(OC2OC(COC3OC(CO)C(O)C(O)C3O)C(O)C(O)C2O)C(O)C1O,C1CCC(OCC2CCCC(OC3CCCO3)O2)OC1,-0.4100,-0.2537,0.1563,0.8421
scaffold,2,MLP,RDKit descriptors,309,OC1CCCCCCC1,C1CCCCCCC1,-1.2900,-1.9244,0.6344,1.0000
scaffold,2,MLP,RDKit descriptors,318,Nc1ncnc2nc[nH]c12 ,c1ncc2[nH]cnc2n1,-2.1200,-1.0597,1.0603,0.2432
scaffold,2,MLP,RDKit descriptors,320,COc1ccc(cc1)C(O)(C2CC2)c3cncnc3 ,c1ccc(C(c2cncnc2)C2CC2)cc1,-2.5960,-3.3425,0.7465,0.2895
scaffold,2,MLP,RDKit descriptors,336,o1c2ccccc2c3ccccc13,c1ccc2c(c1)oc1ccccc12,-4.6000,-4.1169,0.4831,0.3684
scaffold,2,MLP,RDKit descriptors,339,c3ccc2nc1ccccc1cc2c3,c1ccc2nc3ccccc3cc2c1,-3.6700,-3.8051,0.1351,0.5625
scaffold,2,MLP,RDKit descriptors,340,CC12CC(=O)C3C(CCC4=CC(=O)CCC34C)C2CCC1(O)C(=O)CO,O=C1C=C2CCC3C4CCCC4CC(=O)C3C2CC1,-3.1100,-3.2455,0.1355,0.6780
scaffold,2,MLP,RDKit descriptors,344,CCC(C)C(=O)OC2CC(C)C=C3C=CC(C)C(CCC1CC(O)CC(=O)O1)C23 ,O=C1CCCC(CCC2CC=CC3=CCCCC32)O1,-6.0050,-4.8095,1.1955,0.1774
scaffold,2,MLP,RDKit descriptors,353,CCC(C(CC)c1ccc(O)cc1)c2ccc(O)cc2,c1ccc(CCc2ccccc2)cc1,-4.4300,-5.0649,0.6349,0.4800
scaffold,2,MLP,RDKit descriptors,360,CN(C)C(=O)Nc1ccc(c(Cl)c1)n2nc(oc2=O)C(C)(C)C,O=c1ocnn1-c1ccccc1,-4.3280,-4.2353,0.0927,0.4898
scaffold,2,MLP,RDKit descriptors,365,c1cncnc1,c1cncnc1,1.1000,0.5903,0.5097,0.5000
scaffold,2,MLP,RDKit descriptors,373,CC2Nc1cc(Cl)c(cc1C(=O)N2c3ccccc3C)S(N)(=O)=O ,O=C1c2ccccc2NCN1c1ccccc1,-3.7800,-4.4000,0.6200,0.3429
scaffold,2,MLP,RDKit descriptors,381,OCC(O)C2OC1OC(OC1C2O)C(Cl)(Cl)Cl ,C1CC2OCOC2O1,-1.8400,-1.5301,0.3099,0.1765
scaffold,2,MLP,RDKit descriptors,386,Nc1nccs1 ,c1cscn1,-0.3600,0.0195,0.3795,0.2143
scaffold,2,MLP,RDKit descriptors,394,CN(C(=O)NC(C)(C)c1ccccc1)c2ccccc2,O=C(NCc1ccccc1)Nc1ccccc1,-3.3500,-4.2900,0.9400,0.3784
scaffold,2,MLP,RDKit descriptors,412,CC(=O)Nc1nnc(s1)S(N)(=O)=O ,c1nncs1,-2.3600,-1.7107,0.6493,0.2703
scaffold,2,MLP,RDKit descriptors,414,ClC1=C(Cl)C2(Cl)C3C4CC(C=C4)C3C1(Cl)C2(Cl)Cl,C1=CC2CC1C1C3C=CC(C3)C21,-6.3070,-6.1569,0.1501,0.4839
scaffold,2,MLP,RDKit descriptors,422,ClC(Cl)C(Cl)(Cl)SN2C(=O)C1CC=CCC1C2=O ,O=C1NC(=O)C2CC=CCC12,-5.4000,-4.1304,1.2696,0.1935
scaffold,2,MLP,RDKit descriptors,448,NC(=O)NC1NC(=O)NC1=O ,O=C1CNC(=O)N1,-1.6000,-0.3835,1.2165,0.2105
scaffold,2,MLP,RDKit descriptors,449,OCC(O)COC(=O)c1ccccc1Nc2ccnc3cc(Cl)ccc23,c1ccc(Nc2ccnc3ccccc23)cc1,-4.5710,-5.0065,0.4355,0.2769
scaffold,2,MLP,RDKit descriptors,476,CN(C)C(=O)Oc1nc(nc(C)c1C)N(C)C,c1cncnc1,-1.9500,-2.3989,0.4489,0.3333
scaffold,2,MLP,RDKit descriptors,488,O=c2c(C3CCCc4ccccc43)c(O)c1ccccc1o2 ,O=c1oc2ccccc2cc1C1CCCc2ccccc21,-2.8400,-4.7273,1.8873,0.2619
scaffold,2,MLP,RDKit descriptors,495,Nc1cc(nc(N)n1=O)N2CCCCC2 ,c1cc(N2CCCCC2)nc[nH+]1,-1.9890,-1.8328,0.1562,0.1463
scaffold,2,MLP,RDKit descriptors,496,Nc2cccc3nc1ccccc1cc23 ,c1ccc2nc3ccccc3cc2c1,-4.2200,-3.1576,1.0624,0.5185
scaffold,2,MLP,RDKit descriptors,500,CCOP(=S)(OCC)SC(CCl)N2C(=O)c1ccccc1C2=O,O=C1NC(=O)c2ccccc21,-6.3400,-4.7113,1.6287,0.3529
scaffold,2,MLP,RDKit descriptors,504,CC1=C(CCCO1)C(=O)Nc2ccccc2 ,O=C(Nc1ccccc1)C1=COCCC1,-2.5600,-3.1308,0.5708,0.5581
scaffold,2,MLP,RDKit descriptors,512,Cc1c[nH]c2ccccc12 ,c1ccc2[nH]ccc2c1,-2.4200,-2.0232,0.3968,0.4348
scaffold,2,MLP,RDKit descriptors,518,CC(=O)N(S(=O)c1ccc(N)cc1)c2onc(C)c2C ,O=S(Nc1ccno1)c1ccccc1,-3.5900,-3.6253,0.0353,0.2708
scaffold,2,MLP,RDKit descriptors,536,CC3C2CCC1(C)C=CC(=O)C(=C1C2OC3=O)C,O=C1C=CC2CCC3CC(=O)OC3C2=C1,-3.0900,-3.1052,0.0152,0.2063
scaffold,2,MLP,RDKit descriptors,546,Cc2c(N)c(=O)n(c1ccccc1)n2C,O=c1cc[nH]n1-c1ccccc1,-0.6240,-2.0216,1.3976,0.3333
scaffold,2,MLP,RDKit descriptors,562,c1ccccc1C(O)C(O)c2ccccc2,c1ccc(CCc2ccccc2)cc1,-1.9300,-3.1944,1.2644,0.6471
scaffold,2,MLP,RDKit descriptors,579,c1ccc(cc1)c2ccc(cc2)c3ccccc3,c1ccc(-c2ccc(-c3ccccc3)cc2)cc1,-7.1100,-6.7817,0.3283,0.9000
scaffold,2,MLP,RDKit descriptors,582,Cc1cc(ccc1NS(=O)(=O)C(F)(F)F)S(=O)(=O)c2ccccc2,O=S(=O)(c1ccccc1)c1ccccc1,-3.8000,-4.5781,0.7781,0.4565
scaffold,2,MLP,RDKit descriptors,611,c1ccc2c(c1)ccc3ccccc32,c1ccc2c(c1)ccc1ccccc12,-5.2600,-5.2033,0.0567,0.8571
scaffold,2,MLP,RDKit descriptors,621,ClC(Cl)(Cl)C(NC=O)N1C=CN(C=C1)C(NC=O)C(Cl)(Cl)Cl ,C1=CNC=CN1,-4.1900,-3.2340,0.9560,0.2000
scaffold,2,MLP,RDKit descriptors,622,Cn2cc(c1ccccc1)c(=O)c(c2)c3cccc(c3)C(F)(F)F,O=c1c(-c2ccccc2)c[nH]cc1-c1ccccc1,-4.4450,-5.5696,1.1246,0.3714
scaffold,2,MLP,RDKit descriptors,624,CC12CCC3C(CCc4cc(O)ccc34)C2CCC1=O,O=C1CCC2C1CCC1c3ccccc3CCC12,-3.9550,-4.3749,0.4199,0.6250
scaffold,2,MLP,RDKit descriptors,626,CC1CO1,C1CO1,-0.5900,0.6035,1.1935,0.4118
scaffold,2,MLP,RDKit descriptors,637,c1ccc2c(c1)cc3ccc4cccc5ccc2c3c45,c1ccc2c(c1)cc1ccc3cccc4ccc2c1c34,-8.6990,-7.3300,1.3690,0.6522
scaffold,2,MLP,RDKit descriptors,647,Cc1cc(=O)[nH]c(=S)[nH]1,O=c1cc[nH]c(=S)[nH]1,-2.4360,-0.8646,1.5714,0.2581
scaffold,2,MLP,RDKit descriptors,652,CC1(C)CON(Cc2ccccc2Cl)C1=O,O=C1CCON1Cc1ccccc1,-2.3380,-3.1207,0.7827,0.2703
scaffold,2,MLP,RDKit descriptors,659,OC(Cn1cncn1)(Cn2cncn2)c3ccc(F)cc3F ,c1ccc(C(Cn2cncn2)Cn2cncn2)cc1,-1.8000,-3.3218,1.5218,0.5417
scaffold,2,MLP,RDKit descriptors,676,c1cc2ccc3ccc4ccc5cccc6c(c1)c2c3c4c56,c1cc2ccc3ccc4ccc5cccc6c(c1)c2c3c4c56,-9.0180,-7.9025,1.1155,0.8235
scaffold,2,MLP,RDKit descriptors,678,c1c(OC)c(OC)C2C(=O)OCC2c1,O=C1OCC2C=CC=CC12,-1.8990,-1.1181,0.7809,0.2000
scaffold,2,MLP,RDKit descriptors,683,Cc1cc(=O)n(c2ccccc2)n1C,O=c1cc[nH]n1-c1ccccc1,0.7150,-1.4000,2.1150,0.3250
scaffold,2,MLP,RDKit descriptors,702,CC(=O)OCC(=O)C3(O)CCC4C2CCC1=CC(=O)CCC1(C)C2C(=O)CC34C ,O=C1C=C2CCC3C4CCCC4CC(=O)C3C2CC1,-4.2100,-3.8771,0.3329,0.7031
scaffold,2,MLP,RDKit descriptors,708,CN(C)C(=O)NC1CC2CC1C3CCCC23,C1CC2C3CCC(C3)C2C1,-3.1710,-2.2600,0.9110,0.2381
scaffold,2,MLP,RDKit descriptors,724,O=C1NC(=O)c2ccccc12 ,O=C1NC(=O)c2ccccc21,-2.6100,-0.9954,1.6146,0.3333
scaffold,2,MLP,RDKit descriptors,730,CCC2NC(=O)c1cc(c(Cl)cc1N2)S(N)(=O)=O,O=C1NCNc2ccccc21,-3.2900,-2.5482,0.7418,0.3889
scaffold,2,MLP,RDKit descriptors,733,C1(=O)NC(=O)NC(=O)C1(O)C2(O)C(=O)NC(=O)NC2(=O),O=C1NC(=O)C(C2C(=O)NC(=O)NC2=O)C(=O)N1,-1.9900,-0.5214,1.4686,0.4737
scaffold,2,MLP,RDKit descriptors,754,COc2cc1c(N)nc(nc1c(OC)c2OC)N3CCN(CC3)C(=O)OCC(C)(C)O ,c1ccc2nc(N3CCNCC3)ncc2c1,-3.6380,-3.7175,0.0795,0.1972
scaffold,2,MLP,RDKit descriptors,771,C1CCCCCCC1,C1CCCCCCC1,-4.1500,-4.1117,0.0383,1.0000
scaffold,2,MLP,RDKit descriptors,775,Clc1ccc(CN(C2CCCC2)C(=O)Nc3ccccc3)cc1,O=C(Nc1ccccc1)N(Cc1ccccc1)C1CCCC1,-5.9150,-5.7232,0.1918,0.4000
scaffold,2,MLP,RDKit descriptors,780,c1ccc2c3c(ccc2c1)c4cccc5cccc3c45,c1ccc2c3c(ccc2c1)-c1cccc2cccc-3c12,-8.0000,-7.2256,0.7744,0.5000
scaffold,2,MLP,RDKit descriptors,792,OC1C=CC2C1C3(Cl)C(=C(Cl)C2(Cl)C3(Cl)Cl)Cl ,C1=CC2C3C=CC(C3)C2C1,-5.4600,-4.9621,0.4979,0.3714
scaffold,2,MLP,RDKit descriptors,797,CC2(C)C1CCC(C)(C1)C2=O,O=C1CC2CCC1C2,-1.8500,-2.4218,0.5718,0.2647
scaffold,2,MLP,RDKit descriptors,799,ClC2=C(Cl)C3(Cl)C1C=CCC1C2(Cl)C3(Cl)Cl ,C1=CC2C3C=CC(C3)C2C1,-5.6400,-5.7921,0.1521,0.3611
scaffold,2,MLP,RDKit descriptors,801,c1ccc2c(c1)[nH]c3ccccc32,c1ccc2c(c1)[nH]c1ccccc12,-5.2700,-3.5978,1.6722,0.3684
scaffold,2,MLP,RDKit descriptors,807,CCCCc1c(C)nc(NCC)nc1OS(=O)(=O)N(C)C ,c1cncnc1,-4.1600,-3.0038,1.1562,0.4286
scaffold,2,MLP,RDKit descriptors,812,c1cc2ccc(OC)c(CC=C(C)(C))c2oc1=O ,O=c1ccc2ccccc2o1,-4.3140,-3.8254,0.4886,0.3673
scaffold,2,MLP,RDKit descriptors,819,c1ccc2cc3cc4ccccc4cc3cc2c1,c1ccc2cc3cc4ccccc4cc3cc2c1,-8.6000,-6.7089,1.8911,0.9091
scaffold,2,MLP,RDKit descriptors,829,CN(C)C(=O)OC1=CC(=O)CC(C)(C)C1 ,O=C1C=CCCC1,-0.8500,-2.2506,1.4006,0.2381
scaffold,2,MLP,RDKit descriptors,846,O=C1CNC(=O)N1 ,O=C1CNC(=O)N1,-0.4000,0.4098,0.8098,0.3684
scaffold,2,MLP,RDKit descriptors,849,CCOP(=S)(OCC)Oc2ccc1oc(=O)c(Cl)c(C)c1c2,O=c1ccc2ccccc2o1,-5.3820,-5.2351,0.1469,0.4118
scaffold,2,MLP,RDKit descriptors,852,O=c2[nH]c(=O)c1[nH]c(=O)[nH]c1[nH]2 ,O=c1[nH]c(=O)c2[nH]c(=O)[nH]c2[nH]1,-3.9300,-1.2319,2.6981,0.2963
scaffold,2,MLP,RDKit descriptors,863,CC1(OC(=O)N(C1=O)c2cc(Cl)cc(Cl)c2)C=C,O=C1COC(=O)N1c1ccccc1,-4.9250,-3.9914,0.9336,0.4615
scaffold,2,MLP,RDKit descriptors,893,CCN(Cc1c(F)cccc1Cl)c2c(cc(cc2N(=O)=O)C(F)(F)F)N(=O)=O,c1ccc(CNc2ccccc2)cc1,-6.7800,-6.3816,0.3984,0.5472
scaffold,2,MLP,RDKit descriptors,899,ClC1C=CC2C1C3(Cl)C(=C(Cl)C2(Cl)C3(Cl)Cl)Cl,C1=CC2C3C=CC(C3)C2C1,-6.3170,-6.1668,0.1502,0.3824
scaffold,2,MLP,RDKit descriptors,916,c2ccc1[nH]ncc1c2 ,c1ccc2[nH]ncc2c1,-2.1600,-0.6485,1.5115,0.3571
scaffold,2,MLP,RDKit descriptors,918,Nc2nc1[nH]cnc1c(=O)[nH]2 ,O=c1[nH]cnc2[nH]cnc12,-3.5830,-1.3335,2.2495,0.3158
scaffold,2,MLP,RDKit descriptors,938,Nc1nc(O)nc2nc[nH]c12 ,c1ncc2[nH]cnc2n1,-3.4010,-1.5694,1.8316,0.2778
scaffold,2,MLP,RDKit descriptors,943,c2ccc1[nH]ccc1c2,c1ccc2[nH]ccc2c1,-1.5200,-1.4497,0.0703,0.3889
scaffold,2,MLP,RDKit descriptors,949,COC(=O)Nc2nc1ccc(cc1[nH]2)C(=O)c3ccccc3,O=C(c1ccccc1)c1ccc2nc[nH]c2c1,-3.8800,-4.3153,0.4353,0.3500
scaffold,2,MLP,RDKit descriptors,955,C1C=CCC=C1,C1=CCC=CC1,-2.0600,-2.1037,0.0437,0.2727
scaffold,2,MLP,RDKit descriptors,976,CC12CCC(CC1)C(C)(C)O2,C1CC2CCC1CO2,-1.7400,-2.8595,1.1195,0.3000
scaffold,2,MLP,RDKit descriptors,984,O=C2NC(=O)C1(CCCC1)C(=O)N2,O=C1NC(=O)C2(CCCC2)C(=O)N1,-2.3490,-1.4260,0.9230,0.9444
scaffold,2,MLP,RDKit descriptors,987,CN(C)C(=O)NC1CCCCCCC1,C1CCCCCCC1,-2.2180,-2.4609,0.2429,0.2973
scaffold,2,MLP,RDKit descriptors,991,CN(C)c2c(C)n(C)n(c1ccccc1)c2=O ,O=c1cc[nH]n1-c1ccccc1,-0.3640,-2.2734,1.9094,0.3030
scaffold,2,MLP,RDKit descriptors,1014,O=C1NCCN1c2ncc(s2)N(=O)=O,O=C1NCCN1c1nccs1,-3.2200,-2.0359,1.1841,0.2400
scaffold,2,MLP,RDKit descriptors,1015,C1c2ccccc2c3ccc4ccccc4c13,c1ccc2c(c1)Cc1c-2ccc2ccccc12,-6.6800,-5.7477,0.9323,0.4688
scaffold,2,MLP,RDKit descriptors,1022,N(=Nc1ccccc1)c2ccccc2,c1ccc(N=Nc2ccccc2)cc1,-4.4500,-4.8809,0.4309,0.4000
scaffold,2,MLP,RDKit descriptors,1037,c1c(O)C2C(=O)C3cc(O)ccC3OC2cc1(OC),O=C1C2C=CC=CC2OC2C=CC=CC12,-2.9430,-2.4444,0.4986,0.1667
scaffold,2,MLP,RDKit descriptors,1039,CC(=O)SC4CC1=CC(=O)CCC1(C)C5CCC2(C)C(CCC23CCC(=O)O3)C45,O=C1C=C2CCC3C(CCC4C3CCC43CCC(=O)O3)C2CC1,-4.1730,-5.8968,1.7238,0.4242
scaffold,2,MLP,RDKit descriptors,1054,Cc1cccc2c1ccc3ccccc32,c1ccc2c(c1)ccc1ccccc12,-5.8500,-5.6480,0.2020,0.7273
scaffold,2,MLP,RDKit descriptors,1061,COC1=CC(=O)CC(C)C13Oc2c(Cl)c(OC)cc(OC)c2C3=O,O=C1C=CC2(CC1)Oc1ccccc1C2=O,-3.2460,-4.0301,0.7841,0.1951
scaffold,2,MLP,RDKit descriptors,1085,CCOP(=S)(OCC)N2C(=O)c1ccccc1C2=O,O=C1NC(=O)c2ccccc21,-3.3500,-3.4992,0.1492,0.3208
scaffold,2,MLP,RDKit descriptors,1090,O=C(C=CC=Cc2ccc1OCOc1c2)N3CCCCC3,O=C(C=CC=Cc1ccc2c(c1)OCO2)N1CCCCC1,-3.4600,-3.5797,0.1197,0.1786
scaffold,2,MLP,RDKit descriptors,1093,O=C2NC(=O)C1(CCCCCCC1)C(=O)N2,O=C1NC(=O)C2(CCCCCCC2)C(=O)N1,-2.9820,-2.2216,0.7604,1.0000
scaffold,2,MLP,RDKit descriptors,1095,Oc2cc(O)c1C(=O)CC(Oc1c2)c3ccc(O)c(O)c3,O=C1CC(c2ccccc2)Oc2ccccc21,-3.6200,-3.9512,0.3312,0.1951
scaffold,2,MLP,RDKit descriptors,1106,CC(C)(C)C(=O)C(Oc1ccc(Cl)cc1)n2cncn2,c1ccc(OCn2cncn2)cc1,-3.6100,-3.9974,0.3874,0.3077
scaffold,2,MLP,RDKit descriptors,1110,CCOC(=O)Nc2cccc(OC(=O)Nc1ccccc1)c2 ,O=C(Nc1ccccc1)Oc1ccccc1,-4.6320,-4.6482,0.0162,0.4694
scaffold,2,MLP,RDKit descriptors,1115,O=C1NC(=O)C(=O)N1 ,O=C1NC(=O)C(=O)N1,-0.4000,0.0898,0.4898,0.4118
scaffold,2,GCN,Molecular graph,1,Cc1occc1C(=O)Nc2ccccc2,O=C(Nc1ccccc1)c1ccoc1,-3.3000,-2.1215,1.1785,0.4545
scaffold,2,GCN,Molecular graph,4,c1ccsc1,c1ccsc1,-1.3300,0.3213,1.6513,0.2222
scaffold,2,GCN,Molecular graph,18,CCOP(=S)(OCC)Oc1cc(C)nc(n1)C(C)C,c1cncnc1,-3.6400,-4.3534,0.7134,0.4130
scaffold,2,GCN,Molecular graph,32,COC(=O)Nc1cccc(OC(=O)Nc2cccc(C)c2)c1,O=C(Nc1ccccc1)Oc1ccccc1,-4.8050,-3.0995,1.7055,0.4894
scaffold,2,GCN,Molecular graph,72,CC1(C)C2CCC1(C)C(=O)C2,O=C1CC2CCC1C2,-1.9600,-4.1127,2.1527,0.3030
scaffold,2,GCN,Molecular graph,86,CC(C)C(C(=O)OC(C#N)c1cccc(Oc2ccccc2)c1)c3ccc(OC(F)F)cc3,O=C(Cc1ccccc1)OCc1cccc(Oc2ccccc2)c1,-6.8760,-5.7231,1.1529,0.5333
scaffold,2,GCN,Molecular graph,92,c1ccc2c(c1)c3cccc4cccc2c34,c1ccc2c(c1)-c1cccc3cccc-2c13,-6.0000,-7.2156,1.2156,0.7368
scaffold,2,GCN,Molecular graph,98,C1OC1c2ccccc2 ,c1ccc(C2CO2)cc1,-1.6000,-1.9200,0.3200,0.3000
scaffold,2,GCN,Molecular graph,126,CCCCc1c(C)nc(nc1O)N(C)C ,c1cncnc1,-2.2400,-2.7220,0.4820,0.3448
scaffold,2,GCN,Molecular graph,160,CSc1nnc(c(=O)n1N)C(C)(C)C,O=c1cnnc[nH]1,-2.2530,-2.8261,0.5731,0.1923
scaffold,2,GCN,Molecular graph,176,CC1=CC(=O)CC(C)(C)C1 ,O=C1C=CCCC1,-1.0600,-3.0702,2.0102,0.2553
scaffold,2,GCN,Molecular graph,179,CCC1(CCC(=O)NC1=O)c2ccccc2 ,O=C1CCC(c2ccccc2)C(=O)N1,-2.3370,-3.0151,0.6781,0.3333
scaffold,2,GCN,Molecular graph,188,C1C(O)CCC2(C)CC3CCC4(C)C5(C)CC6OCC(C)CC6OC5CC4C3C=C21,C1=C2CCCCC2CC2CCC3C4CC5OCCCC5OC4CC3C12,-7.3200,-4.5620,2.7580,0.1875
scaffold,2,GCN,Molecular graph,195,CC(C)Oc1cc(c(Cl)cc1Cl)n2nc(oc2=O)C(C)(C)C,O=c1ocnn1-c1ccccc1,-5.6960,-5.1192,0.5768,0.2105
scaffold,2,GCN,Molecular graph,200,Nc1ccc(cc1)S(=O)(=O)c2ccc(N)cc2,O=S(=O)(c1ccccc1)c1ccccc1,-3.0940,-3.2663,0.1723,0.6500
scaffold,2,GCN,Molecular graph,213,CC12CCC(CC1)C(C)(C)O2 ,C1CC2CCC1CO2,-1.6400,-3.6739,2.0339,0.3000
scaffold,2,GCN,Molecular graph,217,CC(=C)C1CC=C(C)C(=O)C1,O=C1C=CCCC1,-2.0600,-3.3548,1.2948,0.4706
scaffold,2,GCN,Molecular graph,225,Cc3ccnc4N(C1CC1)c2ncccc2C(=O)Nc34 ,O=C1Nc2cccnc2N(C2CC2)c2ncccc21,-3.1900,-3.8067,0.6167,0.4909
scaffold,2,GCN,Molecular graph,260,CCOP(=S)(OCC)SC(CCl)N1C(=O)c2ccccc2C1=O,O=C1NC(=O)c2ccccc21,-6.3400,-5.5182,0.8218,0.3529
scaffold,2,GCN,Molecular graph,286,C(Cc1ccccc1)c2ccccc2,c1ccc(CCc2ccccc2)cc1,-4.6200,-3.6627,0.9573,0.6471
scaffold,2,GCN,Molecular graph,289,Cc1ccc2c(ccc3ccccc32)c1,c1ccc2c(c1)ccc1ccccc12,-5.8400,-6.0886,0.2486,0.6522
scaffold,2,GCN,Molecular graph,298,OCC1OC(CO)(OC2OC(COC3OC(CO)C(O)C(O)C3O)C(O)C(O)C2O)C(O)C1O,C1CCC(OCC2CCCC(OC3CCCO3)O2)OC1,-0.4100,0.1052,0.5152,0.8421
scaffold,2,GCN,Molecular graph,309,OC1CCCCCCC1,C1CCCCCCC1,-1.2900,-2.0668,0.7768,1.0000
scaffold,2,GCN,Molecular graph,318,Nc1ncnc2nc[nH]c12 ,c1ncc2[nH]cnc2n1,-2.1200,-1.3959,0.7241,0.2432
scaffold,2,GCN,Molecular graph,320,COc1ccc(cc1)C(O)(C2CC2)c3cncnc3 ,c1ccc(C(c2cncnc2)C2CC2)cc1,-2.5960,-3.0211,0.4251,0.2895
scaffold,2,GCN,Molecular graph,336,o1c2ccccc2c3ccccc13,c1ccc2c(c1)oc1ccccc12,-4.6000,-5.8905,1.2905,0.3684
scaffold,2,GCN,Molecular graph,339,c3ccc2nc1ccccc1cc2c3,c1ccc2nc3ccccc3cc2c1,-3.6700,-5.4202,1.7502,0.5625
scaffold,2,GCN,Molecular graph,340,CC12CC(=O)C3C(CCC4=CC(=O)CCC34C)C2CCC1(O)C(=O)CO,O=C1C=C2CCC3C4CCCC4CC(=O)C3C2CC1,-3.1100,-3.7843,0.6743,0.6780
scaffold,2,GCN,Molecular graph,344,CCC(C)C(=O)OC2CC(C)C=C3C=CC(C)C(CCC1CC(O)CC(=O)O1)C23 ,O=C1CCCC(CCC2CC=CC3=CCCCC32)O1,-6.0050,-4.1153,1.8897,0.1774
scaffold,2,GCN,Molecular graph,353,CCC(C(CC)c1ccc(O)cc1)c2ccc(O)cc2,c1ccc(CCc2ccccc2)cc1,-4.4300,-3.6219,0.8081,0.4800
scaffold,2,GCN,Molecular graph,360,CN(C)C(=O)Nc1ccc(c(Cl)c1)n2nc(oc2=O)C(C)(C)C,O=c1ocnn1-c1ccccc1,-4.3280,-3.9122,0.4158,0.4898
scaffold,2,GCN,Molecular graph,365,c1cncnc1,c1cncnc1,1.1000,0.7445,0.3555,0.5000
scaffold,2,GCN,Molecular graph,373,CC2Nc1cc(Cl)c(cc1C(=O)N2c3ccccc3C)S(N)(=O)=O ,O=C1c2ccccc2NCN1c1ccccc1,-3.7800,-4.6101,0.8301,0.3429
scaffold,2,GCN,Molecular graph,381,OCC(O)C2OC1OC(OC1C2O)C(Cl)(Cl)Cl ,C1CC2OCOC2O1,-1.8400,-1.3270,0.5130,0.1765
scaffold,2,GCN,Molecular graph,386,Nc1nccs1 ,c1cscn1,-0.3600,-0.3334,0.0266,0.2143
scaffold,2,GCN,Molecular graph,394,CN(C(=O)NC(C)(C)c1ccccc1)c2ccccc2,O=C(NCc1ccccc1)Nc1ccccc1,-3.3500,-3.6989,0.3489,0.3784
scaffold,2,GCN,Molecular graph,412,CC(=O)Nc1nnc(s1)S(N)(=O)=O ,c1nncs1,-2.3600,-1.8345,0.5255,0.2703
scaffold,2,GCN,Molecular graph,414,ClC1=C(Cl)C2(Cl)C3C4CC(C=C4)C3C1(Cl)C2(Cl)Cl,C1=CC2CC1C1C3C=CC(C3)C21,-6.3070,-6.7016,0.3946,0.4839
scaffold,2,GCN,Molecular graph,422,ClC(Cl)C(Cl)(Cl)SN2C(=O)C1CC=CCC1C2=O ,O=C1NC(=O)C2CC=CCC12,-5.4000,-4.0457,1.3543,0.1935
scaffold,2,GCN,Molecular graph,448,NC(=O)NC1NC(=O)NC1=O ,O=C1CNC(=O)N1,-1.6000,-0.3332,1.2668,0.2105
scaffold,2,GCN,Molecular graph,449,OCC(O)COC(=O)c1ccccc1Nc2ccnc3cc(Cl)ccc23,c1ccc(Nc2ccnc3ccccc23)cc1,-4.5710,-3.8404,0.7306,0.2769
scaffold,2,GCN,Molecular graph,476,CN(C)C(=O)Oc1nc(nc(C)c1C)N(C)C,c1cncnc1,-1.9500,-2.8826,0.9326,0.3333
scaffold,2,GCN,Molecular graph,488,O=c2c(C3CCCc4ccccc43)c(O)c1ccccc1o2 ,O=c1oc2ccccc2cc1C1CCCc2ccccc21,-2.8400,-4.0318,1.1918,0.2619
scaffold,2,GCN,Molecular graph,495,Nc1cc(nc(N)n1=O)N2CCCCC2 ,c1cc(N2CCCCC2)nc[nH+]1,-1.9890,-2.7170,0.7280,0.1463
scaffold,2,GCN,Molecular graph,496,Nc2cccc3nc1ccccc1cc23 ,c1ccc2nc3ccccc3cc2c1,-4.2200,-5.2502,1.0302,0.5185
scaffold,2,GCN,Molecular graph,500,CCOP(=S)(OCC)SC(CCl)N2C(=O)c1ccccc1C2=O,O=C1NC(=O)c2ccccc21,-6.3400,-5.5182,0.8218,0.3529
scaffold,2,GCN,Molecular graph,504,CC1=C(CCCO1)C(=O)Nc2ccccc2 ,O=C(Nc1ccccc1)C1=COCCC1,-2.5600,-2.7538,0.1938,0.5581
scaffold,2,GCN,Molecular graph,512,Cc1c[nH]c2ccccc12 ,c1ccc2[nH]ccc2c1,-2.4200,-3.5694,1.1494,0.4348
scaffold,2,GCN,Molecular graph,518,CC(=O)N(S(=O)c1ccc(N)cc1)c2onc(C)c2C ,O=S(Nc1ccno1)c1ccccc1,-3.5900,-2.9185,0.6715,0.2708
scaffold,2,GCN,Molecular graph,536,CC3C2CCC1(C)C=CC(=O)C(=C1C2OC3=O)C,O=C1C=CC2CCC3CC(=O)OC3C2=C1,-3.0900,-4.6641,1.5741,0.2063
scaffold,2,GCN,Molecular graph,546,Cc2c(N)c(=O)n(c1ccccc1)n2C,O=c1cc[nH]n1-c1ccccc1,-0.6240,-2.8821,2.2581,0.3333
scaffold,2,GCN,Molecular graph,562,c1ccccc1C(O)C(O)c2ccccc2,c1ccc(CCc2ccccc2)cc1,-1.9300,-1.9469,0.0169,0.6471
scaffold,2,GCN,Molecular graph,579,c1ccc(cc1)c2ccc(cc2)c3ccccc3,c1ccc(-c2ccc(-c3ccccc3)cc2)cc1,-7.1100,-4.6803,2.4297,0.9000
scaffold,2,GCN,Molecular graph,582,Cc1cc(ccc1NS(=O)(=O)C(F)(F)F)S(=O)(=O)c2ccccc2,O=S(=O)(c1ccccc1)c1ccccc1,-3.8000,-4.2719,0.4719,0.4565
scaffold,2,GCN,Molecular graph,611,c1ccc2c(c1)ccc3ccccc32,c1ccc2c(c1)ccc1ccccc12,-5.2600,-5.6354,0.3754,0.8571
scaffold,2,GCN,Molecular graph,621,ClC(Cl)(Cl)C(NC=O)N1C=CN(C=C1)C(NC=O)C(Cl)(Cl)Cl ,C1=CNC=CN1,-4.1900,-2.2561,1.9339,0.2000
scaffold,2,GCN,Molecular graph,622,Cn2cc(c1ccccc1)c(=O)c(c2)c3cccc(c3)C(F)(F)F,O=c1c(-c2ccccc2)c[nH]cc1-c1ccccc1,-4.4450,-5.5229,1.0779,0.3714
scaffold,2,GCN,Molecular graph,624,CC12CCC3C(CCc4cc(O)ccc34)C2CCC1=O,O=C1CCC2C1CCC1c3ccccc3CCC12,-3.9550,-4.5564,0.6014,0.6250
scaffold,2,GCN,Molecular graph,626,CC1CO1,C1CO1,-0.5900,-0.4194,0.1706,0.4118
scaffold,2,GCN,Molecular graph,637,c1ccc2c(c1)cc3ccc4cccc5ccc2c3c45,c1ccc2c(c1)cc1ccc3cccc4ccc2c1c34,-8.6990,-7.9082,0.7908,0.6522
scaffold,2,GCN,Molecular graph,647,Cc1cc(=O)[nH]c(=S)[nH]1,O=c1cc[nH]c(=S)[nH]1,-2.4360,-1.7208,0.7152,0.2581
scaffold,2,GCN,Molecular graph,652,CC1(C)CON(Cc2ccccc2Cl)C1=O,O=C1CCON1Cc1ccccc1,-2.3380,-3.5509,1.2129,0.2703
scaffold,2,GCN,Molecular graph,659,OC(Cn1cncn1)(Cn2cncn2)c3ccc(F)cc3F ,c1ccc(C(Cn2cncn2)Cn2cncn2)cc1,-1.8000,-2.4576,0.6576,0.5417
scaffold,2,GCN,Molecular graph,676,c1cc2ccc3ccc4ccc5cccc6c(c1)c2c3c4c56,c1cc2ccc3ccc4ccc5cccc6c(c1)c2c3c4c56,-9.0180,-8.8647,0.1533,0.8235
scaffold,2,GCN,Molecular graph,678,c1c(OC)c(OC)C2C(=O)OCC2c1,O=C1OCC2C=CC=CC12,-1.8990,-2.8367,0.9377,0.2000
scaffold,2,GCN,Molecular graph,683,Cc1cc(=O)n(c2ccccc2)n1C,O=c1cc[nH]n1-c1ccccc1,0.7150,-2.7623,3.4773,0.3250
scaffold,2,GCN,Molecular graph,702,CC(=O)OCC(=O)C3(O)CCC4C2CCC1=CC(=O)CCC1(C)C2C(=O)CC34C ,O=C1C=C2CCC3C4CCCC4CC(=O)C3C2CC1,-4.2100,-3.9648,0.2452,0.7031
scaffold,2,GCN,Molecular graph,708,CN(C)C(=O)NC1CC2CC1C3CCCC23,C1CC2C3CCC(C3)C2C1,-3.1710,-3.8755,0.7045,0.2381
scaffold,2,GCN,Molecular graph,724,O=C1NC(=O)c2ccccc12 ,O=C1NC(=O)c2ccccc21,-2.6100,-2.9431,0.3331,0.3333
scaffold,2,GCN,Molecular graph,730,CCC2NC(=O)c1cc(c(Cl)cc1N2)S(N)(=O)=O,O=C1NCNc2ccccc21,-3.2900,-3.8445,0.5545,0.3889
scaffold,2,GCN,Molecular graph,733,C1(=O)NC(=O)NC(=O)C1(O)C2(O)C(=O)NC(=O)NC2(=O),O=C1NC(=O)C(C2C(=O)NC(=O)NC2=O)C(=O)N1,-1.9900,-1.2262,0.7638,0.4737
scaffold,2,GCN,Molecular graph,754,COc2cc1c(N)nc(nc1c(OC)c2OC)N3CCN(CC3)C(=O)OCC(C)(C)O ,c1ccc2nc(N3CCNCC3)ncc2c1,-3.6380,-3.5091,0.1289,0.1972
scaffold,2,GCN,Molecular graph,771,C1CCCCCCC1,C1CCCCCCC1,-4.1500,-3.1109,1.0391,1.0000
scaffold,2,GCN,Molecular graph,775,Clc1ccc(CN(C2CCCC2)C(=O)Nc3ccccc3)cc1,O=C(Nc1ccccc1)N(Cc1ccccc1)C1CCCC1,-5.9150,-4.4877,1.4273,0.4000
scaffold,2,GCN,Molecular graph,780,c1ccc2c3c(ccc2c1)c4cccc5cccc3c45,c1ccc2c3c(ccc2c1)-c1cccc2cccc-3c12,-8.0000,-7.7701,0.2299,0.5000
scaffold,2,GCN,Molecular graph,792,OC1C=CC2C1C3(Cl)C(=C(Cl)C2(Cl)C3(Cl)Cl)Cl ,C1=CC2C3C=CC(C3)C2C1,-5.4600,-5.3630,0.0970,0.3714
scaffold,2,GCN,Molecular graph,797,CC2(C)C1CCC(C)(C1)C2=O,O=C1CC2CCC1C2,-1.8500,-4.1783,2.3283,0.2647
scaffold,2,GCN,Molecular graph,799,ClC2=C(Cl)C3(Cl)C1C=CCC1C2(Cl)C3(Cl)Cl ,C1=CC2C3C=CC(C3)C2C1,-5.6400,-6.2872,0.6472,0.3611
scaffold,2,GCN,Molecular graph,801,c1ccc2c(c1)[nH]c3ccccc32,c1ccc2c(c1)[nH]c1ccccc12,-5.2700,-5.3901,0.1201,0.3684
scaffold,2,GCN,Molecular graph,807,CCCCc1c(C)nc(NCC)nc1OS(=O)(=O)N(C)C ,c1cncnc1,-4.1600,-3.5244,0.6356,0.4286
scaffold,2,GCN,Molecular graph,812,c1cc2ccc(OC)c(CC=C(C)(C))c2oc1=O ,O=c1ccc2ccccc2o1,-4.3140,-4.9219,0.6079,0.3673
scaffold,2,GCN,Molecular graph,819,c1ccc2cc3cc4ccccc4cc3cc2c1,c1ccc2cc3cc4ccccc4cc3cc2c1,-8.6000,-6.7081,1.8919,0.9091
scaffold,2,GCN,Molecular graph,829,CN(C)C(=O)OC1=CC(=O)CC(C)(C)C1 ,O=C1C=CCCC1,-0.8500,-2.5837,1.7337,0.2381
scaffold,2,GCN,Molecular graph,846,O=C1CNC(=O)N1 ,O=C1CNC(=O)N1,-0.4000,-0.3468,0.0532,0.3684
scaffold,2,GCN,Molecular graph,849,CCOP(=S)(OCC)Oc2ccc1oc(=O)c(Cl)c(C)c1c2,O=c1ccc2ccccc2o1,-5.3820,-6.3008,0.9188,0.4118
scaffold,2,GCN,Molecular graph,852,O=c2[nH]c(=O)c1[nH]c(=O)[nH]c1[nH]2 ,O=c1[nH]c(=O)c2[nH]c(=O)[nH]c2[nH]1,-3.9300,-2.0562,1.8738,0.2963
scaffold,2,GCN,Molecular graph,863,CC1(OC(=O)N(C1=O)c2cc(Cl)cc(Cl)c2)C=C,O=C1COC(=O)N1c1ccccc1,-4.9250,-4.6634,0.2616,0.4615
scaffold,2,GCN,Molecular graph,893,CCN(Cc1c(F)cccc1Cl)c2c(cc(cc2N(=O)=O)C(F)(F)F)N(=O)=O,c1ccc(CNc2ccccc2)cc1,-6.7800,-5.8897,0.8903,0.5472
scaffold,2,GCN,Molecular graph,899,ClC1C=CC2C1C3(Cl)C(=C(Cl)C2(Cl)C3(Cl)Cl)Cl,C1=CC2C3C=CC(C3)C2C1,-6.3170,-6.2578,0.0592,0.3824
scaffold,2,GCN,Molecular graph,916,c2ccc1[nH]ncc1c2 ,c1ccc2[nH]ncc2c1,-2.1600,-1.9298,0.2302,0.3571
scaffold,2,GCN,Molecular graph,918,Nc2nc1[nH]cnc1c(=O)[nH]2 ,O=c1[nH]cnc2[nH]cnc12,-3.5830,-1.7041,1.8789,0.3158
scaffold,2,GCN,Molecular graph,938,Nc1nc(O)nc2nc[nH]c12 ,c1ncc2[nH]cnc2n1,-3.4010,-1.1862,2.2148,0.2778
scaffold,2,GCN,Molecular graph,943,c2ccc1[nH]ccc1c2,c1ccc2[nH]ccc2c1,-1.5200,-3.1959,1.6759,0.3889
scaffold,2,GCN,Molecular graph,949,COC(=O)Nc2nc1ccc(cc1[nH]2)C(=O)c3ccccc3,O=C(c1ccccc1)c1ccc2nc[nH]c2c1,-3.8800,-4.2187,0.3387,0.3500
scaffold,2,GCN,Molecular graph,955,C1C=CCC=C1,C1=CCC=CC1,-2.0600,-2.1917,0.1317,0.2727
scaffold,2,GCN,Molecular graph,976,CC12CCC(CC1)C(C)(C)O2,C1CC2CCC1CO2,-1.7400,-3.6739,1.9339,0.3000
scaffold,2,GCN,Molecular graph,984,O=C2NC(=O)C1(CCCC1)C(=O)N2,O=C1NC(=O)C2(CCCC2)C(=O)N1,-2.3490,-2.0295,0.3195,0.9444
scaffold,2,GCN,Molecular graph,987,CN(C)C(=O)NC1CCCCCCC1,C1CCCCCCC1,-2.2180,-2.4111,0.1931,0.2973
scaffold,2,GCN,Molecular graph,991,CN(C)c2c(C)n(C)n(c1ccccc1)c2=O ,O=c1cc[nH]n1-c1ccccc1,-0.3640,-3.3364,2.9724,0.3030
scaffold,2,GCN,Molecular graph,1014,O=C1NCCN1c2ncc(s2)N(=O)=O,O=C1NCCN1c1nccs1,-3.2200,-2.5338,0.6862,0.2400
scaffold,2,GCN,Molecular graph,1015,C1c2ccccc2c3ccc4ccccc4c13,c1ccc2c(c1)Cc1c-2ccc2ccccc12,-6.6800,-6.9138,0.2338,0.4688
scaffold,2,GCN,Molecular graph,1022,N(=Nc1ccccc1)c2ccccc2,c1ccc(N=Nc2ccccc2)cc1,-4.4500,-3.6682,0.7818,0.4000
scaffold,2,GCN,Molecular graph,1037,c1c(O)C2C(=O)C3cc(O)ccC3OC2cc1(OC),O=C1C2C=CC=CC2OC2C=CC=CC12,-2.9430,-2.8533,0.0897,0.1667
scaffold,2,GCN,Molecular graph,1039,CC(=O)SC4CC1=CC(=O)CCC1(C)C5CCC2(C)C(CCC23CCC(=O)O3)C45,O=C1C=C2CCC3C(CCC4C3CCC43CCC(=O)O3)C2CC1,-4.1730,-4.5705,0.3975,0.4242
scaffold,2,GCN,Molecular graph,1054,Cc1cccc2c1ccc3ccccc32,c1ccc2c(c1)ccc1ccccc12,-5.8500,-5.8837,0.0337,0.7273
scaffold,2,GCN,Molecular graph,1061,COC1=CC(=O)CC(C)C13Oc2c(Cl)c(OC)cc(OC)c2C3=O,O=C1C=CC2(CC1)Oc1ccccc1C2=O,-3.2460,-5.2180,1.9720,0.1951
scaffold,2,GCN,Molecular graph,1085,CCOP(=S)(OCC)N2C(=O)c1ccccc1C2=O,O=C1NC(=O)c2ccccc21,-3.3500,-5.1787,1.8287,0.3208
scaffold,2,GCN,Molecular graph,1090,O=C(C=CC=Cc2ccc1OCOc1c2)N3CCCCC3,O=C(C=CC=Cc1ccc2c(c1)OCO2)N1CCCCC1,-3.4600,-3.4499,0.0101,0.1786
scaffold,2,GCN,Molecular graph,1093,O=C2NC(=O)C1(CCCCCCC1)C(=O)N2,O=C1NC(=O)C2(CCCCCCC2)C(=O)N1,-2.9820,-2.1848,0.7972,1.0000
scaffold,2,GCN,Molecular graph,1095,Oc2cc(O)c1C(=O)CC(Oc1c2)c3ccc(O)c(O)c3,O=C1CC(c2ccccc2)Oc2ccccc21,-3.6200,-1.7518,1.8682,0.1951
scaffold,2,GCN,Molecular graph,1106,CC(C)(C)C(=O)C(Oc1ccc(Cl)cc1)n2cncn2,c1ccc(OCn2cncn2)cc1,-3.6100,-4.1053,0.4953,0.3077
scaffold,2,GCN,Molecular graph,1110,CCOC(=O)Nc2cccc(OC(=O)Nc1ccccc1)c2 ,O=C(Nc1ccccc1)Oc1ccccc1,-4.6320,-3.1514,1.4806,0.4694
scaffold,2,GCN,Molecular graph,1115,O=C1NC(=O)C(=O)N1 ,O=C1NC(=O)C(=O)N1,-0.4000,-0.5725,0.1725,0.4118
scaffold,2,GIN,Molecular graph,1,Cc1occc1C(=O)Nc2ccccc2,O=C(Nc1ccccc1)c1ccoc1,-3.3000,-2.5739,0.7261,0.4545
scaffold,2,GIN,Molecular graph,4,c1ccsc1,c1ccsc1,-1.3300,-0.1414,1.1886,0.2222
scaffold,2,GIN,Molecular graph,18,CCOP(=S)(OCC)Oc1cc(C)nc(n1)C(C)C,c1cncnc1,-3.6400,-5.0557,1.4157,0.4130
scaffold,2,GIN,Molecular graph,32,COC(=O)Nc1cccc(OC(=O)Nc2cccc(C)c2)c1,O=C(Nc1ccccc1)Oc1ccccc1,-4.8050,-4.6366,0.1684,0.4894
scaffold,2,GIN,Molecular graph,72,CC1(C)C2CCC1(C)C(=O)C2,O=C1CC2CCC1C2,-1.9600,-4.1795,2.2195,0.3030
scaffold,2,GIN,Molecular graph,86,CC(C)C(C(=O)OC(C#N)c1cccc(Oc2ccccc2)c1)c3ccc(OC(F)F)cc3,O=C(Cc1ccccc1)OCc1cccc(Oc2ccccc2)c1,-6.8760,-6.7590,0.1170,0.5333
scaffold,2,GIN,Molecular graph,92,c1ccc2c(c1)c3cccc4cccc2c34,c1ccc2c(c1)-c1cccc3cccc-2c13,-6.0000,-8.1096,2.1096,0.7368
scaffold,2,GIN,Molecular graph,98,C1OC1c2ccccc2 ,c1ccc(C2CO2)cc1,-1.6000,-1.9510,0.3510,0.3000
scaffold,2,GIN,Molecular graph,126,CCCCc1c(C)nc(nc1O)N(C)C ,c1cncnc1,-2.2400,-2.4571,0.2171,0.3448
scaffold,2,GIN,Molecular graph,160,CSc1nnc(c(=O)n1N)C(C)(C)C,O=c1cnnc[nH]1,-2.2530,-2.3999,0.1469,0.1923
scaffold,2,GIN,Molecular graph,176,CC1=CC(=O)CC(C)(C)C1 ,O=C1C=CCCC1,-1.0600,-2.8292,1.7692,0.2553
scaffold,2,GIN,Molecular graph,179,CCC1(CCC(=O)NC1=O)c2ccccc2 ,O=C1CCC(c2ccccc2)C(=O)N1,-2.3370,-3.3301,0.9931,0.3333
scaffold,2,GIN,Molecular graph,188,C1C(O)CCC2(C)CC3CCC4(C)C5(C)CC6OCC(C)CC6OC5CC4C3C=C21,C1=C2CCCCC2CC2CCC3C4CC5OCCCC5OC4CC3C12,-7.3200,-4.7545,2.5655,0.1875
scaffold,2,GIN,Molecular graph,195,CC(C)Oc1cc(c(Cl)cc1Cl)n2nc(oc2=O)C(C)(C)C,O=c1ocnn1-c1ccccc1,-5.6960,-5.1028,0.5932,0.2105
scaffold,2,GIN,Molecular graph,200,Nc1ccc(cc1)S(=O)(=O)c2ccc(N)cc2,O=S(=O)(c1ccccc1)c1ccccc1,-3.0940,-2.7448,0.3492,0.6500
scaffold,2,GIN,Molecular graph,213,CC12CCC(CC1)C(C)(C)O2 ,C1CC2CCC1CO2,-1.6400,-3.8977,2.2577,0.3000
scaffold,2,GIN,Molecular graph,217,CC(=C)C1CC=C(C)C(=O)C1,O=C1C=CCCC1,-2.0600,-3.0609,1.0009,0.4706
scaffold,2,GIN,Molecular graph,225,Cc3ccnc4N(C1CC1)c2ncccc2C(=O)Nc34 ,O=C1Nc2cccnc2N(C2CC2)c2ncccc21,-3.1900,-4.1529,0.9629,0.4909
scaffold,2,GIN,Molecular graph,260,CCOP(=S)(OCC)SC(CCl)N1C(=O)c2ccccc2C1=O,O=C1NC(=O)c2ccccc21,-6.3400,-5.6024,0.7376,0.3529
scaffold,2,GIN,Molecular graph,286,C(Cc1ccccc1)c2ccccc2,c1ccc(CCc2ccccc2)cc1,-4.6200,-3.8008,0.8192,0.6471
scaffold,2,GIN,Molecular graph,289,Cc1ccc2c(ccc3ccccc32)c1,c1ccc2c(c1)ccc1ccccc12,-5.8400,-5.6204,0.2196,0.6522
scaffold,2,GIN,Molecular graph,298,OCC1OC(CO)(OC2OC(COC3OC(CO)C(O)C(O)C3O)C(O)C(O)C2O)C(O)C1O,C1CCC(OCC2CCCC(OC3CCCO3)O2)OC1,-0.4100,-0.0160,0.3940,0.8421
scaffold,2,GIN,Molecular graph,309,OC1CCCCCCC1,C1CCCCCCC1,-1.2900,-0.9340,0.3560,1.0000
scaffold,2,GIN,Molecular graph,318,Nc1ncnc2nc[nH]c12 ,c1ncc2[nH]cnc2n1,-2.1200,-0.8275,1.2925,0.2432
scaffold,2,GIN,Molecular graph,320,COc1ccc(cc1)C(O)(C2CC2)c3cncnc3 ,c1ccc(C(c2cncnc2)C2CC2)cc1,-2.5960,-3.9604,1.3644,0.2895
scaffold,2,GIN,Molecular graph,336,o1c2ccccc2c3ccccc13,c1ccc2c(c1)oc1ccccc12,-4.6000,-4.4166,0.1834,0.3684
scaffold,2,GIN,Molecular graph,339,c3ccc2nc1ccccc1cc2c3,c1ccc2nc3ccccc3cc2c1,-3.6700,-4.1297,0.4597,0.5625
scaffold,2,GIN,Molecular graph,340,CC12CC(=O)C3C(CCC4=CC(=O)CCC34C)C2CCC1(O)C(=O)CO,O=C1C=C2CCC3C4CCCC4CC(=O)C3C2CC1,-3.1100,-3.9027,0.7927,0.6780
scaffold,2,GIN,Molecular graph,344,CCC(C)C(=O)OC2CC(C)C=C3C=CC(C)C(CCC1CC(O)CC(=O)O1)C23 ,O=C1CCCC(CCC2CC=CC3=CCCCC32)O1,-6.0050,-4.4627,1.5423,0.1774
scaffold,2,GIN,Molecular graph,353,CCC(C(CC)c1ccc(O)cc1)c2ccc(O)cc2,c1ccc(CCc2ccccc2)cc1,-4.4300,-4.4110,0.0190,0.4800
scaffold,2,GIN,Molecular graph,360,CN(C)C(=O)Nc1ccc(c(Cl)c1)n2nc(oc2=O)C(C)(C)C,O=c1ocnn1-c1ccccc1,-4.3280,-4.3942,0.0662,0.4898
scaffold,2,GIN,Molecular graph,365,c1cncnc1,c1cncnc1,1.1000,0.7286,0.3714,0.5000
scaffold,2,GIN,Molecular graph,373,CC2Nc1cc(Cl)c(cc1C(=O)N2c3ccccc3C)S(N)(=O)=O ,O=C1c2ccccc2NCN1c1ccccc1,-3.7800,-4.3142,0.5342,0.3429
scaffold,2,GIN,Molecular graph,381,OCC(O)C2OC1OC(OC1C2O)C(Cl)(Cl)Cl ,C1CC2OCOC2O1,-1.8400,-1.8087,0.0313,0.1765
scaffold,2,GIN,Molecular graph,386,Nc1nccs1 ,c1cscn1,-0.3600,-0.8276,0.4676,0.2143
scaffold,2,GIN,Molecular graph,394,CN(C(=O)NC(C)(C)c1ccccc1)c2ccccc2,O=C(NCc1ccccc1)Nc1ccccc1,-3.3500,-4.1342,0.7842,0.3784
scaffold,2,GIN,Molecular graph,412,CC(=O)Nc1nnc(s1)S(N)(=O)=O ,c1nncs1,-2.3600,-1.9642,0.3958,0.2703
scaffold,2,GIN,Molecular graph,414,ClC1=C(Cl)C2(Cl)C3C4CC(C=C4)C3C1(Cl)C2(Cl)Cl,C1=CC2CC1C1C3C=CC(C3)C21,-6.3070,-6.7348,0.4278,0.4839
scaffold,2,GIN,Molecular graph,422,ClC(Cl)C(Cl)(Cl)SN2C(=O)C1CC=CCC1C2=O ,O=C1NC(=O)C2CC=CCC12,-5.4000,-4.7001,0.6999,0.1935
scaffold,2,GIN,Molecular graph,448,NC(=O)NC1NC(=O)NC1=O ,O=C1CNC(=O)N1,-1.6000,-0.7514,0.8486,0.2105
scaffold,2,GIN,Molecular graph,449,OCC(O)COC(=O)c1ccccc1Nc2ccnc3cc(Cl)ccc23,c1ccc(Nc2ccnc3ccccc23)cc1,-4.5710,-4.1300,0.4410,0.2769
scaffold,2,GIN,Molecular graph,476,CN(C)C(=O)Oc1nc(nc(C)c1C)N(C)C,c1cncnc1,-1.9500,-2.5710,0.6210,0.3333
scaffold,2,GIN,Molecular graph,488,O=c2c(C3CCCc4ccccc43)c(O)c1ccccc1o2 ,O=c1oc2ccccc2cc1C1CCCc2ccccc21,-2.8400,-4.4688,1.6288,0.2619
scaffold,2,GIN,Molecular graph,495,Nc1cc(nc(N)n1=O)N2CCCCC2 ,c1cc(N2CCCCC2)nc[nH+]1,-1.9890,-2.8806,0.8916,0.1463
scaffold,2,GIN,Molecular graph,496,Nc2cccc3nc1ccccc1cc23 ,c1ccc2nc3ccccc3cc2c1,-4.2200,-3.9320,0.2880,0.5185
scaffold,2,GIN,Molecular graph,500,CCOP(=S)(OCC)SC(CCl)N2C(=O)c1ccccc1C2=O,O=C1NC(=O)c2ccccc21,-6.3400,-5.6024,0.7376,0.3529
scaffold,2,GIN,Molecular graph,504,CC1=C(CCCO1)C(=O)Nc2ccccc2 ,O=C(Nc1ccccc1)C1=COCCC1,-2.5600,-2.9099,0.3499,0.5581
scaffold,2,GIN,Molecular graph,512,Cc1c[nH]c2ccccc12 ,c1ccc2[nH]ccc2c1,-2.4200,-3.4284,1.0084,0.4348
scaffold,2,GIN,Molecular graph,518,CC(=O)N(S(=O)c1ccc(N)cc1)c2onc(C)c2C ,O=S(Nc1ccno1)c1ccccc1,-3.5900,-2.6152,0.9748,0.2708
scaffold,2,GIN,Molecular graph,536,CC3C2CCC1(C)C=CC(=O)C(=C1C2OC3=O)C,O=C1C=CC2CCC3CC(=O)OC3C2=C1,-3.0900,-4.4488,1.3588,0.2063
scaffold,2,GIN,Molecular graph,546,Cc2c(N)c(=O)n(c1ccccc1)n2C,O=c1cc[nH]n1-c1ccccc1,-0.6240,-2.8565,2.2325,0.3333
scaffold,2,GIN,Molecular graph,562,c1ccccc1C(O)C(O)c2ccccc2,c1ccc(CCc2ccccc2)cc1,-1.9300,-2.6546,0.7246,0.6471
scaffold,2,GIN,Molecular graph,579,c1ccc(cc1)c2ccc(cc2)c3ccccc3,c1ccc(-c2ccc(-c3ccccc3)cc2)cc1,-7.1100,-5.5744,1.5356,0.9000
scaffold,2,GIN,Molecular graph,582,Cc1cc(ccc1NS(=O)(=O)C(F)(F)F)S(=O)(=O)c2ccccc2,O=S(=O)(c1ccccc1)c1ccccc1,-3.8000,-3.9069,0.1069,0.4565
scaffold,2,GIN,Molecular graph,611,c1ccc2c(c1)ccc3ccccc32,c1ccc2c(c1)ccc1ccccc12,-5.2600,-5.1913,0.0687,0.8571
scaffold,2,GIN,Molecular graph,621,ClC(Cl)(Cl)C(NC=O)N1C=CN(C=C1)C(NC=O)C(Cl)(Cl)Cl ,C1=CNC=CN1,-4.1900,-2.7916,1.3984,0.2000
scaffold,2,GIN,Molecular graph,622,Cn2cc(c1ccccc1)c(=O)c(c2)c3cccc(c3)C(F)(F)F,O=c1c(-c2ccccc2)c[nH]cc1-c1ccccc1,-4.4450,-5.7420,1.2970,0.3714
scaffold,2,GIN,Molecular graph,624,CC12CCC3C(CCc4cc(O)ccc34)C2CCC1=O,O=C1CCC2C1CCC1c3ccccc3CCC12,-3.9550,-4.4534,0.4984,0.6250
scaffold,2,GIN,Molecular graph,626,CC1CO1,C1CO1,-0.5900,0.2652,0.8552,0.4118
scaffold,2,GIN,Molecular graph,637,c1ccc2c(c1)cc3ccc4cccc5ccc2c3c45,c1ccc2c(c1)cc1ccc3cccc4ccc2c1c34,-8.6990,-7.3677,1.3313,0.6522
scaffold,2,GIN,Molecular graph,647,Cc1cc(=O)[nH]c(=S)[nH]1,O=c1cc[nH]c(=S)[nH]1,-2.4360,-1.7093,0.7267,0.2581
scaffold,2,GIN,Molecular graph,652,CC1(C)CON(Cc2ccccc2Cl)C1=O,O=C1CCON1Cc1ccccc1,-2.3380,-3.3843,1.0463,0.2703
scaffold,2,GIN,Molecular graph,659,OC(Cn1cncn1)(Cn2cncn2)c3ccc(F)cc3F ,c1ccc(C(Cn2cncn2)Cn2cncn2)cc1,-1.8000,-2.5566,0.7566,0.5417
scaffold,2,GIN,Molecular graph,676,c1cc2ccc3ccc4ccc5cccc6c(c1)c2c3c4c56,c1cc2ccc3ccc4ccc5cccc6c(c1)c2c3c4c56,-9.0180,-8.3099,0.7081,0.8235
scaffold,2,GIN,Molecular graph,678,c1c(OC)c(OC)C2C(=O)OCC2c1,O=C1OCC2C=CC=CC12,-1.8990,-3.6919,1.7929,0.2000
scaffold,2,GIN,Molecular graph,683,Cc1cc(=O)n(c2ccccc2)n1C,O=c1cc[nH]n1-c1ccccc1,0.7150,-3.0451,3.7601,0.3250
scaffold,2,GIN,Molecular graph,702,CC(=O)OCC(=O)C3(O)CCC4C2CCC1=CC(=O)CCC1(C)C2C(=O)CC34C ,O=C1C=C2CCC3C4CCCC4CC(=O)C3C2CC1,-4.2100,-4.2047,0.0053,0.7031
scaffold,2,GIN,Molecular graph,708,CN(C)C(=O)NC1CC2CC1C3CCCC23,C1CC2C3CCC(C3)C2C1,-3.1710,-5.0950,1.9240,0.2381
scaffold,2,GIN,Molecular graph,724,O=C1NC(=O)c2ccccc12 ,O=C1NC(=O)c2ccccc21,-2.6100,-3.2883,0.6783,0.3333
scaffold,2,GIN,Molecular graph,730,CCC2NC(=O)c1cc(c(Cl)cc1N2)S(N)(=O)=O,O=C1NCNc2ccccc21,-3.2900,-3.9758,0.6858,0.3889
scaffold,2,GIN,Molecular graph,733,C1(=O)NC(=O)NC(=O)C1(O)C2(O)C(=O)NC(=O)NC2(=O),O=C1NC(=O)C(C2C(=O)NC(=O)NC2=O)C(=O)N1,-1.9900,-0.9932,0.9968,0.4737
scaffold,2,GIN,Molecular graph,754,COc2cc1c(N)nc(nc1c(OC)c2OC)N3CCN(CC3)C(=O)OCC(C)(C)O ,c1ccc2nc(N3CCNCC3)ncc2c1,-3.6380,-3.0906,0.5474,0.1972
scaffold,2,GIN,Molecular graph,771,C1CCCCCCC1,C1CCCCCCC1,-4.1500,-3.3209,0.8291,1.0000
scaffold,2,GIN,Molecular graph,775,Clc1ccc(CN(C2CCCC2)C(=O)Nc3ccccc3)cc1,O=C(Nc1ccccc1)N(Cc1ccccc1)C1CCCC1,-5.9150,-5.4120,0.5030,0.4000
scaffold,2,GIN,Molecular graph,780,c1ccc2c3c(ccc2c1)c4cccc5cccc3c45,c1ccc2c3c(ccc2c1)-c1cccc2cccc-3c12,-8.0000,-8.4736,0.4736,0.5000
scaffold,2,GIN,Molecular graph,792,OC1C=CC2C1C3(Cl)C(=C(Cl)C2(Cl)C3(Cl)Cl)Cl ,C1=CC2C3C=CC(C3)C2C1,-5.4600,-5.7895,0.3295,0.3714
scaffold,2,GIN,Molecular graph,797,CC2(C)C1CCC(C)(C1)C2=O,O=C1CC2CCC1C2,-1.8500,-4.1684,2.3184,0.2647
scaffold,2,GIN,Molecular graph,799,ClC2=C(Cl)C3(Cl)C1C=CCC1C2(Cl)C3(Cl)Cl ,C1=CC2C3C=CC(C3)C2C1,-5.6400,-6.3048,0.6648,0.3611
scaffold,2,GIN,Molecular graph,801,c1ccc2c(c1)[nH]c3ccccc32,c1ccc2c(c1)[nH]c1ccccc12,-5.2700,-5.3254,0.0554,0.3684
scaffold,2,GIN,Molecular graph,807,CCCCc1c(C)nc(NCC)nc1OS(=O)(=O)N(C)C ,c1cncnc1,-4.1600,-3.6028,0.5572,0.4286
scaffold,2,GIN,Molecular graph,812,c1cc2ccc(OC)c(CC=C(C)(C))c2oc1=O ,O=c1ccc2ccccc2o1,-4.3140,-4.6739,0.3599,0.3673
scaffold,2,GIN,Molecular graph,819,c1ccc2cc3cc4ccccc4cc3cc2c1,c1ccc2cc3cc4ccccc4cc3cc2c1,-8.6000,-6.0871,2.5129,0.9091
scaffold,2,GIN,Molecular graph,829,CN(C)C(=O)OC1=CC(=O)CC(C)(C)C1 ,O=C1C=CCCC1,-0.8500,-3.1992,2.3492,0.2381
scaffold,2,GIN,Molecular graph,846,O=C1CNC(=O)N1 ,O=C1CNC(=O)N1,-0.4000,0.0175,0.4175,0.3684
scaffold,2,GIN,Molecular graph,849,CCOP(=S)(OCC)Oc2ccc1oc(=O)c(Cl)c(C)c1c2,O=c1ccc2ccccc2o1,-5.3820,-6.0596,0.6776,0.4118
scaffold,2,GIN,Molecular graph,852,O=c2[nH]c(=O)c1[nH]c(=O)[nH]c1[nH]2 ,O=c1[nH]c(=O)c2[nH]c(=O)[nH]c2[nH]1,-3.9300,-1.7171,2.2129,0.2963
scaffold,2,GIN,Molecular graph,863,CC1(OC(=O)N(C1=O)c2cc(Cl)cc(Cl)c2)C=C,O=C1COC(=O)N1c1ccccc1,-4.9250,-4.9957,0.0707,0.4615
scaffold,2,GIN,Molecular graph,893,CCN(Cc1c(F)cccc1Cl)c2c(cc(cc2N(=O)=O)C(F)(F)F)N(=O)=O,c1ccc(CNc2ccccc2)cc1,-6.7800,-6.0273,0.7527,0.5472
scaffold,2,GIN,Molecular graph,899,ClC1C=CC2C1C3(Cl)C(=C(Cl)C2(Cl)C3(Cl)Cl)Cl,C1=CC2C3C=CC(C3)C2C1,-6.3170,-6.3796,0.0626,0.3824
scaffold,2,GIN,Molecular graph,916,c2ccc1[nH]ncc1c2 ,c1ccc2[nH]ncc2c1,-2.1600,-1.0378,1.1222,0.3571
scaffold,2,GIN,Molecular graph,918,Nc2nc1[nH]cnc1c(=O)[nH]2 ,O=c1[nH]cnc2[nH]cnc12,-3.5830,-0.9923,2.5907,0.3158
scaffold,2,GIN,Molecular graph,938,Nc1nc(O)nc2nc[nH]c12 ,c1ncc2[nH]cnc2n1,-3.4010,-1.1018,2.2992,0.2778
scaffold,2,GIN,Molecular graph,943,c2ccc1[nH]ccc1c2,c1ccc2[nH]ccc2c1,-1.5200,-2.6199,1.0999,0.3889
scaffold,2,GIN,Molecular graph,949,COC(=O)Nc2nc1ccc(cc1[nH]2)C(=O)c3ccccc3,O=C(c1ccccc1)c1ccc2nc[nH]c2c1,-3.8800,-4.6269,0.7469,0.3500
scaffold,2,GIN,Molecular graph,955,C1C=CCC=C1,C1=CCC=CC1,-2.0600,-2.6112,0.5512,0.2727
scaffold,2,GIN,Molecular graph,976,CC12CCC(CC1)C(C)(C)O2,C1CC2CCC1CO2,-1.7400,-3.8977,2.1577,0.3000
scaffold,2,GIN,Molecular graph,984,O=C2NC(=O)C1(CCCC1)C(=O)N2,O=C1NC(=O)C2(CCCC2)C(=O)N1,-2.3490,-2.3911,0.0421,0.9444
scaffold,2,GIN,Molecular graph,987,CN(C)C(=O)NC1CCCCCCC1,C1CCCCCCC1,-2.2180,-2.6474,0.4294,0.2973
scaffold,2,GIN,Molecular graph,991,CN(C)c2c(C)n(C)n(c1ccccc1)c2=O ,O=c1cc[nH]n1-c1ccccc1,-0.3640,-3.4203,3.0563,0.3030
scaffold,2,GIN,Molecular graph,1014,O=C1NCCN1c2ncc(s2)N(=O)=O,O=C1NCCN1c1nccs1,-3.2200,-2.6055,0.6145,0.2400
scaffold,2,GIN,Molecular graph,1015,C1c2ccccc2c3ccc4ccccc4c13,c1ccc2c(c1)Cc1c-2ccc2ccccc12,-6.6800,-7.3608,0.6808,0.4688
scaffold,2,GIN,Molecular graph,1022,N(=Nc1ccccc1)c2ccccc2,c1ccc(N=Nc2ccccc2)cc1,-4.4500,-3.6912,0.7588,0.4000
scaffold,2,GIN,Molecular graph,1037,c1c(O)C2C(=O)C3cc(O)ccC3OC2cc1(OC),O=C1C2C=CC=CC2OC2C=CC=CC12,-2.9430,-2.8755,0.0675,0.1667
scaffold,2,GIN,Molecular graph,1039,CC(=O)SC4CC1=CC(=O)CCC1(C)C5CCC2(C)C(CCC23CCC(=O)O3)C45,O=C1C=C2CCC3C(CCC4C3CCC43CCC(=O)O3)C2CC1,-4.1730,-4.6126,0.4396,0.4242
scaffold,2,GIN,Molecular graph,1054,Cc1cccc2c1ccc3ccccc32,c1ccc2c(c1)ccc1ccccc12,-5.8500,-5.4682,0.3818,0.7273
scaffold,2,GIN,Molecular graph,1061,COC1=CC(=O)CC(C)C13Oc2c(Cl)c(OC)cc(OC)c2C3=O,O=C1C=CC2(CC1)Oc1ccccc1C2=O,-3.2460,-4.8278,1.5818,0.1951
scaffold,2,GIN,Molecular graph,1085,CCOP(=S)(OCC)N2C(=O)c1ccccc1C2=O,O=C1NC(=O)c2ccccc21,-3.3500,-5.1339,1.7839,0.3208
scaffold,2,GIN,Molecular graph,1090,O=C(C=CC=Cc2ccc1OCOc1c2)N3CCCCC3,O=C(C=CC=Cc1ccc2c(c1)OCO2)N1CCCCC1,-3.4600,-5.0072,1.5472,0.1786
scaffold,2,GIN,Molecular graph,1093,O=C2NC(=O)C1(CCCCCCC1)C(=O)N2,O=C1NC(=O)C2(CCCCCCC2)C(=O)N1,-2.9820,-2.4618,0.5202,1.0000
scaffold,2,GIN,Molecular graph,1095,Oc2cc(O)c1C(=O)CC(Oc1c2)c3ccc(O)c(O)c3,O=C1CC(c2ccccc2)Oc2ccccc21,-3.6200,-1.9973,1.6227,0.1951
scaffold,2,GIN,Molecular graph,1106,CC(C)(C)C(=O)C(Oc1ccc(Cl)cc1)n2cncn2,c1ccc(OCn2cncn2)cc1,-3.6100,-3.8638,0.2538,0.3077
scaffold,2,GIN,Molecular graph,1110,CCOC(=O)Nc2cccc(OC(=O)Nc1ccccc1)c2 ,O=C(Nc1ccccc1)Oc1ccccc1,-4.6320,-4.6882,0.0562,0.4694
scaffold,2,GIN,Molecular graph,1115,O=C1NC(=O)C(=O)N1 ,O=C1NC(=O)C(=O)N1,-0.4000,-0.5556,0.1556,0.4118
scaffold,3,Dummy (mean),RDKit descriptors,1,Cc1occc1C(=O)Nc2ccccc2,O=C(Nc1ccccc1)c1ccoc1,-3.3000,-2.9226,0.3774,0.4545
scaffold,3,Dummy (mean),RDKit descriptors,4,c1ccsc1,c1ccsc1,-1.3300,-2.9226,1.5926,0.2222
scaffold,3,Dummy (mean),RDKit descriptors,18,CCOP(=S)(OCC)Oc1cc(C)nc(n1)C(C)C,c1cncnc1,-3.6400,-2.9226,0.7174,0.4130
scaffold,3,Dummy (mean),RDKit descriptors,32,COC(=O)Nc1cccc(OC(=O)Nc2cccc(C)c2)c1,O=C(Nc1ccccc1)Oc1ccccc1,-4.8050,-2.9226,1.8824,0.4894
scaffold,3,Dummy (mean),RDKit descriptors,72,CC1(C)C2CCC1(C)C(=O)C2,O=C1CC2CCC1C2,-1.9600,-2.9226,0.9626,0.3030
scaffold,3,Dummy (mean),RDKit descriptors,86,CC(C)C(C(=O)OC(C#N)c1cccc(Oc2ccccc2)c1)c3ccc(OC(F)F)cc3,O=C(Cc1ccccc1)OCc1cccc(Oc2ccccc2)c1,-6.8760,-2.9226,3.9534,0.5333
scaffold,3,Dummy (mean),RDKit descriptors,92,c1ccc2c(c1)c3cccc4cccc2c34,c1ccc2c(c1)-c1cccc3cccc-2c13,-6.0000,-2.9226,3.0774,0.7368
scaffold,3,Dummy (mean),RDKit descriptors,98,C1OC1c2ccccc2 ,c1ccc(C2CO2)cc1,-1.6000,-2.9226,1.3226,0.3000
scaffold,3,Dummy (mean),RDKit descriptors,126,CCCCc1c(C)nc(nc1O)N(C)C ,c1cncnc1,-2.2400,-2.9226,0.6826,0.3448
scaffold,3,Dummy (mean),RDKit descriptors,160,CSc1nnc(c(=O)n1N)C(C)(C)C,O=c1cnnc[nH]1,-2.2530,-2.9226,0.6696,0.1923
scaffold,3,Dummy (mean),RDKit descriptors,176,CC1=CC(=O)CC(C)(C)C1 ,O=C1C=CCCC1,-1.0600,-2.9226,1.8626,0.2553
scaffold,3,Dummy (mean),RDKit descriptors,179,CCC1(CCC(=O)NC1=O)c2ccccc2 ,O=C1CCC(c2ccccc2)C(=O)N1,-2.3370,-2.9226,0.5856,0.3333
scaffold,3,Dummy (mean),RDKit descriptors,188,C1C(O)CCC2(C)CC3CCC4(C)C5(C)CC6OCC(C)CC6OC5CC4C3C=C21,C1=C2CCCCC2CC2CCC3C4CC5OCCCC5OC4CC3C12,-7.3200,-2.9226,4.3974,0.1875
scaffold,3,Dummy (mean),RDKit descriptors,195,CC(C)Oc1cc(c(Cl)cc1Cl)n2nc(oc2=O)C(C)(C)C,O=c1ocnn1-c1ccccc1,-5.6960,-2.9226,2.7734,0.2105
scaffold,3,Dummy (mean),RDKit descriptors,200,Nc1ccc(cc1)S(=O)(=O)c2ccc(N)cc2,O=S(=O)(c1ccccc1)c1ccccc1,-3.0940,-2.9226,0.1714,0.6500
scaffold,3,Dummy (mean),RDKit descriptors,213,CC12CCC(CC1)C(C)(C)O2 ,C1CC2CCC1CO2,-1.6400,-2.9226,1.2826,0.3000
scaffold,3,Dummy (mean),RDKit descriptors,217,CC(=C)C1CC=C(C)C(=O)C1,O=C1C=CCCC1,-2.0600,-2.9226,0.8626,0.4706
scaffold,3,Dummy (mean),RDKit descriptors,225,Cc3ccnc4N(C1CC1)c2ncccc2C(=O)Nc34 ,O=C1Nc2cccnc2N(C2CC2)c2ncccc21,-3.1900,-2.9226,0.2674,0.4909
scaffold,3,Dummy (mean),RDKit descriptors,260,CCOP(=S)(OCC)SC(CCl)N1C(=O)c2ccccc2C1=O,O=C1NC(=O)c2ccccc21,-6.3400,-2.9226,3.4174,0.3529
scaffold,3,Dummy (mean),RDKit descriptors,286,C(Cc1ccccc1)c2ccccc2,c1ccc(CCc2ccccc2)cc1,-4.6200,-2.9226,1.6974,0.6471
scaffold,3,Dummy (mean),RDKit descriptors,289,Cc1ccc2c(ccc3ccccc32)c1,c1ccc2c(c1)ccc1ccccc12,-5.8400,-2.9226,2.9174,0.6522
scaffold,3,Dummy (mean),RDKit descriptors,298,OCC1OC(CO)(OC2OC(COC3OC(CO)C(O)C(O)C3O)C(O)C(O)C2O)C(O)C1O,C1CCC(OCC2CCCC(OC3CCCO3)O2)OC1,-0.4100,-2.9226,2.5126,0.8421
scaffold,3,Dummy (mean),RDKit descriptors,309,OC1CCCCCCC1,C1CCCCCCC1,-1.2900,-2.9226,1.6326,1.0000
scaffold,3,Dummy (mean),RDKit descriptors,318,Nc1ncnc2nc[nH]c12 ,c1ncc2[nH]cnc2n1,-2.1200,-2.9226,0.8026,0.2432
scaffold,3,Dummy (mean),RDKit descriptors,320,COc1ccc(cc1)C(O)(C2CC2)c3cncnc3 ,c1ccc(C(c2cncnc2)C2CC2)cc1,-2.5960,-2.9226,0.3266,0.2895
scaffold,3,Dummy (mean),RDKit descriptors,336,o1c2ccccc2c3ccccc13,c1ccc2c(c1)oc1ccccc12,-4.6000,-2.9226,1.6774,0.3684
scaffold,3,Dummy (mean),RDKit descriptors,339,c3ccc2nc1ccccc1cc2c3,c1ccc2nc3ccccc3cc2c1,-3.6700,-2.9226,0.7474,0.5625
scaffold,3,Dummy (mean),RDKit descriptors,340,CC12CC(=O)C3C(CCC4=CC(=O)CCC34C)C2CCC1(O)C(=O)CO,O=C1C=C2CCC3C4CCCC4CC(=O)C3C2CC1,-3.1100,-2.9226,0.1874,0.6780
scaffold,3,Dummy (mean),RDKit descriptors,344,CCC(C)C(=O)OC2CC(C)C=C3C=CC(C)C(CCC1CC(O)CC(=O)O1)C23 ,O=C1CCCC(CCC2CC=CC3=CCCCC32)O1,-6.0050,-2.9226,3.0824,0.1774
scaffold,3,Dummy (mean),RDKit descriptors,353,CCC(C(CC)c1ccc(O)cc1)c2ccc(O)cc2,c1ccc(CCc2ccccc2)cc1,-4.4300,-2.9226,1.5074,0.4800
scaffold,3,Dummy (mean),RDKit descriptors,360,CN(C)C(=O)Nc1ccc(c(Cl)c1)n2nc(oc2=O)C(C)(C)C,O=c1ocnn1-c1ccccc1,-4.3280,-2.9226,1.4054,0.4898
scaffold,3,Dummy (mean),RDKit descriptors,365,c1cncnc1,c1cncnc1,1.1000,-2.9226,4.0226,0.5000
scaffold,3,Dummy (mean),RDKit descriptors,373,CC2Nc1cc(Cl)c(cc1C(=O)N2c3ccccc3C)S(N)(=O)=O ,O=C1c2ccccc2NCN1c1ccccc1,-3.7800,-2.9226,0.8574,0.3429
scaffold,3,Dummy (mean),RDKit descriptors,381,OCC(O)C2OC1OC(OC1C2O)C(Cl)(Cl)Cl ,C1CC2OCOC2O1,-1.8400,-2.9226,1.0826,0.1765
scaffold,3,Dummy (mean),RDKit descriptors,386,Nc1nccs1 ,c1cscn1,-0.3600,-2.9226,2.5626,0.2143
scaffold,3,Dummy (mean),RDKit descriptors,394,CN(C(=O)NC(C)(C)c1ccccc1)c2ccccc2,O=C(NCc1ccccc1)Nc1ccccc1,-3.3500,-2.9226,0.4274,0.3784
scaffold,3,Dummy (mean),RDKit descriptors,412,CC(=O)Nc1nnc(s1)S(N)(=O)=O ,c1nncs1,-2.3600,-2.9226,0.5626,0.2703
scaffold,3,Dummy (mean),RDKit descriptors,414,ClC1=C(Cl)C2(Cl)C3C4CC(C=C4)C3C1(Cl)C2(Cl)Cl,C1=CC2CC1C1C3C=CC(C3)C21,-6.3070,-2.9226,3.3844,0.4839
scaffold,3,Dummy (mean),RDKit descriptors,422,ClC(Cl)C(Cl)(Cl)SN2C(=O)C1CC=CCC1C2=O ,O=C1NC(=O)C2CC=CCC12,-5.4000,-2.9226,2.4774,0.1935
scaffold,3,Dummy (mean),RDKit descriptors,448,NC(=O)NC1NC(=O)NC1=O ,O=C1CNC(=O)N1,-1.6000,-2.9226,1.3226,0.2105
scaffold,3,Dummy (mean),RDKit descriptors,449,OCC(O)COC(=O)c1ccccc1Nc2ccnc3cc(Cl)ccc23,c1ccc(Nc2ccnc3ccccc23)cc1,-4.5710,-2.9226,1.6484,0.2769
scaffold,3,Dummy (mean),RDKit descriptors,476,CN(C)C(=O)Oc1nc(nc(C)c1C)N(C)C,c1cncnc1,-1.9500,-2.9226,0.9726,0.3333
scaffold,3,Dummy (mean),RDKit descriptors,488,O=c2c(C3CCCc4ccccc43)c(O)c1ccccc1o2 ,O=c1oc2ccccc2cc1C1CCCc2ccccc21,-2.8400,-2.9226,0.0826,0.2619
scaffold,3,Dummy (mean),RDKit descriptors,495,Nc1cc(nc(N)n1=O)N2CCCCC2 ,c1cc(N2CCCCC2)nc[nH+]1,-1.9890,-2.9226,0.9336,0.1463
scaffold,3,Dummy (mean),RDKit descriptors,496,Nc2cccc3nc1ccccc1cc23 ,c1ccc2nc3ccccc3cc2c1,-4.2200,-2.9226,1.2974,0.5185
scaffold,3,Dummy (mean),RDKit descriptors,500,CCOP(=S)(OCC)SC(CCl)N2C(=O)c1ccccc1C2=O,O=C1NC(=O)c2ccccc21,-6.3400,-2.9226,3.4174,0.3529
scaffold,3,Dummy (mean),RDKit descriptors,504,CC1=C(CCCO1)C(=O)Nc2ccccc2 ,O=C(Nc1ccccc1)C1=COCCC1,-2.5600,-2.9226,0.3626,0.5581
scaffold,3,Dummy (mean),RDKit descriptors,512,Cc1c[nH]c2ccccc12 ,c1ccc2[nH]ccc2c1,-2.4200,-2.9226,0.5026,0.4348
scaffold,3,Dummy (mean),RDKit descriptors,518,CC(=O)N(S(=O)c1ccc(N)cc1)c2onc(C)c2C ,O=S(Nc1ccno1)c1ccccc1,-3.5900,-2.9226,0.6674,0.2708
scaffold,3,Dummy (mean),RDKit descriptors,536,CC3C2CCC1(C)C=CC(=O)C(=C1C2OC3=O)C,O=C1C=CC2CCC3CC(=O)OC3C2=C1,-3.0900,-2.9226,0.1674,0.2063
scaffold,3,Dummy (mean),RDKit descriptors,546,Cc2c(N)c(=O)n(c1ccccc1)n2C,O=c1cc[nH]n1-c1ccccc1,-0.6240,-2.9226,2.2986,0.3333
scaffold,3,Dummy (mean),RDKit descriptors,562,c1ccccc1C(O)C(O)c2ccccc2,c1ccc(CCc2ccccc2)cc1,-1.9300,-2.9226,0.9926,0.6471
scaffold,3,Dummy (mean),RDKit descriptors,579,c1ccc(cc1)c2ccc(cc2)c3ccccc3,c1ccc(-c2ccc(-c3ccccc3)cc2)cc1,-7.1100,-2.9226,4.1874,0.9000
scaffold,3,Dummy (mean),RDKit descriptors,582,Cc1cc(ccc1NS(=O)(=O)C(F)(F)F)S(=O)(=O)c2ccccc2,O=S(=O)(c1ccccc1)c1ccccc1,-3.8000,-2.9226,0.8774,0.4565
scaffold,3,Dummy (mean),RDKit descriptors,611,c1ccc2c(c1)ccc3ccccc32,c1ccc2c(c1)ccc1ccccc12,-5.2600,-2.9226,2.3374,0.8571
scaffold,3,Dummy (mean),RDKit descriptors,621,ClC(Cl)(Cl)C(NC=O)N1C=CN(C=C1)C(NC=O)C(Cl)(Cl)Cl ,C1=CNC=CN1,-4.1900,-2.9226,1.2674,0.2000
scaffold,3,Dummy (mean),RDKit descriptors,622,Cn2cc(c1ccccc1)c(=O)c(c2)c3cccc(c3)C(F)(F)F,O=c1c(-c2ccccc2)c[nH]cc1-c1ccccc1,-4.4450,-2.9226,1.5224,0.3714
scaffold,3,Dummy (mean),RDKit descriptors,624,CC12CCC3C(CCc4cc(O)ccc34)C2CCC1=O,O=C1CCC2C1CCC1c3ccccc3CCC12,-3.9550,-2.9226,1.0324,0.6250
scaffold,3,Dummy (mean),RDKit descriptors,626,CC1CO1,C1CO1,-0.5900,-2.9226,2.3326,0.4118
scaffold,3,Dummy (mean),RDKit descriptors,637,c1ccc2c(c1)cc3ccc4cccc5ccc2c3c45,c1ccc2c(c1)cc1ccc3cccc4ccc2c1c34,-8.6990,-2.9226,5.7764,0.6522
scaffold,3,Dummy (mean),RDKit descriptors,647,Cc1cc(=O)[nH]c(=S)[nH]1,O=c1cc[nH]c(=S)[nH]1,-2.4360,-2.9226,0.4866,0.2581
scaffold,3,Dummy (mean),RDKit descriptors,652,CC1(C)CON(Cc2ccccc2Cl)C1=O,O=C1CCON1Cc1ccccc1,-2.3380,-2.9226,0.5846,0.2703
scaffold,3,Dummy (mean),RDKit descriptors,659,OC(Cn1cncn1)(Cn2cncn2)c3ccc(F)cc3F ,c1ccc(C(Cn2cncn2)Cn2cncn2)cc1,-1.8000,-2.9226,1.1226,0.5417
scaffold,3,Dummy (mean),RDKit descriptors,676,c1cc2ccc3ccc4ccc5cccc6c(c1)c2c3c4c56,c1cc2ccc3ccc4ccc5cccc6c(c1)c2c3c4c56,-9.0180,-2.9226,6.0954,0.8235
scaffold,3,Dummy (mean),RDKit descriptors,678,c1c(OC)c(OC)C2C(=O)OCC2c1,O=C1OCC2C=CC=CC12,-1.8990,-2.9226,1.0236,0.2000
scaffold,3,Dummy (mean),RDKit descriptors,683,Cc1cc(=O)n(c2ccccc2)n1C,O=c1cc[nH]n1-c1ccccc1,0.7150,-2.9226,3.6376,0.3250
scaffold,3,Dummy (mean),RDKit descriptors,702,CC(=O)OCC(=O)C3(O)CCC4C2CCC1=CC(=O)CCC1(C)C2C(=O)CC34C ,O=C1C=C2CCC3C4CCCC4CC(=O)C3C2CC1,-4.2100,-2.9226,1.2874,0.7031
scaffold,3,Dummy (mean),RDKit descriptors,708,CN(C)C(=O)NC1CC2CC1C3CCCC23,C1CC2C3CCC(C3)C2C1,-3.1710,-2.9226,0.2484,0.2381
scaffold,3,Dummy (mean),RDKit descriptors,724,O=C1NC(=O)c2ccccc12 ,O=C1NC(=O)c2ccccc21,-2.6100,-2.9226,0.3126,0.3333
scaffold,3,Dummy (mean),RDKit descriptors,730,CCC2NC(=O)c1cc(c(Cl)cc1N2)S(N)(=O)=O,O=C1NCNc2ccccc21,-3.2900,-2.9226,0.3674,0.3889
scaffold,3,Dummy (mean),RDKit descriptors,733,C1(=O)NC(=O)NC(=O)C1(O)C2(O)C(=O)NC(=O)NC2(=O),O=C1NC(=O)C(C2C(=O)NC(=O)NC2=O)C(=O)N1,-1.9900,-2.9226,0.9326,0.4737
scaffold,3,Dummy (mean),RDKit descriptors,754,COc2cc1c(N)nc(nc1c(OC)c2OC)N3CCN(CC3)C(=O)OCC(C)(C)O ,c1ccc2nc(N3CCNCC3)ncc2c1,-3.6380,-2.9226,0.7154,0.1972
scaffold,3,Dummy (mean),RDKit descriptors,771,C1CCCCCCC1,C1CCCCCCC1,-4.1500,-2.9226,1.2274,1.0000
scaffold,3,Dummy (mean),RDKit descriptors,775,Clc1ccc(CN(C2CCCC2)C(=O)Nc3ccccc3)cc1,O=C(Nc1ccccc1)N(Cc1ccccc1)C1CCCC1,-5.9150,-2.9226,2.9924,0.4000
scaffold,3,Dummy (mean),RDKit descriptors,780,c1ccc2c3c(ccc2c1)c4cccc5cccc3c45,c1ccc2c3c(ccc2c1)-c1cccc2cccc-3c12,-8.0000,-2.9226,5.0774,0.5000
scaffold,3,Dummy (mean),RDKit descriptors,792,OC1C=CC2C1C3(Cl)C(=C(Cl)C2(Cl)C3(Cl)Cl)Cl ,C1=CC2C3C=CC(C3)C2C1,-5.4600,-2.9226,2.5374,0.3714
scaffold,3,Dummy (mean),RDKit descriptors,797,CC2(C)C1CCC(C)(C1)C2=O,O=C1CC2CCC1C2,-1.8500,-2.9226,1.0726,0.2647
scaffold,3,Dummy (mean),RDKit descriptors,799,ClC2=C(Cl)C3(Cl)C1C=CCC1C2(Cl)C3(Cl)Cl ,C1=CC2C3C=CC(C3)C2C1,-5.6400,-2.9226,2.7174,0.3611
scaffold,3,Dummy (mean),RDKit descriptors,801,c1ccc2c(c1)[nH]c3ccccc32,c1ccc2c(c1)[nH]c1ccccc12,-5.2700,-2.9226,2.3474,0.3684
scaffold,3,Dummy (mean),RDKit descriptors,807,CCCCc1c(C)nc(NCC)nc1OS(=O)(=O)N(C)C ,c1cncnc1,-4.1600,-2.9226,1.2374,0.4286
scaffold,3,Dummy (mean),RDKit descriptors,812,c1cc2ccc(OC)c(CC=C(C)(C))c2oc1=O ,O=c1ccc2ccccc2o1,-4.3140,-2.9226,1.3914,0.3673
scaffold,3,Dummy (mean),RDKit descriptors,819,c1ccc2cc3cc4ccccc4cc3cc2c1,c1ccc2cc3cc4ccccc4cc3cc2c1,-8.6000,-2.9226,5.6774,0.9091
scaffold,3,Dummy (mean),RDKit descriptors,829,CN(C)C(=O)OC1=CC(=O)CC(C)(C)C1 ,O=C1C=CCCC1,-0.8500,-2.9226,2.0726,0.2381
scaffold,3,Dummy (mean),RDKit descriptors,846,O=C1CNC(=O)N1 ,O=C1CNC(=O)N1,-0.4000,-2.9226,2.5226,0.3684
scaffold,3,Dummy (mean),RDKit descriptors,849,CCOP(=S)(OCC)Oc2ccc1oc(=O)c(Cl)c(C)c1c2,O=c1ccc2ccccc2o1,-5.3820,-2.9226,2.4594,0.4118
scaffold,3,Dummy (mean),RDKit descriptors,852,O=c2[nH]c(=O)c1[nH]c(=O)[nH]c1[nH]2 ,O=c1[nH]c(=O)c2[nH]c(=O)[nH]c2[nH]1,-3.9300,-2.9226,1.0074,0.2963
scaffold,3,Dummy (mean),RDKit descriptors,863,CC1(OC(=O)N(C1=O)c2cc(Cl)cc(Cl)c2)C=C,O=C1COC(=O)N1c1ccccc1,-4.9250,-2.9226,2.0024,0.4615
scaffold,3,Dummy (mean),RDKit descriptors,893,CCN(Cc1c(F)cccc1Cl)c2c(cc(cc2N(=O)=O)C(F)(F)F)N(=O)=O,c1ccc(CNc2ccccc2)cc1,-6.7800,-2.9226,3.8574,0.5472
scaffold,3,Dummy (mean),RDKit descriptors,899,ClC1C=CC2C1C3(Cl)C(=C(Cl)C2(Cl)C3(Cl)Cl)Cl,C1=CC2C3C=CC(C3)C2C1,-6.3170,-2.9226,3.3944,0.3824
scaffold,3,Dummy (mean),RDKit descriptors,916,c2ccc1[nH]ncc1c2 ,c1ccc2[nH]ncc2c1,-2.1600,-2.9226,0.7626,0.3571
scaffold,3,Dummy (mean),RDKit descriptors,918,Nc2nc1[nH]cnc1c(=O)[nH]2 ,O=c1[nH]cnc2[nH]cnc12,-3.5830,-2.9226,0.6604,0.3158
scaffold,3,Dummy (mean),RDKit descriptors,938,Nc1nc(O)nc2nc[nH]c12 ,c1ncc2[nH]cnc2n1,-3.4010,-2.9226,0.4784,0.2778
scaffold,3,Dummy (mean),RDKit descriptors,943,c2ccc1[nH]ccc1c2,c1ccc2[nH]ccc2c1,-1.5200,-2.9226,1.4026,0.3889
scaffold,3,Dummy (mean),RDKit descriptors,949,COC(=O)Nc2nc1ccc(cc1[nH]2)C(=O)c3ccccc3,O=C(c1ccccc1)c1ccc2nc[nH]c2c1,-3.8800,-2.9226,0.9574,0.3500
scaffold,3,Dummy (mean),RDKit descriptors,955,C1C=CCC=C1,C1=CCC=CC1,-2.0600,-2.9226,0.8626,0.2727
scaffold,3,Dummy (mean),RDKit descriptors,976,CC12CCC(CC1)C(C)(C)O2,C1CC2CCC1CO2,-1.7400,-2.9226,1.1826,0.3000
scaffold,3,Dummy (mean),RDKit descriptors,984,O=C2NC(=O)C1(CCCC1)C(=O)N2,O=C1NC(=O)C2(CCCC2)C(=O)N1,-2.3490,-2.9226,0.5736,0.9444
scaffold,3,Dummy (mean),RDKit descriptors,987,CN(C)C(=O)NC1CCCCCCC1,C1CCCCCCC1,-2.2180,-2.9226,0.7046,0.2973
scaffold,3,Dummy (mean),RDKit descriptors,991,CN(C)c2c(C)n(C)n(c1ccccc1)c2=O ,O=c1cc[nH]n1-c1ccccc1,-0.3640,-2.9226,2.5586,0.3030
scaffold,3,Dummy (mean),RDKit descriptors,1014,O=C1NCCN1c2ncc(s2)N(=O)=O,O=C1NCCN1c1nccs1,-3.2200,-2.9226,0.2974,0.2400
scaffold,3,Dummy (mean),RDKit descriptors,1015,C1c2ccccc2c3ccc4ccccc4c13,c1ccc2c(c1)Cc1c-2ccc2ccccc12,-6.6800,-2.9226,3.7574,0.4688
scaffold,3,Dummy (mean),RDKit descriptors,1022,N(=Nc1ccccc1)c2ccccc2,c1ccc(N=Nc2ccccc2)cc1,-4.4500,-2.9226,1.5274,0.4000
scaffold,3,Dummy (mean),RDKit descriptors,1037,c1c(O)C2C(=O)C3cc(O)ccC3OC2cc1(OC),O=C1C2C=CC=CC2OC2C=CC=CC12,-2.9430,-2.9226,0.0204,0.1667
scaffold,3,Dummy (mean),RDKit descriptors,1039,CC(=O)SC4CC1=CC(=O)CCC1(C)C5CCC2(C)C(CCC23CCC(=O)O3)C45,O=C1C=C2CCC3C(CCC4C3CCC43CCC(=O)O3)C2CC1,-4.1730,-2.9226,1.2504,0.4242
scaffold,3,Dummy (mean),RDKit descriptors,1054,Cc1cccc2c1ccc3ccccc32,c1ccc2c(c1)ccc1ccccc12,-5.8500,-2.9226,2.9274,0.7273
scaffold,3,Dummy (mean),RDKit descriptors,1061,COC1=CC(=O)CC(C)C13Oc2c(Cl)c(OC)cc(OC)c2C3=O,O=C1C=CC2(CC1)Oc1ccccc1C2=O,-3.2460,-2.9226,0.3234,0.1951
scaffold,3,Dummy (mean),RDKit descriptors,1085,CCOP(=S)(OCC)N2C(=O)c1ccccc1C2=O,O=C1NC(=O)c2ccccc21,-3.3500,-2.9226,0.4274,0.3208
scaffold,3,Dummy (mean),RDKit descriptors,1090,O=C(C=CC=Cc2ccc1OCOc1c2)N3CCCCC3,O=C(C=CC=Cc1ccc2c(c1)OCO2)N1CCCCC1,-3.4600,-2.9226,0.5374,0.1786
scaffold,3,Dummy (mean),RDKit descriptors,1093,O=C2NC(=O)C1(CCCCCCC1)C(=O)N2,O=C1NC(=O)C2(CCCCCCC2)C(=O)N1,-2.9820,-2.9226,0.0594,1.0000
scaffold,3,Dummy (mean),RDKit descriptors,1095,Oc2cc(O)c1C(=O)CC(Oc1c2)c3ccc(O)c(O)c3,O=C1CC(c2ccccc2)Oc2ccccc21,-3.6200,-2.9226,0.6974,0.1951
scaffold,3,Dummy (mean),RDKit descriptors,1106,CC(C)(C)C(=O)C(Oc1ccc(Cl)cc1)n2cncn2,c1ccc(OCn2cncn2)cc1,-3.6100,-2.9226,0.6874,0.3077
scaffold,3,Dummy (mean),RDKit descriptors,1110,CCOC(=O)Nc2cccc(OC(=O)Nc1ccccc1)c2 ,O=C(Nc1ccccc1)Oc1ccccc1,-4.6320,-2.9226,1.7094,0.4694
scaffold,3,Dummy (mean),RDKit descriptors,1115,O=C1NC(=O)C(=O)N1 ,O=C1NC(=O)C(=O)N1,-0.4000,-2.9226,2.5226,0.4118
scaffold,3,Linear,RDKit descriptors,1,Cc1occc1C(=O)Nc2ccccc2,O=C(Nc1ccccc1)c1ccoc1,-3.3000,-3.4818,0.1818,0.4545
scaffold,3,Linear,RDKit descriptors,4,c1ccsc1,c1ccsc1,-1.3300,-1.7495,0.4195,0.2222
scaffold,3,Linear,RDKit descriptors,18,CCOP(=S)(OCC)Oc1cc(C)nc(n1)C(C)C,c1cncnc1,-3.6400,-4.4940,0.8540,0.4130
scaffold,3,Linear,RDKit descriptors,32,COC(=O)Nc1cccc(OC(=O)Nc2cccc(C)c2)c1,O=C(Nc1ccccc1)Oc1ccccc1,-4.8050,-4.9747,0.1697,0.4894
scaffold,3,Linear,RDKit descriptors,72,CC1(C)C2CCC1(C)C(=O)C2,O=C1CC2CCC1C2,-1.9600,-2.6014,0.6414,0.3030
scaffold,3,Linear,RDKit descriptors,86,CC(C)C(C(=O)OC(C#N)c1cccc(Oc2ccccc2)c1)c3ccc(OC(F)F)cc3,O=C(Cc1ccccc1)OCc1cccc(Oc2ccccc2)c1,-6.8760,-8.0833,1.2073,0.5333
scaffold,3,Linear,RDKit descriptors,92,c1ccc2c(c1)c3cccc4cccc2c34,c1ccc2c(c1)-c1cccc3cccc-2c13,-6.0000,-4.8203,1.1797,0.7368
scaffold,3,Linear,RDKit descriptors,98,C1OC1c2ccccc2 ,c1ccc(C2CO2)cc1,-1.6000,-1.9144,0.3144,0.3000
scaffold,3,Linear,RDKit descriptors,126,CCCCc1c(C)nc(nc1O)N(C)C ,c1cncnc1,-2.2400,-2.5617,0.3217,0.3448
scaffold,3,Linear,RDKit descriptors,160,CSc1nnc(c(=O)n1N)C(C)(C)C,O=c1cnnc[nH]1,-2.2530,-1.3539,0.8991,0.1923
scaffold,3,Linear,RDKit descriptors,176,CC1=CC(=O)CC(C)(C)C1 ,O=C1C=CCCC1,-1.0600,-2.4755,1.4155,0.2553
scaffold,3,Linear,RDKit descriptors,179,CCC1(CCC(=O)NC1=O)c2ccccc2 ,O=C1CCC(c2ccccc2)C(=O)N1,-2.3370,-2.4721,0.1351,0.3333
scaffold,3,Linear,RDKit descriptors,188,C1C(O)CCC2(C)CC3CCC4(C)C5(C)CC6OCC(C)CC6OC5CC4C3C=C21,C1=C2CCCCC2CC2CCC3C4CC5OCCCC5OC4CC3C12,-7.3200,-6.7032,0.6168,0.1875
scaffold,3,Linear,RDKit descriptors,195,CC(C)Oc1cc(c(Cl)cc1Cl)n2nc(oc2=O)C(C)(C)C,O=c1ocnn1-c1ccccc1,-5.6960,-5.3837,0.3123,0.2105
scaffold,3,Linear,RDKit descriptors,200,Nc1ccc(cc1)S(=O)(=O)c2ccc(N)cc2,O=S(=O)(c1ccccc1)c1ccccc1,-3.0940,-2.8744,0.2196,0.6500
scaffold,3,Linear,RDKit descriptors,213,CC12CCC(CC1)C(C)(C)O2 ,C1CC2CCC1CO2,-1.6400,-2.8772,1.2372,0.3000
scaffold,3,Linear,RDKit descriptors,217,CC(=C)C1CC=C(C)C(=O)C1,O=C1C=CCCC1,-2.0600,-2.6599,0.5999,0.4706
scaffold,3,Linear,RDKit descriptors,225,Cc3ccnc4N(C1CC1)c2ncccc2C(=O)Nc34 ,O=C1Nc2cccnc2N(C2CC2)c2ncccc21,-3.1900,-3.6491,0.4591,0.4909
scaffold,3,Linear,RDKit descriptors,260,CCOP(=S)(OCC)SC(CCl)N1C(=O)c2ccccc2C1=O,O=C1NC(=O)c2ccccc21,-6.3400,-5.0792,1.2608,0.3529
scaffold,3,Linear,RDKit descriptors,286,C(Cc1ccccc1)c2ccccc2,c1ccc(CCc2ccccc2)cc1,-4.6200,-3.6856,0.9344,0.6471
scaffold,3,Linear,RDKit descriptors,289,Cc1ccc2c(ccc3ccccc32)c1,c1ccc2c(c1)ccc1ccccc12,-5.8400,-4.5947,1.2453,0.6522
scaffold,3,Linear,RDKit descriptors,298,OCC1OC(CO)(OC2OC(COC3OC(CO)C(O)C(O)C3O)C(O)C(O)C2O)C(O)C1O,C1CCC(OCC2CCCC(OC3CCCO3)O2)OC1,-0.4100,3.9761,4.3861,0.8421
scaffold,3,Linear,RDKit descriptors,309,OC1CCCCCCC1,C1CCCCCCC1,-1.2900,-2.2431,0.9531,1.0000
scaffold,3,Linear,RDKit descriptors,318,Nc1ncnc2nc[nH]c12 ,c1ncc2[nH]cnc2n1,-2.1200,-0.8051,1.3149,0.2432
scaffold,3,Linear,RDKit descriptors,320,COc1ccc(cc1)C(O)(C2CC2)c3cncnc3 ,c1ccc(C(c2cncnc2)C2CC2)cc1,-2.5960,-3.0345,0.4385,0.2895
scaffold,3,Linear,RDKit descriptors,336,o1c2ccccc2c3ccccc13,c1ccc2c(c1)oc1ccccc12,-4.6000,-3.9343,0.6657,0.3684
scaffold,3,Linear,RDKit descriptors,339,c3ccc2nc1ccccc1cc2c3,c1ccc2nc3ccccc3cc2c1,-3.6700,-3.7774,0.1074,0.5625
scaffold,3,Linear,RDKit descriptors,340,CC12CC(=O)C3C(CCC4=CC(=O)CCC34C)C2CCC1(O)C(=O)CO,O=C1C=C2CCC3C4CCCC4CC(=O)C3C2CC1,-3.1100,-3.4908,0.3808,0.6780
scaffold,3,Linear,RDKit descriptors,344,CCC(C)C(=O)OC2CC(C)C=C3C=CC(C)C(CCC1CC(O)CC(=O)O1)C23 ,O=C1CCCC(CCC2CC=CC3=CCCCC32)O1,-6.0050,-5.5598,0.4452,0.1774
scaffold,3,Linear,RDKit descriptors,353,CCC(C(CC)c1ccc(O)cc1)c2ccc(O)cc2,c1ccc(CCc2ccccc2)cc1,-4.4300,-5.5204,1.0904,0.4800
scaffold,3,Linear,RDKit descriptors,360,CN(C)C(=O)Nc1ccc(c(Cl)c1)n2nc(oc2=O)C(C)(C)C,O=c1ocnn1-c1ccccc1,-4.3280,-4.2556,0.0724,0.4898
scaffold,3,Linear,RDKit descriptors,365,c1cncnc1,c1cncnc1,1.1000,-0.7100,1.8100,0.5000
scaffold,3,Linear,RDKit descriptors,373,CC2Nc1cc(Cl)c(cc1C(=O)N2c3ccccc3C)S(N)(=O)=O ,O=C1c2ccccc2NCN1c1ccccc1,-3.7800,-4.2999,0.5199,0.3429
scaffold,3,Linear,RDKit descriptors,381,OCC(O)C2OC1OC(OC1C2O)C(Cl)(Cl)Cl ,C1CC2OCOC2O1,-1.8400,-0.9026,0.9374,0.1765
scaffold,3,Linear,RDKit descriptors,386,Nc1nccs1 ,c1cscn1,-0.3600,-1.1022,0.7422,0.2143
scaffold,3,Linear,RDKit descriptors,394,CN(C(=O)NC(C)(C)c1ccccc1)c2ccccc2,O=C(NCc1ccccc1)Nc1ccccc1,-3.3500,-4.4939,1.1439,0.3784
scaffold,3,Linear,RDKit descriptors,412,CC(=O)Nc1nnc(s1)S(N)(=O)=O ,c1nncs1,-2.3600,-0.4997,1.8603,0.2703
scaffold,3,Linear,RDKit descriptors,414,ClC1=C(Cl)C2(Cl)C3C4CC(C=C4)C3C1(Cl)C2(Cl)Cl,C1=CC2CC1C1C3C=CC(C3)C21,-6.3070,-5.9828,0.3242,0.4839
scaffold,3,Linear,RDKit descriptors,422,ClC(Cl)C(Cl)(Cl)SN2C(=O)C1CC=CCC1C2=O ,O=C1NC(=O)C2CC=CCC12,-5.4000,-4.4776,0.9224,0.1935
scaffold,3,Linear,RDKit descriptors,448,NC(=O)NC1NC(=O)NC1=O ,O=C1CNC(=O)N1,-1.6000,1.0649,2.6649,0.2105
scaffold,3,Linear,RDKit descriptors,449,OCC(O)COC(=O)c1ccccc1Nc2ccnc3cc(Cl)ccc23,c1ccc(Nc2ccnc3ccccc23)cc1,-4.5710,-4.6775,0.1065,0.2769
scaffold,3,Linear,RDKit descriptors,476,CN(C)C(=O)Oc1nc(nc(C)c1C)N(C)C,c1cncnc1,-1.9500,-2.1062,0.1562,0.3333
scaffold,3,Linear,RDKit descriptors,488,O=c2c(C3CCCc4ccccc43)c(O)c1ccccc1o2 ,O=c1oc2ccccc2cc1C1CCCc2ccccc21,-2.8400,-4.9756,2.1356,0.2619
scaffold,3,Linear,RDKit descriptors,495,Nc1cc(nc(N)n1=O)N2CCCCC2 ,c1cc(N2CCCCC2)nc[nH+]1,-1.9890,-1.0186,0.9704,0.1463
scaffold,3,Linear,RDKit descriptors,496,Nc2cccc3nc1ccccc1cc23 ,c1ccc2nc3ccccc3cc2c1,-4.2200,-3.6254,0.5946,0.5185
scaffold,3,Linear,RDKit descriptors,500,CCOP(=S)(OCC)SC(CCl)N2C(=O)c1ccccc1C2=O,O=C1NC(=O)c2ccccc21,-6.3400,-5.0792,1.2608,0.3529
scaffold,3,Linear,RDKit descriptors,504,CC1=C(CCCO1)C(=O)Nc2ccccc2 ,O=C(Nc1ccccc1)C1=COCCC1,-2.5600,-3.3209,0.7609,0.5581
scaffold,3,Linear,RDKit descriptors,512,Cc1c[nH]c2ccccc12 ,c1ccc2[nH]ccc2c1,-2.4200,-2.7334,0.3134,0.4348
scaffold,3,Linear,RDKit descriptors,518,CC(=O)N(S(=O)c1ccc(N)cc1)c2onc(C)c2C ,O=S(Nc1ccno1)c1ccccc1,-3.5900,-3.2710,0.3190,0.2708
scaffold,3,Linear,RDKit descriptors,536,CC3C2CCC1(C)C=CC(=O)C(=C1C2OC3=O)C,O=C1C=CC2CCC3CC(=O)OC3C2=C1,-3.0900,-3.1577,0.0677,0.2063
scaffold,3,Linear,RDKit descriptors,546,Cc2c(N)c(=O)n(c1ccccc1)n2C,O=c1cc[nH]n1-c1ccccc1,-0.6240,-1.8693,1.2453,0.3333
scaffold,3,Linear,RDKit descriptors,562,c1ccccc1C(O)C(O)c2ccccc2,c1ccc(CCc2ccccc2)cc1,-1.9300,-3.1199,1.1899,0.6471
scaffold,3,Linear,RDKit descriptors,579,c1ccc(cc1)c2ccc(cc2)c3ccccc3,c1ccc(-c2ccc(-c3ccccc3)cc2)cc1,-7.1100,-5.3986,1.7114,0.9000
scaffold,3,Linear,RDKit descriptors,582,Cc1cc(ccc1NS(=O)(=O)C(F)(F)F)S(=O)(=O)c2ccccc2,O=S(=O)(c1ccccc1)c1ccccc1,-3.8000,-4.5745,0.7745,0.4565
scaffold,3,Linear,RDKit descriptors,611,c1ccc2c(c1)ccc3ccccc32,c1ccc2c(c1)ccc1ccccc12,-5.2600,-4.2569,1.0031,0.8571
scaffold,3,Linear,RDKit descriptors,621,ClC(Cl)(Cl)C(NC=O)N1C=CN(C=C1)C(NC=O)C(Cl)(Cl)Cl ,C1=CNC=CN1,-4.1900,-3.8668,0.3232,0.2000
scaffold,3,Linear,RDKit descriptors,622,Cn2cc(c1ccccc1)c(=O)c(c2)c3cccc(c3)C(F)(F)F,O=c1c(-c2ccccc2)c[nH]cc1-c1ccccc1,-4.4450,-5.6049,1.1599,0.3714
scaffold,3,Linear,RDKit descriptors,624,CC12CCC3C(CCc4cc(O)ccc34)C2CCC1=O,O=C1CCC2C1CCC1c3ccccc3CCC12,-3.9550,-4.5980,0.6430,0.6250
scaffold,3,Linear,RDKit descriptors,626,CC1CO1,C1CO1,-0.5900,-0.2981,0.2919,0.4118
scaffold,3,Linear,RDKit descriptors,637,c1ccc2c(c1)cc3ccc4cccc5ccc2c3c45,c1ccc2c(c1)cc1ccc3cccc4ccc2c1c34,-8.6990,-6.2084,2.4906,0.6522
scaffold,3,Linear,RDKit descriptors,647,Cc1cc(=O)[nH]c(=S)[nH]1,O=c1cc[nH]c(=S)[nH]1,-2.4360,-1.3154,1.1206,0.2581
scaffold,3,Linear,RDKit descriptors,652,CC1(C)CON(Cc2ccccc2Cl)C1=O,O=C1CCON1Cc1ccccc1,-2.3380,-3.2583,0.9203,0.2703
scaffold,3,Linear,RDKit descriptors,659,OC(Cn1cncn1)(Cn2cncn2)c3ccc(F)cc3F ,c1ccc(C(Cn2cncn2)Cn2cncn2)cc1,-1.8000,-2.0619,0.2619,0.5417
scaffold,3,Linear,RDKit descriptors,676,c1cc2ccc3ccc4ccc5cccc6c(c1)c2c3c4c56,c1cc2ccc3ccc4ccc5cccc6c(c1)c2c3c4c56,-9.0180,-6.8660,2.1520,0.8235
scaffold,3,Linear,RDKit descriptors,678,c1c(OC)c(OC)C2C(=O)OCC2c1,O=C1OCC2C=CC=CC12,-1.8990,-1.4327,0.4663,0.2000
scaffold,3,Linear,RDKit descriptors,683,Cc1cc(=O)n(c2ccccc2)n1C,O=c1cc[nH]n1-c1ccccc1,0.7150,-2.0191,2.7341,0.3250
scaffold,3,Linear,RDKit descriptors,702,CC(=O)OCC(=O)C3(O)CCC4C2CCC1=CC(=O)CCC1(C)C2C(=O)CC34C ,O=C1C=C2CCC3C4CCCC4CC(=O)C3C2CC1,-4.2100,-4.2219,0.0119,0.7031
scaffold,3,Linear,RDKit descriptors,708,CN(C)C(=O)NC1CC2CC1C3CCCC23,C1CC2C3CCC(C3)C2C1,-3.1710,-2.6382,0.5328,0.2381
scaffold,3,Linear,RDKit descriptors,724,O=C1NC(=O)c2ccccc12 ,O=C1NC(=O)c2ccccc21,-2.6100,-1.1268,1.4832,0.3333
scaffold,3,Linear,RDKit descriptors,730,CCC2NC(=O)c1cc(c(Cl)cc1N2)S(N)(=O)=O,O=C1NCNc2ccccc21,-3.2900,-2.2986,0.9914,0.3889
scaffold,3,Linear,RDKit descriptors,733,C1(=O)NC(=O)NC(=O)C1(O)C2(O)C(=O)NC(=O)NC2(=O),O=C1NC(=O)C(C2C(=O)NC(=O)NC2=O)C(=O)N1,-1.9900,2.5561,4.5461,0.4737
scaffold,3,Linear,RDKit descriptors,754,COc2cc1c(N)nc(nc1c(OC)c2OC)N3CCN(CC3)C(=O)OCC(C)(C)O ,c1ccc2nc(N3CCNCC3)ncc2c1,-3.6380,-3.3575,0.2805,0.1972
scaffold,3,Linear,RDKit descriptors,771,C1CCCCCCC1,C1CCCCCCC1,-4.1500,-3.0236,1.1264,1.0000
scaffold,3,Linear,RDKit descriptors,775,Clc1ccc(CN(C2CCCC2)C(=O)Nc3ccccc3)cc1,O=C(Nc1ccccc1)N(Cc1ccccc1)C1CCCC1,-5.9150,-6.1779,0.2629,0.4000
scaffold,3,Linear,RDKit descriptors,780,c1ccc2c3c(ccc2c1)c4cccc5cccc3c45,c1ccc2c3c(ccc2c1)-c1cccc2cccc-3c12,-8.0000,-6.1143,1.8857,0.5000
scaffold,3,Linear,RDKit descriptors,792,OC1C=CC2C1C3(Cl)C(=C(Cl)C2(Cl)C3(Cl)Cl)Cl ,C1=CC2C3C=CC(C3)C2C1,-5.4600,-4.8736,0.5864,0.3714
scaffold,3,Linear,RDKit descriptors,797,CC2(C)C1CCC(C)(C1)C2=O,O=C1CC2CCC1C2,-1.8500,-2.6014,0.7514,0.2647
scaffold,3,Linear,RDKit descriptors,799,ClC2=C(Cl)C3(Cl)C1C=CCC1C2(Cl)C3(Cl)Cl ,C1=CC2C3C=CC(C3)C2C1,-5.6400,-5.6541,0.0141,0.3611
scaffold,3,Linear,RDKit descriptors,801,c1ccc2c(c1)[nH]c3ccccc32,c1ccc2c(c1)[nH]c1ccccc12,-5.2700,-3.6949,1.5751,0.3684
scaffold,3,Linear,RDKit descriptors,807,CCCCc1c(C)nc(NCC)nc1OS(=O)(=O)N(C)C ,c1cncnc1,-4.1600,-2.9758,1.1842,0.4286
scaffold,3,Linear,RDKit descriptors,812,c1cc2ccc(OC)c(CC=C(C)(C))c2oc1=O ,O=c1ccc2ccccc2o1,-4.3140,-4.0174,0.2966,0.3673
scaffold,3,Linear,RDKit descriptors,819,c1ccc2cc3cc4ccccc4cc3cc2c1,c1ccc2cc3cc4ccccc4cc3cc2c1,-8.6000,-5.5509,3.0491,0.9091
scaffold,3,Linear,RDKit descriptors,829,CN(C)C(=O)OC1=CC(=O)CC(C)(C)C1 ,O=C1C=CCCC1,-0.8500,-2.5959,1.7459,0.2381
scaffold,3,Linear,RDKit descriptors,846,O=C1CNC(=O)N1 ,O=C1CNC(=O)N1,-0.4000,0.7196,1.1196,0.3684
scaffold,3,Linear,RDKit descriptors,849,CCOP(=S)(OCC)Oc2ccc1oc(=O)c(Cl)c(C)c1c2,O=c1ccc2ccccc2o1,-5.3820,-5.5949,0.2129,0.4118
scaffold,3,Linear,RDKit descriptors,852,O=c2[nH]c(=O)c1[nH]c(=O)[nH]c1[nH]2 ,O=c1[nH]c(=O)c2[nH]c(=O)[nH]c2[nH]1,-3.9300,0.4835,4.4135,0.2963
scaffold,3,Linear,RDKit descriptors,863,CC1(OC(=O)N(C1=O)c2cc(Cl)cc(Cl)c2)C=C,O=C1COC(=O)N1c1ccccc1,-4.9250,-4.3113,0.6137,0.4615
scaffold,3,Linear,RDKit descriptors,893,CCN(Cc1c(F)cccc1Cl)c2c(cc(cc2N(=O)=O)C(F)(F)F)N(=O)=O,c1ccc(CNc2ccccc2)cc1,-6.7800,-6.9378,0.1578,0.5472
scaffold,3,Linear,RDKit descriptors,899,ClC1C=CC2C1C3(Cl)C(=C(Cl)C2(Cl)C3(Cl)Cl)Cl,C1=CC2C3C=CC(C3)C2C1,-6.3170,-5.9838,0.3332,0.3824
scaffold,3,Linear,RDKit descriptors,916,c2ccc1[nH]ncc1c2 ,c1ccc2[nH]ncc2c1,-2.1600,-1.9214,0.2386,0.3571
scaffold,3,Linear,RDKit descriptors,918,Nc2nc1[nH]cnc1c(=O)[nH]2 ,O=c1[nH]cnc2[nH]cnc12,-3.5830,-0.3234,3.2596,0.3158
scaffold,3,Linear,RDKit descriptors,938,Nc1nc(O)nc2nc[nH]c12 ,c1ncc2[nH]cnc2n1,-3.4010,-0.7267,2.6743,0.2778
scaffold,3,Linear,RDKit descriptors,943,c2ccc1[nH]ccc1c2,c1ccc2[nH]ccc2c1,-1.5200,-2.4009,0.8809,0.3889
scaffold,3,Linear,RDKit descriptors,949,COC(=O)Nc2nc1ccc(cc1[nH]2)C(=O)c3ccccc3,O=C(c1ccccc1)c1ccc2nc[nH]c2c1,-3.8800,-4.2498,0.3698,0.3500
scaffold,3,Linear,RDKit descriptors,955,C1C=CCC=C1,C1=CCC=CC1,-2.0600,-1.7184,0.3416,0.2727
scaffold,3,Linear,RDKit descriptors,976,CC12CCC(CC1)C(C)(C)O2,C1CC2CCC1CO2,-1.7400,-2.8772,1.1372,0.3000
scaffold,3,Linear,RDKit descriptors,984,O=C2NC(=O)C1(CCCC1)C(=O)N2,O=C1NC(=O)C2(CCCC2)C(=O)N1,-2.3490,-0.7601,1.5889,0.9444
scaffold,3,Linear,RDKit descriptors,987,CN(C)C(=O)NC1CCCCCCC1,C1CCCCCCC1,-2.2180,-2.8361,0.6181,0.2973
scaffold,3,Linear,RDKit descriptors,991,CN(C)c2c(C)n(C)n(c1ccccc1)c2=O ,O=c1cc[nH]n1-c1ccccc1,-0.3640,-2.2174,1.8534,0.3030
scaffold,3,Linear,RDKit descriptors,1014,O=C1NCCN1c2ncc(s2)N(=O)=O,O=C1NCCN1c1nccs1,-3.2200,-1.6471,1.5729,0.2400
scaffold,3,Linear,RDKit descriptors,1015,C1c2ccccc2c3ccc4ccccc4c13,c1ccc2c(c1)Cc1c-2ccc2ccccc12,-6.6800,-4.7850,1.8950,0.4688
scaffold,3,Linear,RDKit descriptors,1022,N(=Nc1ccccc1)c2ccccc2,c1ccc(N=Nc2ccccc2)cc1,-4.4500,-4.5199,0.0699,0.4000
scaffold,3,Linear,RDKit descriptors,1037,c1c(O)C2C(=O)C3cc(O)ccC3OC2cc1(OC),O=C1C2C=CC=CC2OC2C=CC=CC12,-2.9430,-2.6183,0.3247,0.1667
scaffold,3,Linear,RDKit descriptors,1039,CC(=O)SC4CC1=CC(=O)CCC1(C)C5CCC2(C)C(CCC23CCC(=O)O3)C45,O=C1C=C2CCC3C(CCC4C3CCC43CCC(=O)O3)C2CC1,-4.1730,-6.2311,2.0581,0.4242
scaffold,3,Linear,RDKit descriptors,1054,Cc1cccc2c1ccc3ccccc32,c1ccc2c(c1)ccc1ccccc12,-5.8500,-4.5947,1.2553,0.7273
scaffold,3,Linear,RDKit descriptors,1061,COC1=CC(=O)CC(C)C13Oc2c(Cl)c(OC)cc(OC)c2C3=O,O=C1C=CC2(CC1)Oc1ccccc1C2=O,-3.2460,-4.1147,0.8687,0.1951
scaffold,3,Linear,RDKit descriptors,1085,CCOP(=S)(OCC)N2C(=O)c1ccccc1C2=O,O=C1NC(=O)c2ccccc21,-3.3500,-3.5556,0.2056,0.3208
scaffold,3,Linear,RDKit descriptors,1090,O=C(C=CC=Cc2ccc1OCOc1c2)N3CCCCC3,O=C(C=CC=Cc1ccc2c(c1)OCO2)N1CCCCC1,-3.4600,-3.8057,0.3457,0.1786
scaffold,3,Linear,RDKit descriptors,1093,O=C2NC(=O)C1(CCCCCCC1)C(=O)N2,O=C1NC(=O)C2(CCCCCCC2)C(=O)N1,-2.9820,-2.0433,0.9387,1.0000
scaffold,3,Linear,RDKit descriptors,1095,Oc2cc(O)c1C(=O)CC(Oc1c2)c3ccc(O)c(O)c3,O=C1CC(c2ccccc2)Oc2ccccc21,-3.6200,-3.6988,0.0788,0.1951
scaffold,3,Linear,RDKit descriptors,1106,CC(C)(C)C(=O)C(Oc1ccc(Cl)cc1)n2cncn2,c1ccc(OCn2cncn2)cc1,-3.6100,-4.1311,0.5211,0.3077
scaffold,3,Linear,RDKit descriptors,1110,CCOC(=O)Nc2cccc(OC(=O)Nc1ccccc1)c2 ,O=C(Nc1ccccc1)Oc1ccccc1,-4.6320,-5.0357,0.4037,0.4694
scaffold,3,Linear,RDKit descriptors,1115,O=C1NC(=O)C(=O)N1 ,O=C1NC(=O)C(=O)N1,-0.4000,0.9921,1.3921,0.4118
scaffold,3,MLP,RDKit descriptors,1,Cc1occc1C(=O)Nc2ccccc2,O=C(Nc1ccccc1)c1ccoc1,-3.3000,-3.2470,0.0530,0.4545
scaffold,3,MLP,RDKit descriptors,4,c1ccsc1,c1ccsc1,-1.3300,-1.7358,0.4058,0.2222
scaffold,3,MLP,RDKit descriptors,18,CCOP(=S)(OCC)Oc1cc(C)nc(n1)C(C)C,c1cncnc1,-3.6400,-3.9802,0.3402,0.4130
scaffold,3,MLP,RDKit descriptors,32,COC(=O)Nc1cccc(OC(=O)Nc2cccc(C)c2)c1,O=C(Nc1ccccc1)Oc1ccccc1,-4.8050,-4.6797,0.1253,0.4894
scaffold,3,MLP,RDKit descriptors,72,CC1(C)C2CCC1(C)C(=O)C2,O=C1CC2CCC1C2,-1.9600,-2.3471,0.3871,0.3030
scaffold,3,MLP,RDKit descriptors,86,CC(C)C(C(=O)OC(C#N)c1cccc(Oc2ccccc2)c1)c3ccc(OC(F)F)cc3,O=C(Cc1ccccc1)OCc1cccc(Oc2ccccc2)c1,-6.8760,-7.0358,0.1598,0.5333
scaffold,3,MLP,RDKit descriptors,92,c1ccc2c(c1)c3cccc4cccc2c34,c1ccc2c(c1)-c1cccc3cccc-2c13,-6.0000,-5.8786,0.1214,0.7368
scaffold,3,MLP,RDKit descriptors,98,C1OC1c2ccccc2 ,c1ccc(C2CO2)cc1,-1.6000,-1.3448,0.2552,0.3000
scaffold,3,MLP,RDKit descriptors,126,CCCCc1c(C)nc(nc1O)N(C)C ,c1cncnc1,-2.2400,-2.6950,0.4550,0.3448
scaffold,3,MLP,RDKit descriptors,160,CSc1nnc(c(=O)n1N)C(C)(C)C,O=c1cnnc[nH]1,-2.2530,-2.0349,0.2181,0.1923
scaffold,3,MLP,RDKit descriptors,176,CC1=CC(=O)CC(C)(C)C1 ,O=C1C=CCCC1,-1.0600,-2.2125,1.1525,0.2553
scaffold,3,MLP,RDKit descriptors,179,CCC1(CCC(=O)NC1=O)c2ccccc2 ,O=C1CCC(c2ccccc2)C(=O)N1,-2.3370,-2.4834,0.1464,0.3333
scaffold,3,MLP,RDKit descriptors,188,C1C(O)CCC2(C)CC3CCC4(C)C5(C)CC6OCC(C)CC6OC5CC4C3C=C21,C1=C2CCCCC2CC2CCC3C4CC5OCCCC5OC4CC3C12,-7.3200,-6.4022,0.9178,0.1875
scaffold,3,MLP,RDKit descriptors,195,CC(C)Oc1cc(c(Cl)cc1Cl)n2nc(oc2=O)C(C)(C)C,O=c1ocnn1-c1ccccc1,-5.6960,-5.0617,0.6343,0.2105
scaffold,3,MLP,RDKit descriptors,200,Nc1ccc(cc1)S(=O)(=O)c2ccc(N)cc2,O=S(=O)(c1ccccc1)c1ccccc1,-3.0940,-3.5527,0.4587,0.6500
scaffold,3,MLP,RDKit descriptors,213,CC12CCC(CC1)C(C)(C)O2 ,C1CC2CCC1CO2,-1.6400,-2.9268,1.2868,0.3000
scaffold,3,MLP,RDKit descriptors,217,CC(=C)C1CC=C(C)C(=O)C1,O=C1C=CCCC1,-2.0600,-2.3171,0.2571,0.4706
scaffold,3,MLP,RDKit descriptors,225,Cc3ccnc4N(C1CC1)c2ncccc2C(=O)Nc34 ,O=C1Nc2cccnc2N(C2CC2)c2ncccc21,-3.1900,-3.8518,0.6618,0.4909
scaffold,3,MLP,RDKit descriptors,260,CCOP(=S)(OCC)SC(CCl)N1C(=O)c2ccccc2C1=O,O=C1NC(=O)c2ccccc21,-6.3400,-4.3729,1.9671,0.3529
scaffold,3,MLP,RDKit descriptors,286,C(Cc1ccccc1)c2ccccc2,c1ccc(CCc2ccccc2)cc1,-4.6200,-4.6335,0.0135,0.6471
scaffold,3,MLP,RDKit descriptors,289,Cc1ccc2c(ccc3ccccc32)c1,c1ccc2c(c1)ccc1ccccc12,-5.8400,-5.5782,0.2618,0.6522
scaffold,3,MLP,RDKit descriptors,298,OCC1OC(CO)(OC2OC(COC3OC(CO)C(O)C(O)C3O)C(O)C(O)C2O)C(O)C1O,C1CCC(OCC2CCCC(OC3CCCO3)O2)OC1,-0.4100,-0.0583,0.3517,0.8421
scaffold,3,MLP,RDKit descriptors,309,OC1CCCCCCC1,C1CCCCCCC1,-1.2900,-1.8947,0.6047,1.0000
scaffold,3,MLP,RDKit descriptors,318,Nc1ncnc2nc[nH]c12 ,c1ncc2[nH]cnc2n1,-2.1200,-1.5544,0.5656,0.2432
scaffold,3,MLP,RDKit descriptors,320,COc1ccc(cc1)C(O)(C2CC2)c3cncnc3 ,c1ccc(C(c2cncnc2)C2CC2)cc1,-2.5960,-3.4603,0.8643,0.2895
scaffold,3,MLP,RDKit descriptors,336,o1c2ccccc2c3ccccc13,c1ccc2c(c1)oc1ccccc12,-4.6000,-3.8681,0.7319,0.3684
scaffold,3,MLP,RDKit descriptors,339,c3ccc2nc1ccccc1cc2c3,c1ccc2nc3ccccc3cc2c1,-3.6700,-3.5665,0.1035,0.5625
scaffold,3,MLP,RDKit descriptors,340,CC12CC(=O)C3C(CCC4=CC(=O)CCC34C)C2CCC1(O)C(=O)CO,O=C1C=C2CCC3C4CCCC4CC(=O)C3C2CC1,-3.1100,-3.4685,0.3585,0.6780
scaffold,3,MLP,RDKit descriptors,344,CCC(C)C(=O)OC2CC(C)C=C3C=CC(C)C(CCC1CC(O)CC(=O)O1)C23 ,O=C1CCCC(CCC2CC=CC3=CCCCC32)O1,-6.0050,-4.3834,1.6216,0.1774
scaffold,3,MLP,RDKit descriptors,353,CCC(C(CC)c1ccc(O)cc1)c2ccc(O)cc2,c1ccc(CCc2ccccc2)cc1,-4.4300,-4.9070,0.4770,0.4800
scaffold,3,MLP,RDKit descriptors,360,CN(C)C(=O)Nc1ccc(c(Cl)c1)n2nc(oc2=O)C(C)(C)C,O=c1ocnn1-c1ccccc1,-4.3280,-4.4665,0.1385,0.4898
scaffold,3,MLP,RDKit descriptors,365,c1cncnc1,c1cncnc1,1.1000,0.2269,0.8731,0.5000
scaffold,3,MLP,RDKit descriptors,373,CC2Nc1cc(Cl)c(cc1C(=O)N2c3ccccc3C)S(N)(=O)=O ,O=C1c2ccccc2NCN1c1ccccc1,-3.7800,-4.6787,0.8987,0.3429
scaffold,3,MLP,RDKit descriptors,381,OCC(O)C2OC1OC(OC1C2O)C(Cl)(Cl)Cl ,C1CC2OCOC2O1,-1.8400,-1.4720,0.3680,0.1765
scaffold,3,MLP,RDKit descriptors,386,Nc1nccs1 ,c1cscn1,-0.3600,-0.3104,0.0496,0.2143
scaffold,3,MLP,RDKit descriptors,394,CN(C(=O)NC(C)(C)c1ccccc1)c2ccccc2,O=C(NCc1ccccc1)Nc1ccccc1,-3.3500,-4.2262,0.8762,0.3784
scaffold,3,MLP,RDKit descriptors,412,CC(=O)Nc1nnc(s1)S(N)(=O)=O ,c1nncs1,-2.3600,-1.8691,0.4909,0.2703
scaffold,3,MLP,RDKit descriptors,414,ClC1=C(Cl)C2(Cl)C3C4CC(C=C4)C3C1(Cl)C2(Cl)Cl,C1=CC2CC1C1C3C=CC(C3)C21,-6.3070,-5.9992,0.3078,0.4839
scaffold,3,MLP,RDKit descriptors,422,ClC(Cl)C(Cl)(Cl)SN2C(=O)C1CC=CCC1C2=O ,O=C1NC(=O)C2CC=CCC12,-5.4000,-3.7981,1.6019,0.1935
scaffold,3,MLP,RDKit descriptors,448,NC(=O)NC1NC(=O)NC1=O ,O=C1CNC(=O)N1,-1.6000,-0.4075,1.1925,0.2105
scaffold,3,MLP,RDKit descriptors,449,OCC(O)COC(=O)c1ccccc1Nc2ccnc3cc(Cl)ccc23,c1ccc(Nc2ccnc3ccccc23)cc1,-4.5710,-4.8814,0.3104,0.2769
scaffold,3,MLP,RDKit descriptors,476,CN(C)C(=O)Oc1nc(nc(C)c1C)N(C)C,c1cncnc1,-1.9500,-2.4087,0.4587,0.3333
scaffold,3,MLP,RDKit descriptors,488,O=c2c(C3CCCc4ccccc43)c(O)c1ccccc1o2 ,O=c1oc2ccccc2cc1C1CCCc2ccccc21,-2.8400,-4.9045,2.0645,0.2619
scaffold,3,MLP,RDKit descriptors,495,Nc1cc(nc(N)n1=O)N2CCCCC2 ,c1cc(N2CCCCC2)nc[nH+]1,-1.9890,-2.0714,0.0824,0.1463
scaffold,3,MLP,RDKit descriptors,496,Nc2cccc3nc1ccccc1cc23 ,c1ccc2nc3ccccc3cc2c1,-4.2200,-3.1011,1.1189,0.5185
scaffold,3,MLP,RDKit descriptors,500,CCOP(=S)(OCC)SC(CCl)N2C(=O)c1ccccc1C2=O,O=C1NC(=O)c2ccccc21,-6.3400,-4.3729,1.9671,0.3529
scaffold,3,MLP,RDKit descriptors,504,CC1=C(CCCO1)C(=O)Nc2ccccc2 ,O=C(Nc1ccccc1)C1=COCCC1,-2.5600,-3.0537,0.4937,0.5581
scaffold,3,MLP,RDKit descriptors,512,Cc1c[nH]c2ccccc12 ,c1ccc2[nH]ccc2c1,-2.4200,-2.0796,0.3404,0.4348
scaffold,3,MLP,RDKit descriptors,518,CC(=O)N(S(=O)c1ccc(N)cc1)c2onc(C)c2C ,O=S(Nc1ccno1)c1ccccc1,-3.5900,-3.8273,0.2373,0.2708
scaffold,3,MLP,RDKit descriptors,536,CC3C2CCC1(C)C=CC(=O)C(=C1C2OC3=O)C,O=C1C=CC2CCC3CC(=O)OC3C2=C1,-3.0900,-3.2148,0.1248,0.2063
scaffold,3,MLP,RDKit descriptors,546,Cc2c(N)c(=O)n(c1ccccc1)n2C,O=c1cc[nH]n1-c1ccccc1,-0.6240,-1.9212,1.2972,0.3333
scaffold,3,MLP,RDKit descriptors,562,c1ccccc1C(O)C(O)c2ccccc2,c1ccc(CCc2ccccc2)cc1,-1.9300,-3.1884,1.2584,0.6471
scaffold,3,MLP,RDKit descriptors,579,c1ccc(cc1)c2ccc(cc2)c3ccccc3,c1ccc(-c2ccc(-c3ccccc3)cc2)cc1,-7.1100,-6.3521,0.7579,0.9000
scaffold,3,MLP,RDKit descriptors,582,Cc1cc(ccc1NS(=O)(=O)C(F)(F)F)S(=O)(=O)c2ccccc2,O=S(=O)(c1ccccc1)c1ccccc1,-3.8000,-4.6424,0.8424,0.4565
scaffold,3,MLP,RDKit descriptors,611,c1ccc2c(c1)ccc3ccccc32,c1ccc2c(c1)ccc1ccccc12,-5.2600,-5.0692,0.1908,0.8571
scaffold,3,MLP,RDKit descriptors,621,ClC(Cl)(Cl)C(NC=O)N1C=CN(C=C1)C(NC=O)C(Cl)(Cl)Cl ,C1=CNC=CN1,-4.1900,-3.2456,0.9444,0.2000
scaffold,3,MLP,RDKit descriptors,622,Cn2cc(c1ccccc1)c(=O)c(c2)c3cccc(c3)C(F)(F)F,O=c1c(-c2ccccc2)c[nH]cc1-c1ccccc1,-4.4450,-5.5799,1.1349,0.3714
scaffold,3,MLP,RDKit descriptors,624,CC12CCC3C(CCc4cc(O)ccc34)C2CCC1=O,O=C1CCC2C1CCC1c3ccccc3CCC12,-3.9550,-4.3846,0.4296,0.6250
scaffold,3,MLP,RDKit descriptors,626,CC1CO1,C1CO1,-0.5900,0.4107,1.0007,0.4118
scaffold,3,MLP,RDKit descriptors,637,c1ccc2c(c1)cc3ccc4cccc5ccc2c3c45,c1ccc2c(c1)cc1ccc3cccc4ccc2c1c34,-8.6990,-7.1838,1.5152,0.6522
scaffold,3,MLP,RDKit descriptors,647,Cc1cc(=O)[nH]c(=S)[nH]1,O=c1cc[nH]c(=S)[nH]1,-2.4360,-0.9247,1.5113,0.2581
scaffold,3,MLP,RDKit descriptors,652,CC1(C)CON(Cc2ccccc2Cl)C1=O,O=C1CCON1Cc1ccccc1,-2.3380,-3.1221,0.7841,0.2703
scaffold,3,MLP,RDKit descriptors,659,OC(Cn1cncn1)(Cn2cncn2)c3ccc(F)cc3F ,c1ccc(C(Cn2cncn2)Cn2cncn2)cc1,-1.8000,-3.2893,1.4893,0.5417
scaffold,3,MLP,RDKit descriptors,676,c1cc2ccc3ccc4ccc5cccc6c(c1)c2c3c4c56,c1cc2ccc3ccc4ccc5cccc6c(c1)c2c3c4c56,-9.0180,-7.7562,1.2618,0.8235
scaffold,3,MLP,RDKit descriptors,678,c1c(OC)c(OC)C2C(=O)OCC2c1,O=C1OCC2C=CC=CC12,-1.8990,-1.3120,0.5870,0.2000
scaffold,3,MLP,RDKit descriptors,683,Cc1cc(=O)n(c2ccccc2)n1C,O=c1cc[nH]n1-c1ccccc1,0.7150,-1.5973,2.3123,0.3250
scaffold,3,MLP,RDKit descriptors,702,CC(=O)OCC(=O)C3(O)CCC4C2CCC1=CC(=O)CCC1(C)C2C(=O)CC34C ,O=C1C=C2CCC3C4CCCC4CC(=O)C3C2CC1,-4.2100,-3.9971,0.2129,0.7031
scaffold,3,MLP,RDKit descriptors,708,CN(C)C(=O)NC1CC2CC1C3CCCC23,C1CC2C3CCC(C3)C2C1,-3.1710,-2.4629,0.7081,0.2381
scaffold,3,MLP,RDKit descriptors,724,O=C1NC(=O)c2ccccc12 ,O=C1NC(=O)c2ccccc21,-2.6100,-0.8740,1.7360,0.3333
scaffold,3,MLP,RDKit descriptors,730,CCC2NC(=O)c1cc(c(Cl)cc1N2)S(N)(=O)=O,O=C1NCNc2ccccc21,-3.2900,-2.9906,0.2994,0.3889
scaffold,3,MLP,RDKit descriptors,733,C1(=O)NC(=O)NC(=O)C1(O)C2(O)C(=O)NC(=O)NC2(=O),O=C1NC(=O)C(C2C(=O)NC(=O)NC2=O)C(=O)N1,-1.9900,-0.5658,1.4242,0.4737
scaffold,3,MLP,RDKit descriptors,754,COc2cc1c(N)nc(nc1c(OC)c2OC)N3CCN(CC3)C(=O)OCC(C)(C)O ,c1ccc2nc(N3CCNCC3)ncc2c1,-3.6380,-3.6568,0.0188,0.1972
scaffold,3,MLP,RDKit descriptors,771,C1CCCCCCC1,C1CCCCCCC1,-4.1500,-3.8086,0.3414,1.0000
scaffold,3,MLP,RDKit descriptors,775,Clc1ccc(CN(C2CCCC2)C(=O)Nc3ccccc3)cc1,O=C(Nc1ccccc1)N(Cc1ccccc1)C1CCCC1,-5.9150,-5.6361,0.2789,0.4000
scaffold,3,MLP,RDKit descriptors,780,c1ccc2c3c(ccc2c1)c4cccc5cccc3c45,c1ccc2c3c(ccc2c1)-c1cccc2cccc-3c12,-8.0000,-7.0838,0.9162,0.5000
scaffold,3,MLP,RDKit descriptors,792,OC1C=CC2C1C3(Cl)C(=C(Cl)C2(Cl)C3(Cl)Cl)Cl ,C1=CC2C3C=CC(C3)C2C1,-5.4600,-4.7337,0.7263,0.3714
scaffold,3,MLP,RDKit descriptors,797,CC2(C)C1CCC(C)(C1)C2=O,O=C1CC2CCC1C2,-1.8500,-2.3471,0.4971,0.2647
scaffold,3,MLP,RDKit descriptors,799,ClC2=C(Cl)C3(Cl)C1C=CCC1C2(Cl)C3(Cl)Cl ,C1=CC2C3C=CC(C3)C2C1,-5.6400,-5.7139,0.0739,0.3611
scaffold,3,MLP,RDKit descriptors,801,c1ccc2c(c1)[nH]c3ccccc32,c1ccc2c(c1)[nH]c1ccccc12,-5.2700,-3.3837,1.8863,0.3684
scaffold,3,MLP,RDKit descriptors,807,CCCCc1c(C)nc(NCC)nc1OS(=O)(=O)N(C)C ,c1cncnc1,-4.1600,-3.0405,1.1195,0.4286
scaffold,3,MLP,RDKit descriptors,812,c1cc2ccc(OC)c(CC=C(C)(C))c2oc1=O ,O=c1ccc2ccccc2o1,-4.3140,-3.7281,0.5859,0.3673
scaffold,3,MLP,RDKit descriptors,819,c1ccc2cc3cc4ccccc4cc3cc2c1,c1ccc2cc3cc4ccccc4cc3cc2c1,-8.6000,-6.6203,1.9797,0.9091
scaffold,3,MLP,RDKit descriptors,829,CN(C)C(=O)OC1=CC(=O)CC(C)(C)C1 ,O=C1C=CCCC1,-0.8500,-2.4535,1.6035,0.2381
scaffold,3,MLP,RDKit descriptors,846,O=C1CNC(=O)N1 ,O=C1CNC(=O)N1,-0.4000,0.4191,0.8191,0.3684
scaffold,3,MLP,RDKit descriptors,849,CCOP(=S)(OCC)Oc2ccc1oc(=O)c(Cl)c(C)c1c2,O=c1ccc2ccccc2o1,-5.3820,-5.0385,0.3435,0.4118
scaffold,3,MLP,RDKit descriptors,852,O=c2[nH]c(=O)c1[nH]c(=O)[nH]c1[nH]2 ,O=c1[nH]c(=O)c2[nH]c(=O)[nH]c2[nH]1,-3.9300,-1.6426,2.2874,0.2963
scaffold,3,MLP,RDKit descriptors,863,CC1(OC(=O)N(C1=O)c2cc(Cl)cc(Cl)c2)C=C,O=C1COC(=O)N1c1ccccc1,-4.9250,-4.0146,0.9104,0.4615
scaffold,3,MLP,RDKit descriptors,893,CCN(Cc1c(F)cccc1Cl)c2c(cc(cc2N(=O)=O)C(F)(F)F)N(=O)=O,c1ccc(CNc2ccccc2)cc1,-6.7800,-6.2242,0.5558,0.5472
scaffold,3,MLP,RDKit descriptors,899,ClC1C=CC2C1C3(Cl)C(=C(Cl)C2(Cl)C3(Cl)Cl)Cl,C1=CC2C3C=CC(C3)C2C1,-6.3170,-5.9893,0.3277,0.3824
scaffold,3,MLP,RDKit descriptors,916,c2ccc1[nH]ncc1c2 ,c1ccc2[nH]ncc2c1,-2.1600,-0.9344,1.2256,0.3571
scaffold,3,MLP,RDKit descriptors,918,Nc2nc1[nH]cnc1c(=O)[nH]2 ,O=c1[nH]cnc2[nH]cnc12,-3.5830,-1.9127,1.6703,0.3158
scaffold,3,MLP,RDKit descriptors,938,Nc1nc(O)nc2nc[nH]c12 ,c1ncc2[nH]cnc2n1,-3.4010,-2.1611,1.2399,0.2778
scaffold,3,MLP,RDKit descriptors,943,c2ccc1[nH]ccc1c2,c1ccc2[nH]ccc2c1,-1.5200,-1.6790,0.1590,0.3889
scaffold,3,MLP,RDKit descriptors,949,COC(=O)Nc2nc1ccc(cc1[nH]2)C(=O)c3ccccc3,O=C(c1ccccc1)c1ccc2nc[nH]c2c1,-3.8800,-4.5050,0.6250,0.3500
scaffold,3,MLP,RDKit descriptors,955,C1C=CCC=C1,C1=CCC=CC1,-2.0600,-2.0873,0.0273,0.2727
scaffold,3,MLP,RDKit descriptors,976,CC12CCC(CC1)C(C)(C)O2,C1CC2CCC1CO2,-1.7400,-2.9268,1.1868,0.3000
scaffold,3,MLP,RDKit descriptors,984,O=C2NC(=O)C1(CCCC1)C(=O)N2,O=C1NC(=O)C2(CCCC2)C(=O)N1,-2.3490,-1.2442,1.1048,0.9444
scaffold,3,MLP,RDKit descriptors,987,CN(C)C(=O)NC1CCCCCCC1,C1CCCCCCC1,-2.2180,-2.5849,0.3669,0.2973
scaffold,3,MLP,RDKit descriptors,991,CN(C)c2c(C)n(C)n(c1ccccc1)c2=O ,O=c1cc[nH]n1-c1ccccc1,-0.3640,-2.3525,1.9885,0.3030
scaffold,3,MLP,RDKit descriptors,1014,O=C1NCCN1c2ncc(s2)N(=O)=O,O=C1NCCN1c1nccs1,-3.2200,-2.2935,0.9265,0.2400
scaffold,3,MLP,RDKit descriptors,1015,C1c2ccccc2c3ccc4ccccc4c13,c1ccc2c(c1)Cc1c-2ccc2ccccc12,-6.6800,-5.6928,0.9872,0.4688
scaffold,3,MLP,RDKit descriptors,1022,N(=Nc1ccccc1)c2ccccc2,c1ccc(N=Nc2ccccc2)cc1,-4.4500,-4.5599,0.1099,0.4000
scaffold,3,MLP,RDKit descriptors,1037,c1c(O)C2C(=O)C3cc(O)ccC3OC2cc1(OC),O=C1C2C=CC=CC2OC2C=CC=CC12,-2.9430,-2.7874,0.1556,0.1667
scaffold,3,MLP,RDKit descriptors,1039,CC(=O)SC4CC1=CC(=O)CCC1(C)C5CCC2(C)C(CCC23CCC(=O)O3)C45,O=C1C=C2CCC3C(CCC4C3CCC43CCC(=O)O3)C2CC1,-4.1730,-5.8578,1.6848,0.4242
scaffold,3,MLP,RDKit descriptors,1054,Cc1cccc2c1ccc3ccccc32,c1ccc2c(c1)ccc1ccccc12,-5.8500,-5.5782,0.2718,0.7273
scaffold,3,MLP,RDKit descriptors,1061,COC1=CC(=O)CC(C)C13Oc2c(Cl)c(OC)cc(OC)c2C3=O,O=C1C=CC2(CC1)Oc1ccccc1C2=O,-3.2460,-3.9081,0.6621,0.1951
scaffold,3,MLP,RDKit descriptors,1085,CCOP(=S)(OCC)N2C(=O)c1ccccc1C2=O,O=C1NC(=O)c2ccccc21,-3.3500,-3.4359,0.0859,0.3208
scaffold,3,MLP,RDKit descriptors,1090,O=C(C=CC=Cc2ccc1OCOc1c2)N3CCCCC3,O=C(C=CC=Cc1ccc2c(c1)OCO2)N1CCCCC1,-3.4600,-3.5663,0.1063,0.1786
scaffold,3,MLP,RDKit descriptors,1093,O=C2NC(=O)C1(CCCCCCC1)C(=O)N2,O=C1NC(=O)C2(CCCCCCC2)C(=O)N1,-2.9820,-2.3431,0.6389,1.0000
scaffold,3,MLP,RDKit descriptors,1095,Oc2cc(O)c1C(=O)CC(Oc1c2)c3ccc(O)c(O)c3,O=C1CC(c2ccccc2)Oc2ccccc21,-3.6200,-4.4650,0.8450,0.1951
scaffold,3,MLP,RDKit descriptors,1106,CC(C)(C)C(=O)C(Oc1ccc(Cl)cc1)n2cncn2,c1ccc(OCn2cncn2)cc1,-3.6100,-4.0347,0.4247,0.3077
scaffold,3,MLP,RDKit descriptors,1110,CCOC(=O)Nc2cccc(OC(=O)Nc1ccccc1)c2 ,O=C(Nc1ccccc1)Oc1ccccc1,-4.6320,-4.6965,0.0645,0.4694
scaffold,3,MLP,RDKit descriptors,1115,O=C1NC(=O)C(=O)N1 ,O=C1NC(=O)C(=O)N1,-0.4000,0.2430,0.6430,0.4118
scaffold,3,GCN,Molecular graph,1,Cc1occc1C(=O)Nc2ccccc2,O=C(Nc1ccccc1)c1ccoc1,-3.3000,-2.7172,0.5828,0.4545
scaffold,3,GCN,Molecular graph,4,c1ccsc1,c1ccsc1,-1.3300,0.2347,1.5647,0.2222
scaffold,3,GCN,Molecular graph,18,CCOP(=S)(OCC)Oc1cc(C)nc(n1)C(C)C,c1cncnc1,-3.6400,-4.6868,1.0468,0.4130
scaffold,3,GCN,Molecular graph,32,COC(=O)Nc1cccc(OC(=O)Nc2cccc(C)c2)c1,O=C(Nc1ccccc1)Oc1ccccc1,-4.8050,-3.4783,1.3267,0.4894
scaffold,3,GCN,Molecular graph,72,CC1(C)C2CCC1(C)C(=O)C2,O=C1CC2CCC1C2,-1.9600,-4.4289,2.4689,0.3030
scaffold,3,GCN,Molecular graph,86,CC(C)C(C(=O)OC(C#N)c1cccc(Oc2ccccc2)c1)c3ccc(OC(F)F)cc3,O=C(Cc1ccccc1)OCc1cccc(Oc2ccccc2)c1,-6.8760,-5.9612,0.9148,0.5333
scaffold,3,GCN,Molecular graph,92,c1ccc2c(c1)c3cccc4cccc2c34,c1ccc2c(c1)-c1cccc3cccc-2c13,-6.0000,-7.7106,1.7106,0.7368
scaffold,3,GCN,Molecular graph,98,C1OC1c2ccccc2 ,c1ccc(C2CO2)cc1,-1.6000,-2.2572,0.6572,0.3000
scaffold,3,GCN,Molecular graph,126,CCCCc1c(C)nc(nc1O)N(C)C ,c1cncnc1,-2.2400,-3.2132,0.9732,0.3448
scaffold,3,GCN,Molecular graph,160,CSc1nnc(c(=O)n1N)C(C)(C)C,O=c1cnnc[nH]1,-2.2530,-2.8103,0.5573,0.1923
scaffold,3,GCN,Molecular graph,176,CC1=CC(=O)CC(C)(C)C1 ,O=C1C=CCCC1,-1.0600,-3.2592,2.1992,0.2553
scaffold,3,GCN,Molecular graph,179,CCC1(CCC(=O)NC1=O)c2ccccc2 ,O=C1CCC(c2ccccc2)C(=O)N1,-2.3370,-3.3484,1.0114,0.3333
scaffold,3,GCN,Molecular graph,188,C1C(O)CCC2(C)CC3CCC4(C)C5(C)CC6OCC(C)CC6OC5CC4C3C=C21,C1=C2CCCCC2CC2CCC3C4CC5OCCCC5OC4CC3C12,-7.3200,-4.3614,2.9586,0.1875
scaffold,3,GCN,Molecular graph,195,CC(C)Oc1cc(c(Cl)cc1Cl)n2nc(oc2=O)C(C)(C)C,O=c1ocnn1-c1ccccc1,-5.6960,-5.5517,0.1443,0.2105
scaffold,3,GCN,Molecular graph,200,Nc1ccc(cc1)S(=O)(=O)c2ccc(N)cc2,O=S(=O)(c1ccccc1)c1ccccc1,-3.0940,-2.8299,0.2641,0.6500
scaffold,3,GCN,Molecular graph,213,CC12CCC(CC1)C(C)(C)O2 ,C1CC2CCC1CO2,-1.6400,-3.8405,2.2005,0.3000
scaffold,3,GCN,Molecular graph,217,CC(=C)C1CC=C(C)C(=O)C1,O=C1C=CCCC1,-2.0600,-3.0445,0.9845,0.4706
scaffold,3,GCN,Molecular graph,225,Cc3ccnc4N(C1CC1)c2ncccc2C(=O)Nc34 ,O=C1Nc2cccnc2N(C2CC2)c2ncccc21,-3.1900,-4.0598,0.8698,0.4909
scaffold,3,GCN,Molecular graph,260,CCOP(=S)(OCC)SC(CCl)N1C(=O)c2ccccc2C1=O,O=C1NC(=O)c2ccccc21,-6.3400,-5.8846,0.4554,0.3529
scaffold,3,GCN,Molecular graph,286,C(Cc1ccccc1)c2ccccc2,c1ccc(CCc2ccccc2)cc1,-4.6200,-4.0232,0.5968,0.6471
scaffold,3,GCN,Molecular graph,289,Cc1ccc2c(ccc3ccccc32)c1,c1ccc2c(c1)ccc1ccccc12,-5.8400,-6.4306,0.5906,0.6522
scaffold,3,GCN,Molecular graph,298,OCC1OC(CO)(OC2OC(COC3OC(CO)C(O)C(O)C3O)C(O)C(O)C2O)C(O)C1O,C1CCC(OCC2CCCC(OC3CCCO3)O2)OC1,-0.4100,0.0062,0.4162,0.8421
scaffold,3,GCN,Molecular graph,309,OC1CCCCCCC1,C1CCCCCCC1,-1.2900,-1.4131,0.1231,1.0000
scaffold,3,GCN,Molecular graph,318,Nc1ncnc2nc[nH]c12 ,c1ncc2[nH]cnc2n1,-2.1200,-1.0034,1.1166,0.2432
scaffold,3,GCN,Molecular graph,320,COc1ccc(cc1)C(O)(C2CC2)c3cncnc3 ,c1ccc(C(c2cncnc2)C2CC2)cc1,-2.5960,-3.1869,0.5909,0.2895
scaffold,3,GCN,Molecular graph,336,o1c2ccccc2c3ccccc13,c1ccc2c(c1)oc1ccccc12,-4.6000,-6.0118,1.4118,0.3684
scaffold,3,GCN,Molecular graph,339,c3ccc2nc1ccccc1cc2c3,c1ccc2nc3ccccc3cc2c1,-3.6700,-5.3941,1.7241,0.5625
scaffold,3,GCN,Molecular graph,340,CC12CC(=O)C3C(CCC4=CC(=O)CCC34C)C2CCC1(O)C(=O)CO,O=C1C=C2CCC3C4CCCC4CC(=O)C3C2CC1,-3.1100,-3.6451,0.5351,0.6780
scaffold,3,GCN,Molecular graph,344,CCC(C)C(=O)OC2CC(C)C=C3C=CC(C)C(CCC1CC(O)CC(=O)O1)C23 ,O=C1CCCC(CCC2CC=CC3=CCCCC32)O1,-6.0050,-4.0143,1.9907,0.1774
scaffold,3,GCN,Molecular graph,353,CCC(C(CC)c1ccc(O)cc1)c2ccc(O)cc2,c1ccc(CCc2ccccc2)cc1,-4.4300,-4.0606,0.3694,0.4800
scaffold,3,GCN,Molecular graph,360,CN(C)C(=O)Nc1ccc(c(Cl)c1)n2nc(oc2=O)C(C)(C)C,O=c1ocnn1-c1ccccc1,-4.3280,-4.1019,0.2261,0.4898
scaffold,3,GCN,Molecular graph,365,c1cncnc1,c1cncnc1,1.1000,1.3600,0.2600,0.5000
scaffold,3,GCN,Molecular graph,373,CC2Nc1cc(Cl)c(cc1C(=O)N2c3ccccc3C)S(N)(=O)=O ,O=C1c2ccccc2NCN1c1ccccc1,-3.7800,-4.8686,1.0886,0.3429
scaffold,3,GCN,Molecular graph,381,OCC(O)C2OC1OC(OC1C2O)C(Cl)(Cl)Cl ,C1CC2OCOC2O1,-1.8400,-0.7065,1.1335,0.1765
scaffold,3,GCN,Molecular graph,386,Nc1nccs1 ,c1cscn1,-0.3600,0.2298,0.5898,0.2143
scaffold,3,GCN,Molecular graph,394,CN(C(=O)NC(C)(C)c1ccccc1)c2ccccc2,O=C(NCc1ccccc1)Nc1ccccc1,-3.3500,-3.8871,0.5371,0.3784
scaffold,3,GCN,Molecular graph,412,CC(=O)Nc1nnc(s1)S(N)(=O)=O ,c1nncs1,-2.3600,-1.4520,0.9080,0.2703
scaffold,3,GCN,Molecular graph,414,ClC1=C(Cl)C2(Cl)C3C4CC(C=C4)C3C1(Cl)C2(Cl)Cl,C1=CC2CC1C1C3C=CC(C3)C21,-6.3070,-7.1698,0.8628,0.4839
scaffold,3,GCN,Molecular graph,422,ClC(Cl)C(Cl)(Cl)SN2C(=O)C1CC=CCC1C2=O ,O=C1NC(=O)C2CC=CCC12,-5.4000,-4.0909,1.3091,0.1935
scaffold,3,GCN,Molecular graph,448,NC(=O)NC1NC(=O)NC1=O ,O=C1CNC(=O)N1,-1.6000,-0.6652,0.9348,0.2105
scaffold,3,GCN,Molecular graph,449,OCC(O)COC(=O)c1ccccc1Nc2ccnc3cc(Cl)ccc23,c1ccc(Nc2ccnc3ccccc23)cc1,-4.5710,-4.3385,0.2325,0.2769
scaffold,3,GCN,Molecular graph,476,CN(C)C(=O)Oc1nc(nc(C)c1C)N(C)C,c1cncnc1,-1.9500,-3.0444,1.0944,0.3333
scaffold,3,GCN,Molecular graph,488,O=c2c(C3CCCc4ccccc43)c(O)c1ccccc1o2 ,O=c1oc2ccccc2cc1C1CCCc2ccccc21,-2.8400,-4.4869,1.6469,0.2619
scaffold,3,GCN,Molecular graph,495,Nc1cc(nc(N)n1=O)N2CCCCC2 ,c1cc(N2CCCCC2)nc[nH+]1,-1.9890,-2.7079,0.7189,0.1463
scaffold,3,GCN,Molecular graph,496,Nc2cccc3nc1ccccc1cc23 ,c1ccc2nc3ccccc3cc2c1,-4.2200,-5.1135,0.8935,0.5185
scaffold,3,GCN,Molecular graph,500,CCOP(=S)(OCC)SC(CCl)N2C(=O)c1ccccc1C2=O,O=C1NC(=O)c2ccccc21,-6.3400,-5.8846,0.4554,0.3529
scaffold,3,GCN,Molecular graph,504,CC1=C(CCCO1)C(=O)Nc2ccccc2 ,O=C(Nc1ccccc1)C1=COCCC1,-2.5600,-3.0701,0.5101,0.5581
scaffold,3,GCN,Molecular graph,512,Cc1c[nH]c2ccccc12 ,c1ccc2[nH]ccc2c1,-2.4200,-3.3646,0.9446,0.4348
scaffold,3,GCN,Molecular graph,518,CC(=O)N(S(=O)c1ccc(N)cc1)c2onc(C)c2C ,O=S(Nc1ccno1)c1ccccc1,-3.5900,-2.8707,0.7193,0.2708
scaffold,3,GCN,Molecular graph,536,CC3C2CCC1(C)C=CC(=O)C(=C1C2OC3=O)C,O=C1C=CC2CCC3CC(=O)OC3C2=C1,-3.0900,-4.2980,1.2080,0.2063
scaffold,3,GCN,Molecular graph,546,Cc2c(N)c(=O)n(c1ccccc1)n2C,O=c1cc[nH]n1-c1ccccc1,-0.6240,-2.7497,2.1257,0.3333
scaffold,3,GCN,Molecular graph,562,c1ccccc1C(O)C(O)c2ccccc2,c1ccc(CCc2ccccc2)cc1,-1.9300,-2.3284,0.3984,0.6471
scaffold,3,GCN,Molecular graph,579,c1ccc(cc1)c2ccc(cc2)c3ccccc3,c1ccc(-c2ccc(-c3ccccc3)cc2)cc1,-7.1100,-4.8278,2.2822,0.9000
scaffold,3,GCN,Molecular graph,582,Cc1cc(ccc1NS(=O)(=O)C(F)(F)F)S(=O)(=O)c2ccccc2,O=S(=O)(c1ccccc1)c1ccccc1,-3.8000,-4.2405,0.4405,0.4565
scaffold,3,GCN,Molecular graph,611,c1ccc2c(c1)ccc3ccccc32,c1ccc2c(c1)ccc1ccccc12,-5.2600,-5.8958,0.6358,0.8571
scaffold,3,GCN,Molecular graph,621,ClC(Cl)(Cl)C(NC=O)N1C=CN(C=C1)C(NC=O)C(Cl)(Cl)Cl ,C1=CNC=CN1,-4.1900,-2.6487,1.5413,0.2000
scaffold,3,GCN,Molecular graph,622,Cn2cc(c1ccccc1)c(=O)c(c2)c3cccc(c3)C(F)(F)F,O=c1c(-c2ccccc2)c[nH]cc1-c1ccccc1,-4.4450,-5.7767,1.3317,0.3714
scaffold,3,GCN,Molecular graph,624,CC12CCC3C(CCc4cc(O)ccc34)C2CCC1=O,O=C1CCC2C1CCC1c3ccccc3CCC12,-3.9550,-4.5419,0.5869,0.6250
scaffold,3,GCN,Molecular graph,626,CC1CO1,C1CO1,-0.5900,-0.4214,0.1686,0.4118
scaffold,3,GCN,Molecular graph,637,c1ccc2c(c1)cc3ccc4cccc5ccc2c3c45,c1ccc2c(c1)cc1ccc3cccc4ccc2c1c34,-8.6990,-8.4810,0.2180,0.6522
scaffold,3,GCN,Molecular graph,647,Cc1cc(=O)[nH]c(=S)[nH]1,O=c1cc[nH]c(=S)[nH]1,-2.4360,-1.5746,0.8614,0.2581
scaffold,3,GCN,Molecular graph,652,CC1(C)CON(Cc2ccccc2Cl)C1=O,O=C1CCON1Cc1ccccc1,-2.3380,-4.1217,1.7837,0.2703
scaffold,3,GCN,Molecular graph,659,OC(Cn1cncn1)(Cn2cncn2)c3ccc(F)cc3F ,c1ccc(C(Cn2cncn2)Cn2cncn2)cc1,-1.8000,-2.3258,0.5258,0.5417
scaffold,3,GCN,Molecular graph,676,c1cc2ccc3ccc4ccc5cccc6c(c1)c2c3c4c56,c1cc2ccc3ccc4ccc5cccc6c(c1)c2c3c4c56,-9.0180,-9.4683,0.4503,0.8235
scaffold,3,GCN,Molecular graph,678,c1c(OC)c(OC)C2C(=O)OCC2c1,O=C1OCC2C=CC=CC12,-1.8990,-3.0392,1.1402,0.2000
scaffold,3,GCN,Molecular graph,683,Cc1cc(=O)n(c2ccccc2)n1C,O=c1cc[nH]n1-c1ccccc1,0.7150,-2.7102,3.4252,0.3250
scaffold,3,GCN,Molecular graph,702,CC(=O)OCC(=O)C3(O)CCC4C2CCC1=CC(=O)CCC1(C)C2C(=O)CC34C ,O=C1C=C2CCC3C4CCCC4CC(=O)C3C2CC1,-4.2100,-3.8632,0.3468,0.7031
scaffold,3,GCN,Molecular graph,708,CN(C)C(=O)NC1CC2CC1C3CCCC23,C1CC2C3CCC(C3)C2C1,-3.1710,-4.1661,0.9951,0.2381
scaffold,3,GCN,Molecular graph,724,O=C1NC(=O)c2ccccc12 ,O=C1NC(=O)c2ccccc21,-2.6100,-3.3637,0.7537,0.3333
scaffold,3,GCN,Molecular graph,730,CCC2NC(=O)c1cc(c(Cl)cc1N2)S(N)(=O)=O,O=C1NCNc2ccccc21,-3.2900,-3.8497,0.5597,0.3889
scaffold,3,GCN,Molecular graph,733,C1(=O)NC(=O)NC(=O)C1(O)C2(O)C(=O)NC(=O)NC2(=O),O=C1NC(=O)C(C2C(=O)NC(=O)NC2=O)C(=O)N1,-1.9900,-1.4900,0.5000,0.4737
scaffold,3,GCN,Molecular graph,754,COc2cc1c(N)nc(nc1c(OC)c2OC)N3CCN(CC3)C(=O)OCC(C)(C)O ,c1ccc2nc(N3CCNCC3)ncc2c1,-3.6380,-3.7978,0.1598,0.1972
scaffold,3,GCN,Molecular graph,771,C1CCCCCCC1,C1CCCCCCC1,-4.1500,-2.6085,1.5415,1.0000
scaffold,3,GCN,Molecular graph,775,Clc1ccc(CN(C2CCCC2)C(=O)Nc3ccccc3)cc1,O=C(Nc1ccccc1)N(Cc1ccccc1)C1CCCC1,-5.9150,-4.7773,1.1377,0.4000
scaffold,3,GCN,Molecular graph,780,c1ccc2c3c(ccc2c1)c4cccc5cccc3c45,c1ccc2c3c(ccc2c1)-c1cccc2cccc-3c12,-8.0000,-8.3641,0.3641,0.5000
scaffold,3,GCN,Molecular graph,792,OC1C=CC2C1C3(Cl)C(=C(Cl)C2(Cl)C3(Cl)Cl)Cl ,C1=CC2C3C=CC(C3)C2C1,-5.4600,-5.9270,0.4670,0.3714
scaffold,3,GCN,Molecular graph,797,CC2(C)C1CCC(C)(C1)C2=O,O=C1CC2CCC1C2,-1.8500,-4.6014,2.7514,0.2647
scaffold,3,GCN,Molecular graph,799,ClC2=C(Cl)C3(Cl)C1C=CCC1C2(Cl)C3(Cl)Cl ,C1=CC2C3C=CC(C3)C2C1,-5.6400,-6.6903,1.0503,0.3611
scaffold,3,GCN,Molecular graph,801,c1ccc2c(c1)[nH]c3ccccc32,c1ccc2c(c1)[nH]c1ccccc12,-5.2700,-5.4809,0.2109,0.3684
scaffold,3,GCN,Molecular graph,807,CCCCc1c(C)nc(NCC)nc1OS(=O)(=O)N(C)C ,c1cncnc1,-4.1600,-3.6608,0.4992,0.4286
scaffold,3,GCN,Molecular graph,812,c1cc2ccc(OC)c(CC=C(C)(C))c2oc1=O ,O=c1ccc2ccccc2o1,-4.3140,-5.1769,0.8629,0.3673
scaffold,3,GCN,Molecular graph,819,c1ccc2cc3cc4ccccc4cc3cc2c1,c1ccc2cc3cc4ccccc4cc3cc2c1,-8.6000,-7.0772,1.5228,0.9091
scaffold,3,GCN,Molecular graph,829,CN(C)C(=O)OC1=CC(=O)CC(C)(C)C1 ,O=C1C=CCCC1,-0.8500,-2.6478,1.7978,0.2381
scaffold,3,GCN,Molecular graph,846,O=C1CNC(=O)N1 ,O=C1CNC(=O)N1,-0.4000,-0.7307,0.3307,0.3684
scaffold,3,GCN,Molecular graph,849,CCOP(=S)(OCC)Oc2ccc1oc(=O)c(Cl)c(C)c1c2,O=c1ccc2ccccc2o1,-5.3820,-6.2164,0.8344,0.4118
scaffold,3,GCN,Molecular graph,852,O=c2[nH]c(=O)c1[nH]c(=O)[nH]c1[nH]2 ,O=c1[nH]c(=O)c2[nH]c(=O)[nH]c2[nH]1,-3.9300,-1.3466,2.5834,0.2963
scaffold,3,GCN,Molecular graph,863,CC1(OC(=O)N(C1=O)c2cc(Cl)cc(Cl)c2)C=C,O=C1COC(=O)N1c1ccccc1,-4.9250,-5.2192,0.2942,0.4615
scaffold,3,GCN,Molecular graph,893,CCN(Cc1c(F)cccc1Cl)c2c(cc(cc2N(=O)=O)C(F)(F)F)N(=O)=O,c1ccc(CNc2ccccc2)cc1,-6.7800,-6.2506,0.5294,0.5472
scaffold,3,GCN,Molecular graph,899,ClC1C=CC2C1C3(Cl)C(=C(Cl)C2(Cl)C3(Cl)Cl)Cl,C1=CC2C3C=CC(C3)C2C1,-6.3170,-6.9065,0.5895,0.3824
scaffold,3,GCN,Molecular graph,916,c2ccc1[nH]ncc1c2 ,c1ccc2[nH]ncc2c1,-2.1600,-1.5714,0.5886,0.3571
scaffold,3,GCN,Molecular graph,918,Nc2nc1[nH]cnc1c(=O)[nH]2 ,O=c1[nH]cnc2[nH]cnc12,-3.5830,-1.4524,2.1306,0.3158
scaffold,3,GCN,Molecular graph,938,Nc1nc(O)nc2nc[nH]c12 ,c1ncc2[nH]cnc2n1,-3.4010,-1.2048,2.1962,0.2778
scaffold,3,GCN,Molecular graph,943,c2ccc1[nH]ccc1c2,c1ccc2[nH]ccc2c1,-1.5200,-3.1144,1.5944,0.3889
scaffold,3,GCN,Molecular graph,949,COC(=O)Nc2nc1ccc(cc1[nH]2)C(=O)c3ccccc3,O=C(c1ccccc1)c1ccc2nc[nH]c2c1,-3.8800,-4.4596,0.5796,0.3500
scaffold,3,GCN,Molecular graph,955,C1C=CCC=C1,C1=CCC=CC1,-2.0600,-1.5985,0.4615,0.2727
scaffold,3,GCN,Molecular graph,976,CC12CCC(CC1)C(C)(C)O2,C1CC2CCC1CO2,-1.7400,-3.8405,2.1005,0.3000
scaffold,3,GCN,Molecular graph,984,O=C2NC(=O)C1(CCCC1)C(=O)N2,O=C1NC(=O)C2(CCCC2)C(=O)N1,-2.3490,-2.1374,0.2116,0.9444
scaffold,3,GCN,Molecular graph,987,CN(C)C(=O)NC1CCCCCCC1,C1CCCCCCC1,-2.2180,-2.3425,0.1245,0.2973
scaffold,3,GCN,Molecular graph,991,CN(C)c2c(C)n(C)n(c1ccccc1)c2=O ,O=c1cc[nH]n1-c1ccccc1,-0.3640,-3.4581,3.0941,0.3030
scaffold,3,GCN,Molecular graph,1014,O=C1NCCN1c2ncc(s2)N(=O)=O,O=C1NCCN1c1nccs1,-3.2200,-2.3949,0.8251,0.2400
scaffold,3,GCN,Molecular graph,1015,C1c2ccccc2c3ccc4ccccc4c13,c1ccc2c(c1)Cc1c-2ccc2ccccc12,-6.6800,-7.3861,0.7061,0.4688
scaffold,3,GCN,Molecular graph,1022,N(=Nc1ccccc1)c2ccccc2,c1ccc(N=Nc2ccccc2)cc1,-4.4500,-4.0558,0.3942,0.4000
scaffold,3,GCN,Molecular graph,1037,c1c(O)C2C(=O)C3cc(O)ccC3OC2cc1(OC),O=C1C2C=CC=CC2OC2C=CC=CC12,-2.9430,-2.7110,0.2320,0.1667
scaffold,3,GCN,Molecular graph,1039,CC(=O)SC4CC1=CC(=O)CCC1(C)C5CCC2(C)C(CCC23CCC(=O)O3)C45,O=C1C=C2CCC3C(CCC4C3CCC43CCC(=O)O3)C2CC1,-4.1730,-4.2982,0.1252,0.4242
scaffold,3,GCN,Molecular graph,1054,Cc1cccc2c1ccc3ccccc32,c1ccc2c(c1)ccc1ccccc12,-5.8500,-6.2753,0.4253,0.7273
scaffold,3,GCN,Molecular graph,1061,COC1=CC(=O)CC(C)C13Oc2c(Cl)c(OC)cc(OC)c2C3=O,O=C1C=CC2(CC1)Oc1ccccc1C2=O,-3.2460,-5.6336,2.3876,0.1951
scaffold,3,GCN,Molecular graph,1085,CCOP(=S)(OCC)N2C(=O)c1ccccc1C2=O,O=C1NC(=O)c2ccccc21,-3.3500,-5.6684,2.3184,0.3208
scaffold,3,GCN,Molecular graph,1090,O=C(C=CC=Cc2ccc1OCOc1c2)N3CCCCC3,O=C(C=CC=Cc1ccc2c(c1)OCO2)N1CCCCC1,-3.4600,-4.0518,0.5918,0.1786
scaffold,3,GCN,Molecular graph,1093,O=C2NC(=O)C1(CCCCCCC1)C(=O)N2,O=C1NC(=O)C2(CCCCCCC2)C(=O)N1,-2.9820,-2.2710,0.7110,1.0000
scaffold,3,GCN,Molecular graph,1095,Oc2cc(O)c1C(=O)CC(Oc1c2)c3ccc(O)c(O)c3,O=C1CC(c2ccccc2)Oc2ccccc21,-3.6200,-1.8934,1.7266,0.1951
scaffold,3,GCN,Molecular graph,1106,CC(C)(C)C(=O)C(Oc1ccc(Cl)cc1)n2cncn2,c1ccc(OCn2cncn2)cc1,-3.6100,-3.9150,0.3050,0.3077
scaffold,3,GCN,Molecular graph,1110,CCOC(=O)Nc2cccc(OC(=O)Nc1ccccc1)c2 ,O=C(Nc1ccccc1)Oc1ccccc1,-4.6320,-3.5850,1.0470,0.4694
scaffold,3,GCN,Molecular graph,1115,O=C1NC(=O)C(=O)N1 ,O=C1NC(=O)C(=O)N1,-0.4000,-1.1174,0.7174,0.4118
scaffold,3,GIN,Molecular graph,1,Cc1occc1C(=O)Nc2ccccc2,O=C(Nc1ccccc1)c1ccoc1,-3.3000,-2.3896,0.9104,0.4545
scaffold,3,GIN,Molecular graph,4,c1ccsc1,c1ccsc1,-1.3300,-0.1665,1.1635,0.2222
scaffold,3,GIN,Molecular graph,18,CCOP(=S)(OCC)Oc1cc(C)nc(n1)C(C)C,c1cncnc1,-3.6400,-4.6857,1.0457,0.4130
scaffold,3,GIN,Molecular graph,32,COC(=O)Nc1cccc(OC(=O)Nc2cccc(C)c2)c1,O=C(Nc1ccccc1)Oc1ccccc1,-4.8050,-4.0015,0.8035,0.4894
scaffold,3,GIN,Molecular graph,72,CC1(C)C2CCC1(C)C(=O)C2,O=C1CC2CCC1C2,-1.9600,-3.7271,1.7671,0.3030
scaffold,3,GIN,Molecular graph,86,CC(C)C(C(=O)OC(C#N)c1cccc(Oc2ccccc2)c1)c3ccc(OC(F)F)cc3,O=C(Cc1ccccc1)OCc1cccc(Oc2ccccc2)c1,-6.8760,-5.9000,0.9760,0.5333
scaffold,3,GIN,Molecular graph,92,c1ccc2c(c1)c3cccc4cccc2c34,c1ccc2c(c1)-c1cccc3cccc-2c13,-6.0000,-8.0705,2.0705,0.7368
scaffold,3,GIN,Molecular graph,98,C1OC1c2ccccc2 ,c1ccc(C2CO2)cc1,-1.6000,-1.9462,0.3462,0.3000
scaffold,3,GIN,Molecular graph,126,CCCCc1c(C)nc(nc1O)N(C)C ,c1cncnc1,-2.2400,-2.9564,0.7164,0.3448
scaffold,3,GIN,Molecular graph,160,CSc1nnc(c(=O)n1N)C(C)(C)C,O=c1cnnc[nH]1,-2.2530,-2.0887,0.1643,0.1923
scaffold,3,GIN,Molecular graph,176,CC1=CC(=O)CC(C)(C)C1 ,O=C1C=CCCC1,-1.0600,-2.4210,1.3610,0.2553
scaffold,3,GIN,Molecular graph,179,CCC1(CCC(=O)NC1=O)c2ccccc2 ,O=C1CCC(c2ccccc2)C(=O)N1,-2.3370,-3.0508,0.7138,0.3333
scaffold,3,GIN,Molecular graph,188,C1C(O)CCC2(C)CC3CCC4(C)C5(C)CC6OCC(C)CC6OC5CC4C3C=C21,C1=C2CCCCC2CC2CCC3C4CC5OCCCC5OC4CC3C12,-7.3200,-3.5590,3.7610,0.1875
scaffold,3,GIN,Molecular graph,195,CC(C)Oc1cc(c(Cl)cc1Cl)n2nc(oc2=O)C(C)(C)C,O=c1ocnn1-c1ccccc1,-5.6960,-4.9475,0.7485,0.2105
scaffold,3,GIN,Molecular graph,200,Nc1ccc(cc1)S(=O)(=O)c2ccc(N)cc2,O=S(=O)(c1ccccc1)c1ccccc1,-3.0940,-2.6079,0.4861,0.6500
scaffold,3,GIN,Molecular graph,213,CC12CCC(CC1)C(C)(C)O2 ,C1CC2CCC1CO2,-1.6400,-2.7251,1.0851,0.3000
scaffold,3,GIN,Molecular graph,217,CC(=C)C1CC=C(C)C(=O)C1,O=C1C=CCCC1,-2.0600,-2.1384,0.0784,0.4706
scaffold,3,GIN,Molecular graph,225,Cc3ccnc4N(C1CC1)c2ncccc2C(=O)Nc34 ,O=C1Nc2cccnc2N(C2CC2)c2ncccc21,-3.1900,-3.7673,0.5773,0.4909
scaffold,3,GIN,Molecular graph,260,CCOP(=S)(OCC)SC(CCl)N1C(=O)c2ccccc2C1=O,O=C1NC(=O)c2ccccc21,-6.3400,-5.1686,1.1714,0.3529
scaffold,3,GIN,Molecular graph,286,C(Cc1ccccc1)c2ccccc2,c1ccc(CCc2ccccc2)cc1,-4.6200,-3.5326,1.0874,0.6471
scaffold,3,GIN,Molecular graph,289,Cc1ccc2c(ccc3ccccc32)c1,c1ccc2c(c1)ccc1ccccc12,-5.8400,-5.8753,0.0353,0.6522
scaffold,3,GIN,Molecular graph,298,OCC1OC(CO)(OC2OC(COC3OC(CO)C(O)C(O)C3O)C(O)C(O)C2O)C(O)C1O,C1CCC(OCC2CCCC(OC3CCCO3)O2)OC1,-0.4100,0.9169,1.3269,0.8421
scaffold,3,GIN,Molecular graph,309,OC1CCCCCCC1,C1CCCCCCC1,-1.2900,-0.0475,1.2425,1.0000
scaffold,3,GIN,Molecular graph,318,Nc1ncnc2nc[nH]c12 ,c1ncc2[nH]cnc2n1,-2.1200,-0.8961,1.2239,0.2432
scaffold,3,GIN,Molecular graph,320,COc1ccc(cc1)C(O)(C2CC2)c3cncnc3 ,c1ccc(C(c2cncnc2)C2CC2)cc1,-2.5960,-3.0708,0.4748,0.2895
scaffold,3,GIN,Molecular graph,336,o1c2ccccc2c3ccccc13,c1ccc2c(c1)oc1ccccc12,-4.6000,-4.6342,0.0342,0.3684
scaffold,3,GIN,Molecular graph,339,c3ccc2nc1ccccc1cc2c3,c1ccc2nc3ccccc3cc2c1,-3.6700,-4.8408,1.1708,0.5625
scaffold,3,GIN,Molecular graph,340,CC12CC(=O)C3C(CCC4=CC(=O)CCC34C)C2CCC1(O)C(=O)CO,O=C1C=C2CCC3C4CCCC4CC(=O)C3C2CC1,-3.1100,-3.3697,0.2597,0.6780
scaffold,3,GIN,Molecular graph,344,CCC(C)C(=O)OC2CC(C)C=C3C=CC(C)C(CCC1CC(O)CC(=O)O1)C23 ,O=C1CCCC(CCC2CC=CC3=CCCCC32)O1,-6.0050,-2.6534,3.3516,0.1774
scaffold,3,GIN,Molecular graph,353,CCC(C(CC)c1ccc(O)cc1)c2ccc(O)cc2,c1ccc(CCc2ccccc2)cc1,-4.4300,-3.8461,0.5839,0.4800
scaffold,3,GIN,Molecular graph,360,CN(C)C(=O)Nc1ccc(c(Cl)c1)n2nc(oc2=O)C(C)(C)C,O=c1ocnn1-c1ccccc1,-4.3280,-4.1282,0.1998,0.4898
scaffold,3,GIN,Molecular graph,365,c1cncnc1,c1cncnc1,1.1000,1.0697,0.0303,0.5000
scaffold,3,GIN,Molecular graph,373,CC2Nc1cc(Cl)c(cc1C(=O)N2c3ccccc3C)S(N)(=O)=O ,O=C1c2ccccc2NCN1c1ccccc1,-3.7800,-4.3954,0.6154,0.3429
scaffold,3,GIN,Molecular graph,381,OCC(O)C2OC1OC(OC1C2O)C(Cl)(Cl)Cl ,C1CC2OCOC2O1,-1.8400,0.3472,2.1872,0.1765
scaffold,3,GIN,Molecular graph,386,Nc1nccs1 ,c1cscn1,-0.3600,-0.6456,0.2856,0.2143
scaffold,3,GIN,Molecular graph,394,CN(C(=O)NC(C)(C)c1ccccc1)c2ccccc2,O=C(NCc1ccccc1)Nc1ccccc1,-3.3500,-3.3446,0.0054,0.3784
scaffold,3,GIN,Molecular graph,412,CC(=O)Nc1nnc(s1)S(N)(=O)=O ,c1nncs1,-2.3600,-1.9807,0.3793,0.2703
scaffold,3,GIN,Molecular graph,414,ClC1=C(Cl)C2(Cl)C3C4CC(C=C4)C3C1(Cl)C2(Cl)Cl,C1=CC2CC1C1C3C=CC(C3)C21,-6.3070,-6.5917,0.2847,0.4839
scaffold,3,GIN,Molecular graph,422,ClC(Cl)C(Cl)(Cl)SN2C(=O)C1CC=CCC1C2=O ,O=C1NC(=O)C2CC=CCC12,-5.4000,-3.7551,1.6449,0.1935
scaffold,3,GIN,Molecular graph,448,NC(=O)NC1NC(=O)NC1=O ,O=C1CNC(=O)N1,-1.6000,-0.7164,0.8836,0.2105
scaffold,3,GIN,Molecular graph,449,OCC(O)COC(=O)c1ccccc1Nc2ccnc3cc(Cl)ccc23,c1ccc(Nc2ccnc3ccccc23)cc1,-4.5710,-4.3796,0.1914,0.2769
scaffold,3,GIN,Molecular graph,476,CN(C)C(=O)Oc1nc(nc(C)c1C)N(C)C,c1cncnc1,-1.9500,-2.9296,0.9796,0.3333
scaffold,3,GIN,Molecular graph,488,O=c2c(C3CCCc4ccccc43)c(O)c1ccccc1o2 ,O=c1oc2ccccc2cc1C1CCCc2ccccc21,-2.8400,-3.8176,0.9776,0.2619
scaffold,3,GIN,Molecular graph,495,Nc1cc(nc(N)n1=O)N2CCCCC2 ,c1cc(N2CCCCC2)nc[nH+]1,-1.9890,-2.2910,0.3020,0.1463
scaffold,3,GIN,Molecular graph,496,Nc2cccc3nc1ccccc1cc23 ,c1ccc2nc3ccccc3cc2c1,-4.2200,-4.4334,0.2134,0.5185
scaffold,3,GIN,Molecular graph,500,CCOP(=S)(OCC)SC(CCl)N2C(=O)c1ccccc1C2=O,O=C1NC(=O)c2ccccc21,-6.3400,-5.1686,1.1714,0.3529
scaffold,3,GIN,Molecular graph,504,CC1=C(CCCO1)C(=O)Nc2ccccc2 ,O=C(Nc1ccccc1)C1=COCCC1,-2.5600,-2.5365,0.0235,0.5581
scaffold,3,GIN,Molecular graph,512,Cc1c[nH]c2ccccc12 ,c1ccc2[nH]ccc2c1,-2.4200,-3.7882,1.3682,0.4348
scaffold,3,GIN,Molecular graph,518,CC(=O)N(S(=O)c1ccc(N)cc1)c2onc(C)c2C ,O=S(Nc1ccno1)c1ccccc1,-3.5900,-2.4381,1.1519,0.2708
scaffold,3,GIN,Molecular graph,536,CC3C2CCC1(C)C=CC(=O)C(=C1C2OC3=O)C,O=C1C=CC2CCC3CC(=O)OC3C2=C1,-3.0900,-3.2356,0.1456,0.2063
scaffold,3,GIN,Molecular graph,546,Cc2c(N)c(=O)n(c1ccccc1)n2C,O=c1cc[nH]n1-c1ccccc1,-0.6240,-2.7953,2.1713,0.3333
scaffold,3,GIN,Molecular graph,562,c1ccccc1C(O)C(O)c2ccccc2,c1ccc(CCc2ccccc2)cc1,-1.9300,-2.2535,0.3235,0.6471
scaffold,3,GIN,Molecular graph,579,c1ccc(cc1)c2ccc(cc2)c3ccccc3,c1ccc(-c2ccc(-c3ccccc3)cc2)cc1,-7.1100,-5.4598,1.6502,0.9000
scaffold,3,GIN,Molecular graph,582,Cc1cc(ccc1NS(=O)(=O)C(F)(F)F)S(=O)(=O)c2ccccc2,O=S(=O)(c1ccccc1)c1ccccc1,-3.8000,-3.7534,0.0466,0.4565
scaffold,3,GIN,Molecular graph,611,c1ccc2c(c1)ccc3ccccc32,c1ccc2c(c1)ccc1ccccc12,-5.2600,-5.5004,0.2404,0.8571
scaffold,3,GIN,Molecular graph,621,ClC(Cl)(Cl)C(NC=O)N1C=CN(C=C1)C(NC=O)C(Cl)(Cl)Cl ,C1=CNC=CN1,-4.1900,-1.5259,2.6641,0.2000
scaffold,3,GIN,Molecular graph,622,Cn2cc(c1ccccc1)c(=O)c(c2)c3cccc(c3)C(F)(F)F,O=c1c(-c2ccccc2)c[nH]cc1-c1ccccc1,-4.4450,-5.6053,1.1603,0.3714
scaffold,3,GIN,Molecular graph,624,CC12CCC3C(CCc4cc(O)ccc34)C2CCC1=O,O=C1CCC2C1CCC1c3ccccc3CCC12,-3.9550,-4.1380,0.1830,0.6250
scaffold,3,GIN,Molecular graph,626,CC1CO1,C1CO1,-0.5900,0.7901,1.3801,0.4118
scaffold,3,GIN,Molecular graph,637,c1ccc2c(c1)cc3ccc4cccc5ccc2c3c45,c1ccc2c(c1)cc1ccc3cccc4ccc2c1c34,-8.6990,-7.6532,1.0458,0.6522
scaffold,3,GIN,Molecular graph,647,Cc1cc(=O)[nH]c(=S)[nH]1,O=c1cc[nH]c(=S)[nH]1,-2.4360,-1.6078,0.8282,0.2581
scaffold,3,GIN,Molecular graph,652,CC1(C)CON(Cc2ccccc2Cl)C1=O,O=C1CCON1Cc1ccccc1,-2.3380,-2.8748,0.5368,0.2703
scaffold,3,GIN,Molecular graph,659,OC(Cn1cncn1)(Cn2cncn2)c3ccc(F)cc3F ,c1ccc(C(Cn2cncn2)Cn2cncn2)cc1,-1.8000,-1.9852,0.1852,0.5417
scaffold,3,GIN,Molecular graph,676,c1cc2ccc3ccc4ccc5cccc6c(c1)c2c3c4c56,c1cc2ccc3ccc4ccc5cccc6c(c1)c2c3c4c56,-9.0180,-8.6414,0.3766,0.8235
scaffold,3,GIN,Molecular graph,678,c1c(OC)c(OC)C2C(=O)OCC2c1,O=C1OCC2C=CC=CC12,-1.8990,-1.5446,0.3544,0.2000
scaffold,3,GIN,Molecular graph,683,Cc1cc(=O)n(c2ccccc2)n1C,O=c1cc[nH]n1-c1ccccc1,0.7150,-3.1597,3.8747,0.3250
scaffold,3,GIN,Molecular graph,702,CC(=O)OCC(=O)C3(O)CCC4C2CCC1=CC(=O)CCC1(C)C2C(=O)CC34C ,O=C1C=C2CCC3C4CCCC4CC(=O)C3C2CC1,-4.2100,-3.4856,0.7244,0.7031
scaffold,3,GIN,Molecular graph,708,CN(C)C(=O)NC1CC2CC1C3CCCC23,C1CC2C3CCC(C3)C2C1,-3.1710,-3.8647,0.6937,0.2381
scaffold,3,GIN,Molecular graph,724,O=C1NC(=O)c2ccccc12 ,O=C1NC(=O)c2ccccc21,-2.6100,-3.1394,0.5294,0.3333
scaffold,3,GIN,Molecular graph,730,CCC2NC(=O)c1cc(c(Cl)cc1N2)S(N)(=O)=O,O=C1NCNc2ccccc21,-3.2900,-3.3052,0.0152,0.3889
scaffold,3,GIN,Molecular graph,733,C1(=O)NC(=O)NC(=O)C1(O)C2(O)C(=O)NC(=O)NC2(=O),O=C1NC(=O)C(C2C(=O)NC(=O)NC2=O)C(=O)N1,-1.9900,-0.7481,1.2419,0.4737
scaffold,3,GIN,Molecular graph,754,COc2cc1c(N)nc(nc1c(OC)c2OC)N3CCN(CC3)C(=O)OCC(C)(C)O ,c1ccc2nc(N3CCNCC3)ncc2c1,-3.6380,-3.1530,0.4850,0.1972
scaffold,3,GIN,Molecular graph,771,C1CCCCCCC1,C1CCCCCCC1,-4.1500,-1.0746,3.0754,1.0000
scaffold,3,GIN,Molecular graph,775,Clc1ccc(CN(C2CCCC2)C(=O)Nc3ccccc3)cc1,O=C(Nc1ccccc1)N(Cc1ccccc1)C1CCCC1,-5.9150,-4.3558,1.5592,0.4000
scaffold,3,GIN,Molecular graph,780,c1ccc2c3c(ccc2c1)c4cccc5cccc3c45,c1ccc2c3c(ccc2c1)-c1cccc2cccc-3c12,-8.0000,-8.5537,0.5537,0.5000
scaffold,3,GIN,Molecular graph,792,OC1C=CC2C1C3(Cl)C(=C(Cl)C2(Cl)C3(Cl)Cl)Cl ,C1=CC2C3C=CC(C3)C2C1,-5.4600,-5.7236,0.2636,0.3714
scaffold,3,GIN,Molecular graph,797,CC2(C)C1CCC(C)(C1)C2=O,O=C1CC2CCC1C2,-1.8500,-3.8498,1.9998,0.2647
scaffold,3,GIN,Molecular graph,799,ClC2=C(Cl)C3(Cl)C1C=CCC1C2(Cl)C3(Cl)Cl ,C1=CC2C3C=CC(C3)C2C1,-5.6400,-6.1093,0.4693,0.3611
scaffold,3,GIN,Molecular graph,801,c1ccc2c(c1)[nH]c3ccccc32,c1ccc2c(c1)[nH]c1ccccc12,-5.2700,-5.5389,0.2689,0.3684
scaffold,3,GIN,Molecular graph,807,CCCCc1c(C)nc(NCC)nc1OS(=O)(=O)N(C)C ,c1cncnc1,-4.1600,-3.5927,0.5673,0.4286
scaffold,3,GIN,Molecular graph,812,c1cc2ccc(OC)c(CC=C(C)(C))c2oc1=O ,O=c1ccc2ccccc2o1,-4.3140,-4.3769,0.0629,0.3673
scaffold,3,GIN,Molecular graph,819,c1ccc2cc3cc4ccccc4cc3cc2c1,c1ccc2cc3cc4ccccc4cc3cc2c1,-8.6000,-6.5047,2.0953,0.9091
scaffold,3,GIN,Molecular graph,829,CN(C)C(=O)OC1=CC(=O)CC(C)(C)C1 ,O=C1C=CCCC1,-0.8500,-2.0279,1.1779,0.2381
scaffold,3,GIN,Molecular graph,846,O=C1CNC(=O)N1 ,O=C1CNC(=O)N1,-0.4000,0.0916,0.4916,0.3684
scaffold,3,GIN,Molecular graph,849,CCOP(=S)(OCC)Oc2ccc1oc(=O)c(Cl)c(C)c1c2,O=c1ccc2ccccc2o1,-5.3820,-5.4979,0.1159,0.4118
scaffold,3,GIN,Molecular graph,852,O=c2[nH]c(=O)c1[nH]c(=O)[nH]c1[nH]2 ,O=c1[nH]c(=O)c2[nH]c(=O)[nH]c2[nH]1,-3.9300,-2.1294,1.8006,0.2963
scaffold,3,GIN,Molecular graph,863,CC1(OC(=O)N(C1=O)c2cc(Cl)cc(Cl)c2)C=C,O=C1COC(=O)N1c1ccccc1,-4.9250,-4.8702,0.0548,0.4615
scaffold,3,GIN,Molecular graph,893,CCN(Cc1c(F)cccc1Cl)c2c(cc(cc2N(=O)=O)C(F)(F)F)N(=O)=O,c1ccc(CNc2ccccc2)cc1,-6.7800,-5.7242,1.0558,0.5472
scaffold,3,GIN,Molecular graph,899,ClC1C=CC2C1C3(Cl)C(=C(Cl)C2(Cl)C3(Cl)Cl)Cl,C1=CC2C3C=CC(C3)C2C1,-6.3170,-6.3040,0.0130,0.3824
scaffold,3,GIN,Molecular graph,916,c2ccc1[nH]ncc1c2 ,c1ccc2[nH]ncc2c1,-2.1600,-1.7036,0.4564,0.3571
scaffold,3,GIN,Molecular graph,918,Nc2nc1[nH]cnc1c(=O)[nH]2 ,O=c1[nH]cnc2[nH]cnc12,-3.5830,-1.3913,2.1917,0.3158
scaffold,3,GIN,Molecular graph,938,Nc1nc(O)nc2nc[nH]c12 ,c1ncc2[nH]cnc2n1,-3.4010,-1.4995,1.9015,0.2778
scaffold,3,GIN,Molecular graph,943,c2ccc1[nH]ccc1c2,c1ccc2[nH]ccc2c1,-1.5200,-3.1711,1.6511,0.3889
scaffold,3,GIN,Molecular graph,949,COC(=O)Nc2nc1ccc(cc1[nH]2)C(=O)c3ccccc3,O=C(c1ccccc1)c1ccc2nc[nH]c2c1,-3.8800,-4.5698,0.6898,0.3500
scaffold,3,GIN,Molecular graph,955,C1C=CCC=C1,C1=CCC=CC1,-2.0600,-1.2689,0.7911,0.2727
scaffold,3,GIN,Molecular graph,976,CC12CCC(CC1)C(C)(C)O2,C1CC2CCC1CO2,-1.7400,-2.7251,0.9851,0.3000
scaffold,3,GIN,Molecular graph,984,O=C2NC(=O)C1(CCCC1)C(=O)N2,O=C1NC(=O)C2(CCCC2)C(=O)N1,-2.3490,-1.5942,0.7548,0.9444
scaffold,3,GIN,Molecular graph,987,CN(C)C(=O)NC1CCCCCCC1,C1CCCCCCC1,-2.2180,-0.8831,1.3349,0.2973
scaffold,3,GIN,Molecular graph,991,CN(C)c2c(C)n(C)n(c1ccccc1)c2=O ,O=c1cc[nH]n1-c1ccccc1,-0.3640,-3.4918,3.1278,0.3030
scaffold,3,GIN,Molecular graph,1014,O=C1NCCN1c2ncc(s2)N(=O)=O,O=C1NCCN1c1nccs1,-3.2200,-2.4118,0.8082,0.2400
scaffold,3,GIN,Molecular graph,1015,C1c2ccccc2c3ccc4ccccc4c13,c1ccc2c(c1)Cc1c-2ccc2ccccc12,-6.6800,-7.4261,0.7461,0.4688
scaffold,3,GIN,Molecular graph,1022,N(=Nc1ccccc1)c2ccccc2,c1ccc(N=Nc2ccccc2)cc1,-4.4500,-3.4498,1.0002,0.4000
scaffold,3,GIN,Molecular graph,1037,c1c(O)C2C(=O)C3cc(O)ccC3OC2cc1(OC),O=C1C2C=CC=CC2OC2C=CC=CC12,-2.9430,-1.0989,1.8441,0.1667
scaffold,3,GIN,Molecular graph,1039,CC(=O)SC4CC1=CC(=O)CCC1(C)C5CCC2(C)C(CCC23CCC(=O)O3)C45,O=C1C=C2CCC3C(CCC4C3CCC43CCC(=O)O3)C2CC1,-4.1730,-4.2780,0.1050,0.4242
scaffold,3,GIN,Molecular graph,1054,Cc1cccc2c1ccc3ccccc32,c1ccc2c(c1)ccc1ccccc12,-5.8500,-5.6886,0.1614,0.7273
scaffold,3,GIN,Molecular graph,1061,COC1=CC(=O)CC(C)C13Oc2c(Cl)c(OC)cc(OC)c2C3=O,O=C1C=CC2(CC1)Oc1ccccc1C2=O,-3.2460,-4.7578,1.5118,0.1951
scaffold,3,GIN,Molecular graph,1085,CCOP(=S)(OCC)N2C(=O)c1ccccc1C2=O,O=C1NC(=O)c2ccccc21,-3.3500,-4.6948,1.3448,0.3208
scaffold,3,GIN,Molecular graph,1090,O=C(C=CC=Cc2ccc1OCOc1c2)N3CCCCC3,O=C(C=CC=Cc1ccc2c(c1)OCO2)N1CCCCC1,-3.4600,-2.9185,0.5415,0.1786
scaffold,3,GIN,Molecular graph,1093,O=C2NC(=O)C1(CCCCCCC1)C(=O)N2,O=C1NC(=O)C2(CCCCCCC2)C(=O)N1,-2.9820,-1.4826,1.4994,1.0000
scaffold,3,GIN,Molecular graph,1095,Oc2cc(O)c1C(=O)CC(Oc1c2)c3ccc(O)c(O)c3,O=C1CC(c2ccccc2)Oc2ccccc21,-3.6200,-1.9897,1.6303,0.1951
scaffold,3,GIN,Molecular graph,1106,CC(C)(C)C(=O)C(Oc1ccc(Cl)cc1)n2cncn2,c1ccc(OCn2cncn2)cc1,-3.6100,-3.4883,0.1217,0.3077
scaffold,3,GIN,Molecular graph,1110,CCOC(=O)Nc2cccc(OC(=O)Nc1ccccc1)c2 ,O=C(Nc1ccccc1)Oc1ccccc1,-4.6320,-3.9264,0.7056,0.4694
scaffold,3,GIN,Molecular graph,1115,O=C1NC(=O)C(=O)N1 ,O=C1NC(=O)C(=O)N1,-0.4000,-0.7726,0.3726,0.4118
scaffold,4,Dummy (mean),RDKit descriptors,1,Cc1occc1C(=O)Nc2ccccc2,O=C(Nc1ccccc1)c1ccoc1,-3.3000,-2.9226,0.3774,0.4545
scaffold,4,Dummy (mean),RDKit descriptors,4,c1ccsc1,c1ccsc1,-1.3300,-2.9226,1.5926,0.2222
scaffold,4,Dummy (mean),RDKit descriptors,18,CCOP(=S)(OCC)Oc1cc(C)nc(n1)C(C)C,c1cncnc1,-3.6400,-2.9226,0.7174,0.4130
scaffold,4,Dummy (mean),RDKit descriptors,32,COC(=O)Nc1cccc(OC(=O)Nc2cccc(C)c2)c1,O=C(Nc1ccccc1)Oc1ccccc1,-4.8050,-2.9226,1.8824,0.4894
scaffold,4,Dummy (mean),RDKit descriptors,72,CC1(C)C2CCC1(C)C(=O)C2,O=C1CC2CCC1C2,-1.9600,-2.9226,0.9626,0.3030
scaffold,4,Dummy (mean),RDKit descriptors,86,CC(C)C(C(=O)OC(C#N)c1cccc(Oc2ccccc2)c1)c3ccc(OC(F)F)cc3,O=C(Cc1ccccc1)OCc1cccc(Oc2ccccc2)c1,-6.8760,-2.9226,3.9534,0.5333
scaffold,4,Dummy (mean),RDKit descriptors,92,c1ccc2c(c1)c3cccc4cccc2c34,c1ccc2c(c1)-c1cccc3cccc-2c13,-6.0000,-2.9226,3.0774,0.7368
scaffold,4,Dummy (mean),RDKit descriptors,98,C1OC1c2ccccc2 ,c1ccc(C2CO2)cc1,-1.6000,-2.9226,1.3226,0.3000
scaffold,4,Dummy (mean),RDKit descriptors,126,CCCCc1c(C)nc(nc1O)N(C)C ,c1cncnc1,-2.2400,-2.9226,0.6826,0.3448
scaffold,4,Dummy (mean),RDKit descriptors,160,CSc1nnc(c(=O)n1N)C(C)(C)C,O=c1cnnc[nH]1,-2.2530,-2.9226,0.6696,0.1923
scaffold,4,Dummy (mean),RDKit descriptors,176,CC1=CC(=O)CC(C)(C)C1 ,O=C1C=CCCC1,-1.0600,-2.9226,1.8626,0.2553
scaffold,4,Dummy (mean),RDKit descriptors,179,CCC1(CCC(=O)NC1=O)c2ccccc2 ,O=C1CCC(c2ccccc2)C(=O)N1,-2.3370,-2.9226,0.5856,0.3333
scaffold,4,Dummy (mean),RDKit descriptors,188,C1C(O)CCC2(C)CC3CCC4(C)C5(C)CC6OCC(C)CC6OC5CC4C3C=C21,C1=C2CCCCC2CC2CCC3C4CC5OCCCC5OC4CC3C12,-7.3200,-2.9226,4.3974,0.1875
scaffold,4,Dummy (mean),RDKit descriptors,195,CC(C)Oc1cc(c(Cl)cc1Cl)n2nc(oc2=O)C(C)(C)C,O=c1ocnn1-c1ccccc1,-5.6960,-2.9226,2.7734,0.2105
scaffold,4,Dummy (mean),RDKit descriptors,200,Nc1ccc(cc1)S(=O)(=O)c2ccc(N)cc2,O=S(=O)(c1ccccc1)c1ccccc1,-3.0940,-2.9226,0.1714,0.6500
scaffold,4,Dummy (mean),RDKit descriptors,213,CC12CCC(CC1)C(C)(C)O2 ,C1CC2CCC1CO2,-1.6400,-2.9226,1.2826,0.3000
scaffold,4,Dummy (mean),RDKit descriptors,217,CC(=C)C1CC=C(C)C(=O)C1,O=C1C=CCCC1,-2.0600,-2.9226,0.8626,0.4706
scaffold,4,Dummy (mean),RDKit descriptors,225,Cc3ccnc4N(C1CC1)c2ncccc2C(=O)Nc34 ,O=C1Nc2cccnc2N(C2CC2)c2ncccc21,-3.1900,-2.9226,0.2674,0.4909
scaffold,4,Dummy (mean),RDKit descriptors,260,CCOP(=S)(OCC)SC(CCl)N1C(=O)c2ccccc2C1=O,O=C1NC(=O)c2ccccc21,-6.3400,-2.9226,3.4174,0.3529
scaffold,4,Dummy (mean),RDKit descriptors,286,C(Cc1ccccc1)c2ccccc2,c1ccc(CCc2ccccc2)cc1,-4.6200,-2.9226,1.6974,0.6471
scaffold,4,Dummy (mean),RDKit descriptors,289,Cc1ccc2c(ccc3ccccc32)c1,c1ccc2c(c1)ccc1ccccc12,-5.8400,-2.9226,2.9174,0.6522
scaffold,4,Dummy (mean),RDKit descriptors,298,OCC1OC(CO)(OC2OC(COC3OC(CO)C(O)C(O)C3O)C(O)C(O)C2O)C(O)C1O,C1CCC(OCC2CCCC(OC3CCCO3)O2)OC1,-0.4100,-2.9226,2.5126,0.8421
scaffold,4,Dummy (mean),RDKit descriptors,309,OC1CCCCCCC1,C1CCCCCCC1,-1.2900,-2.9226,1.6326,1.0000
scaffold,4,Dummy (mean),RDKit descriptors,318,Nc1ncnc2nc[nH]c12 ,c1ncc2[nH]cnc2n1,-2.1200,-2.9226,0.8026,0.2432
scaffold,4,Dummy (mean),RDKit descriptors,320,COc1ccc(cc1)C(O)(C2CC2)c3cncnc3 ,c1ccc(C(c2cncnc2)C2CC2)cc1,-2.5960,-2.9226,0.3266,0.2895
scaffold,4,Dummy (mean),RDKit descriptors,336,o1c2ccccc2c3ccccc13,c1ccc2c(c1)oc1ccccc12,-4.6000,-2.9226,1.6774,0.3684
scaffold,4,Dummy (mean),RDKit descriptors,339,c3ccc2nc1ccccc1cc2c3,c1ccc2nc3ccccc3cc2c1,-3.6700,-2.9226,0.7474,0.5625
scaffold,4,Dummy (mean),RDKit descriptors,340,CC12CC(=O)C3C(CCC4=CC(=O)CCC34C)C2CCC1(O)C(=O)CO,O=C1C=C2CCC3C4CCCC4CC(=O)C3C2CC1,-3.1100,-2.9226,0.1874,0.6780
scaffold,4,Dummy (mean),RDKit descriptors,344,CCC(C)C(=O)OC2CC(C)C=C3C=CC(C)C(CCC1CC(O)CC(=O)O1)C23 ,O=C1CCCC(CCC2CC=CC3=CCCCC32)O1,-6.0050,-2.9226,3.0824,0.1774
scaffold,4,Dummy (mean),RDKit descriptors,353,CCC(C(CC)c1ccc(O)cc1)c2ccc(O)cc2,c1ccc(CCc2ccccc2)cc1,-4.4300,-2.9226,1.5074,0.4800
scaffold,4,Dummy (mean),RDKit descriptors,360,CN(C)C(=O)Nc1ccc(c(Cl)c1)n2nc(oc2=O)C(C)(C)C,O=c1ocnn1-c1ccccc1,-4.3280,-2.9226,1.4054,0.4898
scaffold,4,Dummy (mean),RDKit descriptors,365,c1cncnc1,c1cncnc1,1.1000,-2.9226,4.0226,0.5000
scaffold,4,Dummy (mean),RDKit descriptors,373,CC2Nc1cc(Cl)c(cc1C(=O)N2c3ccccc3C)S(N)(=O)=O ,O=C1c2ccccc2NCN1c1ccccc1,-3.7800,-2.9226,0.8574,0.3429
scaffold,4,Dummy (mean),RDKit descriptors,381,OCC(O)C2OC1OC(OC1C2O)C(Cl)(Cl)Cl ,C1CC2OCOC2O1,-1.8400,-2.9226,1.0826,0.1765
scaffold,4,Dummy (mean),RDKit descriptors,386,Nc1nccs1 ,c1cscn1,-0.3600,-2.9226,2.5626,0.2143
scaffold,4,Dummy (mean),RDKit descriptors,394,CN(C(=O)NC(C)(C)c1ccccc1)c2ccccc2,O=C(NCc1ccccc1)Nc1ccccc1,-3.3500,-2.9226,0.4274,0.3784
scaffold,4,Dummy (mean),RDKit descriptors,412,CC(=O)Nc1nnc(s1)S(N)(=O)=O ,c1nncs1,-2.3600,-2.9226,0.5626,0.2703
scaffold,4,Dummy (mean),RDKit descriptors,414,ClC1=C(Cl)C2(Cl)C3C4CC(C=C4)C3C1(Cl)C2(Cl)Cl,C1=CC2CC1C1C3C=CC(C3)C21,-6.3070,-2.9226,3.3844,0.4839
scaffold,4,Dummy (mean),RDKit descriptors,422,ClC(Cl)C(Cl)(Cl)SN2C(=O)C1CC=CCC1C2=O ,O=C1NC(=O)C2CC=CCC12,-5.4000,-2.9226,2.4774,0.1935
scaffold,4,Dummy (mean),RDKit descriptors,448,NC(=O)NC1NC(=O)NC1=O ,O=C1CNC(=O)N1,-1.6000,-2.9226,1.3226,0.2105
scaffold,4,Dummy (mean),RDKit descriptors,449,OCC(O)COC(=O)c1ccccc1Nc2ccnc3cc(Cl)ccc23,c1ccc(Nc2ccnc3ccccc23)cc1,-4.5710,-2.9226,1.6484,0.2769
scaffold,4,Dummy (mean),RDKit descriptors,476,CN(C)C(=O)Oc1nc(nc(C)c1C)N(C)C,c1cncnc1,-1.9500,-2.9226,0.9726,0.3333
scaffold,4,Dummy (mean),RDKit descriptors,488,O=c2c(C3CCCc4ccccc43)c(O)c1ccccc1o2 ,O=c1oc2ccccc2cc1C1CCCc2ccccc21,-2.8400,-2.9226,0.0826,0.2619
scaffold,4,Dummy (mean),RDKit descriptors,495,Nc1cc(nc(N)n1=O)N2CCCCC2 ,c1cc(N2CCCCC2)nc[nH+]1,-1.9890,-2.9226,0.9336,0.1463
scaffold,4,Dummy (mean),RDKit descriptors,496,Nc2cccc3nc1ccccc1cc23 ,c1ccc2nc3ccccc3cc2c1,-4.2200,-2.9226,1.2974,0.5185
scaffold,4,Dummy (mean),RDKit descriptors,500,CCOP(=S)(OCC)SC(CCl)N2C(=O)c1ccccc1C2=O,O=C1NC(=O)c2ccccc21,-6.3400,-2.9226,3.4174,0.3529
scaffold,4,Dummy (mean),RDKit descriptors,504,CC1=C(CCCO1)C(=O)Nc2ccccc2 ,O=C(Nc1ccccc1)C1=COCCC1,-2.5600,-2.9226,0.3626,0.5581
scaffold,4,Dummy (mean),RDKit descriptors,512,Cc1c[nH]c2ccccc12 ,c1ccc2[nH]ccc2c1,-2.4200,-2.9226,0.5026,0.4348
scaffold,4,Dummy (mean),RDKit descriptors,518,CC(=O)N(S(=O)c1ccc(N)cc1)c2onc(C)c2C ,O=S(Nc1ccno1)c1ccccc1,-3.5900,-2.9226,0.6674,0.2708
scaffold,4,Dummy (mean),RDKit descriptors,536,CC3C2CCC1(C)C=CC(=O)C(=C1C2OC3=O)C,O=C1C=CC2CCC3CC(=O)OC3C2=C1,-3.0900,-2.9226,0.1674,0.2063
scaffold,4,Dummy (mean),RDKit descriptors,546,Cc2c(N)c(=O)n(c1ccccc1)n2C,O=c1cc[nH]n1-c1ccccc1,-0.6240,-2.9226,2.2986,0.3333
scaffold,4,Dummy (mean),RDKit descriptors,562,c1ccccc1C(O)C(O)c2ccccc2,c1ccc(CCc2ccccc2)cc1,-1.9300,-2.9226,0.9926,0.6471
scaffold,4,Dummy (mean),RDKit descriptors,579,c1ccc(cc1)c2ccc(cc2)c3ccccc3,c1ccc(-c2ccc(-c3ccccc3)cc2)cc1,-7.1100,-2.9226,4.1874,0.9000
scaffold,4,Dummy (mean),RDKit descriptors,582,Cc1cc(ccc1NS(=O)(=O)C(F)(F)F)S(=O)(=O)c2ccccc2,O=S(=O)(c1ccccc1)c1ccccc1,-3.8000,-2.9226,0.8774,0.4565
scaffold,4,Dummy (mean),RDKit descriptors,611,c1ccc2c(c1)ccc3ccccc32,c1ccc2c(c1)ccc1ccccc12,-5.2600,-2.9226,2.3374,0.8571
scaffold,4,Dummy (mean),RDKit descriptors,621,ClC(Cl)(Cl)C(NC=O)N1C=CN(C=C1)C(NC=O)C(Cl)(Cl)Cl ,C1=CNC=CN1,-4.1900,-2.9226,1.2674,0.2000
scaffold,4,Dummy (mean),RDKit descriptors,622,Cn2cc(c1ccccc1)c(=O)c(c2)c3cccc(c3)C(F)(F)F,O=c1c(-c2ccccc2)c[nH]cc1-c1ccccc1,-4.4450,-2.9226,1.5224,0.3714
scaffold,4,Dummy (mean),RDKit descriptors,624,CC12CCC3C(CCc4cc(O)ccc34)C2CCC1=O,O=C1CCC2C1CCC1c3ccccc3CCC12,-3.9550,-2.9226,1.0324,0.6250
scaffold,4,Dummy (mean),RDKit descriptors,626,CC1CO1,C1CO1,-0.5900,-2.9226,2.3326,0.4118
scaffold,4,Dummy (mean),RDKit descriptors,637,c1ccc2c(c1)cc3ccc4cccc5ccc2c3c45,c1ccc2c(c1)cc1ccc3cccc4ccc2c1c34,-8.6990,-2.9226,5.7764,0.6522
scaffold,4,Dummy (mean),RDKit descriptors,647,Cc1cc(=O)[nH]c(=S)[nH]1,O=c1cc[nH]c(=S)[nH]1,-2.4360,-2.9226,0.4866,0.2581
scaffold,4,Dummy (mean),RDKit descriptors,652,CC1(C)CON(Cc2ccccc2Cl)C1=O,O=C1CCON1Cc1ccccc1,-2.3380,-2.9226,0.5846,0.2703
scaffold,4,Dummy (mean),RDKit descriptors,659,OC(Cn1cncn1)(Cn2cncn2)c3ccc(F)cc3F ,c1ccc(C(Cn2cncn2)Cn2cncn2)cc1,-1.8000,-2.9226,1.1226,0.5417
scaffold,4,Dummy (mean),RDKit descriptors,676,c1cc2ccc3ccc4ccc5cccc6c(c1)c2c3c4c56,c1cc2ccc3ccc4ccc5cccc6c(c1)c2c3c4c56,-9.0180,-2.9226,6.0954,0.8235
scaffold,4,Dummy (mean),RDKit descriptors,678,c1c(OC)c(OC)C2C(=O)OCC2c1,O=C1OCC2C=CC=CC12,-1.8990,-2.9226,1.0236,0.2000
scaffold,4,Dummy (mean),RDKit descriptors,683,Cc1cc(=O)n(c2ccccc2)n1C,O=c1cc[nH]n1-c1ccccc1,0.7150,-2.9226,3.6376,0.3250
scaffold,4,Dummy (mean),RDKit descriptors,702,CC(=O)OCC(=O)C3(O)CCC4C2CCC1=CC(=O)CCC1(C)C2C(=O)CC34C ,O=C1C=C2CCC3C4CCCC4CC(=O)C3C2CC1,-4.2100,-2.9226,1.2874,0.7031
scaffold,4,Dummy (mean),RDKit descriptors,708,CN(C)C(=O)NC1CC2CC1C3CCCC23,C1CC2C3CCC(C3)C2C1,-3.1710,-2.9226,0.2484,0.2381
scaffold,4,Dummy (mean),RDKit descriptors,724,O=C1NC(=O)c2ccccc12 ,O=C1NC(=O)c2ccccc21,-2.6100,-2.9226,0.3126,0.3333
scaffold,4,Dummy (mean),RDKit descriptors,730,CCC2NC(=O)c1cc(c(Cl)cc1N2)S(N)(=O)=O,O=C1NCNc2ccccc21,-3.2900,-2.9226,0.3674,0.3889
scaffold,4,Dummy (mean),RDKit descriptors,733,C1(=O)NC(=O)NC(=O)C1(O)C2(O)C(=O)NC(=O)NC2(=O),O=C1NC(=O)C(C2C(=O)NC(=O)NC2=O)C(=O)N1,-1.9900,-2.9226,0.9326,0.4737
scaffold,4,Dummy (mean),RDKit descriptors,754,COc2cc1c(N)nc(nc1c(OC)c2OC)N3CCN(CC3)C(=O)OCC(C)(C)O ,c1ccc2nc(N3CCNCC3)ncc2c1,-3.6380,-2.9226,0.7154,0.1972
scaffold,4,Dummy (mean),RDKit descriptors,771,C1CCCCCCC1,C1CCCCCCC1,-4.1500,-2.9226,1.2274,1.0000
scaffold,4,Dummy (mean),RDKit descriptors,775,Clc1ccc(CN(C2CCCC2)C(=O)Nc3ccccc3)cc1,O=C(Nc1ccccc1)N(Cc1ccccc1)C1CCCC1,-5.9150,-2.9226,2.9924,0.4000
scaffold,4,Dummy (mean),RDKit descriptors,780,c1ccc2c3c(ccc2c1)c4cccc5cccc3c45,c1ccc2c3c(ccc2c1)-c1cccc2cccc-3c12,-8.0000,-2.9226,5.0774,0.5000
scaffold,4,Dummy (mean),RDKit descriptors,792,OC1C=CC2C1C3(Cl)C(=C(Cl)C2(Cl)C3(Cl)Cl)Cl ,C1=CC2C3C=CC(C3)C2C1,-5.4600,-2.9226,2.5374,0.3714
scaffold,4,Dummy (mean),RDKit descriptors,797,CC2(C)C1CCC(C)(C1)C2=O,O=C1CC2CCC1C2,-1.8500,-2.9226,1.0726,0.2647
scaffold,4,Dummy (mean),RDKit descriptors,799,ClC2=C(Cl)C3(Cl)C1C=CCC1C2(Cl)C3(Cl)Cl ,C1=CC2C3C=CC(C3)C2C1,-5.6400,-2.9226,2.7174,0.3611
scaffold,4,Dummy (mean),RDKit descriptors,801,c1ccc2c(c1)[nH]c3ccccc32,c1ccc2c(c1)[nH]c1ccccc12,-5.2700,-2.9226,2.3474,0.3684
scaffold,4,Dummy (mean),RDKit descriptors,807,CCCCc1c(C)nc(NCC)nc1OS(=O)(=O)N(C)C ,c1cncnc1,-4.1600,-2.9226,1.2374,0.4286
scaffold,4,Dummy (mean),RDKit descriptors,812,c1cc2ccc(OC)c(CC=C(C)(C))c2oc1=O ,O=c1ccc2ccccc2o1,-4.3140,-2.9226,1.3914,0.3673
scaffold,4,Dummy (mean),RDKit descriptors,819,c1ccc2cc3cc4ccccc4cc3cc2c1,c1ccc2cc3cc4ccccc4cc3cc2c1,-8.6000,-2.9226,5.6774,0.9091
scaffold,4,Dummy (mean),RDKit descriptors,829,CN(C)C(=O)OC1=CC(=O)CC(C)(C)C1 ,O=C1C=CCCC1,-0.8500,-2.9226,2.0726,0.2381
scaffold,4,Dummy (mean),RDKit descriptors,846,O=C1CNC(=O)N1 ,O=C1CNC(=O)N1,-0.4000,-2.9226,2.5226,0.3684
scaffold,4,Dummy (mean),RDKit descriptors,849,CCOP(=S)(OCC)Oc2ccc1oc(=O)c(Cl)c(C)c1c2,O=c1ccc2ccccc2o1,-5.3820,-2.9226,2.4594,0.4118
scaffold,4,Dummy (mean),RDKit descriptors,852,O=c2[nH]c(=O)c1[nH]c(=O)[nH]c1[nH]2 ,O=c1[nH]c(=O)c2[nH]c(=O)[nH]c2[nH]1,-3.9300,-2.9226,1.0074,0.2963
scaffold,4,Dummy (mean),RDKit descriptors,863,CC1(OC(=O)N(C1=O)c2cc(Cl)cc(Cl)c2)C=C,O=C1COC(=O)N1c1ccccc1,-4.9250,-2.9226,2.0024,0.4615
scaffold,4,Dummy (mean),RDKit descriptors,893,CCN(Cc1c(F)cccc1Cl)c2c(cc(cc2N(=O)=O)C(F)(F)F)N(=O)=O,c1ccc(CNc2ccccc2)cc1,-6.7800,-2.9226,3.8574,0.5472
scaffold,4,Dummy (mean),RDKit descriptors,899,ClC1C=CC2C1C3(Cl)C(=C(Cl)C2(Cl)C3(Cl)Cl)Cl,C1=CC2C3C=CC(C3)C2C1,-6.3170,-2.9226,3.3944,0.3824
scaffold,4,Dummy (mean),RDKit descriptors,916,c2ccc1[nH]ncc1c2 ,c1ccc2[nH]ncc2c1,-2.1600,-2.9226,0.7626,0.3571
scaffold,4,Dummy (mean),RDKit descriptors,918,Nc2nc1[nH]cnc1c(=O)[nH]2 ,O=c1[nH]cnc2[nH]cnc12,-3.5830,-2.9226,0.6604,0.3158
scaffold,4,Dummy (mean),RDKit descriptors,938,Nc1nc(O)nc2nc[nH]c12 ,c1ncc2[nH]cnc2n1,-3.4010,-2.9226,0.4784,0.2778
scaffold,4,Dummy (mean),RDKit descriptors,943,c2ccc1[nH]ccc1c2,c1ccc2[nH]ccc2c1,-1.5200,-2.9226,1.4026,0.3889
scaffold,4,Dummy (mean),RDKit descriptors,949,COC(=O)Nc2nc1ccc(cc1[nH]2)C(=O)c3ccccc3,O=C(c1ccccc1)c1ccc2nc[nH]c2c1,-3.8800,-2.9226,0.9574,0.3500
scaffold,4,Dummy (mean),RDKit descriptors,955,C1C=CCC=C1,C1=CCC=CC1,-2.0600,-2.9226,0.8626,0.2727
scaffold,4,Dummy (mean),RDKit descriptors,976,CC12CCC(CC1)C(C)(C)O2,C1CC2CCC1CO2,-1.7400,-2.9226,1.1826,0.3000
scaffold,4,Dummy (mean),RDKit descriptors,984,O=C2NC(=O)C1(CCCC1)C(=O)N2,O=C1NC(=O)C2(CCCC2)C(=O)N1,-2.3490,-2.9226,0.5736,0.9444
scaffold,4,Dummy (mean),RDKit descriptors,987,CN(C)C(=O)NC1CCCCCCC1,C1CCCCCCC1,-2.2180,-2.9226,0.7046,0.2973
scaffold,4,Dummy (mean),RDKit descriptors,991,CN(C)c2c(C)n(C)n(c1ccccc1)c2=O ,O=c1cc[nH]n1-c1ccccc1,-0.3640,-2.9226,2.5586,0.3030
scaffold,4,Dummy (mean),RDKit descriptors,1014,O=C1NCCN1c2ncc(s2)N(=O)=O,O=C1NCCN1c1nccs1,-3.2200,-2.9226,0.2974,0.2400
scaffold,4,Dummy (mean),RDKit descriptors,1015,C1c2ccccc2c3ccc4ccccc4c13,c1ccc2c(c1)Cc1c-2ccc2ccccc12,-6.6800,-2.9226,3.7574,0.4688
scaffold,4,Dummy (mean),RDKit descriptors,1022,N(=Nc1ccccc1)c2ccccc2,c1ccc(N=Nc2ccccc2)cc1,-4.4500,-2.9226,1.5274,0.4000
scaffold,4,Dummy (mean),RDKit descriptors,1037,c1c(O)C2C(=O)C3cc(O)ccC3OC2cc1(OC),O=C1C2C=CC=CC2OC2C=CC=CC12,-2.9430,-2.9226,0.0204,0.1667
scaffold,4,Dummy (mean),RDKit descriptors,1039,CC(=O)SC4CC1=CC(=O)CCC1(C)C5CCC2(C)C(CCC23CCC(=O)O3)C45,O=C1C=C2CCC3C(CCC4C3CCC43CCC(=O)O3)C2CC1,-4.1730,-2.9226,1.2504,0.4242
scaffold,4,Dummy (mean),RDKit descriptors,1054,Cc1cccc2c1ccc3ccccc32,c1ccc2c(c1)ccc1ccccc12,-5.8500,-2.9226,2.9274,0.7273
scaffold,4,Dummy (mean),RDKit descriptors,1061,COC1=CC(=O)CC(C)C13Oc2c(Cl)c(OC)cc(OC)c2C3=O,O=C1C=CC2(CC1)Oc1ccccc1C2=O,-3.2460,-2.9226,0.3234,0.1951
scaffold,4,Dummy (mean),RDKit descriptors,1085,CCOP(=S)(OCC)N2C(=O)c1ccccc1C2=O,O=C1NC(=O)c2ccccc21,-3.3500,-2.9226,0.4274,0.3208
scaffold,4,Dummy (mean),RDKit descriptors,1090,O=C(C=CC=Cc2ccc1OCOc1c2)N3CCCCC3,O=C(C=CC=Cc1ccc2c(c1)OCO2)N1CCCCC1,-3.4600,-2.9226,0.5374,0.1786
scaffold,4,Dummy (mean),RDKit descriptors,1093,O=C2NC(=O)C1(CCCCCCC1)C(=O)N2,O=C1NC(=O)C2(CCCCCCC2)C(=O)N1,-2.9820,-2.9226,0.0594,1.0000
scaffold,4,Dummy (mean),RDKit descriptors,1095,Oc2cc(O)c1C(=O)CC(Oc1c2)c3ccc(O)c(O)c3,O=C1CC(c2ccccc2)Oc2ccccc21,-3.6200,-2.9226,0.6974,0.1951
scaffold,4,Dummy (mean),RDKit descriptors,1106,CC(C)(C)C(=O)C(Oc1ccc(Cl)cc1)n2cncn2,c1ccc(OCn2cncn2)cc1,-3.6100,-2.9226,0.6874,0.3077
scaffold,4,Dummy (mean),RDKit descriptors,1110,CCOC(=O)Nc2cccc(OC(=O)Nc1ccccc1)c2 ,O=C(Nc1ccccc1)Oc1ccccc1,-4.6320,-2.9226,1.7094,0.4694
scaffold,4,Dummy (mean),RDKit descriptors,1115,O=C1NC(=O)C(=O)N1 ,O=C1NC(=O)C(=O)N1,-0.4000,-2.9226,2.5226,0.4118
scaffold,4,Linear,RDKit descriptors,1,Cc1occc1C(=O)Nc2ccccc2,O=C(Nc1ccccc1)c1ccoc1,-3.3000,-3.4818,0.1818,0.4545
scaffold,4,Linear,RDKit descriptors,4,c1ccsc1,c1ccsc1,-1.3300,-1.7495,0.4195,0.2222
scaffold,4,Linear,RDKit descriptors,18,CCOP(=S)(OCC)Oc1cc(C)nc(n1)C(C)C,c1cncnc1,-3.6400,-4.4940,0.8540,0.4130
scaffold,4,Linear,RDKit descriptors,32,COC(=O)Nc1cccc(OC(=O)Nc2cccc(C)c2)c1,O=C(Nc1ccccc1)Oc1ccccc1,-4.8050,-4.9747,0.1697,0.4894
scaffold,4,Linear,RDKit descriptors,72,CC1(C)C2CCC1(C)C(=O)C2,O=C1CC2CCC1C2,-1.9600,-2.6014,0.6414,0.3030
scaffold,4,Linear,RDKit descriptors,86,CC(C)C(C(=O)OC(C#N)c1cccc(Oc2ccccc2)c1)c3ccc(OC(F)F)cc3,O=C(Cc1ccccc1)OCc1cccc(Oc2ccccc2)c1,-6.8760,-8.0833,1.2073,0.5333
scaffold,4,Linear,RDKit descriptors,92,c1ccc2c(c1)c3cccc4cccc2c34,c1ccc2c(c1)-c1cccc3cccc-2c13,-6.0000,-4.8203,1.1797,0.7368
scaffold,4,Linear,RDKit descriptors,98,C1OC1c2ccccc2 ,c1ccc(C2CO2)cc1,-1.6000,-1.9144,0.3144,0.3000
scaffold,4,Linear,RDKit descriptors,126,CCCCc1c(C)nc(nc1O)N(C)C ,c1cncnc1,-2.2400,-2.5617,0.3217,0.3448
scaffold,4,Linear,RDKit descriptors,160,CSc1nnc(c(=O)n1N)C(C)(C)C,O=c1cnnc[nH]1,-2.2530,-1.3539,0.8991,0.1923
scaffold,4,Linear,RDKit descriptors,176,CC1=CC(=O)CC(C)(C)C1 ,O=C1C=CCCC1,-1.0600,-2.4755,1.4155,0.2553
scaffold,4,Linear,RDKit descriptors,179,CCC1(CCC(=O)NC1=O)c2ccccc2 ,O=C1CCC(c2ccccc2)C(=O)N1,-2.3370,-2.4721,0.1351,0.3333
scaffold,4,Linear,RDKit descriptors,188,C1C(O)CCC2(C)CC3CCC4(C)C5(C)CC6OCC(C)CC6OC5CC4C3C=C21,C1=C2CCCCC2CC2CCC3C4CC5OCCCC5OC4CC3C12,-7.3200,-6.7032,0.6168,0.1875
scaffold,4,Linear,RDKit descriptors,195,CC(C)Oc1cc(c(Cl)cc1Cl)n2nc(oc2=O)C(C)(C)C,O=c1ocnn1-c1ccccc1,-5.6960,-5.3837,0.3123,0.2105
scaffold,4,Linear,RDKit descriptors,200,Nc1ccc(cc1)S(=O)(=O)c2ccc(N)cc2,O=S(=O)(c1ccccc1)c1ccccc1,-3.0940,-2.8744,0.2196,0.6500
scaffold,4,Linear,RDKit descriptors,213,CC12CCC(CC1)C(C)(C)O2 ,C1CC2CCC1CO2,-1.6400,-2.8772,1.2372,0.3000
scaffold,4,Linear,RDKit descriptors,217,CC(=C)C1CC=C(C)C(=O)C1,O=C1C=CCCC1,-2.0600,-2.6599,0.5999,0.4706
scaffold,4,Linear,RDKit descriptors,225,Cc3ccnc4N(C1CC1)c2ncccc2C(=O)Nc34 ,O=C1Nc2cccnc2N(C2CC2)c2ncccc21,-3.1900,-3.6491,0.4591,0.4909
scaffold,4,Linear,RDKit descriptors,260,CCOP(=S)(OCC)SC(CCl)N1C(=O)c2ccccc2C1=O,O=C1NC(=O)c2ccccc21,-6.3400,-5.0792,1.2608,0.3529
scaffold,4,Linear,RDKit descriptors,286,C(Cc1ccccc1)c2ccccc2,c1ccc(CCc2ccccc2)cc1,-4.6200,-3.6856,0.9344,0.6471
scaffold,4,Linear,RDKit descriptors,289,Cc1ccc2c(ccc3ccccc32)c1,c1ccc2c(c1)ccc1ccccc12,-5.8400,-4.5947,1.2453,0.6522
scaffold,4,Linear,RDKit descriptors,298,OCC1OC(CO)(OC2OC(COC3OC(CO)C(O)C(O)C3O)C(O)C(O)C2O)C(O)C1O,C1CCC(OCC2CCCC(OC3CCCO3)O2)OC1,-0.4100,3.9761,4.3861,0.8421
scaffold,4,Linear,RDKit descriptors,309,OC1CCCCCCC1,C1CCCCCCC1,-1.2900,-2.2431,0.9531,1.0000
scaffold,4,Linear,RDKit descriptors,318,Nc1ncnc2nc[nH]c12 ,c1ncc2[nH]cnc2n1,-2.1200,-0.8051,1.3149,0.2432
scaffold,4,Linear,RDKit descriptors,320,COc1ccc(cc1)C(O)(C2CC2)c3cncnc3 ,c1ccc(C(c2cncnc2)C2CC2)cc1,-2.5960,-3.0345,0.4385,0.2895
scaffold,4,Linear,RDKit descriptors,336,o1c2ccccc2c3ccccc13,c1ccc2c(c1)oc1ccccc12,-4.6000,-3.9343,0.6657,0.3684
scaffold,4,Linear,RDKit descriptors,339,c3ccc2nc1ccccc1cc2c3,c1ccc2nc3ccccc3cc2c1,-3.6700,-3.7774,0.1074,0.5625
scaffold,4,Linear,RDKit descriptors,340,CC12CC(=O)C3C(CCC4=CC(=O)CCC34C)C2CCC1(O)C(=O)CO,O=C1C=C2CCC3C4CCCC4CC(=O)C3C2CC1,-3.1100,-3.4908,0.3808,0.6780
scaffold,4,Linear,RDKit descriptors,344,CCC(C)C(=O)OC2CC(C)C=C3C=CC(C)C(CCC1CC(O)CC(=O)O1)C23 ,O=C1CCCC(CCC2CC=CC3=CCCCC32)O1,-6.0050,-5.5598,0.4452,0.1774
scaffold,4,Linear,RDKit descriptors,353,CCC(C(CC)c1ccc(O)cc1)c2ccc(O)cc2,c1ccc(CCc2ccccc2)cc1,-4.4300,-5.5204,1.0904,0.4800
scaffold,4,Linear,RDKit descriptors,360,CN(C)C(=O)Nc1ccc(c(Cl)c1)n2nc(oc2=O)C(C)(C)C,O=c1ocnn1-c1ccccc1,-4.3280,-4.2556,0.0724,0.4898
scaffold,4,Linear,RDKit descriptors,365,c1cncnc1,c1cncnc1,1.1000,-0.7100,1.8100,0.5000
scaffold,4,Linear,RDKit descriptors,373,CC2Nc1cc(Cl)c(cc1C(=O)N2c3ccccc3C)S(N)(=O)=O ,O=C1c2ccccc2NCN1c1ccccc1,-3.7800,-4.2999,0.5199,0.3429
scaffold,4,Linear,RDKit descriptors,381,OCC(O)C2OC1OC(OC1C2O)C(Cl)(Cl)Cl ,C1CC2OCOC2O1,-1.8400,-0.9026,0.9374,0.1765
scaffold,4,Linear,RDKit descriptors,386,Nc1nccs1 ,c1cscn1,-0.3600,-1.1022,0.7422,0.2143
scaffold,4,Linear,RDKit descriptors,394,CN(C(=O)NC(C)(C)c1ccccc1)c2ccccc2,O=C(NCc1ccccc1)Nc1ccccc1,-3.3500,-4.4939,1.1439,0.3784
scaffold,4,Linear,RDKit descriptors,412,CC(=O)Nc1nnc(s1)S(N)(=O)=O ,c1nncs1,-2.3600,-0.4997,1.8603,0.2703
scaffold,4,Linear,RDKit descriptors,414,ClC1=C(Cl)C2(Cl)C3C4CC(C=C4)C3C1(Cl)C2(Cl)Cl,C1=CC2CC1C1C3C=CC(C3)C21,-6.3070,-5.9828,0.3242,0.4839
scaffold,4,Linear,RDKit descriptors,422,ClC(Cl)C(Cl)(Cl)SN2C(=O)C1CC=CCC1C2=O ,O=C1NC(=O)C2CC=CCC12,-5.4000,-4.4776,0.9224,0.1935
scaffold,4,Linear,RDKit descriptors,448,NC(=O)NC1NC(=O)NC1=O ,O=C1CNC(=O)N1,-1.6000,1.0649,2.6649,0.2105
scaffold,4,Linear,RDKit descriptors,449,OCC(O)COC(=O)c1ccccc1Nc2ccnc3cc(Cl)ccc23,c1ccc(Nc2ccnc3ccccc23)cc1,-4.5710,-4.6775,0.1065,0.2769
scaffold,4,Linear,RDKit descriptors,476,CN(C)C(=O)Oc1nc(nc(C)c1C)N(C)C,c1cncnc1,-1.9500,-2.1062,0.1562,0.3333
scaffold,4,Linear,RDKit descriptors,488,O=c2c(C3CCCc4ccccc43)c(O)c1ccccc1o2 ,O=c1oc2ccccc2cc1C1CCCc2ccccc21,-2.8400,-4.9756,2.1356,0.2619
scaffold,4,Linear,RDKit descriptors,495,Nc1cc(nc(N)n1=O)N2CCCCC2 ,c1cc(N2CCCCC2)nc[nH+]1,-1.9890,-1.0186,0.9704,0.1463
scaffold,4,Linear,RDKit descriptors,496,Nc2cccc3nc1ccccc1cc23 ,c1ccc2nc3ccccc3cc2c1,-4.2200,-3.6254,0.5946,0.5185
scaffold,4,Linear,RDKit descriptors,500,CCOP(=S)(OCC)SC(CCl)N2C(=O)c1ccccc1C2=O,O=C1NC(=O)c2ccccc21,-6.3400,-5.0792,1.2608,0.3529
scaffold,4,Linear,RDKit descriptors,504,CC1=C(CCCO1)C(=O)Nc2ccccc2 ,O=C(Nc1ccccc1)C1=COCCC1,-2.5600,-3.3209,0.7609,0.5581
scaffold,4,Linear,RDKit descriptors,512,Cc1c[nH]c2ccccc12 ,c1ccc2[nH]ccc2c1,-2.4200,-2.7334,0.3134,0.4348
scaffold,4,Linear,RDKit descriptors,518,CC(=O)N(S(=O)c1ccc(N)cc1)c2onc(C)c2C ,O=S(Nc1ccno1)c1ccccc1,-3.5900,-3.2710,0.3190,0.2708
scaffold,4,Linear,RDKit descriptors,536,CC3C2CCC1(C)C=CC(=O)C(=C1C2OC3=O)C,O=C1C=CC2CCC3CC(=O)OC3C2=C1,-3.0900,-3.1577,0.0677,0.2063
scaffold,4,Linear,RDKit descriptors,546,Cc2c(N)c(=O)n(c1ccccc1)n2C,O=c1cc[nH]n1-c1ccccc1,-0.6240,-1.8693,1.2453,0.3333
scaffold,4,Linear,RDKit descriptors,562,c1ccccc1C(O)C(O)c2ccccc2,c1ccc(CCc2ccccc2)cc1,-1.9300,-3.1199,1.1899,0.6471
scaffold,4,Linear,RDKit descriptors,579,c1ccc(cc1)c2ccc(cc2)c3ccccc3,c1ccc(-c2ccc(-c3ccccc3)cc2)cc1,-7.1100,-5.3986,1.7114,0.9000
scaffold,4,Linear,RDKit descriptors,582,Cc1cc(ccc1NS(=O)(=O)C(F)(F)F)S(=O)(=O)c2ccccc2,O=S(=O)(c1ccccc1)c1ccccc1,-3.8000,-4.5745,0.7745,0.4565
scaffold,4,Linear,RDKit descriptors,611,c1ccc2c(c1)ccc3ccccc32,c1ccc2c(c1)ccc1ccccc12,-5.2600,-4.2569,1.0031,0.8571
scaffold,4,Linear,RDKit descriptors,621,ClC(Cl)(Cl)C(NC=O)N1C=CN(C=C1)C(NC=O)C(Cl)(Cl)Cl ,C1=CNC=CN1,-4.1900,-3.8668,0.3232,0.2000
scaffold,4,Linear,RDKit descriptors,622,Cn2cc(c1ccccc1)c(=O)c(c2)c3cccc(c3)C(F)(F)F,O=c1c(-c2ccccc2)c[nH]cc1-c1ccccc1,-4.4450,-5.6049,1.1599,0.3714
scaffold,4,Linear,RDKit descriptors,624,CC12CCC3C(CCc4cc(O)ccc34)C2CCC1=O,O=C1CCC2C1CCC1c3ccccc3CCC12,-3.9550,-4.5980,0.6430,0.6250
scaffold,4,Linear,RDKit descriptors,626,CC1CO1,C1CO1,-0.5900,-0.2981,0.2919,0.4118
scaffold,4,Linear,RDKit descriptors,637,c1ccc2c(c1)cc3ccc4cccc5ccc2c3c45,c1ccc2c(c1)cc1ccc3cccc4ccc2c1c34,-8.6990,-6.2084,2.4906,0.6522
scaffold,4,Linear,RDKit descriptors,647,Cc1cc(=O)[nH]c(=S)[nH]1,O=c1cc[nH]c(=S)[nH]1,-2.4360,-1.3154,1.1206,0.2581
scaffold,4,Linear,RDKit descriptors,652,CC1(C)CON(Cc2ccccc2Cl)C1=O,O=C1CCON1Cc1ccccc1,-2.3380,-3.2583,0.9203,0.2703
scaffold,4,Linear,RDKit descriptors,659,OC(Cn1cncn1)(Cn2cncn2)c3ccc(F)cc3F ,c1ccc(C(Cn2cncn2)Cn2cncn2)cc1,-1.8000,-2.0619,0.2619,0.5417
scaffold,4,Linear,RDKit descriptors,676,c1cc2ccc3ccc4ccc5cccc6c(c1)c2c3c4c56,c1cc2ccc3ccc4ccc5cccc6c(c1)c2c3c4c56,-9.0180,-6.8660,2.1520,0.8235
scaffold,4,Linear,RDKit descriptors,678,c1c(OC)c(OC)C2C(=O)OCC2c1,O=C1OCC2C=CC=CC12,-1.8990,-1.4327,0.4663,0.2000
scaffold,4,Linear,RDKit descriptors,683,Cc1cc(=O)n(c2ccccc2)n1C,O=c1cc[nH]n1-c1ccccc1,0.7150,-2.0191,2.7341,0.3250
scaffold,4,Linear,RDKit descriptors,702,CC(=O)OCC(=O)C3(O)CCC4C2CCC1=CC(=O)CCC1(C)C2C(=O)CC34C ,O=C1C=C2CCC3C4CCCC4CC(=O)C3C2CC1,-4.2100,-4.2219,0.0119,0.7031
scaffold,4,Linear,RDKit descriptors,708,CN(C)C(=O)NC1CC2CC1C3CCCC23,C1CC2C3CCC(C3)C2C1,-3.1710,-2.6382,0.5328,0.2381
scaffold,4,Linear,RDKit descriptors,724,O=C1NC(=O)c2ccccc12 ,O=C1NC(=O)c2ccccc21,-2.6100,-1.1268,1.4832,0.3333
scaffold,4,Linear,RDKit descriptors,730,CCC2NC(=O)c1cc(c(Cl)cc1N2)S(N)(=O)=O,O=C1NCNc2ccccc21,-3.2900,-2.2986,0.9914,0.3889
scaffold,4,Linear,RDKit descriptors,733,C1(=O)NC(=O)NC(=O)C1(O)C2(O)C(=O)NC(=O)NC2(=O),O=C1NC(=O)C(C2C(=O)NC(=O)NC2=O)C(=O)N1,-1.9900,2.5561,4.5461,0.4737
scaffold,4,Linear,RDKit descriptors,754,COc2cc1c(N)nc(nc1c(OC)c2OC)N3CCN(CC3)C(=O)OCC(C)(C)O ,c1ccc2nc(N3CCNCC3)ncc2c1,-3.6380,-3.3575,0.2805,0.1972
scaffold,4,Linear,RDKit descriptors,771,C1CCCCCCC1,C1CCCCCCC1,-4.1500,-3.0236,1.1264,1.0000
scaffold,4,Linear,RDKit descriptors,775,Clc1ccc(CN(C2CCCC2)C(=O)Nc3ccccc3)cc1,O=C(Nc1ccccc1)N(Cc1ccccc1)C1CCCC1,-5.9150,-6.1779,0.2629,0.4000
scaffold,4,Linear,RDKit descriptors,780,c1ccc2c3c(ccc2c1)c4cccc5cccc3c45,c1ccc2c3c(ccc2c1)-c1cccc2cccc-3c12,-8.0000,-6.1143,1.8857,0.5000
scaffold,4,Linear,RDKit descriptors,792,OC1C=CC2C1C3(Cl)C(=C(Cl)C2(Cl)C3(Cl)Cl)Cl ,C1=CC2C3C=CC(C3)C2C1,-5.4600,-4.8736,0.5864,0.3714
scaffold,4,Linear,RDKit descriptors,797,CC2(C)C1CCC(C)(C1)C2=O,O=C1CC2CCC1C2,-1.8500,-2.6014,0.7514,0.2647
scaffold,4,Linear,RDKit descriptors,799,ClC2=C(Cl)C3(Cl)C1C=CCC1C2(Cl)C3(Cl)Cl ,C1=CC2C3C=CC(C3)C2C1,-5.6400,-5.6541,0.0141,0.3611
scaffold,4,Linear,RDKit descriptors,801,c1ccc2c(c1)[nH]c3ccccc32,c1ccc2c(c1)[nH]c1ccccc12,-5.2700,-3.6949,1.5751,0.3684
scaffold,4,Linear,RDKit descriptors,807,CCCCc1c(C)nc(NCC)nc1OS(=O)(=O)N(C)C ,c1cncnc1,-4.1600,-2.9758,1.1842,0.4286
scaffold,4,Linear,RDKit descriptors,812,c1cc2ccc(OC)c(CC=C(C)(C))c2oc1=O ,O=c1ccc2ccccc2o1,-4.3140,-4.0174,0.2966,0.3673
scaffold,4,Linear,RDKit descriptors,819,c1ccc2cc3cc4ccccc4cc3cc2c1,c1ccc2cc3cc4ccccc4cc3cc2c1,-8.6000,-5.5509,3.0491,0.9091
scaffold,4,Linear,RDKit descriptors,829,CN(C)C(=O)OC1=CC(=O)CC(C)(C)C1 ,O=C1C=CCCC1,-0.8500,-2.5959,1.7459,0.2381
scaffold,4,Linear,RDKit descriptors,846,O=C1CNC(=O)N1 ,O=C1CNC(=O)N1,-0.4000,0.7196,1.1196,0.3684
scaffold,4,Linear,RDKit descriptors,849,CCOP(=S)(OCC)Oc2ccc1oc(=O)c(Cl)c(C)c1c2,O=c1ccc2ccccc2o1,-5.3820,-5.5949,0.2129,0.4118
scaffold,4,Linear,RDKit descriptors,852,O=c2[nH]c(=O)c1[nH]c(=O)[nH]c1[nH]2 ,O=c1[nH]c(=O)c2[nH]c(=O)[nH]c2[nH]1,-3.9300,0.4835,4.4135,0.2963
scaffold,4,Linear,RDKit descriptors,863,CC1(OC(=O)N(C1=O)c2cc(Cl)cc(Cl)c2)C=C,O=C1COC(=O)N1c1ccccc1,-4.9250,-4.3113,0.6137,0.4615
scaffold,4,Linear,RDKit descriptors,893,CCN(Cc1c(F)cccc1Cl)c2c(cc(cc2N(=O)=O)C(F)(F)F)N(=O)=O,c1ccc(CNc2ccccc2)cc1,-6.7800,-6.9378,0.1578,0.5472
scaffold,4,Linear,RDKit descriptors,899,ClC1C=CC2C1C3(Cl)C(=C(Cl)C2(Cl)C3(Cl)Cl)Cl,C1=CC2C3C=CC(C3)C2C1,-6.3170,-5.9838,0.3332,0.3824
scaffold,4,Linear,RDKit descriptors,916,c2ccc1[nH]ncc1c2 ,c1ccc2[nH]ncc2c1,-2.1600,-1.9214,0.2386,0.3571
scaffold,4,Linear,RDKit descriptors,918,Nc2nc1[nH]cnc1c(=O)[nH]2 ,O=c1[nH]cnc2[nH]cnc12,-3.5830,-0.3234,3.2596,0.3158
scaffold,4,Linear,RDKit descriptors,938,Nc1nc(O)nc2nc[nH]c12 ,c1ncc2[nH]cnc2n1,-3.4010,-0.7267,2.6743,0.2778
scaffold,4,Linear,RDKit descriptors,943,c2ccc1[nH]ccc1c2,c1ccc2[nH]ccc2c1,-1.5200,-2.4009,0.8809,0.3889
scaffold,4,Linear,RDKit descriptors,949,COC(=O)Nc2nc1ccc(cc1[nH]2)C(=O)c3ccccc3,O=C(c1ccccc1)c1ccc2nc[nH]c2c1,-3.8800,-4.2498,0.3698,0.3500
scaffold,4,Linear,RDKit descriptors,955,C1C=CCC=C1,C1=CCC=CC1,-2.0600,-1.7184,0.3416,0.2727
scaffold,4,Linear,RDKit descriptors,976,CC12CCC(CC1)C(C)(C)O2,C1CC2CCC1CO2,-1.7400,-2.8772,1.1372,0.3000
scaffold,4,Linear,RDKit descriptors,984,O=C2NC(=O)C1(CCCC1)C(=O)N2,O=C1NC(=O)C2(CCCC2)C(=O)N1,-2.3490,-0.7601,1.5889,0.9444
scaffold,4,Linear,RDKit descriptors,987,CN(C)C(=O)NC1CCCCCCC1,C1CCCCCCC1,-2.2180,-2.8361,0.6181,0.2973
scaffold,4,Linear,RDKit descriptors,991,CN(C)c2c(C)n(C)n(c1ccccc1)c2=O ,O=c1cc[nH]n1-c1ccccc1,-0.3640,-2.2174,1.8534,0.3030
scaffold,4,Linear,RDKit descriptors,1014,O=C1NCCN1c2ncc(s2)N(=O)=O,O=C1NCCN1c1nccs1,-3.2200,-1.6471,1.5729,0.2400
scaffold,4,Linear,RDKit descriptors,1015,C1c2ccccc2c3ccc4ccccc4c13,c1ccc2c(c1)Cc1c-2ccc2ccccc12,-6.6800,-4.7850,1.8950,0.4688
scaffold,4,Linear,RDKit descriptors,1022,N(=Nc1ccccc1)c2ccccc2,c1ccc(N=Nc2ccccc2)cc1,-4.4500,-4.5199,0.0699,0.4000
scaffold,4,Linear,RDKit descriptors,1037,c1c(O)C2C(=O)C3cc(O)ccC3OC2cc1(OC),O=C1C2C=CC=CC2OC2C=CC=CC12,-2.9430,-2.6183,0.3247,0.1667
scaffold,4,Linear,RDKit descriptors,1039,CC(=O)SC4CC1=CC(=O)CCC1(C)C5CCC2(C)C(CCC23CCC(=O)O3)C45,O=C1C=C2CCC3C(CCC4C3CCC43CCC(=O)O3)C2CC1,-4.1730,-6.2311,2.0581,0.4242
scaffold,4,Linear,RDKit descriptors,1054,Cc1cccc2c1ccc3ccccc32,c1ccc2c(c1)ccc1ccccc12,-5.8500,-4.5947,1.2553,0.7273
scaffold,4,Linear,RDKit descriptors,1061,COC1=CC(=O)CC(C)C13Oc2c(Cl)c(OC)cc(OC)c2C3=O,O=C1C=CC2(CC1)Oc1ccccc1C2=O,-3.2460,-4.1147,0.8687,0.1951
scaffold,4,Linear,RDKit descriptors,1085,CCOP(=S)(OCC)N2C(=O)c1ccccc1C2=O,O=C1NC(=O)c2ccccc21,-3.3500,-3.5556,0.2056,0.3208
scaffold,4,Linear,RDKit descriptors,1090,O=C(C=CC=Cc2ccc1OCOc1c2)N3CCCCC3,O=C(C=CC=Cc1ccc2c(c1)OCO2)N1CCCCC1,-3.4600,-3.8057,0.3457,0.1786
scaffold,4,Linear,RDKit descriptors,1093,O=C2NC(=O)C1(CCCCCCC1)C(=O)N2,O=C1NC(=O)C2(CCCCCCC2)C(=O)N1,-2.9820,-2.0433,0.9387,1.0000
scaffold,4,Linear,RDKit descriptors,1095,Oc2cc(O)c1C(=O)CC(Oc1c2)c3ccc(O)c(O)c3,O=C1CC(c2ccccc2)Oc2ccccc21,-3.6200,-3.6988,0.0788,0.1951
scaffold,4,Linear,RDKit descriptors,1106,CC(C)(C)C(=O)C(Oc1ccc(Cl)cc1)n2cncn2,c1ccc(OCn2cncn2)cc1,-3.6100,-4.1311,0.5211,0.3077
scaffold,4,Linear,RDKit descriptors,1110,CCOC(=O)Nc2cccc(OC(=O)Nc1ccccc1)c2 ,O=C(Nc1ccccc1)Oc1ccccc1,-4.6320,-5.0357,0.4037,0.4694
scaffold,4,Linear,RDKit descriptors,1115,O=C1NC(=O)C(=O)N1 ,O=C1NC(=O)C(=O)N1,-0.4000,0.9921,1.3921,0.4118
scaffold,4,MLP,RDKit descriptors,1,Cc1occc1C(=O)Nc2ccccc2,O=C(Nc1ccccc1)c1ccoc1,-3.3000,-3.3915,0.0915,0.4545
scaffold,4,MLP,RDKit descriptors,4,c1ccsc1,c1ccsc1,-1.3300,-1.3976,0.0676,0.2222
scaffold,4,MLP,RDKit descriptors,18,CCOP(=S)(OCC)Oc1cc(C)nc(n1)C(C)C,c1cncnc1,-3.6400,-4.0620,0.4220,0.4130
scaffold,4,MLP,RDKit descriptors,32,COC(=O)Nc1cccc(OC(=O)Nc2cccc(C)c2)c1,O=C(Nc1ccccc1)Oc1ccccc1,-4.8050,-4.6649,0.1401,0.4894
scaffold,4,MLP,RDKit descriptors,72,CC1(C)C2CCC1(C)C(=O)C2,O=C1CC2CCC1C2,-1.9600,-2.3594,0.3994,0.3030
scaffold,4,MLP,RDKit descriptors,86,CC(C)C(C(=O)OC(C#N)c1cccc(Oc2ccccc2)c1)c3ccc(OC(F)F)cc3,O=C(Cc1ccccc1)OCc1cccc(Oc2ccccc2)c1,-6.8760,-7.0357,0.1597,0.5333
scaffold,4,MLP,RDKit descriptors,92,c1ccc2c(c1)c3cccc4cccc2c34,c1ccc2c(c1)-c1cccc3cccc-2c13,-6.0000,-5.8143,0.1857,0.7368
scaffold,4,MLP,RDKit descriptors,98,C1OC1c2ccccc2 ,c1ccc(C2CO2)cc1,-1.6000,-1.3519,0.2481,0.3000
scaffold,4,MLP,RDKit descriptors,126,CCCCc1c(C)nc(nc1O)N(C)C ,c1cncnc1,-2.2400,-2.5722,0.3322,0.3448
scaffold,4,MLP,RDKit descriptors,160,CSc1nnc(c(=O)n1N)C(C)(C)C,O=c1cnnc[nH]1,-2.2530,-1.7421,0.5109,0.1923
scaffold,4,MLP,RDKit descriptors,176,CC1=CC(=O)CC(C)(C)C1 ,O=C1C=CCCC1,-1.0600,-2.2232,1.1632,0.2553
scaffold,4,MLP,RDKit descriptors,179,CCC1(CCC(=O)NC1=O)c2ccccc2 ,O=C1CCC(c2ccccc2)C(=O)N1,-2.3370,-2.3765,0.0395,0.3333
scaffold,4,MLP,RDKit descriptors,188,C1C(O)CCC2(C)CC3CCC4(C)C5(C)CC6OCC(C)CC6OC5CC4C3C=C21,C1=C2CCCCC2CC2CCC3C4CC5OCCCC5OC4CC3C12,-7.3200,-6.2815,1.0385,0.1875
scaffold,4,MLP,RDKit descriptors,195,CC(C)Oc1cc(c(Cl)cc1Cl)n2nc(oc2=O)C(C)(C)C,O=c1ocnn1-c1ccccc1,-5.6960,-5.0469,0.6491,0.2105
scaffold,4,MLP,RDKit descriptors,200,Nc1ccc(cc1)S(=O)(=O)c2ccc(N)cc2,O=S(=O)(c1ccccc1)c1ccccc1,-3.0940,-3.3481,0.2541,0.6500
scaffold,4,MLP,RDKit descriptors,213,CC12CCC(CC1)C(C)(C)O2 ,C1CC2CCC1CO2,-1.6400,-3.0453,1.4053,0.3000
scaffold,4,MLP,RDKit descriptors,217,CC(=C)C1CC=C(C)C(=O)C1,O=C1C=CCCC1,-2.0600,-2.4192,0.3592,0.4706
scaffold,4,MLP,RDKit descriptors,225,Cc3ccnc4N(C1CC1)c2ncccc2C(=O)Nc34 ,O=C1Nc2cccnc2N(C2CC2)c2ncccc21,-3.1900,-3.7235,0.5335,0.4909
scaffold,4,MLP,RDKit descriptors,260,CCOP(=S)(OCC)SC(CCl)N1C(=O)c2ccccc2C1=O,O=C1NC(=O)c2ccccc21,-6.3400,-4.5516,1.7884,0.3529
scaffold,4,MLP,RDKit descriptors,286,C(Cc1ccccc1)c2ccccc2,c1ccc(CCc2ccccc2)cc1,-4.6200,-4.6677,0.0477,0.6471
scaffold,4,MLP,RDKit descriptors,289,Cc1ccc2c(ccc3ccccc32)c1,c1ccc2c(c1)ccc1ccccc12,-5.8400,-5.5127,0.3273,0.6522
scaffold,4,MLP,RDKit descriptors,298,OCC1OC(CO)(OC2OC(COC3OC(CO)C(O)C(O)C3O)C(O)C(O)C2O)C(O)C1O,C1CCC(OCC2CCCC(OC3CCCO3)O2)OC1,-0.4100,-0.1047,0.3053,0.8421
scaffold,4,MLP,RDKit descriptors,309,OC1CCCCCCC1,C1CCCCCCC1,-1.2900,-1.8256,0.5356,1.0000
scaffold,4,MLP,RDKit descriptors,318,Nc1ncnc2nc[nH]c12 ,c1ncc2[nH]cnc2n1,-2.1200,-1.4172,0.7028,0.2432
scaffold,4,MLP,RDKit descriptors,320,COc1ccc(cc1)C(O)(C2CC2)c3cncnc3 ,c1ccc(C(c2cncnc2)C2CC2)cc1,-2.5960,-3.2466,0.6506,0.2895
scaffold,4,MLP,RDKit descriptors,336,o1c2ccccc2c3ccccc13,c1ccc2c(c1)oc1ccccc12,-4.6000,-3.9657,0.6343,0.3684
scaffold,4,MLP,RDKit descriptors,339,c3ccc2nc1ccccc1cc2c3,c1ccc2nc3ccccc3cc2c1,-3.6700,-3.7763,0.1063,0.5625
scaffold,4,MLP,RDKit descriptors,340,CC12CC(=O)C3C(CCC4=CC(=O)CCC34C)C2CCC1(O)C(=O)CO,O=C1C=C2CCC3C4CCCC4CC(=O)C3C2CC1,-3.1100,-3.4534,0.3434,0.6780
scaffold,4,MLP,RDKit descriptors,344,CCC(C)C(=O)OC2CC(C)C=C3C=CC(C)C(CCC1CC(O)CC(=O)O1)C23 ,O=C1CCCC(CCC2CC=CC3=CCCCC32)O1,-6.0050,-4.6023,1.4027,0.1774
scaffold,4,MLP,RDKit descriptors,353,CCC(C(CC)c1ccc(O)cc1)c2ccc(O)cc2,c1ccc(CCc2ccccc2)cc1,-4.4300,-4.9649,0.5349,0.4800
scaffold,4,MLP,RDKit descriptors,360,CN(C)C(=O)Nc1ccc(c(Cl)c1)n2nc(oc2=O)C(C)(C)C,O=c1ocnn1-c1ccccc1,-4.3280,-4.2255,0.1025,0.4898
scaffold,4,MLP,RDKit descriptors,365,c1cncnc1,c1cncnc1,1.1000,0.2832,0.8168,0.5000
scaffold,4,MLP,RDKit descriptors,373,CC2Nc1cc(Cl)c(cc1C(=O)N2c3ccccc3C)S(N)(=O)=O ,O=C1c2ccccc2NCN1c1ccccc1,-3.7800,-4.4159,0.6359,0.3429
scaffold,4,MLP,RDKit descriptors,381,OCC(O)C2OC1OC(OC1C2O)C(Cl)(Cl)Cl ,C1CC2OCOC2O1,-1.8400,-1.2975,0.5425,0.1765
scaffold,4,MLP,RDKit descriptors,386,Nc1nccs1 ,c1cscn1,-0.3600,-0.2403,0.1197,0.2143
scaffold,4,MLP,RDKit descriptors,394,CN(C(=O)NC(C)(C)c1ccccc1)c2ccccc2,O=C(NCc1ccccc1)Nc1ccccc1,-3.3500,-4.2998,0.9498,0.3784
scaffold,4,MLP,RDKit descriptors,412,CC(=O)Nc1nnc(s1)S(N)(=O)=O ,c1nncs1,-2.3600,-1.7363,0.6237,0.2703
scaffold,4,MLP,RDKit descriptors,414,ClC1=C(Cl)C2(Cl)C3C4CC(C=C4)C3C1(Cl)C2(Cl)Cl,C1=CC2CC1C1C3C=CC(C3)C21,-6.3070,-6.0302,0.2768,0.4839
scaffold,4,MLP,RDKit descriptors,422,ClC(Cl)C(Cl)(Cl)SN2C(=O)C1CC=CCC1C2=O ,O=C1NC(=O)C2CC=CCC12,-5.4000,-3.8523,1.5477,0.1935
scaffold,4,MLP,RDKit descriptors,448,NC(=O)NC1NC(=O)NC1=O ,O=C1CNC(=O)N1,-1.6000,-0.5598,1.0402,0.2105
scaffold,4,MLP,RDKit descriptors,449,OCC(O)COC(=O)c1ccccc1Nc2ccnc3cc(Cl)ccc23,c1ccc(Nc2ccnc3ccccc23)cc1,-4.5710,-4.6581,0.0871,0.2769
scaffold,4,MLP,RDKit descriptors,476,CN(C)C(=O)Oc1nc(nc(C)c1C)N(C)C,c1cncnc1,-1.9500,-2.1542,0.2042,0.3333
scaffold,4,MLP,RDKit descriptors,488,O=c2c(C3CCCc4ccccc43)c(O)c1ccccc1o2 ,O=c1oc2ccccc2cc1C1CCCc2ccccc21,-2.8400,-4.9456,2.1056,0.2619
scaffold,4,MLP,RDKit descriptors,495,Nc1cc(nc(N)n1=O)N2CCCCC2 ,c1cc(N2CCCCC2)nc[nH+]1,-1.9890,-1.8387,0.1503,0.1463
scaffold,4,MLP,RDKit descriptors,496,Nc2cccc3nc1ccccc1cc23 ,c1ccc2nc3ccccc3cc2c1,-4.2200,-3.2984,0.9216,0.5185
scaffold,4,MLP,RDKit descriptors,500,CCOP(=S)(OCC)SC(CCl)N2C(=O)c1ccccc1C2=O,O=C1NC(=O)c2ccccc21,-6.3400,-4.5516,1.7884,0.3529
scaffold,4,MLP,RDKit descriptors,504,CC1=C(CCCO1)C(=O)Nc2ccccc2 ,O=C(Nc1ccccc1)C1=COCCC1,-2.5600,-3.0895,0.5295,0.5581
scaffold,4,MLP,RDKit descriptors,512,Cc1c[nH]c2ccccc12 ,c1ccc2[nH]ccc2c1,-2.4200,-1.9563,0.4637,0.4348
scaffold,4,MLP,RDKit descriptors,518,CC(=O)N(S(=O)c1ccc(N)cc1)c2onc(C)c2C ,O=S(Nc1ccno1)c1ccccc1,-3.5900,-3.7054,0.1154,0.2708
scaffold,4,MLP,RDKit descriptors,536,CC3C2CCC1(C)C=CC(=O)C(=C1C2OC3=O)C,O=C1C=CC2CCC3CC(=O)OC3C2=C1,-3.0900,-2.8192,0.2708,0.2063
scaffold,4,MLP,RDKit descriptors,546,Cc2c(N)c(=O)n(c1ccccc1)n2C,O=c1cc[nH]n1-c1ccccc1,-0.6240,-1.8786,1.2546,0.3333
scaffold,4,MLP,RDKit descriptors,562,c1ccccc1C(O)C(O)c2ccccc2,c1ccc(CCc2ccccc2)cc1,-1.9300,-3.2226,1.2926,0.6471
scaffold,4,MLP,RDKit descriptors,579,c1ccc(cc1)c2ccc(cc2)c3ccccc3,c1ccc(-c2ccc(-c3ccccc3)cc2)cc1,-7.1100,-6.3185,0.7915,0.9000
scaffold,4,MLP,RDKit descriptors,582,Cc1cc(ccc1NS(=O)(=O)C(F)(F)F)S(=O)(=O)c2ccccc2,O=S(=O)(c1ccccc1)c1ccccc1,-3.8000,-4.3846,0.5846,0.4565
scaffold,4,MLP,RDKit descriptors,611,c1ccc2c(c1)ccc3ccccc32,c1ccc2c(c1)ccc1ccccc12,-5.2600,-4.9935,0.2665,0.8571
scaffold,4,MLP,RDKit descriptors,621,ClC(Cl)(Cl)C(NC=O)N1C=CN(C=C1)C(NC=O)C(Cl)(Cl)Cl ,C1=CNC=CN1,-4.1900,-3.0123,1.1777,0.2000
scaffold,4,MLP,RDKit descriptors,622,Cn2cc(c1ccccc1)c(=O)c(c2)c3cccc(c3)C(F)(F)F,O=c1c(-c2ccccc2)c[nH]cc1-c1ccccc1,-4.4450,-5.7548,1.3098,0.3714
scaffold,4,MLP,RDKit descriptors,624,CC12CCC3C(CCc4cc(O)ccc34)C2CCC1=O,O=C1CCC2C1CCC1c3ccccc3CCC12,-3.9550,-4.5234,0.5684,0.6250
scaffold,4,MLP,RDKit descriptors,626,CC1CO1,C1CO1,-0.5900,0.1854,0.7754,0.4118
scaffold,4,MLP,RDKit descriptors,637,c1ccc2c(c1)cc3ccc4cccc5ccc2c3c45,c1ccc2c(c1)cc1ccc3cccc4ccc2c1c34,-8.6990,-7.2048,1.4942,0.6522
scaffold,4,MLP,RDKit descriptors,647,Cc1cc(=O)[nH]c(=S)[nH]1,O=c1cc[nH]c(=S)[nH]1,-2.4360,-0.9139,1.5221,0.2581
scaffold,4,MLP,RDKit descriptors,652,CC1(C)CON(Cc2ccccc2Cl)C1=O,O=C1CCON1Cc1ccccc1,-2.3380,-3.0270,0.6890,0.2703
scaffold,4,MLP,RDKit descriptors,659,OC(Cn1cncn1)(Cn2cncn2)c3ccc(F)cc3F ,c1ccc(C(Cn2cncn2)Cn2cncn2)cc1,-1.8000,-3.2553,1.4553,0.5417
scaffold,4,MLP,RDKit descriptors,676,c1cc2ccc3ccc4ccc5cccc6c(c1)c2c3c4c56,c1cc2ccc3ccc4ccc5cccc6c(c1)c2c3c4c56,-9.0180,-7.7737,1.2443,0.8235
scaffold,4,MLP,RDKit descriptors,678,c1c(OC)c(OC)C2C(=O)OCC2c1,O=C1OCC2C=CC=CC12,-1.8990,-0.9742,0.9248,0.2000
scaffold,4,MLP,RDKit descriptors,683,Cc1cc(=O)n(c2ccccc2)n1C,O=c1cc[nH]n1-c1ccccc1,0.7150,-1.4525,2.1675,0.3250
scaffold,4,MLP,RDKit descriptors,702,CC(=O)OCC(=O)C3(O)CCC4C2CCC1=CC(=O)CCC1(C)C2C(=O)CC34C ,O=C1C=C2CCC3C4CCCC4CC(=O)C3C2CC1,-4.2100,-3.9262,0.2838,0.7031
scaffold,4,MLP,RDKit descriptors,708,CN(C)C(=O)NC1CC2CC1C3CCCC23,C1CC2C3CCC(C3)C2C1,-3.1710,-2.0355,1.1355,0.2381
scaffold,4,MLP,RDKit descriptors,724,O=C1NC(=O)c2ccccc12 ,O=C1NC(=O)c2ccccc21,-2.6100,-0.8003,1.8097,0.3333
scaffold,4,MLP,RDKit descriptors,730,CCC2NC(=O)c1cc(c(Cl)cc1N2)S(N)(=O)=O,O=C1NCNc2ccccc21,-3.2900,-2.8216,0.4684,0.3889
scaffold,4,MLP,RDKit descriptors,733,C1(=O)NC(=O)NC(=O)C1(O)C2(O)C(=O)NC(=O)NC2(=O),O=C1NC(=O)C(C2C(=O)NC(=O)NC2=O)C(=O)N1,-1.9900,-0.5055,1.4845,0.4737
scaffold,4,MLP,RDKit descriptors,754,COc2cc1c(N)nc(nc1c(OC)c2OC)N3CCN(CC3)C(=O)OCC(C)(C)O ,c1ccc2nc(N3CCNCC3)ncc2c1,-3.6380,-3.8184,0.1804,0.1972
scaffold,4,MLP,RDKit descriptors,771,C1CCCCCCC1,C1CCCCCCC1,-4.1500,-4.0635,0.0865,1.0000
scaffold,4,MLP,RDKit descriptors,775,Clc1ccc(CN(C2CCCC2)C(=O)Nc3ccccc3)cc1,O=C(Nc1ccccc1)N(Cc1ccccc1)C1CCCC1,-5.9150,-5.6884,0.2266,0.4000
scaffold,4,MLP,RDKit descriptors,780,c1ccc2c3c(ccc2c1)c4cccc5cccc3c45,c1ccc2c3c(ccc2c1)-c1cccc2cccc-3c12,-8.0000,-7.1205,0.8795,0.5000
scaffold,4,MLP,RDKit descriptors,792,OC1C=CC2C1C3(Cl)C(=C(Cl)C2(Cl)C3(Cl)Cl)Cl ,C1=CC2C3C=CC(C3)C2C1,-5.4600,-4.6882,0.7718,0.3714
scaffold,4,MLP,RDKit descriptors,797,CC2(C)C1CCC(C)(C1)C2=O,O=C1CC2CCC1C2,-1.8500,-2.3594,0.5094,0.2647
scaffold,4,MLP,RDKit descriptors,799,ClC2=C(Cl)C3(Cl)C1C=CCC1C2(Cl)C3(Cl)Cl ,C1=CC2C3C=CC(C3)C2C1,-5.6400,-5.7409,0.1009,0.3611
scaffold,4,MLP,RDKit descriptors,801,c1ccc2c(c1)[nH]c3ccccc32,c1ccc2c(c1)[nH]c1ccccc12,-5.2700,-3.5232,1.7468,0.3684
scaffold,4,MLP,RDKit descriptors,807,CCCCc1c(C)nc(NCC)nc1OS(=O)(=O)N(C)C ,c1cncnc1,-4.1600,-2.9156,1.2444,0.4286
scaffold,4,MLP,RDKit descriptors,812,c1cc2ccc(OC)c(CC=C(C)(C))c2oc1=O ,O=c1ccc2ccccc2o1,-4.3140,-3.7460,0.5680,0.3673
scaffold,4,MLP,RDKit descriptors,819,c1ccc2cc3cc4ccccc4cc3cc2c1,c1ccc2cc3cc4ccccc4cc3cc2c1,-8.6000,-6.5948,2.0052,0.9091
scaffold,4,MLP,RDKit descriptors,829,CN(C)C(=O)OC1=CC(=O)CC(C)(C)C1 ,O=C1C=CCCC1,-0.8500,-2.0718,1.2218,0.2381
scaffold,4,MLP,RDKit descriptors,846,O=C1CNC(=O)N1 ,O=C1CNC(=O)N1,-0.4000,0.3859,0.7859,0.3684
scaffold,4,MLP,RDKit descriptors,849,CCOP(=S)(OCC)Oc2ccc1oc(=O)c(Cl)c(C)c1c2,O=c1ccc2ccccc2o1,-5.3820,-5.0192,0.3628,0.4118
scaffold,4,MLP,RDKit descriptors,852,O=c2[nH]c(=O)c1[nH]c(=O)[nH]c1[nH]2 ,O=c1[nH]c(=O)c2[nH]c(=O)[nH]c2[nH]1,-3.9300,-1.2257,2.7043,0.2963
scaffold,4,MLP,RDKit descriptors,863,CC1(OC(=O)N(C1=O)c2cc(Cl)cc(Cl)c2)C=C,O=C1COC(=O)N1c1ccccc1,-4.9250,-4.0273,0.8977,0.4615
scaffold,4,MLP,RDKit descriptors,893,CCN(Cc1c(F)cccc1Cl)c2c(cc(cc2N(=O)=O)C(F)(F)F)N(=O)=O,c1ccc(CNc2ccccc2)cc1,-6.7800,-6.1149,0.6651,0.5472
scaffold,4,MLP,RDKit descriptors,899,ClC1C=CC2C1C3(Cl)C(=C(Cl)C2(Cl)C3(Cl)Cl)Cl,C1=CC2C3C=CC(C3)C2C1,-6.3170,-6.0151,0.3019,0.3824
scaffold,4,MLP,RDKit descriptors,916,c2ccc1[nH]ncc1c2 ,c1ccc2[nH]ncc2c1,-2.1600,-0.9249,1.2351,0.3571
scaffold,4,MLP,RDKit descriptors,918,Nc2nc1[nH]cnc1c(=O)[nH]2 ,O=c1[nH]cnc2[nH]cnc12,-3.5830,-1.5656,2.0174,0.3158
scaffold,4,MLP,RDKit descriptors,938,Nc1nc(O)nc2nc[nH]c12 ,c1ncc2[nH]cnc2n1,-3.4010,-1.8591,1.5419,0.2778
scaffold,4,MLP,RDKit descriptors,943,c2ccc1[nH]ccc1c2,c1ccc2[nH]ccc2c1,-1.5200,-1.4443,0.0757,0.3889
scaffold,4,MLP,RDKit descriptors,949,COC(=O)Nc2nc1ccc(cc1[nH]2)C(=O)c3ccccc3,O=C(c1ccccc1)c1ccc2nc[nH]c2c1,-3.8800,-4.3325,0.4525,0.3500
scaffold,4,MLP,RDKit descriptors,955,C1C=CCC=C1,C1=CCC=CC1,-2.0600,-2.1886,0.1286,0.2727
scaffold,4,MLP,RDKit descriptors,976,CC12CCC(CC1)C(C)(C)O2,C1CC2CCC1CO2,-1.7400,-3.0453,1.3053,0.3000
scaffold,4,MLP,RDKit descriptors,984,O=C2NC(=O)C1(CCCC1)C(=O)N2,O=C1NC(=O)C2(CCCC2)C(=O)N1,-2.3490,-1.2388,1.1102,0.9444
scaffold,4,MLP,RDKit descriptors,987,CN(C)C(=O)NC1CCCCCCC1,C1CCCCCCC1,-2.2180,-2.2834,0.0654,0.2973
scaffold,4,MLP,RDKit descriptors,991,CN(C)c2c(C)n(C)n(c1ccccc1)c2=O ,O=c1cc[nH]n1-c1ccccc1,-0.3640,-2.1770,1.8130,0.3030
scaffold,4,MLP,RDKit descriptors,1014,O=C1NCCN1c2ncc(s2)N(=O)=O,O=C1NCCN1c1nccs1,-3.2200,-2.1671,1.0529,0.2400
scaffold,4,MLP,RDKit descriptors,1015,C1c2ccccc2c3ccc4ccccc4c13,c1ccc2c(c1)Cc1c-2ccc2ccccc12,-6.6800,-5.7527,0.9273,0.4688
scaffold,4,MLP,RDKit descriptors,1022,N(=Nc1ccccc1)c2ccccc2,c1ccc(N=Nc2ccccc2)cc1,-4.4500,-4.7087,0.2587,0.4000
scaffold,4,MLP,RDKit descriptors,1037,c1c(O)C2C(=O)C3cc(O)ccC3OC2cc1(OC),O=C1C2C=CC=CC2OC2C=CC=CC12,-2.9430,-2.6416,0.3014,0.1667
scaffold,4,MLP,RDKit descriptors,1039,CC(=O)SC4CC1=CC(=O)CCC1(C)C5CCC2(C)C(CCC23CCC(=O)O3)C45,O=C1C=C2CCC3C(CCC4C3CCC43CCC(=O)O3)C2CC1,-4.1730,-5.6787,1.5057,0.4242
scaffold,4,MLP,RDKit descriptors,1054,Cc1cccc2c1ccc3ccccc32,c1ccc2c(c1)ccc1ccccc12,-5.8500,-5.5127,0.3373,0.7273
scaffold,4,MLP,RDKit descriptors,1061,COC1=CC(=O)CC(C)C13Oc2c(Cl)c(OC)cc(OC)c2C3=O,O=C1C=CC2(CC1)Oc1ccccc1C2=O,-3.2460,-3.8681,0.6221,0.1951
scaffold,4,MLP,RDKit descriptors,1085,CCOP(=S)(OCC)N2C(=O)c1ccccc1C2=O,O=C1NC(=O)c2ccccc21,-3.3500,-3.3272,0.0228,0.3208
scaffold,4,MLP,RDKit descriptors,1090,O=C(C=CC=Cc2ccc1OCOc1c2)N3CCCCC3,O=C(C=CC=Cc1ccc2c(c1)OCO2)N1CCCCC1,-3.4600,-3.4905,0.0305,0.1786
scaffold,4,MLP,RDKit descriptors,1093,O=C2NC(=O)C1(CCCCCCC1)C(=O)N2,O=C1NC(=O)C2(CCCCCCC2)C(=O)N1,-2.9820,-2.1765,0.8055,1.0000
scaffold,4,MLP,RDKit descriptors,1095,Oc2cc(O)c1C(=O)CC(Oc1c2)c3ccc(O)c(O)c3,O=C1CC(c2ccccc2)Oc2ccccc21,-3.6200,-4.3342,0.7142,0.1951
scaffold,4,MLP,RDKit descriptors,1106,CC(C)(C)C(=O)C(Oc1ccc(Cl)cc1)n2cncn2,c1ccc(OCn2cncn2)cc1,-3.6100,-3.9474,0.3374,0.3077
scaffold,4,MLP,RDKit descriptors,1110,CCOC(=O)Nc2cccc(OC(=O)Nc1ccccc1)c2 ,O=C(Nc1ccccc1)Oc1ccccc1,-4.6320,-4.6812,0.0492,0.4694
scaffold,4,MLP,RDKit descriptors,1115,O=C1NC(=O)C(=O)N1 ,O=C1NC(=O)C(=O)N1,-0.4000,0.1249,0.5249,0.4118
scaffold,4,GCN,Molecular graph,1,Cc1occc1C(=O)Nc2ccccc2,O=C(Nc1ccccc1)c1ccoc1,-3.3000,-2.2010,1.0990,0.4545
scaffold,4,GCN,Molecular graph,4,c1ccsc1,c1ccsc1,-1.3300,0.0390,1.3690,0.2222
scaffold,4,GCN,Molecular graph,18,CCOP(=S)(OCC)Oc1cc(C)nc(n1)C(C)C,c1cncnc1,-3.6400,-4.2219,0.5819,0.4130
scaffold,4,GCN,Molecular graph,32,COC(=O)Nc1cccc(OC(=O)Nc2cccc(C)c2)c1,O=C(Nc1ccccc1)Oc1ccccc1,-4.8050,-3.3480,1.4570,0.4894
scaffold,4,GCN,Molecular graph,72,CC1(C)C2CCC1(C)C(=O)C2,O=C1CC2CCC1C2,-1.9600,-4.2895,2.3295,0.3030
scaffold,4,GCN,Molecular graph,86,CC(C)C(C(=O)OC(C#N)c1cccc(Oc2ccccc2)c1)c3ccc(OC(F)F)cc3,O=C(Cc1ccccc1)OCc1cccc(Oc2ccccc2)c1,-6.8760,-5.3308,1.5452,0.5333
scaffold,4,GCN,Molecular graph,92,c1ccc2c(c1)c3cccc4cccc2c34,c1ccc2c(c1)-c1cccc3cccc-2c13,-6.0000,-7.5361,1.5361,0.7368
scaffold,4,GCN,Molecular graph,98,C1OC1c2ccccc2 ,c1ccc(C2CO2)cc1,-1.6000,-2.2116,0.6116,0.3000
scaffold,4,GCN,Molecular graph,126,CCCCc1c(C)nc(nc1O)N(C)C ,c1cncnc1,-2.2400,-2.8537,0.6137,0.3448
scaffold,4,GCN,Molecular graph,160,CSc1nnc(c(=O)n1N)C(C)(C)C,O=c1cnnc[nH]1,-2.2530,-2.6357,0.3827,0.1923
scaffold,4,GCN,Molecular graph,176,CC1=CC(=O)CC(C)(C)C1 ,O=C1C=CCCC1,-1.0600,-2.5335,1.4735,0.2553
scaffold,4,GCN,Molecular graph,179,CCC1(CCC(=O)NC1=O)c2ccccc2 ,O=C1CCC(c2ccccc2)C(=O)N1,-2.3370,-2.9469,0.6099,0.3333
scaffold,4,GCN,Molecular graph,188,C1C(O)CCC2(C)CC3CCC4(C)C5(C)CC6OCC(C)CC6OC5CC4C3C=C21,C1=C2CCCCC2CC2CCC3C4CC5OCCCC5OC4CC3C12,-7.3200,-4.1738,3.1462,0.1875
scaffold,4,GCN,Molecular graph,195,CC(C)Oc1cc(c(Cl)cc1Cl)n2nc(oc2=O)C(C)(C)C,O=c1ocnn1-c1ccccc1,-5.6960,-4.8261,0.8699,0.2105
scaffold,4,GCN,Molecular graph,200,Nc1ccc(cc1)S(=O)(=O)c2ccc(N)cc2,O=S(=O)(c1ccccc1)c1ccccc1,-3.0940,-3.1447,0.0507,0.6500
scaffold,4,GCN,Molecular graph,213,CC12CCC(CC1)C(C)(C)O2 ,C1CC2CCC1CO2,-1.6400,-3.6047,1.9647,0.3000
scaffold,4,GCN,Molecular graph,217,CC(=C)C1CC=C(C)C(=O)C1,O=C1C=CCCC1,-2.0600,-3.2779,1.2179,0.4706
scaffold,4,GCN,Molecular graph,225,Cc3ccnc4N(C1CC1)c2ncccc2C(=O)Nc34 ,O=C1Nc2cccnc2N(C2CC2)c2ncccc21,-3.1900,-3.2906,0.1006,0.4909
scaffold,4,GCN,Molecular graph,260,CCOP(=S)(OCC)SC(CCl)N1C(=O)c2ccccc2C1=O,O=C1NC(=O)c2ccccc21,-6.3400,-5.3782,0.9618,0.3529
scaffold,4,GCN,Molecular graph,286,C(Cc1ccccc1)c2ccccc2,c1ccc(CCc2ccccc2)cc1,-4.6200,-3.7401,0.8799,0.6471
scaffold,4,GCN,Molecular graph,289,Cc1ccc2c(ccc3ccccc32)c1,c1ccc2c(c1)ccc1ccccc12,-5.8400,-6.2080,0.3680,0.6522
scaffold,4,GCN,Molecular graph,298,OCC1OC(CO)(OC2OC(COC3OC(CO)C(O)C(O)C3O)C(O)C(O)C2O)C(O)C1O,C1CCC(OCC2CCCC(OC3CCCO3)O2)OC1,-0.4100,0.0390,0.4490,0.8421
scaffold,4,GCN,Molecular graph,309,OC1CCCCCCC1,C1CCCCCCC1,-1.2900,-1.9687,0.6787,1.0000
scaffold,4,GCN,Molecular graph,318,Nc1ncnc2nc[nH]c12 ,c1ncc2[nH]cnc2n1,-2.1200,-0.7370,1.3830,0.2432
scaffold,4,GCN,Molecular graph,320,COc1ccc(cc1)C(O)(C2CC2)c3cncnc3 ,c1ccc(C(c2cncnc2)C2CC2)cc1,-2.5960,-3.2629,0.6669,0.2895
scaffold,4,GCN,Molecular graph,336,o1c2ccccc2c3ccccc13,c1ccc2c(c1)oc1ccccc12,-4.6000,-5.6474,1.0474,0.3684
scaffold,4,GCN,Molecular graph,339,c3ccc2nc1ccccc1cc2c3,c1ccc2nc3ccccc3cc2c1,-3.6700,-5.0540,1.3840,0.5625
scaffold,4,GCN,Molecular graph,340,CC12CC(=O)C3C(CCC4=CC(=O)CCC34C)C2CCC1(O)C(=O)CO,O=C1C=C2CCC3C4CCCC4CC(=O)C3C2CC1,-3.1100,-3.9067,0.7967,0.6780
scaffold,4,GCN,Molecular graph,344,CCC(C)C(=O)OC2CC(C)C=C3C=CC(C)C(CCC1CC(O)CC(=O)O1)C23 ,O=C1CCCC(CCC2CC=CC3=CCCCC32)O1,-6.0050,-4.2239,1.7811,0.1774
scaffold,4,GCN,Molecular graph,353,CCC(C(CC)c1ccc(O)cc1)c2ccc(O)cc2,c1ccc(CCc2ccccc2)cc1,-4.4300,-3.7305,0.6995,0.4800
scaffold,4,GCN,Molecular graph,360,CN(C)C(=O)Nc1ccc(c(Cl)c1)n2nc(oc2=O)C(C)(C)C,O=c1ocnn1-c1ccccc1,-4.3280,-3.7671,0.5609,0.4898
scaffold,4,GCN,Molecular graph,365,c1cncnc1,c1cncnc1,1.1000,0.6910,0.4090,0.5000
scaffold,4,GCN,Molecular graph,373,CC2Nc1cc(Cl)c(cc1C(=O)N2c3ccccc3C)S(N)(=O)=O ,O=C1c2ccccc2NCN1c1ccccc1,-3.7800,-4.6128,0.8328,0.3429
scaffold,4,GCN,Molecular graph,381,OCC(O)C2OC1OC(OC1C2O)C(Cl)(Cl)Cl ,C1CC2OCOC2O1,-1.8400,-0.7157,1.1243,0.1765
scaffold,4,GCN,Molecular graph,386,Nc1nccs1 ,c1cscn1,-0.3600,-0.1569,0.2031,0.2143
scaffold,4,GCN,Molecular graph,394,CN(C(=O)NC(C)(C)c1ccccc1)c2ccccc2,O=C(NCc1ccccc1)Nc1ccccc1,-3.3500,-3.8812,0.5312,0.3784
scaffold,4,GCN,Molecular graph,412,CC(=O)Nc1nnc(s1)S(N)(=O)=O ,c1nncs1,-2.3600,-1.8278,0.5322,0.2703
scaffold,4,GCN,Molecular graph,414,ClC1=C(Cl)C2(Cl)C3C4CC(C=C4)C3C1(Cl)C2(Cl)Cl,C1=CC2CC1C1C3C=CC(C3)C21,-6.3070,-7.1384,0.8314,0.4839
scaffold,4,GCN,Molecular graph,422,ClC(Cl)C(Cl)(Cl)SN2C(=O)C1CC=CCC1C2=O ,O=C1NC(=O)C2CC=CCC12,-5.4000,-4.0339,1.3661,0.1935
scaffold,4,GCN,Molecular graph,448,NC(=O)NC1NC(=O)NC1=O ,O=C1CNC(=O)N1,-1.6000,-0.7849,0.8151,0.2105
scaffold,4,GCN,Molecular graph,449,OCC(O)COC(=O)c1ccccc1Nc2ccnc3cc(Cl)ccc23,c1ccc(Nc2ccnc3ccccc23)cc1,-4.5710,-4.3204,0.2506,0.2769
scaffold,4,GCN,Molecular graph,476,CN(C)C(=O)Oc1nc(nc(C)c1C)N(C)C,c1cncnc1,-1.9500,-2.9746,1.0246,0.3333
scaffold,4,GCN,Molecular graph,488,O=c2c(C3CCCc4ccccc43)c(O)c1ccccc1o2 ,O=c1oc2ccccc2cc1C1CCCc2ccccc21,-2.8400,-4.2555,1.4155,0.2619
scaffold,4,GCN,Molecular graph,495,Nc1cc(nc(N)n1=O)N2CCCCC2 ,c1cc(N2CCCCC2)nc[nH+]1,-1.9890,-2.2070,0.2180,0.1463
scaffold,4,GCN,Molecular graph,496,Nc2cccc3nc1ccccc1cc23 ,c1ccc2nc3ccccc3cc2c1,-4.2200,-4.9582,0.7382,0.5185
scaffold,4,GCN,Molecular graph,500,CCOP(=S)(OCC)SC(CCl)N2C(=O)c1ccccc1C2=O,O=C1NC(=O)c2ccccc21,-6.3400,-5.3782,0.9618,0.3529
scaffold,4,GCN,Molecular graph,504,CC1=C(CCCO1)C(=O)Nc2ccccc2 ,O=C(Nc1ccccc1)C1=COCCC1,-2.5600,-2.4706,0.0894,0.5581
scaffold,4,GCN,Molecular graph,512,Cc1c[nH]c2ccccc12 ,c1ccc2[nH]ccc2c1,-2.4200,-3.3900,0.9700,0.4348
scaffold,4,GCN,Molecular graph,518,CC(=O)N(S(=O)c1ccc(N)cc1)c2onc(C)c2C ,O=S(Nc1ccno1)c1ccccc1,-3.5900,-3.3644,0.2256,0.2708
scaffold,4,GCN,Molecular graph,536,CC3C2CCC1(C)C=CC(=O)C(=C1C2OC3=O)C,O=C1C=CC2CCC3CC(=O)OC3C2=C1,-3.0900,-3.8631,0.7731,0.2063
scaffold,4,GCN,Molecular graph,546,Cc2c(N)c(=O)n(c1ccccc1)n2C,O=c1cc[nH]n1-c1ccccc1,-0.6240,-2.1253,1.5013,0.3333
scaffold,4,GCN,Molecular graph,562,c1ccccc1C(O)C(O)c2ccccc2,c1ccc(CCc2ccccc2)cc1,-1.9300,-2.5516,0.6216,0.6471
scaffold,4,GCN,Molecular graph,579,c1ccc(cc1)c2ccc(cc2)c3ccccc3,c1ccc(-c2ccc(-c3ccccc3)cc2)cc1,-7.1100,-4.8055,2.3045,0.9000
scaffold,4,GCN,Molecular graph,582,Cc1cc(ccc1NS(=O)(=O)C(F)(F)F)S(=O)(=O)c2ccccc2,O=S(=O)(c1ccccc1)c1ccccc1,-3.8000,-3.7710,0.0290,0.4565
scaffold,4,GCN,Molecular graph,611,c1ccc2c(c1)ccc3ccccc32,c1ccc2c(c1)ccc1ccccc12,-5.2600,-5.9576,0.6976,0.8571
scaffold,4,GCN,Molecular graph,621,ClC(Cl)(Cl)C(NC=O)N1C=CN(C=C1)C(NC=O)C(Cl)(Cl)Cl ,C1=CNC=CN1,-4.1900,-2.0498,2.1402,0.2000
scaffold,4,GCN,Molecular graph,622,Cn2cc(c1ccccc1)c(=O)c(c2)c3cccc(c3)C(F)(F)F,O=c1c(-c2ccccc2)c[nH]cc1-c1ccccc1,-4.4450,-4.8299,0.3849,0.3714
scaffold,4,GCN,Molecular graph,624,CC12CCC3C(CCc4cc(O)ccc34)C2CCC1=O,O=C1CCC2C1CCC1c3ccccc3CCC12,-3.9550,-4.3504,0.3954,0.6250
scaffold,4,GCN,Molecular graph,626,CC1CO1,C1CO1,-0.5900,-0.8828,0.2928,0.4118
scaffold,4,GCN,Molecular graph,637,c1ccc2c(c1)cc3ccc4cccc5ccc2c3c45,c1ccc2c(c1)cc1ccc3cccc4ccc2c1c34,-8.6990,-8.0778,0.6212,0.6522
scaffold,4,GCN,Molecular graph,647,Cc1cc(=O)[nH]c(=S)[nH]1,O=c1cc[nH]c(=S)[nH]1,-2.4360,-1.1650,1.2710,0.2581
scaffold,4,GCN,Molecular graph,652,CC1(C)CON(Cc2ccccc2Cl)C1=O,O=C1CCON1Cc1ccccc1,-2.3380,-3.5474,1.2094,0.2703
scaffold,4,GCN,Molecular graph,659,OC(Cn1cncn1)(Cn2cncn2)c3ccc(F)cc3F ,c1ccc(C(Cn2cncn2)Cn2cncn2)cc1,-1.8000,-1.8075,0.0075,0.5417
scaffold,4,GCN,Molecular graph,676,c1cc2ccc3ccc4ccc5cccc6c(c1)c2c3c4c56,c1cc2ccc3ccc4ccc5cccc6c(c1)c2c3c4c56,-9.0180,-8.9548,0.0632,0.8235
scaffold,4,GCN,Molecular graph,678,c1c(OC)c(OC)C2C(=O)OCC2c1,O=C1OCC2C=CC=CC12,-1.8990,-2.4426,0.5436,0.2000
scaffold,4,GCN,Molecular graph,683,Cc1cc(=O)n(c2ccccc2)n1C,O=c1cc[nH]n1-c1ccccc1,0.7150,-2.0253,2.7403,0.3250
scaffold,4,GCN,Molecular graph,702,CC(=O)OCC(=O)C3(O)CCC4C2CCC1=CC(=O)CCC1(C)C2C(=O)CC34C ,O=C1C=C2CCC3C4CCCC4CC(=O)C3C2CC1,-4.2100,-4.0750,0.1350,0.7031
scaffold,4,GCN,Molecular graph,708,CN(C)C(=O)NC1CC2CC1C3CCCC23,C1CC2C3CCC(C3)C2C1,-3.1710,-4.2529,1.0819,0.2381
scaffold,4,GCN,Molecular graph,724,O=C1NC(=O)c2ccccc12 ,O=C1NC(=O)c2ccccc21,-2.6100,-3.1964,0.5864,0.3333
scaffold,4,GCN,Molecular graph,730,CCC2NC(=O)c1cc(c(Cl)cc1N2)S(N)(=O)=O,O=C1NCNc2ccccc21,-3.2900,-4.1847,0.8947,0.3889
scaffold,4,GCN,Molecular graph,733,C1(=O)NC(=O)NC(=O)C1(O)C2(O)C(=O)NC(=O)NC2(=O),O=C1NC(=O)C(C2C(=O)NC(=O)NC2=O)C(=O)N1,-1.9900,-1.0850,0.9050,0.4737
scaffold,4,GCN,Molecular graph,754,COc2cc1c(N)nc(nc1c(OC)c2OC)N3CCN(CC3)C(=O)OCC(C)(C)O ,c1ccc2nc(N3CCNCC3)ncc2c1,-3.6380,-3.3513,0.2867,0.1972
scaffold,4,GCN,Molecular graph,771,C1CCCCCCC1,C1CCCCCCC1,-4.1500,-2.9303,1.2197,1.0000
scaffold,4,GCN,Molecular graph,775,Clc1ccc(CN(C2CCCC2)C(=O)Nc3ccccc3)cc1,O=C(Nc1ccccc1)N(Cc1ccccc1)C1CCCC1,-5.9150,-4.3894,1.5256,0.4000
scaffold,4,GCN,Molecular graph,780,c1ccc2c3c(ccc2c1)c4cccc5cccc3c45,c1ccc2c3c(ccc2c1)-c1cccc2cccc-3c12,-8.0000,-8.0099,0.0099,0.5000
scaffold,4,GCN,Molecular graph,792,OC1C=CC2C1C3(Cl)C(=C(Cl)C2(Cl)C3(Cl)Cl)Cl ,C1=CC2C3C=CC(C3)C2C1,-5.4600,-6.0269,0.5669,0.3714
scaffold,4,GCN,Molecular graph,797,CC2(C)C1CCC(C)(C1)C2=O,O=C1CC2CCC1C2,-1.8500,-4.4052,2.5552,0.2647
scaffold,4,GCN,Molecular graph,799,ClC2=C(Cl)C3(Cl)C1C=CCC1C2(Cl)C3(Cl)Cl ,C1=CC2C3C=CC(C3)C2C1,-5.6400,-6.7595,1.1195,0.3611
scaffold,4,GCN,Molecular graph,801,c1ccc2c(c1)[nH]c3ccccc32,c1ccc2c(c1)[nH]c1ccccc12,-5.2700,-5.2753,0.0053,0.3684
scaffold,4,GCN,Molecular graph,807,CCCCc1c(C)nc(NCC)nc1OS(=O)(=O)N(C)C ,c1cncnc1,-4.1600,-3.7030,0.4570,0.4286
scaffold,4,GCN,Molecular graph,812,c1cc2ccc(OC)c(CC=C(C)(C))c2oc1=O ,O=c1ccc2ccccc2o1,-4.3140,-5.0471,0.7331,0.3673
scaffold,4,GCN,Molecular graph,819,c1ccc2cc3cc4ccccc4cc3cc2c1,c1ccc2cc3cc4ccccc4cc3cc2c1,-8.6000,-6.8369,1.7631,0.9091
scaffold,4,GCN,Molecular graph,829,CN(C)C(=O)OC1=CC(=O)CC(C)(C)C1 ,O=C1C=CCCC1,-0.8500,-2.5060,1.6560,0.2381
scaffold,4,GCN,Molecular graph,846,O=C1CNC(=O)N1 ,O=C1CNC(=O)N1,-0.4000,-0.2814,0.1186,0.3684
scaffold,4,GCN,Molecular graph,849,CCOP(=S)(OCC)Oc2ccc1oc(=O)c(Cl)c(C)c1c2,O=c1ccc2ccccc2o1,-5.3820,-5.6634,0.2814,0.4118
scaffold,4,GCN,Molecular graph,852,O=c2[nH]c(=O)c1[nH]c(=O)[nH]c1[nH]2 ,O=c1[nH]c(=O)c2[nH]c(=O)[nH]c2[nH]1,-3.9300,-1.4691,2.4609,0.2963
scaffold,4,GCN,Molecular graph,863,CC1(OC(=O)N(C1=O)c2cc(Cl)cc(Cl)c2)C=C,O=C1COC(=O)N1c1ccccc1,-4.9250,-4.8209,0.1041,0.4615
scaffold,4,GCN,Molecular graph,893,CCN(Cc1c(F)cccc1Cl)c2c(cc(cc2N(=O)=O)C(F)(F)F)N(=O)=O,c1ccc(CNc2ccccc2)cc1,-6.7800,-5.4812,1.2988,0.5472
scaffold,4,GCN,Molecular graph,899,ClC1C=CC2C1C3(Cl)C(=C(Cl)C2(Cl)C3(Cl)Cl)Cl,C1=CC2C3C=CC(C3)C2C1,-6.3170,-7.0089,0.6919,0.3824
scaffold,4,GCN,Molecular graph,916,c2ccc1[nH]ncc1c2 ,c1ccc2[nH]ncc2c1,-2.1600,-1.6076,0.5524,0.3571
scaffold,4,GCN,Molecular graph,918,Nc2nc1[nH]cnc1c(=O)[nH]2 ,O=c1[nH]cnc2[nH]cnc12,-3.5830,-1.0345,2.5485,0.3158
scaffold,4,GCN,Molecular graph,938,Nc1nc(O)nc2nc[nH]c12 ,c1ncc2[nH]cnc2n1,-3.4010,-0.7468,2.6542,0.2778
scaffold,4,GCN,Molecular graph,943,c2ccc1[nH]ccc1c2,c1ccc2[nH]ccc2c1,-1.5200,-3.0503,1.5303,0.3889
scaffold,4,GCN,Molecular graph,949,COC(=O)Nc2nc1ccc(cc1[nH]2)C(=O)c3ccccc3,O=C(c1ccccc1)c1ccc2nc[nH]c2c1,-3.8800,-4.2242,0.3442,0.3500
scaffold,4,GCN,Molecular graph,955,C1C=CCC=C1,C1=CCC=CC1,-2.0600,-1.6222,0.4378,0.2727
scaffold,4,GCN,Molecular graph,976,CC12CCC(CC1)C(C)(C)O2,C1CC2CCC1CO2,-1.7400,-3.6047,1.8647,0.3000
scaffold,4,GCN,Molecular graph,984,O=C2NC(=O)C1(CCCC1)C(=O)N2,O=C1NC(=O)C2(CCCC2)C(=O)N1,-2.3490,-1.7472,0.6018,0.9444
scaffold,4,GCN,Molecular graph,987,CN(C)C(=O)NC1CCCCCCC1,C1CCCCCCC1,-2.2180,-2.4236,0.2056,0.2973
scaffold,4,GCN,Molecular graph,991,CN(C)c2c(C)n(C)n(c1ccccc1)c2=O ,O=c1cc[nH]n1-c1ccccc1,-0.3640,-2.6464,2.2824,0.3030
scaffold,4,GCN,Molecular graph,1014,O=C1NCCN1c2ncc(s2)N(=O)=O,O=C1NCCN1c1nccs1,-3.2200,-1.9042,1.3158,0.2400
scaffold,4,GCN,Molecular graph,1015,C1c2ccccc2c3ccc4ccccc4c13,c1ccc2c(c1)Cc1c-2ccc2ccccc12,-6.6800,-6.9802,0.3002,0.4688
scaffold,4,GCN,Molecular graph,1022,N(=Nc1ccccc1)c2ccccc2,c1ccc(N=Nc2ccccc2)cc1,-4.4500,-2.8490,1.6010,0.4000
scaffold,4,GCN,Molecular graph,1037,c1c(O)C2C(=O)C3cc(O)ccC3OC2cc1(OC),O=C1C2C=CC=CC2OC2C=CC=CC12,-2.9430,-2.7779,0.1651,0.1667
scaffold,4,GCN,Molecular graph,1039,CC(=O)SC4CC1=CC(=O)CCC1(C)C5CCC2(C)C(CCC23CCC(=O)O3)C45,O=C1C=C2CCC3C(CCC4C3CCC43CCC(=O)O3)C2CC1,-4.1730,-4.4068,0.2338,0.4242
scaffold,4,GCN,Molecular graph,1054,Cc1cccc2c1ccc3ccccc32,c1ccc2c(c1)ccc1ccccc12,-5.8500,-6.1833,0.3333,0.7273
scaffold,4,GCN,Molecular graph,1061,COC1=CC(=O)CC(C)C13Oc2c(Cl)c(OC)cc(OC)c2C3=O,O=C1C=CC2(CC1)Oc1ccccc1C2=O,-3.2460,-4.9698,1.7238,0.1951
scaffold,4,GCN,Molecular graph,1085,CCOP(=S)(OCC)N2C(=O)c1ccccc1C2=O,O=C1NC(=O)c2ccccc21,-3.3500,-5.3142,1.9642,0.3208
scaffold,4,GCN,Molecular graph,1090,O=C(C=CC=Cc2ccc1OCOc1c2)N3CCCCC3,O=C(C=CC=Cc1ccc2c(c1)OCO2)N1CCCCC1,-3.4600,-3.7139,0.2539,0.1786
scaffold,4,GCN,Molecular graph,1093,O=C2NC(=O)C1(CCCCCCC1)C(=O)N2,O=C1NC(=O)C2(CCCCCCC2)C(=O)N1,-2.9820,-1.9800,1.0020,1.0000
scaffold,4,GCN,Molecular graph,1095,Oc2cc(O)c1C(=O)CC(Oc1c2)c3ccc(O)c(O)c3,O=C1CC(c2ccccc2)Oc2ccccc21,-3.6200,-1.7571,1.8629,0.1951
scaffold,4,GCN,Molecular graph,1106,CC(C)(C)C(=O)C(Oc1ccc(Cl)cc1)n2cncn2,c1ccc(OCn2cncn2)cc1,-3.6100,-3.5038,0.1062,0.3077
scaffold,4,GCN,Molecular graph,1110,CCOC(=O)Nc2cccc(OC(=O)Nc1ccccc1)c2 ,O=C(Nc1ccccc1)Oc1ccccc1,-4.6320,-3.3710,1.2610,0.4694
scaffold,4,GCN,Molecular graph,1115,O=C1NC(=O)C(=O)N1 ,O=C1NC(=O)C(=O)N1,-0.4000,-0.2818,0.1182,0.4118
scaffold,4,GIN,Molecular graph,1,Cc1occc1C(=O)Nc2ccccc2,O=C(Nc1ccccc1)c1ccoc1,-3.3000,-2.0759,1.2241,0.4545
scaffold,4,GIN,Molecular graph,4,c1ccsc1,c1ccsc1,-1.3300,-0.4757,0.8543,0.2222
scaffold,4,GIN,Molecular graph,18,CCOP(=S)(OCC)Oc1cc(C)nc(n1)C(C)C,c1cncnc1,-3.6400,-4.4523,0.8123,0.4130
scaffold,4,GIN,Molecular graph,32,COC(=O)Nc1cccc(OC(=O)Nc2cccc(C)c2)c1,O=C(Nc1ccccc1)Oc1ccccc1,-4.8050,-3.6466,1.1584,0.4894
scaffold,4,GIN,Molecular graph,72,CC1(C)C2CCC1(C)C(=O)C2,O=C1CC2CCC1C2,-1.9600,-4.4003,2.4403,0.3030
scaffold,4,GIN,Molecular graph,86,CC(C)C(C(=O)OC(C#N)c1cccc(Oc2ccccc2)c1)c3ccc(OC(F)F)cc3,O=C(Cc1ccccc1)OCc1cccc(Oc2ccccc2)c1,-6.8760,-6.4054,0.4706,0.5333
scaffold,4,GIN,Molecular graph,92,c1ccc2c(c1)c3cccc4cccc2c34,c1ccc2c(c1)-c1cccc3cccc-2c13,-6.0000,-8.3375,2.3375,0.7368
scaffold,4,GIN,Molecular graph,98,C1OC1c2ccccc2 ,c1ccc(C2CO2)cc1,-1.6000,-2.7449,1.1449,0.3000
scaffold,4,GIN,Molecular graph,126,CCCCc1c(C)nc(nc1O)N(C)C ,c1cncnc1,-2.2400,-2.7769,0.5369,0.3448
scaffold,4,GIN,Molecular graph,160,CSc1nnc(c(=O)n1N)C(C)(C)C,O=c1cnnc[nH]1,-2.2530,-2.0968,0.1562,0.1923
scaffold,4,GIN,Molecular graph,176,CC1=CC(=O)CC(C)(C)C1 ,O=C1C=CCCC1,-1.0600,-3.3454,2.2854,0.2553
scaffold,4,GIN,Molecular graph,179,CCC1(CCC(=O)NC1=O)c2ccccc2 ,O=C1CCC(c2ccccc2)C(=O)N1,-2.3370,-3.2053,0.8683,0.3333
scaffold,4,GIN,Molecular graph,188,C1C(O)CCC2(C)CC3CCC4(C)C5(C)CC6OCC(C)CC6OC5CC4C3C=C21,C1=C2CCCCC2CC2CCC3C4CC5OCCCC5OC4CC3C12,-7.3200,-4.7888,2.5312,0.1875
scaffold,4,GIN,Molecular graph,195,CC(C)Oc1cc(c(Cl)cc1Cl)n2nc(oc2=O)C(C)(C)C,O=c1ocnn1-c1ccccc1,-5.6960,-4.9112,0.7848,0.2105
scaffold,4,GIN,Molecular graph,200,Nc1ccc(cc1)S(=O)(=O)c2ccc(N)cc2,O=S(=O)(c1ccccc1)c1ccccc1,-3.0940,-2.1351,0.9589,0.6500
scaffold,4,GIN,Molecular graph,213,CC12CCC(CC1)C(C)(C)O2 ,C1CC2CCC1CO2,-1.6400,-4.6970,3.0570,0.3000
scaffold,4,GIN,Molecular graph,217,CC(=C)C1CC=C(C)C(=O)C1,O=C1C=CCCC1,-2.0600,-3.0394,0.9794,0.4706
scaffold,4,GIN,Molecular graph,225,Cc3ccnc4N(C1CC1)c2ncccc2C(=O)Nc34 ,O=C1Nc2cccnc2N(C2CC2)c2ncccc21,-3.1900,-4.2069,1.0169,0.4909
scaffold,4,GIN,Molecular graph,260,CCOP(=S)(OCC)SC(CCl)N1C(=O)c2ccccc2C1=O,O=C1NC(=O)c2ccccc21,-6.3400,-5.2223,1.1177,0.3529
scaffold,4,GIN,Molecular graph,286,C(Cc1ccccc1)c2ccccc2,c1ccc(CCc2ccccc2)cc1,-4.6200,-3.6988,0.9212,0.6471
scaffold,4,GIN,Molecular graph,289,Cc1ccc2c(ccc3ccccc32)c1,c1ccc2c(c1)ccc1ccccc12,-5.8400,-5.7874,0.0526,0.6522
scaffold,4,GIN,Molecular graph,298,OCC1OC(CO)(OC2OC(COC3OC(CO)C(O)C(O)C3O)C(O)C(O)C2O)C(O)C1O,C1CCC(OCC2CCCC(OC3CCCO3)O2)OC1,-0.4100,0.2470,0.6570,0.8421
scaffold,4,GIN,Molecular graph,309,OC1CCCCCCC1,C1CCCCCCC1,-1.2900,-1.3293,0.0393,1.0000
scaffold,4,GIN,Molecular graph,318,Nc1ncnc2nc[nH]c12 ,c1ncc2[nH]cnc2n1,-2.1200,-1.3179,0.8021,0.2432
scaffold,4,GIN,Molecular graph,320,COc1ccc(cc1)C(O)(C2CC2)c3cncnc3 ,c1ccc(C(c2cncnc2)C2CC2)cc1,-2.5960,-3.2192,0.6232,0.2895
scaffold,4,GIN,Molecular graph,336,o1c2ccccc2c3ccccc13,c1ccc2c(c1)oc1ccccc12,-4.6000,-4.9097,0.3097,0.3684
scaffold,4,GIN,Molecular graph,339,c3ccc2nc1ccccc1cc2c3,c1ccc2nc3ccccc3cc2c1,-3.6700,-4.6995,1.0295,0.5625
scaffold,4,GIN,Molecular graph,340,CC12CC(=O)C3C(CCC4=CC(=O)CCC34C)C2CCC1(O)C(=O)CO,O=C1C=C2CCC3C4CCCC4CC(=O)C3C2CC1,-3.1100,-3.9779,0.8679,0.6780
scaffold,4,GIN,Molecular graph,344,CCC(C)C(=O)OC2CC(C)C=C3C=CC(C)C(CCC1CC(O)CC(=O)O1)C23 ,O=C1CCCC(CCC2CC=CC3=CCCCC32)O1,-6.0050,-3.7961,2.2089,0.1774
scaffold,4,GIN,Molecular graph,353,CCC(C(CC)c1ccc(O)cc1)c2ccc(O)cc2,c1ccc(CCc2ccccc2)cc1,-4.4300,-4.2905,0.1395,0.4800
scaffold,4,GIN,Molecular graph,360,CN(C)C(=O)Nc1ccc(c(Cl)c1)n2nc(oc2=O)C(C)(C)C,O=c1ocnn1-c1ccccc1,-4.3280,-3.7757,0.5523,0.4898
scaffold,4,GIN,Molecular graph,365,c1cncnc1,c1cncnc1,1.1000,1.3433,0.2433,0.5000
scaffold,4,GIN,Molecular graph,373,CC2Nc1cc(Cl)c(cc1C(=O)N2c3ccccc3C)S(N)(=O)=O ,O=C1c2ccccc2NCN1c1ccccc1,-3.7800,-4.2219,0.4419,0.3429
scaffold,4,GIN,Molecular graph,381,OCC(O)C2OC1OC(OC1C2O)C(Cl)(Cl)Cl ,C1CC2OCOC2O1,-1.8400,-0.7514,1.0886,0.1765
scaffold,4,GIN,Molecular graph,386,Nc1nccs1 ,c1cscn1,-0.3600,0.7510,1.1110,0.2143
scaffold,4,GIN,Molecular graph,394,CN(C(=O)NC(C)(C)c1ccccc1)c2ccccc2,O=C(NCc1ccccc1)Nc1ccccc1,-3.3500,-3.5561,0.2061,0.3784
scaffold,4,GIN,Molecular graph,412,CC(=O)Nc1nnc(s1)S(N)(=O)=O ,c1nncs1,-2.3600,-1.6343,0.7257,0.2703
scaffold,4,GIN,Molecular graph,414,ClC1=C(Cl)C2(Cl)C3C4CC(C=C4)C3C1(Cl)C2(Cl)Cl,C1=CC2CC1C1C3C=CC(C3)C21,-6.3070,-6.3550,0.0480,0.4839
scaffold,4,GIN,Molecular graph,422,ClC(Cl)C(Cl)(Cl)SN2C(=O)C1CC=CCC1C2=O ,O=C1NC(=O)C2CC=CCC12,-5.4000,-4.4345,0.9655,0.1935
scaffold,4,GIN,Molecular graph,448,NC(=O)NC1NC(=O)NC1=O ,O=C1CNC(=O)N1,-1.6000,-0.7959,0.8041,0.2105
scaffold,4,GIN,Molecular graph,449,OCC(O)COC(=O)c1ccccc1Nc2ccnc3cc(Cl)ccc23,c1ccc(Nc2ccnc3ccccc23)cc1,-4.5710,-3.8420,0.7290,0.2769
scaffold,4,GIN,Molecular graph,476,CN(C)C(=O)Oc1nc(nc(C)c1C)N(C)C,c1cncnc1,-1.9500,-2.4151,0.4651,0.3333
scaffold,4,GIN,Molecular graph,488,O=c2c(C3CCCc4ccccc43)c(O)c1ccccc1o2 ,O=c1oc2ccccc2cc1C1CCCc2ccccc21,-2.8400,-4.0336,1.1936,0.2619
scaffold,4,GIN,Molecular graph,495,Nc1cc(nc(N)n1=O)N2CCCCC2 ,c1cc(N2CCCCC2)nc[nH+]1,-1.9890,-2.8098,0.8208,0.1463
scaffold,4,GIN,Molecular graph,496,Nc2cccc3nc1ccccc1cc23 ,c1ccc2nc3ccccc3cc2c1,-4.2200,-4.0891,0.1309,0.5185
scaffold,4,GIN,Molecular graph,500,CCOP(=S)(OCC)SC(CCl)N2C(=O)c1ccccc1C2=O,O=C1NC(=O)c2ccccc21,-6.3400,-5.2223,1.1177,0.3529
scaffold,4,GIN,Molecular graph,504,CC1=C(CCCO1)C(=O)Nc2ccccc2 ,O=C(Nc1ccccc1)C1=COCCC1,-2.5600,-2.6963,0.1363,0.5581
scaffold,4,GIN,Molecular graph,512,Cc1c[nH]c2ccccc12 ,c1ccc2[nH]ccc2c1,-2.4200,-3.2710,0.8510,0.4348
scaffold,4,GIN,Molecular graph,518,CC(=O)N(S(=O)c1ccc(N)cc1)c2onc(C)c2C ,O=S(Nc1ccno1)c1ccccc1,-3.5900,-2.0697,1.5203,0.2708
scaffold,4,GIN,Molecular graph,536,CC3C2CCC1(C)C=CC(=O)C(=C1C2OC3=O)C,O=C1C=CC2CCC3CC(=O)OC3C2=C1,-3.0900,-4.3255,1.2355,0.2063
scaffold,4,GIN,Molecular graph,546,Cc2c(N)c(=O)n(c1ccccc1)n2C,O=c1cc[nH]n1-c1ccccc1,-0.6240,-2.7384,2.1144,0.3333
scaffold,4,GIN,Molecular graph,562,c1ccccc1C(O)C(O)c2ccccc2,c1ccc(CCc2ccccc2)cc1,-1.9300,-1.9006,0.0294,0.6471
scaffold,4,GIN,Molecular graph,579,c1ccc(cc1)c2ccc(cc2)c3ccccc3,c1ccc(-c2ccc(-c3ccccc3)cc2)cc1,-7.1100,-5.8810,1.2290,0.9000
scaffold,4,GIN,Molecular graph,582,Cc1cc(ccc1NS(=O)(=O)C(F)(F)F)S(=O)(=O)c2ccccc2,O=S(=O)(c1ccccc1)c1ccccc1,-3.8000,-3.3228,0.4772,0.4565
scaffold,4,GIN,Molecular graph,611,c1ccc2c(c1)ccc3ccccc32,c1ccc2c(c1)ccc1ccccc12,-5.2600,-5.4559,0.1959,0.8571
scaffold,4,GIN,Molecular graph,621,ClC(Cl)(Cl)C(NC=O)N1C=CN(C=C1)C(NC=O)C(Cl)(Cl)Cl ,C1=CNC=CN1,-4.1900,-2.2431,1.9469,0.2000
scaffold,4,GIN,Molecular graph,622,Cn2cc(c1ccccc1)c(=O)c(c2)c3cccc(c3)C(F)(F)F,O=c1c(-c2ccccc2)c[nH]cc1-c1ccccc1,-4.4450,-5.5038,1.0588,0.3714
scaffold,4,GIN,Molecular graph,624,CC12CCC3C(CCc4cc(O)ccc34)C2CCC1=O,O=C1CCC2C1CCC1c3ccccc3CCC12,-3.9550,-4.5248,0.5698,0.6250
scaffold,4,GIN,Molecular graph,626,CC1CO1,C1CO1,-0.5900,-0.1078,0.4822,0.4118
scaffold,4,GIN,Molecular graph,637,c1ccc2c(c1)cc3ccc4cccc5ccc2c3c45,c1ccc2c(c1)cc1ccc3cccc4ccc2c1c34,-8.6990,-7.6976,1.0014,0.6522
scaffold,4,GIN,Molecular graph,647,Cc1cc(=O)[nH]c(=S)[nH]1,O=c1cc[nH]c(=S)[nH]1,-2.4360,-1.5576,0.8784,0.2581
scaffold,4,GIN,Molecular graph,652,CC1(C)CON(Cc2ccccc2Cl)C1=O,O=C1CCON1Cc1ccccc1,-2.3380,-3.4411,1.1031,0.2703
scaffold,4,GIN,Molecular graph,659,OC(Cn1cncn1)(Cn2cncn2)c3ccc(F)cc3F ,c1ccc(C(Cn2cncn2)Cn2cncn2)cc1,-1.8000,-2.4999,0.6999,0.5417
scaffold,4,GIN,Molecular graph,676,c1cc2ccc3ccc4ccc5cccc6c(c1)c2c3c4c56,c1cc2ccc3ccc4ccc5cccc6c(c1)c2c3c4c56,-9.0180,-8.4930,0.5250,0.8235
scaffold,4,GIN,Molecular graph,678,c1c(OC)c(OC)C2C(=O)OCC2c1,O=C1OCC2C=CC=CC12,-1.8990,-2.4269,0.5279,0.2000
scaffold,4,GIN,Molecular graph,683,Cc1cc(=O)n(c2ccccc2)n1C,O=c1cc[nH]n1-c1ccccc1,0.7150,-2.7598,3.4748,0.3250
scaffold,4,GIN,Molecular graph,702,CC(=O)OCC(=O)C3(O)CCC4C2CCC1=CC(=O)CCC1(C)C2C(=O)CC34C ,O=C1C=C2CCC3C4CCCC4CC(=O)C3C2CC1,-4.2100,-4.1486,0.0614,0.7031
scaffold,4,GIN,Molecular graph,708,CN(C)C(=O)NC1CC2CC1C3CCCC23,C1CC2C3CCC(C3)C2C1,-3.1710,-3.9759,0.8049,0.2381
scaffold,4,GIN,Molecular graph,724,O=C1NC(=O)c2ccccc12 ,O=C1NC(=O)c2ccccc21,-2.6100,-3.4493,0.8393,0.3333
scaffold,4,GIN,Molecular graph,730,CCC2NC(=O)c1cc(c(Cl)cc1N2)S(N)(=O)=O,O=C1NCNc2ccccc21,-3.2900,-3.5273,0.2373,0.3889
scaffold,4,GIN,Molecular graph,733,C1(=O)NC(=O)NC(=O)C1(O)C2(O)C(=O)NC(=O)NC2(=O),O=C1NC(=O)C(C2C(=O)NC(=O)NC2=O)C(=O)N1,-1.9900,-0.8954,1.0946,0.4737
scaffold,4,GIN,Molecular graph,754,COc2cc1c(N)nc(nc1c(OC)c2OC)N3CCN(CC3)C(=O)OCC(C)(C)O ,c1ccc2nc(N3CCNCC3)ncc2c1,-3.6380,-3.4314,0.2066,0.1972
scaffold,4,GIN,Molecular graph,771,C1CCCCCCC1,C1CCCCCCC1,-4.1500,-3.5017,0.6483,1.0000
scaffold,4,GIN,Molecular graph,775,Clc1ccc(CN(C2CCCC2)C(=O)Nc3ccccc3)cc1,O=C(Nc1ccccc1)N(Cc1ccccc1)C1CCCC1,-5.9150,-4.7968,1.1182,0.4000
scaffold,4,GIN,Molecular graph,780,c1ccc2c3c(ccc2c1)c4cccc5cccc3c45,c1ccc2c3c(ccc2c1)-c1cccc2cccc-3c12,-8.0000,-8.7257,0.7257,0.5000
scaffold,4,GIN,Molecular graph,792,OC1C=CC2C1C3(Cl)C(=C(Cl)C2(Cl)C3(Cl)Cl)Cl ,C1=CC2C3C=CC(C3)C2C1,-5.4600,-6.0596,0.5996,0.3714
scaffold,4,GIN,Molecular graph,797,CC2(C)C1CCC(C)(C1)C2=O,O=C1CC2CCC1C2,-1.8500,-4.4313,2.5813,0.2647
scaffold,4,GIN,Molecular graph,799,ClC2=C(Cl)C3(Cl)C1C=CCC1C2(Cl)C3(Cl)Cl ,C1=CC2C3C=CC(C3)C2C1,-5.6400,-6.1998,0.5598,0.3611
scaffold,4,GIN,Molecular graph,801,c1ccc2c(c1)[nH]c3ccccc32,c1ccc2c(c1)[nH]c1ccccc12,-5.2700,-5.3455,0.0755,0.3684
scaffold,4,GIN,Molecular graph,807,CCCCc1c(C)nc(NCC)nc1OS(=O)(=O)N(C)C ,c1cncnc1,-4.1600,-3.1400,1.0200,0.4286
scaffold,4,GIN,Molecular graph,812,c1cc2ccc(OC)c(CC=C(C)(C))c2oc1=O ,O=c1ccc2ccccc2o1,-4.3140,-4.1586,0.1554,0.3673
scaffold,4,GIN,Molecular graph,819,c1ccc2cc3cc4ccccc4cc3cc2c1,c1ccc2cc3cc4ccccc4cc3cc2c1,-8.6000,-6.5154,2.0846,0.9091
scaffold,4,GIN,Molecular graph,829,CN(C)C(=O)OC1=CC(=O)CC(C)(C)C1 ,O=C1C=CCCC1,-0.8500,-2.3118,1.4618,0.2381
scaffold,4,GIN,Molecular graph,846,O=C1CNC(=O)N1 ,O=C1CNC(=O)N1,-0.4000,-0.0231,0.3769,0.3684
scaffold,4,GIN,Molecular graph,849,CCOP(=S)(OCC)Oc2ccc1oc(=O)c(Cl)c(C)c1c2,O=c1ccc2ccccc2o1,-5.3820,-5.3195,0.0625,0.4118
scaffold,4,GIN,Molecular graph,852,O=c2[nH]c(=O)c1[nH]c(=O)[nH]c1[nH]2 ,O=c1[nH]c(=O)c2[nH]c(=O)[nH]c2[nH]1,-3.9300,-2.6366,1.2934,0.2963
scaffold,4,GIN,Molecular graph,863,CC1(OC(=O)N(C1=O)c2cc(Cl)cc(Cl)c2)C=C,O=C1COC(=O)N1c1ccccc1,-4.9250,-4.6168,0.3082,0.4615
scaffold,4,GIN,Molecular graph,893,CCN(Cc1c(F)cccc1Cl)c2c(cc(cc2N(=O)=O)C(F)(F)F)N(=O)=O,c1ccc(CNc2ccccc2)cc1,-6.7800,-5.9155,0.8645,0.5472
scaffold,4,GIN,Molecular graph,899,ClC1C=CC2C1C3(Cl)C(=C(Cl)C2(Cl)C3(Cl)Cl)Cl,C1=CC2C3C=CC(C3)C2C1,-6.3170,-6.3127,0.0043,0.3824
scaffold,4,GIN,Molecular graph,916,c2ccc1[nH]ncc1c2 ,c1ccc2[nH]ncc2c1,-2.1600,-1.3623,0.7977,0.3571
scaffold,4,GIN,Molecular graph,918,Nc2nc1[nH]cnc1c(=O)[nH]2 ,O=c1[nH]cnc2[nH]cnc12,-3.5830,-2.1216,1.4614,0.3158
scaffold,4,GIN,Molecular graph,938,Nc1nc(O)nc2nc[nH]c12 ,c1ncc2[nH]cnc2n1,-3.4010,-1.8013,1.5997,0.2778
scaffold,4,GIN,Molecular graph,943,c2ccc1[nH]ccc1c2,c1ccc2[nH]ccc2c1,-1.5200,-2.4545,0.9345,0.3889
scaffold,4,GIN,Molecular graph,949,COC(=O)Nc2nc1ccc(cc1[nH]2)C(=O)c3ccccc3,O=C(c1ccccc1)c1ccc2nc[nH]c2c1,-3.8800,-4.0641,0.1841,0.3500
scaffold,4,GIN,Molecular graph,955,C1C=CCC=C1,C1=CCC=CC1,-2.0600,-2.0723,0.0123,0.2727
scaffold,4,GIN,Molecular graph,976,CC12CCC(CC1)C(C)(C)O2,C1CC2CCC1CO2,-1.7400,-4.6970,2.9570,0.3000
scaffold,4,GIN,Molecular graph,984,O=C2NC(=O)C1(CCCC1)C(=O)N2,O=C1NC(=O)C2(CCCC2)C(=O)N1,-2.3490,-2.7938,0.4448,0.9444
scaffold,4,GIN,Molecular graph,987,CN(C)C(=O)NC1CCCCCCC1,C1CCCCCCC1,-2.2180,-2.1550,0.0630,0.2973
scaffold,4,GIN,Molecular graph,991,CN(C)c2c(C)n(C)n(c1ccccc1)c2=O ,O=c1cc[nH]n1-c1ccccc1,-0.3640,-3.1232,2.7592,0.3030
scaffold,4,GIN,Molecular graph,1014,O=C1NCCN1c2ncc(s2)N(=O)=O,O=C1NCCN1c1nccs1,-3.2200,-2.5190,0.7010,0.2400
scaffold,4,GIN,Molecular graph,1015,C1c2ccccc2c3ccc4ccccc4c13,c1ccc2c(c1)Cc1c-2ccc2ccccc12,-6.6800,-7.4403,0.7603,0.4688
scaffold,4,GIN,Molecular graph,1022,N(=Nc1ccccc1)c2ccccc2,c1ccc(N=Nc2ccccc2)cc1,-4.4500,-3.4117,1.0383,0.4000
scaffold,4,GIN,Molecular graph,1037,c1c(O)C2C(=O)C3cc(O)ccC3OC2cc1(OC),O=C1C2C=CC=CC2OC2C=CC=CC12,-2.9430,-2.1791,0.7639,0.1667
scaffold,4,GIN,Molecular graph,1039,CC(=O)SC4CC1=CC(=O)CCC1(C)C5CCC2(C)C(CCC23CCC(=O)O3)C45,O=C1C=C2CCC3C(CCC4C3CCC43CCC(=O)O3)C2CC1,-4.1730,-4.3875,0.2145,0.4242
scaffold,4,GIN,Molecular graph,1054,Cc1cccc2c1ccc3ccccc32,c1ccc2c(c1)ccc1ccccc12,-5.8500,-5.6447,0.2053,0.7273
scaffold,4,GIN,Molecular graph,1061,COC1=CC(=O)CC(C)C13Oc2c(Cl)c(OC)cc(OC)c2C3=O,O=C1C=CC2(CC1)Oc1ccccc1C2=O,-3.2460,-4.9601,1.7141,0.1951
scaffold,4,GIN,Molecular graph,1085,CCOP(=S)(OCC)N2C(=O)c1ccccc1C2=O,O=C1NC(=O)c2ccccc21,-3.3500,-4.9204,1.5704,0.3208
scaffold,4,GIN,Molecular graph,1090,O=C(C=CC=Cc2ccc1OCOc1c2)N3CCCCC3,O=C(C=CC=Cc1ccc2c(c1)OCO2)N1CCCCC1,-3.4600,-3.2546,0.2054,0.1786
scaffold,4,GIN,Molecular graph,1093,O=C2NC(=O)C1(CCCCCCC1)C(=O)N2,O=C1NC(=O)C2(CCCCCCC2)C(=O)N1,-2.9820,-2.8290,0.1530,1.0000
scaffold,4,GIN,Molecular graph,1095,Oc2cc(O)c1C(=O)CC(Oc1c2)c3ccc(O)c(O)c3,O=C1CC(c2ccccc2)Oc2ccccc21,-3.6200,-1.9373,1.6827,0.1951
scaffold,4,GIN,Molecular graph,1106,CC(C)(C)C(=O)C(Oc1ccc(Cl)cc1)n2cncn2,c1ccc(OCn2cncn2)cc1,-3.6100,-3.6191,0.0091,0.3077
scaffold,4,GIN,Molecular graph,1110,CCOC(=O)Nc2cccc(OC(=O)Nc1ccccc1)c2 ,O=C(Nc1ccccc1)Oc1ccccc1,-4.6320,-3.7322,0.8998,0.4694
scaffold,4,GIN,Molecular graph,1115,O=C1NC(=O)C(=O)N1 ,O=C1NC(=O)C(=O)N1,-0.4000,-0.7497,0.3497,0.4118
scaffold_shuffled,0,Dummy (mean),RDKit descriptors,11,Clc1ccc2ccccc2c1,c1ccc2ccccc2c1,-4.1400,-3.0070,1.1330,0.5000
scaffold_shuffled,0,Dummy (mean),RDKit descriptors,21,O=c2[nH]c1CCCc1c(=O)n2C3CCCCC3,O=c1[nH]c2c(c(=O)n1C1CCCCC1)CCC2,-4.5940,-3.0070,1.5870,0.2059
scaffold_shuffled,0,Dummy (mean),RDKit descriptors,26,Cn1c(=O)n(C)c2nc[nH]c2c1=O,O=c1[nH]c(=O)c2[nH]cnc2[nH]1,-1.3900,-3.0070,1.6170,0.2973
scaffold_shuffled,0,Dummy (mean),RDKit descriptors,28,ClC(Cl)=C(c1ccc(Cl)cc1)c2ccc(Cl)cc2,C=C(c1ccccc1)c1ccccc1,-6.9000,-3.0070,3.8930,0.4706
scaffold_shuffled,0,Dummy (mean),RDKit descriptors,32,COC(=O)Nc1cccc(OC(=O)Nc2cccc(C)c2)c1,O=C(Nc1ccccc1)Oc1ccccc1,-4.8050,-3.0070,1.7980,0.4894
scaffold_shuffled,0,Dummy (mean),RDKit descriptors,57,Cc1ccc(C)c2ccccc12,c1ccc2ccccc2c1,-4.1400,-3.0070,1.1330,0.5625
scaffold_shuffled,0,Dummy (mean),RDKit descriptors,66,CCNc1nc(Cl)nc(n1)N(CC)CC,c1ncncn1,-4.0600,-3.0070,1.0530,0.2222
scaffold_shuffled,0,Dummy (mean),RDKit descriptors,73,O=C1NC(=O)NC(=O)C1(CC=C)c1ccccc1,O=C1NC(=O)C(c2ccccc2)C(=O)N1,-2.3690,-3.0070,0.6380,0.4286
scaffold_shuffled,0,Dummy (mean),RDKit descriptors,94,Cc1cc(C)c2ccccc2c1,c1ccc2ccccc2c1,-4.2900,-3.0070,1.2830,0.5769
scaffold_shuffled,0,Dummy (mean),RDKit descriptors,101,c2(Cl)c(Cl)c(Cl)c1nccnc1c2(Cl) ,c1ccc2nccnc2c1,-5.4300,-3.0070,2.4230,0.3158
scaffold_shuffled,0,Dummy (mean),RDKit descriptors,104,CCc1cccc2ccccc12,c1ccc2ccccc2c1,-4.1700,-3.0070,1.1630,0.5714
scaffold_shuffled,0,Dummy (mean),RDKit descriptors,115,Cn1cnc2n(C)c(=O)[nH]c(=O)c12 ,O=c1[nH]c(=O)c2[nH]cnc2[nH]1,-2.5230,-3.0070,0.4840,0.3429
scaffold_shuffled,0,Dummy (mean),RDKit descriptors,134,CC1=CCC(CC1)C(C)=C,C1=CCCCC1,-4.2600,-3.0070,1.2530,0.4706
scaffold_shuffled,0,Dummy (mean),RDKit descriptors,139,Brc1cccc2ccccc12,c1ccc2ccccc2c1,-4.3500,-3.0070,1.3430,0.5263
scaffold_shuffled,0,Dummy (mean),RDKit descriptors,143,Nc1cccc2ccccc12,c1ccc2ccccc2c1,-1.9200,-3.0070,1.0870,0.5263
scaffold_shuffled,0,Dummy (mean),RDKit descriptors,150,Nc1ncnc2n(ccc12)C3OC(CO)C(O)C3O ,c1ncc2ccn(C3CCCO3)c2n1,-1.9500,-3.0070,1.0570,0.5294
scaffold_shuffled,0,Dummy (mean),RDKit descriptors,156,Oc2ccc1CCCCc1c2 ,c1ccc2c(c1)CCCC2,-1.9900,-3.0070,1.0170,0.4000
scaffold_shuffled,0,Dummy (mean),RDKit descriptors,179,CCC1(CCC(=O)NC1=O)c2ccccc2 ,O=C1CCC(c2ccccc2)C(=O)N1,-2.3370,-3.0070,0.6700,0.3333
scaffold_shuffled,0,Dummy (mean),RDKit descriptors,188,C1C(O)CCC2(C)CC3CCC4(C)C5(C)CC6OCC(C)CC6OC5CC4C3C=C21,C1=C2CCCCC2CC2CCC3C4CC5OCCCC5OC4CC3C12,-7.3200,-3.0070,4.3130,0.2432
scaffold_shuffled,0,Dummy (mean),RDKit descriptors,194,Oc1ccc2ccccc2c1,c1ccc2ccccc2c1,-2.2800,-3.0070,0.7270,0.5000
scaffold_shuffled,0,Dummy (mean),RDKit descriptors,219,COc1cc(cc(OC)c1O)C6C2C(COC2=O)C(OC4OC3COC(C)OC3C(O)C4O)c7cc5OCOc5cc67,O=C1OCC2C(OC3CCC4OCOCC4O3)c3cc4c(cc3C(c3ccccc3)C12)OCO4,-3.5710,-3.0070,0.5640,0.2000
scaffold_shuffled,0,Dummy (mean),RDKit descriptors,222,c1c(Br)ccc2ccccc12 ,c1ccc2ccccc2c1,-4.4000,-3.0070,1.3930,0.5000
scaffold_shuffled,0,Dummy (mean),RDKit descriptors,235,CCNc1nc(Cl)nc(NC(C)C)n1,c1ncncn1,-3.8500,-3.0070,0.8430,0.2286
scaffold_shuffled,0,Dummy (mean),RDKit descriptors,245,CCN(CC)c1nc(Cl)nc(NC(C)C)n1,c1ncncn1,-3.7850,-3.0070,0.7780,0.2105
scaffold_shuffled,0,Dummy (mean),RDKit descriptors,250,CCN2c1ncccc1N(C)C(=O)c3cccnc23 ,O=C1Nc2cccnc2Nc2ncccc21,-2.6200,-3.0070,0.3870,0.8158
scaffold_shuffled,0,Dummy (mean),RDKit descriptors,256,c1ccc2ccccc2c1,c1ccc2ccccc2c1,-3.6000,-3.0070,0.5930,0.6364
scaffold_shuffled,0,Dummy (mean),RDKit descriptors,260,CCOP(=S)(OCC)SC(CCl)N1C(=O)c2ccccc2C1=O,O=C1NC(=O)c2ccccc21,-6.3400,-3.0070,3.3330,0.3529
scaffold_shuffled,0,Dummy (mean),RDKit descriptors,262,Fc1cccc(F)c1C(=O)NC(=O)Nc2cc(Cl)c(F)c(Cl)c2F ,O=C(NC(=O)c1ccccc1)Nc1ccccc1,-7.2800,-3.0070,4.2730,0.2364
scaffold_shuffled,0,Dummy (mean),RDKit descriptors,275,Ic1cccc2ccccc12,c1ccc2ccccc2c1,-4.5500,-3.0070,1.5430,0.5263
scaffold_shuffled,0,Dummy (mean),RDKit descriptors,298,OCC1OC(CO)(OC2OC(COC3OC(CO)C(O)C(O)C3O)C(O)C(O)C2O)C(O)C1O,C1CCC(OCC2CCCC(OC3CCCO3)O2)OC1,-0.4100,-3.0070,2.5970,0.8421
scaffold_shuffled,0,Dummy (mean),RDKit descriptors,309,OC1CCCCCCC1,C1CCCCCCC1,-1.2900,-3.0070,1.7170,0.3571
scaffold_shuffled,0,Dummy (mean),RDKit descriptors,323,CCC1(C(=O)NC(=O)NC1=O)c2ccccc2 ,O=C1NC(=O)C(c2ccccc2)C(=O)N1,-2.3220,-3.0070,0.6850,0.4688
scaffold_shuffled,0,Dummy (mean),RDKit descriptors,331,C1CCCCCC1,C1CCCCCC1,-3.5100,-3.0070,0.5030,1.0000
scaffold_shuffled,0,Dummy (mean),RDKit descriptors,339,c3ccc2nc1ccccc1cc2c3,c1ccc2nc3ccccc3cc2c1,-3.6700,-3.0070,0.6630,0.5625
scaffold_shuffled,0,Dummy (mean),RDKit descriptors,343,CC2Cc1ccccc1N2NC(=O)c3ccc(Cl)c(c3)S(N)(=O)=O ,O=C(NN1CCc2ccccc21)c1ccccc1,-3.5860,-3.0070,0.5790,0.3429
scaffold_shuffled,0,Dummy (mean),RDKit descriptors,351,Cc1ccc2ccccc2c1,c1ccc2ccccc2c1,-3.7700,-3.0070,0.7630,0.8421
scaffold_shuffled,0,Dummy (mean),RDKit descriptors,363,C1CCC=CC1,C1=CCCCC1,-2.5900,-3.0070,0.4170,0.8889
scaffold_shuffled,0,Dummy (mean),RDKit descriptors,370,CN1CC(O)N(C1=O)c2nnc(s2)C(C)(C)C,O=C1NCCN1c1nncs1,-1.8770,-3.0070,1.1300,0.1923
scaffold_shuffled,0,Dummy (mean),RDKit descriptors,383,COc1nc(NC(C)C)nc(NC(C)C)n1,c1ncncn1,-2.4780,-3.0070,0.5290,0.1702
scaffold_shuffled,0,Dummy (mean),RDKit descriptors,409,OC1CCCCCC1,C1CCCCCC1,-0.8800,-3.0070,2.1270,0.3571
scaffold_shuffled,0,Dummy (mean),RDKit descriptors,415,C1CCOC1,C1CCOC1,0.4900,-3.0070,3.4970,0.8889
scaffold_shuffled,0,Dummy (mean),RDKit descriptors,421,CCN(CC)c1nc(Cl)nc(n1)N(CC)CC,c1ncncn1,-4.4110,-3.0070,1.4040,0.2857
scaffold_shuffled,0,Dummy (mean),RDKit descriptors,442,CCN2c1ncccc1N(CC)C(=O)c3cccnc23 ,O=C1Nc2cccnc2Nc2ncccc21,-2.8600,-3.0070,0.1470,0.6750
scaffold_shuffled,0,Dummy (mean),RDKit descriptors,449,OCC(O)COC(=O)c1ccccc1Nc2ccnc3cc(Cl)ccc23,c1ccc(Nc2ccnc3ccccc23)cc1,-4.5710,-3.0070,1.5640,0.2769
scaffold_shuffled,0,Dummy (mean),RDKit descriptors,452,Clc1cccc2ccccc12,c1ccc2ccccc2c1,-3.9300,-3.0070,0.9230,0.5263
scaffold_shuffled,0,Dummy (mean),RDKit descriptors,465,O=C1NC(=O)NC(=O)C1(CC)c1ccccc1,O=C1NC(=O)C(c2ccccc2)C(=O)N1,-2.3220,-3.0070,0.6850,0.4688
scaffold_shuffled,0,Dummy (mean),RDKit descriptors,496,Nc2cccc3nc1ccccc1cc23 ,c1ccc2nc3ccccc3cc2c1,-4.2200,-3.0070,1.2130,0.3667
scaffold_shuffled,0,Dummy (mean),RDKit descriptors,500,CCOP(=S)(OCC)SC(CCl)N2C(=O)c1ccccc1C2=O,O=C1NC(=O)c2ccccc21,-6.3400,-3.0070,3.3330,0.3529
scaffold_shuffled,0,Dummy (mean),RDKit descriptors,502,Cn2c(=O)on(c1ccc(Cl)c(Cl)c1)c2=O,O=c1[nH]c(=O)n(-c2ccccc2)o1,-2.8200,-3.0070,0.1870,0.2955
scaffold_shuffled,0,Dummy (mean),RDKit descriptors,504,CC1=C(CCCO1)C(=O)Nc2ccccc2 ,O=C(Nc1ccccc1)C1=COCCC1,-2.5600,-3.0070,0.4470,0.5581
scaffold_shuffled,0,Dummy (mean),RDKit descriptors,518,CC(=O)N(S(=O)c1ccc(N)cc1)c2onc(C)c2C ,O=S(Nc1ccno1)c1ccccc1,-3.5900,-3.0070,0.5830,0.2708
scaffold_shuffled,0,Dummy (mean),RDKit descriptors,535,CC1CCCO1,C1CCOC1,0.1100,-3.0070,3.1170,0.4118
scaffold_shuffled,0,Dummy (mean),RDKit descriptors,536,CC3C2CCC1(C)C=CC(=O)C(=C1C2OC3=O)C,O=C1C=CC2CCC3CC(=O)OC3C2=C1,-3.0900,-3.0070,0.0830,0.2063
scaffold_shuffled,0,Dummy (mean),RDKit descriptors,539,CCNc1nc(NC(C)C)nc(SC)n1,c1ncncn1,-3.0400,-3.0070,0.0330,0.2162
scaffold_shuffled,0,Dummy (mean),RDKit descriptors,543,OC(C(=O)c1ccccc1)c2ccccc2,O=C(Cc1ccccc1)c1ccccc1,-2.8500,-3.0070,0.1570,0.4583
scaffold_shuffled,0,Dummy (mean),RDKit descriptors,549,CCNc1nc(NC(C)(C)C)nc(SC)n1,c1ncncn1,-4.0000,-3.0070,0.9930,0.2162
scaffold_shuffled,0,Dummy (mean),RDKit descriptors,554,Brc1ccc2ccccc2c1,c1ccc2ccccc2c1,-4.4000,-3.0070,1.3930,0.5000
scaffold_shuffled,0,Dummy (mean),RDKit descriptors,555,CC1OC(CC(O)C1O)OC2C(O)CC(OC2C)OC8C(O)CC(OC7CCC3(C)C(CCC4C3CC(O)C5(C)C(CCC45O)C6=CC(=O)OC6)C7)OC8C ,O=C1C=C(C2CCC3C2CCC2C4CCC(OC5CCC(OC6CCC(OC7CCCCO7)CO6)CO5)CC4CCC23)CO1,-4.0810,-3.0070,1.0740,0.2683
scaffold_shuffled,0,Dummy (mean),RDKit descriptors,558,c1ccc2c(c1)sc3ccccc23,c1ccc2c(c1)sc1ccccc12,-4.3800,-3.0070,1.3730,0.4667
scaffold_shuffled,0,Dummy (mean),RDKit descriptors,570,CCCCc1c(C)nc(NCC)[nH]c1=O,O=c1ccnc[nH]1,-3.0280,-3.0070,0.0210,0.2250
scaffold_shuffled,0,Dummy (mean),RDKit descriptors,584,CCc1ccc2ccccc2c1,c1ccc2ccccc2c1,-4.2900,-3.0070,1.2830,0.4783
scaffold_shuffled,0,Dummy (mean),RDKit descriptors,604,COc2c1occc1cc3ccc(=O)oc23 ,O=c1ccc2cc3ccoc3cc2o1,-3.6640,-3.0070,0.6570,0.4667
scaffold_shuffled,0,Dummy (mean),RDKit descriptors,606,Cc1cccc2ccccc12,c1ccc2ccccc2c1,-3.7000,-3.0070,0.6930,0.7273
scaffold_shuffled,0,Dummy (mean),RDKit descriptors,607,CCN(CC)C(=O)C(C)Oc1cccc2ccccc12 ,c1ccc2ccccc2c1,-3.5700,-3.0070,0.5630,0.3125
scaffold_shuffled,0,Dummy (mean),RDKit descriptors,616,Cc1ccc2cc(C)ccc2c1,c1ccc2ccccc2c1,-4.8900,-3.0070,1.8830,0.7222
scaffold_shuffled,0,Dummy (mean),RDKit descriptors,632,Cc1cccc2c(C)cccc12,c1ccc2ccccc2c1,-4.6790,-3.0070,1.6720,0.6190
scaffold_shuffled,0,Dummy (mean),RDKit descriptors,634,C1=Cc2cccc3cccc1c23,C1=Cc2cccc3cccc1c23,-3.9600,-3.0070,0.9530,0.4737
scaffold_shuffled,0,Dummy (mean),RDKit descriptors,636,CCNc1nc(NC(C)C)nc(OC)n1,c1ncncn1,-2.0840,-3.0070,0.9230,0.2162
scaffold_shuffled,0,Dummy (mean),RDKit descriptors,640,CC1OC(CC(O)C1O)OC2C(O)CC(OC2C)OC8C(O)CC(OC7CCC3(C)C(CCC4C3CCC5(C)C(CCC45O)C6=CC(=O)OC6)C7)OC8C ,O=C1C=C(C2CCC3C2CCC2C4CCC(OC5CCC(OC6CCC(OC7CCCCO7)CO6)CO5)CC4CCC23)CO1,-5.2930,-3.0070,2.2860,0.2683
scaffold_shuffled,0,Dummy (mean),RDKit descriptors,643,C1CCc2ccccc2C1,c1ccc2c(c1)CCCC2,-4.3700,-3.0070,1.3630,0.4211
scaffold_shuffled,0,Dummy (mean),RDKit descriptors,652,CC1(C)CON(Cc2ccccc2Cl)C1=O,O=C1CCON1Cc1ccccc1,-2.3380,-3.0070,0.6690,0.2703
scaffold_shuffled,0,Dummy (mean),RDKit descriptors,686,CCNc1nc(Cl)nc(NCC)n1 ,c1ncncn1,-4.5500,-3.0070,1.5430,0.2857
scaffold_shuffled,0,Dummy (mean),RDKit descriptors,688,CSc1nc(nc(n1)N(C)C)N(C)C,c1ncncn1,-2.6760,-3.0070,0.3310,0.1923
scaffold_shuffled,0,Dummy (mean),RDKit descriptors,707,COCCCNc1nc(NC(C)C)nc(SC)n1,c1ncncn1,-2.9280,-3.0070,0.0790,0.2308
scaffold_shuffled,0,Dummy (mean),RDKit descriptors,719,O=c1[nH]cnc2[nH]ncc12 ,O=c1[nH]cnc2[nH]ncc12,-2.2660,-3.0070,0.7410,0.2647
scaffold_shuffled,0,Dummy (mean),RDKit descriptors,724,O=C1NC(=O)c2ccccc12 ,O=C1NC(=O)c2ccccc21,-2.6100,-3.0070,0.3970,0.5000
scaffold_shuffled,0,Dummy (mean),RDKit descriptors,752,Oc1cccc2ccccc12,c1ccc2ccccc2c1,-2.2200,-3.0070,0.7870,0.5263
scaffold_shuffled,0,Dummy (mean),RDKit descriptors,771,C1CCCCCCC1,C1CCCCCCC1,-4.1500,-3.0070,1.1430,1.0000
scaffold_shuffled,0,Dummy (mean),RDKit descriptors,774,Sc1nccc(=O)[nH]1 ,O=c1ccnc[nH]1,-2.2730,-3.0070,0.7340,0.3214
scaffold_shuffled,0,Dummy (mean),RDKit descriptors,775,Clc1ccc(CN(C2CCCC2)C(=O)Nc3ccccc3)cc1,O=C(Nc1ccccc1)N(Cc1ccccc1)C1CCCC1,-5.9150,-3.0070,2.9080,0.4000
scaffold_shuffled,0,Dummy (mean),RDKit descriptors,776,CC1=CCCCC1,C1=CCCCC1,-3.2700,-3.0070,0.2630,0.2500
scaffold_shuffled,0,Dummy (mean),RDKit descriptors,809,O2c1ccccc1N(CC)C(=O)c3ccccc23 ,O=C1Nc2ccccc2Oc2ccccc21,-3.6800,-3.0070,0.6730,0.4872
scaffold_shuffled,0,Dummy (mean),RDKit descriptors,832,CC(C)NC(=O)N1CC(=O)N(C1=O)c2cc(Cl)cc(Cl)c2,O=C1CNC(=O)N1c1ccccc1,-4.3760,-3.0070,1.3690,0.3556
scaffold_shuffled,0,Dummy (mean),RDKit descriptors,858,CCN2c1nc(C)cc(C(F)(F)F)c1NC(=O)c3cccnc23 ,O=C1Nc2cccnc2Nc2ncccc21,-4.2070,-3.0070,1.2000,0.5246
scaffold_shuffled,0,Dummy (mean),RDKit descriptors,863,CC1(OC(=O)N(C1=O)c2cc(Cl)cc(Cl)c2)C=C,O=C1COC(=O)N1c1ccccc1,-4.9250,-3.0070,1.9180,0.4615
scaffold_shuffled,0,Dummy (mean),RDKit descriptors,864,CCNc1nc(Cl)nc(NC(C)(C)C#N)n1,c1ncncn1,-3.1500,-3.0070,0.1430,0.2000
scaffold_shuffled,0,Dummy (mean),RDKit descriptors,872,CN(C)c1nc(nc(n1)N(C)C)N(C)C,c1ncncn1,-3.3640,-3.0070,0.3570,0.2500
scaffold_shuffled,0,Dummy (mean),RDKit descriptors,875,OCC1OC(O)(CO)C(O)C1O,C1CCOC1,0.6400,-3.0070,3.6470,0.4211
scaffold_shuffled,0,Dummy (mean),RDKit descriptors,888,NS(=O)(=O)c2cc1c(N=CNS1(=O)=O)cc2Cl ,O=S1(=O)NC=Nc2ccccc21,-3.0500,-3.0070,0.0430,0.3148
scaffold_shuffled,0,Dummy (mean),RDKit descriptors,894,CC(C)Nc1nc(Cl)nc(NC(C)C)n1,c1ncncn1,-4.4300,-3.0070,1.4230,0.2000
scaffold_shuffled,0,Dummy (mean),RDKit descriptors,904,CSc1nc(NC(C)C)nc(NC(C)C)n1,c1ncncn1,-4.1000,-3.0070,1.0930,0.2083
scaffold_shuffled,0,Dummy (mean),RDKit descriptors,906,Cc1cc2ccccc2cc1C,c1ccc2ccccc2c1,-4.7200,-3.0070,1.7130,0.6000
scaffold_shuffled,0,Dummy (mean),RDKit descriptors,918,Nc2nc1[nH]cnc1c(=O)[nH]2 ,O=c1[nH]cnc2[nH]cnc12,-3.5830,-3.0070,0.5760,0.3143
scaffold_shuffled,0,Dummy (mean),RDKit descriptors,925,CCN2c1nc(N(C)(CCO))ccc1NC(=O)c3cccnc23 ,O=C1Nc2cccnc2Nc2ncccc21,-3.3600,-3.0070,0.3530,0.5167
scaffold_shuffled,0,Dummy (mean),RDKit descriptors,936,O=N(=O)c1cccc2ccccc12,c1ccc2ccccc2c1,-3.5400,-3.0070,0.5330,0.6087
scaffold_shuffled,0,Dummy (mean),RDKit descriptors,951,CCN2c1nc(Cl)ccc1N(C)C(=O)c3cccnc23 ,O=C1Nc2cccnc2Nc2ncccc21,-4.1140,-3.0070,1.1070,0.6522
scaffold_shuffled,0,Dummy (mean),RDKit descriptors,952,CNC(=O)Oc1cccc2ccccc12,c1ccc2ccccc2c1,-3.2240,-3.0070,0.2170,0.5556
scaffold_shuffled,0,Dummy (mean),RDKit descriptors,963,Fc1cccc(F)c1C(=O)NC(=O)Nc2ccc(Cl)cc2,O=C(NC(=O)c1ccccc1)Nc1ccccc1,-6.0200,-3.0070,3.0130,0.4324
scaffold_shuffled,0,Dummy (mean),RDKit descriptors,977,Cc2cccc3sc1nncn1c23 ,c1ccc2c(c1)sc1nncn12,-2.0700,-3.0070,0.9370,0.2727
scaffold_shuffled,0,Dummy (mean),RDKit descriptors,981,O=C1N(C2CCC(=O)NC2=O)C(=O)c3ccccc13,O=C1CCC(N2C(=O)c3ccccc3C2=O)C(=O)N1,-2.6760,-3.0070,0.3310,0.2903
scaffold_shuffled,0,Dummy (mean),RDKit descriptors,987,CN(C)C(=O)NC1CCCCCCC1,C1CCCCCCC1,-2.2180,-3.0070,0.7890,0.2941
scaffold_shuffled,0,Dummy (mean),RDKit descriptors,1010,CCNc1nc(NC(C)(C)C)nc(OC)n1,c1ncncn1,-3.2390,-3.0070,0.2320,0.2162
scaffold_shuffled,0,Dummy (mean),RDKit descriptors,1014,O=C1NCCN1c2ncc(s2)N(=O)=O,O=C1NCCN1c1nccs1,-3.2200,-3.0070,0.2130,0.2400
scaffold_shuffled,0,Dummy (mean),RDKit descriptors,1027,Cn2c(=O)n(C)c1ncn(CC(O)CO)c1c2=O,O=c1[nH]c(=O)c2[nH]cnc2[nH]1,-0.1700,-3.0070,2.8370,0.2162
scaffold_shuffled,0,Dummy (mean),RDKit descriptors,1034,C2c1ccccc1N(CCF)C(=O)c3ccccc23 ,O=C1Nc2ccccc2Cc2ccccc21,-4.7990,-3.0070,1.7920,0.3939
scaffold_shuffled,0,Dummy (mean),RDKit descriptors,1038,Cn1cnc2n(C)c(=O)n(C)c(=O)c12,O=c1[nH]c(=O)c2[nH]cnc2[nH]1,-0.8760,-3.0070,2.1310,0.2500
scaffold_shuffled,0,Dummy (mean),RDKit descriptors,1052,CCN2c1nc(C)cc(C)c1NC(=O)c3cccnc23 ,O=C1Nc2cccnc2Nc2ncccc21,-4.5540,-3.0070,1.5470,0.6296
scaffold_shuffled,0,Dummy (mean),RDKit descriptors,1085,CCOP(=S)(OCC)N2C(=O)c1ccccc1C2=O,O=C1NC(=O)c2ccccc21,-3.3500,-3.0070,0.3430,0.3333
scaffold_shuffled,0,Dummy (mean),RDKit descriptors,1096,O=C(c1ccccc1)c2ccccc2,O=C(c1ccccc1)c1ccccc1,-3.1200,-3.0070,0.1130,0.5789
scaffold_shuffled,0,Dummy (mean),RDKit descriptors,1104,O2c1ccc(N)cc1N(C)C(=O)c3cc(C)ccc23 ,O=C1Nc2ccccc2Oc2ccccc21,-3.9280,-3.0070,0.9210,0.3000
scaffold_shuffled,0,Dummy (mean),RDKit descriptors,1110,CCOC(=O)Nc2cccc(OC(=O)Nc1ccccc1)c2 ,O=C(Nc1ccccc1)Oc1ccccc1,-4.6320,-3.0070,1.6250,0.4694
scaffold_shuffled,0,Linear,RDKit descriptors,11,Clc1ccc2ccccc2c1,c1ccc2ccccc2c1,-4.1400,-3.7314,0.4086,0.5000
scaffold_shuffled,0,Linear,RDKit descriptors,21,O=c2[nH]c1CCCc1c(=O)n2C3CCCCC3,O=c1[nH]c2c(c(=O)n1C1CCCCC1)CCC2,-4.5940,-2.4127,2.1813,0.2059
scaffold_shuffled,0,Linear,RDKit descriptors,26,Cn1c(=O)n(C)c2nc[nH]c2c1=O,O=c1[nH]c(=O)c2[nH]cnc2[nH]1,-1.3900,-0.0013,1.3887,0.2973
scaffold_shuffled,0,Linear,RDKit descriptors,28,ClC(Cl)=C(c1ccc(Cl)cc1)c2ccc(Cl)cc2,C=C(c1ccccc1)c1ccccc1,-6.9000,-6.7812,0.1188,0.4706
scaffold_shuffled,0,Linear,RDKit descriptors,32,COC(=O)Nc1cccc(OC(=O)Nc2cccc(C)c2)c1,O=C(Nc1ccccc1)Oc1ccccc1,-4.8050,-5.0463,0.2413,0.4894
scaffold_shuffled,0,Linear,RDKit descriptors,57,Cc1ccc(C)c2ccccc12,c1ccc2ccccc2c1,-4.1400,-3.6539,0.4861,0.5625
scaffold_shuffled,0,Linear,RDKit descriptors,66,CCNc1nc(Cl)nc(n1)N(CC)CC,c1ncncn1,-4.0600,-2.5511,1.5089,0.2222
scaffold_shuffled,0,Linear,RDKit descriptors,73,O=C1NC(=O)NC(=O)C1(CC=C)c1ccccc1,O=C1NC(=O)C(c2ccccc2)C(=O)N1,-2.3690,-1.9309,0.4381,0.4286
scaffold_shuffled,0,Linear,RDKit descriptors,94,Cc1cc(C)c2ccccc2c1,c1ccc2ccccc2c1,-4.2900,-3.6539,0.6361,0.5769
scaffold_shuffled,0,Linear,RDKit descriptors,101,c2(Cl)c(Cl)c(Cl)c1nccnc1c2(Cl) ,c1ccc2nccnc2c1,-5.4300,-5.0252,0.4048,0.3158
scaffold_shuffled,0,Linear,RDKit descriptors,104,CCc1cccc2ccccc12,c1ccc2ccccc2c1,-4.1700,-3.5718,0.5982,0.5714
scaffold_shuffled,0,Linear,RDKit descriptors,115,Cn1cnc2n(C)c(=O)[nH]c(=O)c12 ,O=c1[nH]c(=O)c2[nH]cnc2[nH]1,-2.5230,-0.0013,2.5217,0.3429
scaffold_shuffled,0,Linear,RDKit descriptors,134,CC1=CCC(CC1)C(C)=C,C1=CCCCC1,-4.2600,-3.1945,1.0655,0.4706
scaffold_shuffled,0,Linear,RDKit descriptors,139,Brc1cccc2ccccc12,c1ccc2ccccc2c1,-4.3500,-3.9913,0.3587,0.5263
scaffold_shuffled,0,Linear,RDKit descriptors,143,Nc1cccc2ccccc12,c1ccc2ccccc2c1,-1.9200,-2.8672,0.9472,0.5263
scaffold_shuffled,0,Linear,RDKit descriptors,150,Nc1ncnc2n(ccc12)C3OC(CO)C(O)C3O ,c1ncc2ccn(C3CCCO3)c2n1,-1.9500,-0.3743,1.5757,0.5294
scaffold_shuffled,0,Linear,RDKit descriptors,156,Oc2ccc1CCCCc1c2 ,c1ccc2c(c1)CCCC2,-1.9900,-2.5863,0.5963,0.4000
scaffold_shuffled,0,Linear,RDKit descriptors,179,CCC1(CCC(=O)NC1=O)c2ccccc2 ,O=C1CCC(c2ccccc2)C(=O)N1,-2.3370,-2.4825,0.1455,0.3333
scaffold_shuffled,0,Linear,RDKit descriptors,188,C1C(O)CCC2(C)CC3CCC4(C)C5(C)CC6OCC(C)CC6OC5CC4C3C=C21,C1=C2CCCCC2CC2CCC3C4CC5OCCCC5OC4CC3C12,-7.3200,-6.7062,0.6138,0.2432
scaffold_shuffled,0,Linear,RDKit descriptors,194,Oc1ccc2ccccc2c1,c1ccc2ccccc2c1,-2.2800,-2.9355,0.6555,0.5000
scaffold_shuffled,0,Linear,RDKit descriptors,219,COc1cc(cc(OC)c1O)C6C2C(COC2=O)C(OC4OC3COC(C)OC3C(O)C4O)c7cc5OCOc5cc67,O=C1OCC2C(OC3CCC4OCOCC4O3)c3cc4c(cc3C(c3ccccc3)C12)OCO4,-3.5710,-4.3315,0.7605,0.2000
scaffold_shuffled,0,Linear,RDKit descriptors,222,c1c(Br)ccc2ccccc12 ,c1ccc2ccccc2c1,-4.4000,-3.9913,0.4087,0.5000
scaffold_shuffled,0,Linear,RDKit descriptors,235,CCNc1nc(Cl)nc(NC(C)C)n1,c1ncncn1,-3.8500,-2.5984,1.2516,0.2286
scaffold_shuffled,0,Linear,RDKit descriptors,245,CCN(CC)c1nc(Cl)nc(NC(C)C)n1,c1ncncn1,-3.7850,-2.9729,0.8121,0.2105
scaffold_shuffled,0,Linear,RDKit descriptors,250,CCN2c1ncccc1N(C)C(=O)c3cccnc23 ,O=C1Nc2cccnc2Nc2ncccc21,-2.6200,-3.1798,0.5598,0.8158
scaffold_shuffled,0,Linear,RDKit descriptors,256,c1ccc2ccccc2c1,c1ccc2ccccc2c1,-3.6000,-2.9974,0.6026,0.6364
scaffold_shuffled,0,Linear,RDKit descriptors,260,CCOP(=S)(OCC)SC(CCl)N1C(=O)c2ccccc2C1=O,O=C1NC(=O)c2ccccc21,-6.3400,-5.0413,1.2987,0.3529
scaffold_shuffled,0,Linear,RDKit descriptors,262,Fc1cccc(F)c1C(=O)NC(=O)Nc2cc(Cl)c(F)c(Cl)c2F ,O=C(NC(=O)c1ccccc1)Nc1ccccc1,-7.2800,-5.8756,1.4044,0.2364
scaffold_shuffled,0,Linear,RDKit descriptors,275,Ic1cccc2ccccc12,c1ccc2ccccc2c1,-4.5500,-3.9987,0.5513,0.5263
scaffold_shuffled,0,Linear,RDKit descriptors,298,OCC1OC(CO)(OC2OC(COC3OC(CO)C(O)C(O)C3O)C(O)C(O)C2O)C(O)C1O,C1CCC(OCC2CCCC(OC3CCCO3)O2)OC1,-0.4100,3.7962,4.2062,0.8421
scaffold_shuffled,0,Linear,RDKit descriptors,309,OC1CCCCCCC1,C1CCCCCCC1,-1.2900,-2.1999,0.9099,0.3571
scaffold_shuffled,0,Linear,RDKit descriptors,323,CCC1(C(=O)NC(=O)NC1=O)c2ccccc2 ,O=C1NC(=O)C(c2ccccc2)C(=O)N1,-2.3220,-1.7612,0.5608,0.4688
scaffold_shuffled,0,Linear,RDKit descriptors,331,C1CCCCCC1,C1CCCCCC1,-3.5100,-2.5269,0.9831,1.0000
scaffold_shuffled,0,Linear,RDKit descriptors,339,c3ccc2nc1ccccc1cc2c3,c1ccc2nc3ccccc3cc2c1,-3.6700,-3.8334,0.1634,0.5625
scaffold_shuffled,0,Linear,RDKit descriptors,343,CC2Cc1ccccc1N2NC(=O)c3ccc(Cl)c(c3)S(N)(=O)=O ,O=C(NN1CCc2ccccc21)c1ccccc1,-3.5860,-3.7491,0.1631,0.3429
scaffold_shuffled,0,Linear,RDKit descriptors,351,Cc1ccc2ccccc2c1,c1ccc2ccccc2c1,-3.7700,-3.3237,0.4463,0.8421
scaffold_shuffled,0,Linear,RDKit descriptors,363,C1CCC=CC1,C1=CCCCC1,-2.5900,-1.8711,0.7189,0.8889
scaffold_shuffled,0,Linear,RDKit descriptors,370,CN1CC(O)N(C1=O)c2nnc(s2)C(C)(C)C,O=C1NCCN1c1nncs1,-1.8770,-2.1211,0.2441,0.1923
scaffold_shuffled,0,Linear,RDKit descriptors,383,COc1nc(NC(C)C)nc(NC(C)C)n1,c1ncncn1,-2.4780,-2.4267,0.0513,0.1702
scaffold_shuffled,0,Linear,RDKit descriptors,409,OC1CCCCCC1,C1CCCCCC1,-0.8800,-1.7701,0.8901,0.3571
scaffold_shuffled,0,Linear,RDKit descriptors,415,C1CCOC1,C1CCOC1,0.4900,-0.6345,1.1245,0.8889
scaffold_shuffled,0,Linear,RDKit descriptors,421,CCN(CC)c1nc(Cl)nc(n1)N(CC)CC,c1ncncn1,-4.4110,-2.9273,1.4837,0.2857
scaffold_shuffled,0,Linear,RDKit descriptors,442,CCN2c1ncccc1N(CC)C(=O)c3cccnc23 ,O=C1Nc2cccnc2Nc2ncccc21,-2.8600,-3.5725,0.7125,0.6750
scaffold_shuffled,0,Linear,RDKit descriptors,449,OCC(O)COC(=O)c1ccccc1Nc2ccnc3cc(Cl)ccc23,c1ccc(Nc2ccnc3ccccc23)cc1,-4.5710,-4.7436,0.1726,0.2769
scaffold_shuffled,0,Linear,RDKit descriptors,452,Clc1cccc2ccccc12,c1ccc2ccccc2c1,-3.9300,-3.7314,0.1986,0.5263
scaffold_shuffled,0,Linear,RDKit descriptors,465,O=C1NC(=O)NC(=O)C1(CC)c1ccccc1,O=C1NC(=O)C(c2ccccc2)C(=O)N1,-2.3220,-1.7612,0.5608,0.4688
scaffold_shuffled,0,Linear,RDKit descriptors,496,Nc2cccc3nc1ccccc1cc23 ,c1ccc2nc3ccccc3cc2c1,-4.2200,-3.7095,0.5105,0.3667
scaffold_shuffled,0,Linear,RDKit descriptors,500,CCOP(=S)(OCC)SC(CCl)N2C(=O)c1ccccc1C2=O,O=C1NC(=O)c2ccccc21,-6.3400,-5.0413,1.2987,0.3529
scaffold_shuffled,0,Linear,RDKit descriptors,502,Cn2c(=O)on(c1ccc(Cl)c(Cl)c1)c2=O,O=c1[nH]c(=O)n(-c2ccccc2)o1,-2.8200,-2.5216,0.2984,0.2955
scaffold_shuffled,0,Linear,RDKit descriptors,504,CC1=C(CCCO1)C(=O)Nc2ccccc2 ,O=C(Nc1ccccc1)C1=COCCC1,-2.5600,-3.3249,0.7649,0.5581
scaffold_shuffled,0,Linear,RDKit descriptors,518,CC(=O)N(S(=O)c1ccc(N)cc1)c2onc(C)c2C ,O=S(Nc1ccno1)c1ccccc1,-3.5900,-3.3518,0.2382,0.2708
scaffold_shuffled,0,Linear,RDKit descriptors,535,CC1CCCO1,C1CCOC1,0.1100,-1.0628,1.1728,0.4118
scaffold_shuffled,0,Linear,RDKit descriptors,536,CC3C2CCC1(C)C=CC(=O)C(=C1C2OC3=O)C,O=C1C=CC2CCC3CC(=O)OC3C2=C1,-3.0900,-3.1501,0.0601,0.2063
scaffold_shuffled,0,Linear,RDKit descriptors,539,CCNc1nc(NC(C)C)nc(SC)n1,c1ncncn1,-3.0400,-2.6691,0.3709,0.2162
scaffold_shuffled,0,Linear,RDKit descriptors,543,OC(C(=O)c1ccccc1)c2ccccc2,O=C(Cc1ccccc1)c1ccccc1,-2.8500,-3.2622,0.4122,0.4583
scaffold_shuffled,0,Linear,RDKit descriptors,549,CCNc1nc(NC(C)(C)C)nc(SC)n1,c1ncncn1,-4.0000,-3.1214,0.8786,0.2162
scaffold_shuffled,0,Linear,RDKit descriptors,554,Brc1ccc2ccccc2c1,c1ccc2ccccc2c1,-4.4000,-3.9913,0.4087,0.5000
scaffold_shuffled,0,Linear,RDKit descriptors,555,CC1OC(CC(O)C1O)OC2C(O)CC(OC2C)OC8C(O)CC(OC7CCC3(C)C(CCC4C3CC(O)C5(C)C(CCC45O)C6=CC(=O)OC6)C7)OC8C ,O=C1C=C(C2CCC3C2CCC2C4CCC(OC5CCC(OC6CCC(OC7CCCCO7)CO6)CO5)CC4CCC23)CO1,-4.0810,-6.1283,2.0473,0.2683
scaffold_shuffled,0,Linear,RDKit descriptors,558,c1ccc2c(c1)sc3ccccc23,c1ccc2c(c1)sc1ccccc12,-4.3800,-4.3786,0.0014,0.4667
scaffold_shuffled,0,Linear,RDKit descriptors,570,CCCCc1c(C)nc(NCC)[nH]c1=O,O=c1ccnc[nH]1,-3.0280,-2.5663,0.4617,0.2250
scaffold_shuffled,0,Linear,RDKit descriptors,584,CCc1ccc2ccccc2c1,c1ccc2ccccc2c1,-4.2900,-3.5718,0.7182,0.4783
scaffold_shuffled,0,Linear,RDKit descriptors,604,COc2c1occc1cc3ccc(=O)oc23 ,O=c1ccc2cc3ccoc3cc2o1,-3.6640,-3.4431,0.2209,0.4667
scaffold_shuffled,0,Linear,RDKit descriptors,606,Cc1cccc2ccccc12,c1ccc2ccccc2c1,-3.7000,-3.3237,0.3763,0.7273
scaffold_shuffled,0,Linear,RDKit descriptors,607,CCN(CC)C(=O)C(C)Oc1cccc2ccccc12 ,c1ccc2ccccc2c1,-3.5700,-4.1216,0.5516,0.3125
scaffold_shuffled,0,Linear,RDKit descriptors,616,Cc1ccc2cc(C)ccc2c1,c1ccc2ccccc2c1,-4.8900,-3.6539,1.2361,0.7222
scaffold_shuffled,0,Linear,RDKit descriptors,632,Cc1cccc2c(C)cccc12,c1ccc2ccccc2c1,-4.6790,-3.6539,1.0251,0.6190
scaffold_shuffled,0,Linear,RDKit descriptors,634,C1=Cc2cccc3cccc1c23,C1=Cc2cccc3cccc1c23,-3.9600,-3.5099,0.4501,0.4737
scaffold_shuffled,0,Linear,RDKit descriptors,636,CCNc1nc(NC(C)C)nc(OC)n1,c1ncncn1,-2.0840,-2.0050,0.0790,0.2162
scaffold_shuffled,0,Linear,RDKit descriptors,640,CC1OC(CC(O)C1O)OC2C(O)CC(OC2C)OC8C(O)CC(OC7CCC3(C)C(CCC4C3CCC5(C)C(CCC45O)C6=CC(=O)OC6)C7)OC8C ,O=C1C=C(C2CCC3C2CCC2C4CCC(OC5CCC(OC6CCC(OC7CCCCO7)CO6)CO5)CC4CCC23)CO1,-5.2930,-6.8851,1.5921,0.2683
scaffold_shuffled,0,Linear,RDKit descriptors,643,C1CCc2ccccc2C1,c1ccc2c(c1)CCCC2,-4.3700,-2.6387,1.7313,0.4211
scaffold_shuffled,0,Linear,RDKit descriptors,652,CC1(C)CON(Cc2ccccc2Cl)C1=O,O=C1CCON1Cc1ccccc1,-2.3380,-3.2497,0.9117,0.2703
scaffold_shuffled,0,Linear,RDKit descriptors,686,CCNc1nc(Cl)nc(NCC)n1 ,c1ncncn1,-4.5500,-2.1787,2.3713,0.2857
scaffold_shuffled,0,Linear,RDKit descriptors,688,CSc1nc(nc(n1)N(C)C)N(C)C,c1ncncn1,-2.6760,-1.4215,1.2545,0.1923
scaffold_shuffled,0,Linear,RDKit descriptors,707,COCCCNc1nc(NC(C)C)nc(SC)n1,c1ncncn1,-2.9280,-2.8218,0.1062,0.2308
scaffold_shuffled,0,Linear,RDKit descriptors,719,O=c1[nH]cnc2[nH]ncc12 ,O=c1[nH]cnc2[nH]ncc12,-2.2660,-0.5913,1.6747,0.2647
scaffold_shuffled,0,Linear,RDKit descriptors,724,O=C1NC(=O)c2ccccc12 ,O=C1NC(=O)c2ccccc21,-2.6100,-1.1688,1.4412,0.5000
scaffold_shuffled,0,Linear,RDKit descriptors,752,Oc1cccc2ccccc12,c1ccc2ccccc2c1,-2.2200,-2.9355,0.7155,0.5263
scaffold_shuffled,0,Linear,RDKit descriptors,771,C1CCCCCCC1,C1CCCCCCC1,-4.1500,-2.9568,1.1932,1.0000
scaffold_shuffled,0,Linear,RDKit descriptors,774,Sc1nccc(=O)[nH]1 ,O=c1ccnc[nH]1,-2.2730,-0.6523,1.6207,0.3214
scaffold_shuffled,0,Linear,RDKit descriptors,775,Clc1ccc(CN(C2CCCC2)C(=O)Nc3ccccc3)cc1,O=C(Nc1ccccc1)N(Cc1ccccc1)C1CCCC1,-5.9150,-6.1819,0.2669,0.4000
scaffold_shuffled,0,Linear,RDKit descriptors,776,CC1=CCCCC1,C1=CCCCC1,-3.2700,-2.3009,0.9691,0.2500
scaffold_shuffled,0,Linear,RDKit descriptors,809,O2c1ccccc1N(CC)C(=O)c3ccccc23 ,O=C1Nc2ccccc2Oc2ccccc21,-3.6800,-4.1541,0.4741,0.4872
scaffold_shuffled,0,Linear,RDKit descriptors,832,CC(C)NC(=O)N1CC(=O)N(C1=O)c2cc(Cl)cc(Cl)c2,O=C1CNC(=O)N1c1ccccc1,-4.3760,-4.1593,0.2167,0.3556
scaffold_shuffled,0,Linear,RDKit descriptors,858,CCN2c1nc(C)cc(C(F)(F)F)c1NC(=O)c3cccnc23 ,O=C1Nc2cccnc2Nc2ncccc21,-4.2070,-4.7443,0.5373,0.5246
scaffold_shuffled,0,Linear,RDKit descriptors,863,CC1(OC(=O)N(C1=O)c2cc(Cl)cc(Cl)c2)C=C,O=C1COC(=O)N1c1ccccc1,-4.9250,-4.3270,0.5980,0.4615
scaffold_shuffled,0,Linear,RDKit descriptors,864,CCNc1nc(Cl)nc(NC(C)(C)C#N)n1,c1ncncn1,-3.1500,-2.7956,0.3544,0.2000
scaffold_shuffled,0,Linear,RDKit descriptors,872,CN(C)c1nc(nc(n1)N(C)C)N(C)C,c1ncncn1,-3.3640,-0.7933,2.5707,0.2500
scaffold_shuffled,0,Linear,RDKit descriptors,875,OCC1OC(O)(CO)C(O)C1O,C1CCOC1,0.6400,2.0065,1.3665,0.4211
scaffold_shuffled,0,Linear,RDKit descriptors,888,NS(=O)(=O)c2cc1c(N=CNS1(=O)=O)cc2Cl ,O=S1(=O)NC=Nc2ccccc21,-3.0500,-1.6819,1.3681,0.3148
scaffold_shuffled,0,Linear,RDKit descriptors,894,CC(C)Nc1nc(Cl)nc(NC(C)C)n1,c1ncncn1,-4.4300,-3.0192,1.4108,0.2000
scaffold_shuffled,0,Linear,RDKit descriptors,904,CSc1nc(NC(C)C)nc(NC(C)C)n1,c1ncncn1,-4.1000,-3.0909,1.0091,0.2083
scaffold_shuffled,0,Linear,RDKit descriptors,906,Cc1cc2ccccc2cc1C,c1ccc2ccccc2c1,-4.7200,-3.6539,1.0661,0.6000
scaffold_shuffled,0,Linear,RDKit descriptors,918,Nc2nc1[nH]cnc1c(=O)[nH]2 ,O=c1[nH]cnc2[nH]cnc12,-3.5830,-0.4634,3.1196,0.3143
scaffold_shuffled,0,Linear,RDKit descriptors,925,CCN2c1nc(N(C)(CCO))ccc1NC(=O)c3cccnc23 ,O=C1Nc2cccnc2Nc2ncccc21,-3.3600,-2.9955,0.3645,0.5167
scaffold_shuffled,0,Linear,RDKit descriptors,936,O=N(=O)c1cccc2ccccc12,c1ccc2ccccc2c1,-3.5400,-3.3886,0.1514,0.6087
scaffold_shuffled,0,Linear,RDKit descriptors,951,CCN2c1nc(Cl)ccc1N(C)C(=O)c3cccnc23 ,O=C1Nc2cccnc2Nc2ncccc21,-4.1140,-3.9293,0.1847,0.6522
scaffold_shuffled,0,Linear,RDKit descriptors,952,CNC(=O)Oc1cccc2ccccc12,c1ccc2ccccc2c1,-3.2240,-3.2264,0.0024,0.5556
scaffold_shuffled,0,Linear,RDKit descriptors,963,Fc1cccc(F)c1C(=O)NC(=O)Nc2ccc(Cl)cc2,O=C(NC(=O)c1ccccc1)Nc1ccccc1,-6.0200,-4.7405,1.2795,0.4324
scaffold_shuffled,0,Linear,RDKit descriptors,977,Cc2cccc3sc1nncn1c23 ,c1ccc2c(c1)sc1nncn12,-2.0700,-2.9037,0.8337,0.2727
scaffold_shuffled,0,Linear,RDKit descriptors,981,O=C1N(C2CCC(=O)NC2=O)C(=O)c3ccccc13,O=C1CCC(N2C(=O)c3ccccc3C2=O)C(=O)N1,-2.6760,-1.3505,1.3255,0.2903
scaffold_shuffled,0,Linear,RDKit descriptors,987,CN(C)C(=O)NC1CCCCCCC1,C1CCCCCCC1,-2.2180,-2.8017,0.5837,0.2941
scaffold_shuffled,0,Linear,RDKit descriptors,1010,CCNc1nc(NC(C)(C)C)nc(OC)n1,c1ncncn1,-3.2390,-2.4572,0.7818,0.2162
scaffold_shuffled,0,Linear,RDKit descriptors,1014,O=C1NCCN1c2ncc(s2)N(=O)=O,O=C1NCCN1c1nccs1,-3.2200,-1.7093,1.5107,0.2400
scaffold_shuffled,0,Linear,RDKit descriptors,1027,Cn2c(=O)n(C)c1ncn(CC(O)CO)c1c2=O,O=c1[nH]c(=O)c2[nH]cnc2[nH]1,-0.1700,0.7433,0.9133,0.2162
scaffold_shuffled,0,Linear,RDKit descriptors,1034,C2c1ccccc1N(CCF)C(=O)c3ccccc23 ,O=C1Nc2ccccc2Cc2ccccc21,-4.7990,-3.8361,0.9629,0.3939
scaffold_shuffled,0,Linear,RDKit descriptors,1038,Cn1cnc2n(C)c(=O)n(C)c(=O)c12,O=c1[nH]c(=O)c2[nH]cnc2[nH]1,-0.8760,0.0576,0.9336,0.2500
scaffold_shuffled,0,Linear,RDKit descriptors,1052,CCN2c1nc(C)cc(C)c1NC(=O)c3cccnc23 ,O=C1Nc2cccnc2Nc2ncccc21,-4.5540,-3.8840,0.6700,0.6296
scaffold_shuffled,0,Linear,RDKit descriptors,1085,CCOP(=S)(OCC)N2C(=O)c1ccccc1C2=O,O=C1NC(=O)c2ccccc21,-3.3500,-3.5471,0.1971,0.3333
scaffold_shuffled,0,Linear,RDKit descriptors,1096,O=C(c1ccccc1)c2ccccc2,O=C(c1ccccc1)c1ccccc1,-3.1200,-3.3288,0.2088,0.5789
scaffold_shuffled,0,Linear,RDKit descriptors,1104,O2c1ccc(N)cc1N(C)C(=O)c3cc(C)ccc23 ,O=C1Nc2ccccc2Oc2ccccc21,-3.9280,-3.9874,0.0594,0.3000
scaffold_shuffled,0,Linear,RDKit descriptors,1110,CCOC(=O)Nc2cccc(OC(=O)Nc1ccccc1)c2 ,O=C(Nc1ccccc1)Oc1ccccc1,-4.6320,-5.0973,0.4653,0.4694
scaffold_shuffled,0,MLP,RDKit descriptors,11,Clc1ccc2ccccc2c1,c1ccc2ccccc2c1,-4.1400,-4.3268,0.1868,0.5000
scaffold_shuffled,0,MLP,RDKit descriptors,21,O=c2[nH]c1CCCc1c(=O)n2C3CCCCC3,O=c1[nH]c2c(c(=O)n1C1CCCCC1)CCC2,-4.5940,-2.4339,2.1601,0.2059
scaffold_shuffled,0,MLP,RDKit descriptors,26,Cn1c(=O)n(C)c2nc[nH]c2c1=O,O=c1[nH]c(=O)c2[nH]cnc2[nH]1,-1.3900,-1.1686,0.2214,0.2973
scaffold_shuffled,0,MLP,RDKit descriptors,28,ClC(Cl)=C(c1ccc(Cl)cc1)c2ccc(Cl)cc2,C=C(c1ccccc1)c1ccccc1,-6.9000,-7.0029,0.1029,0.4706
scaffold_shuffled,0,MLP,RDKit descriptors,32,COC(=O)Nc1cccc(OC(=O)Nc2cccc(C)c2)c1,O=C(Nc1ccccc1)Oc1ccccc1,-4.8050,-4.5068,0.2982,0.4894
scaffold_shuffled,0,MLP,RDKit descriptors,57,Cc1ccc(C)c2ccccc12,c1ccc2ccccc2c1,-4.1400,-4.1628,0.0228,0.5625
scaffold_shuffled,0,MLP,RDKit descriptors,66,CCNc1nc(Cl)nc(n1)N(CC)CC,c1ncncn1,-4.0600,-2.1516,1.9084,0.2222
scaffold_shuffled,0,MLP,RDKit descriptors,73,O=C1NC(=O)NC(=O)C1(CC=C)c1ccccc1,O=C1NC(=O)C(c2ccccc2)C(=O)N1,-2.3690,-1.9202,0.4488,0.4286
scaffold_shuffled,0,MLP,RDKit descriptors,94,Cc1cc(C)c2ccccc2c1,c1ccc2ccccc2c1,-4.2900,-4.1628,0.1272,0.5769
scaffold_shuffled,0,MLP,RDKit descriptors,101,c2(Cl)c(Cl)c(Cl)c1nccnc1c2(Cl) ,c1ccc2nccnc2c1,-5.4300,-5.1014,0.3285,0.3158
scaffold_shuffled,0,MLP,RDKit descriptors,104,CCc1cccc2ccccc12,c1ccc2ccccc2c1,-4.1700,-4.1456,0.0244,0.5714
scaffold_shuffled,0,MLP,RDKit descriptors,115,Cn1cnc2n(C)c(=O)[nH]c(=O)c12 ,O=c1[nH]c(=O)c2[nH]cnc2[nH]1,-2.5230,-1.1686,1.3544,0.3429
scaffold_shuffled,0,MLP,RDKit descriptors,134,CC1=CCC(CC1)C(C)=C,C1=CCCCC1,-4.2600,-4.2426,0.0174,0.4706
scaffold_shuffled,0,MLP,RDKit descriptors,139,Brc1cccc2ccccc12,c1ccc2ccccc2c1,-4.3500,-4.7349,0.3849,0.5263
scaffold_shuffled,0,MLP,RDKit descriptors,143,Nc1cccc2ccccc12,c1ccc2ccccc2c1,-1.9200,-2.0538,0.1338,0.5263
scaffold_shuffled,0,MLP,RDKit descriptors,150,Nc1ncnc2n(ccc12)C3OC(CO)C(O)C3O ,c1ncc2ccn(C3CCCO3)c2n1,-1.9500,-2.0939,0.1439,0.5294
scaffold_shuffled,0,MLP,RDKit descriptors,156,Oc2ccc1CCCCc1c2 ,c1ccc2c(c1)CCCC2,-1.9900,-1.9399,0.0501,0.4000
scaffold_shuffled,0,MLP,RDKit descriptors,179,CCC1(CCC(=O)NC1=O)c2ccccc2 ,O=C1CCC(c2ccccc2)C(=O)N1,-2.3370,-2.1672,0.1698,0.3333
scaffold_shuffled,0,MLP,RDKit descriptors,188,C1C(O)CCC2(C)CC3CCC4(C)C5(C)CC6OCC(C)CC6OC5CC4C3C=C21,C1=C2CCCCC2CC2CCC3C4CC5OCCCC5OC4CC3C12,-7.3200,-6.2982,1.0218,0.2432
scaffold_shuffled,0,MLP,RDKit descriptors,194,Oc1ccc2ccccc2c1,c1ccc2ccccc2c1,-2.2800,-2.2992,0.0192,0.5000
scaffold_shuffled,0,MLP,RDKit descriptors,219,COc1cc(cc(OC)c1O)C6C2C(COC2=O)C(OC4OC3COC(C)OC3C(O)C4O)c7cc5OCOc5cc67,O=C1OCC2C(OC3CCC4OCOCC4O3)c3cc4c(cc3C(c3ccccc3)C12)OCO4,-3.5710,-5.7176,2.1466,0.2000
scaffold_shuffled,0,MLP,RDKit descriptors,222,c1c(Br)ccc2ccccc12 ,c1ccc2ccccc2c1,-4.4000,-4.7349,0.3349,0.5000
scaffold_shuffled,0,MLP,RDKit descriptors,235,CCNc1nc(Cl)nc(NC(C)C)n1,c1ncncn1,-3.8500,-2.3119,1.5381,0.2286
scaffold_shuffled,0,MLP,RDKit descriptors,245,CCN(CC)c1nc(Cl)nc(NC(C)C)n1,c1ncncn1,-3.7850,-2.5741,1.2109,0.2105
scaffold_shuffled,0,MLP,RDKit descriptors,250,CCN2c1ncccc1N(C)C(=O)c3cccnc23 ,O=C1Nc2cccnc2Nc2ncccc21,-2.6200,-2.9652,0.3452,0.8158
scaffold_shuffled,0,MLP,RDKit descriptors,256,c1ccc2ccccc2c1,c1ccc2ccccc2c1,-3.6000,-3.3182,0.2818,0.6364
scaffold_shuffled,0,MLP,RDKit descriptors,260,CCOP(=S)(OCC)SC(CCl)N1C(=O)c2ccccc2C1=O,O=C1NC(=O)c2ccccc21,-6.3400,-4.6443,1.6957,0.3529
scaffold_shuffled,0,MLP,RDKit descriptors,262,Fc1cccc(F)c1C(=O)NC(=O)Nc2cc(Cl)c(F)c(Cl)c2F ,O=C(NC(=O)c1ccccc1)Nc1ccccc1,-7.2800,-5.2631,2.0169,0.2364
scaffold_shuffled,0,MLP,RDKit descriptors,275,Ic1cccc2ccccc12,c1ccc2ccccc2c1,-4.5500,-4.8148,0.2648,0.5263
scaffold_shuffled,0,MLP,RDKit descriptors,298,OCC1OC(CO)(OC2OC(COC3OC(CO)C(O)C(O)C3O)C(O)C(O)C2O)C(O)C1O,C1CCC(OCC2CCCC(OC3CCCO3)O2)OC1,-0.4100,-0.0033,0.4067,0.8421
scaffold_shuffled,0,MLP,RDKit descriptors,309,OC1CCCCCCC1,C1CCCCCCC1,-1.2900,-1.8427,0.5527,0.3571
scaffold_shuffled,0,MLP,RDKit descriptors,323,CCC1(C(=O)NC(=O)NC1=O)c2ccccc2 ,O=C1NC(=O)C(c2ccccc2)C(=O)N1,-2.3220,-2.0288,0.2932,0.4688
scaffold_shuffled,0,MLP,RDKit descriptors,331,C1CCCCCC1,C1CCCCCC1,-3.5100,-3.4518,0.0582,1.0000
scaffold_shuffled,0,MLP,RDKit descriptors,339,c3ccc2nc1ccccc1cc2c3,c1ccc2nc3ccccc3cc2c1,-3.6700,-4.0495,0.3795,0.5625
scaffold_shuffled,0,MLP,RDKit descriptors,343,CC2Cc1ccccc1N2NC(=O)c3ccc(Cl)c(c3)S(N)(=O)=O ,O=C(NN1CCc2ccccc21)c1ccccc1,-3.5860,-4.3045,0.7185,0.3429
scaffold_shuffled,0,MLP,RDKit descriptors,351,Cc1ccc2ccccc2c1,c1ccc2ccccc2c1,-3.7700,-3.6942,0.0758,0.8421
scaffold_shuffled,0,MLP,RDKit descriptors,363,C1CCC=CC1,C1=CCCCC1,-2.5900,-2.4826,0.1074,0.8889
scaffold_shuffled,0,MLP,RDKit descriptors,370,CN1CC(O)N(C1=O)c2nnc(s2)C(C)(C)C,O=C1NCCN1c1nncs1,-1.8770,-2.4338,0.5568,0.1923
scaffold_shuffled,0,MLP,RDKit descriptors,383,COc1nc(NC(C)C)nc(NC(C)C)n1,c1ncncn1,-2.4780,-2.0164,0.4616,0.1702
scaffold_shuffled,0,MLP,RDKit descriptors,409,OC1CCCCCC1,C1CCCCCC1,-0.8800,-1.2939,0.4139,0.3571
scaffold_shuffled,0,MLP,RDKit descriptors,415,C1CCOC1,C1CCOC1,0.4900,-0.1901,0.6801,0.8889
scaffold_shuffled,0,MLP,RDKit descriptors,421,CCN(CC)c1nc(Cl)nc(n1)N(CC)CC,c1ncncn1,-4.4110,-2.4298,1.9812,0.2857
scaffold_shuffled,0,MLP,RDKit descriptors,442,CCN2c1ncccc1N(CC)C(=O)c3cccnc23 ,O=C1Nc2cccnc2Nc2ncccc21,-2.8600,-3.1782,0.3182,0.6750
scaffold_shuffled,0,MLP,RDKit descriptors,449,OCC(O)COC(=O)c1ccccc1Nc2ccnc3cc(Cl)ccc23,c1ccc(Nc2ccnc3ccccc23)cc1,-4.5710,-4.7624,0.1914,0.2769
scaffold_shuffled,0,MLP,RDKit descriptors,452,Clc1cccc2ccccc12,c1ccc2ccccc2c1,-3.9300,-4.3268,0.3968,0.5263
scaffold_shuffled,0,MLP,RDKit descriptors,465,O=C1NC(=O)NC(=O)C1(CC)c1ccccc1,O=C1NC(=O)C(c2ccccc2)C(=O)N1,-2.3220,-2.0288,0.2932,0.4688
scaffold_shuffled,0,MLP,RDKit descriptors,496,Nc2cccc3nc1ccccc1cc23 ,c1ccc2nc3ccccc3cc2c1,-4.2200,-3.2944,0.9256,0.3667
scaffold_shuffled,0,MLP,RDKit descriptors,500,CCOP(=S)(OCC)SC(CCl)N2C(=O)c1ccccc1C2=O,O=C1NC(=O)c2ccccc21,-6.3400,-4.6443,1.6957,0.3529
scaffold_shuffled,0,MLP,RDKit descriptors,502,Cn2c(=O)on(c1ccc(Cl)c(Cl)c1)c2=O,O=c1[nH]c(=O)n(-c2ccccc2)o1,-2.8200,-2.6769,0.1431,0.2955
scaffold_shuffled,0,MLP,RDKit descriptors,504,CC1=C(CCCO1)C(=O)Nc2ccccc2 ,O=C(Nc1ccccc1)C1=COCCC1,-2.5600,-2.8530,0.2930,0.5581
scaffold_shuffled,0,MLP,RDKit descriptors,518,CC(=O)N(S(=O)c1ccc(N)cc1)c2onc(C)c2C ,O=S(Nc1ccno1)c1ccccc1,-3.5900,-3.7073,0.1173,0.2708
scaffold_shuffled,0,MLP,RDKit descriptors,535,CC1CCCO1,C1CCOC1,0.1100,-0.6988,0.8088,0.4118
scaffold_shuffled,0,MLP,RDKit descriptors,536,CC3C2CCC1(C)C=CC(=O)C(=C1C2OC3=O)C,O=C1C=CC2CCC3CC(=O)OC3C2=C1,-3.0900,-2.8112,0.2788,0.2063
scaffold_shuffled,0,MLP,RDKit descriptors,539,CCNc1nc(NC(C)C)nc(SC)n1,c1ncncn1,-3.0400,-2.2400,0.8000,0.2162
scaffold_shuffled,0,MLP,RDKit descriptors,543,OC(C(=O)c1ccccc1)c2ccccc2,O=C(Cc1ccccc1)c1ccccc1,-2.8500,-2.9536,0.1036,0.4583
scaffold_shuffled,0,MLP,RDKit descriptors,549,CCNc1nc(NC(C)(C)C)nc(SC)n1,c1ncncn1,-4.0000,-2.8132,1.1868,0.2162
scaffold_shuffled,0,MLP,RDKit descriptors,554,Brc1ccc2ccccc2c1,c1ccc2ccccc2c1,-4.4000,-4.7349,0.3349,0.5000
scaffold_shuffled,0,MLP,RDKit descriptors,555,CC1OC(CC(O)C1O)OC2C(O)CC(OC2C)OC8C(O)CC(OC7CCC3(C)C(CCC4C3CC(O)C5(C)C(CCC45O)C6=CC(=O)OC6)C7)OC8C ,O=C1C=C(C2CCC3C2CCC2C4CCC(OC5CCC(OC6CCC(OC7CCCCO7)CO6)CO5)CC4CCC23)CO1,-4.0810,-7.6571,3.5761,0.2683
scaffold_shuffled,0,MLP,RDKit descriptors,558,c1ccc2c(c1)sc3ccccc23,c1ccc2c(c1)sc1ccccc12,-4.3800,-5.4201,1.0401,0.4667
scaffold_shuffled,0,MLP,RDKit descriptors,570,CCCCc1c(C)nc(NCC)[nH]c1=O,O=c1ccnc[nH]1,-3.0280,-2.1278,0.9002,0.2250
scaffold_shuffled,0,MLP,RDKit descriptors,584,CCc1ccc2ccccc2c1,c1ccc2ccccc2c1,-4.2900,-4.1456,0.1444,0.4783
scaffold_shuffled,0,MLP,RDKit descriptors,604,COc2c1occc1cc3ccc(=O)oc23 ,O=c1ccc2cc3ccoc3cc2o1,-3.6640,-3.1102,0.5538,0.4667
scaffold_shuffled,0,MLP,RDKit descriptors,606,Cc1cccc2ccccc12,c1ccc2ccccc2c1,-3.7000,-3.6942,0.0058,0.7273
scaffold_shuffled,0,MLP,RDKit descriptors,607,CCN(CC)C(=O)C(C)Oc1cccc2ccccc12 ,c1ccc2ccccc2c1,-3.5700,-3.6753,0.1053,0.3125
scaffold_shuffled,0,MLP,RDKit descriptors,616,Cc1ccc2cc(C)ccc2c1,c1ccc2ccccc2c1,-4.8900,-4.1628,0.7272,0.7222
scaffold_shuffled,0,MLP,RDKit descriptors,632,Cc1cccc2c(C)cccc12,c1ccc2ccccc2c1,-4.6790,-4.1628,0.5162,0.6190
scaffold_shuffled,0,MLP,RDKit descriptors,634,C1=Cc2cccc3cccc1c23,C1=Cc2cccc3cccc1c23,-3.9600,-3.9335,0.0265,0.4737
scaffold_shuffled,0,MLP,RDKit descriptors,636,CCNc1nc(NC(C)C)nc(OC)n1,c1ncncn1,-2.0840,-1.6736,0.4104,0.2162
scaffold_shuffled,0,MLP,RDKit descriptors,640,CC1OC(CC(O)C1O)OC2C(O)CC(OC2C)OC8C(O)CC(OC7CCC3(C)C(CCC4C3CCC5(C)C(CCC45O)C6=CC(=O)OC6)C7)OC8C ,O=C1C=C(C2CCC3C2CCC2C4CCC(OC5CCC(OC6CCC(OC7CCCCO7)CO6)CO5)CC4CCC23)CO1,-5.2930,-8.0830,2.7900,0.2683
scaffold_shuffled,0,MLP,RDKit descriptors,643,C1CCc2ccccc2C1,c1ccc2c(c1)CCCC2,-4.3700,-2.7569,1.6131,0.4211
scaffold_shuffled,0,MLP,RDKit descriptors,652,CC1(C)CON(Cc2ccccc2Cl)C1=O,O=C1CCON1Cc1ccccc1,-2.3380,-2.8975,0.5595,0.2703
scaffold_shuffled,0,MLP,RDKit descriptors,686,CCNc1nc(Cl)nc(NCC)n1 ,c1ncncn1,-4.5500,-1.9593,2.5907,0.2857
scaffold_shuffled,0,MLP,RDKit descriptors,688,CSc1nc(nc(n1)N(C)C)N(C)C,c1ncncn1,-2.6760,-1.0294,1.6466,0.1923
scaffold_shuffled,0,MLP,RDKit descriptors,707,COCCCNc1nc(NC(C)C)nc(SC)n1,c1ncncn1,-2.9280,-2.2848,0.6432,0.2308
scaffold_shuffled,0,MLP,RDKit descriptors,719,O=c1[nH]cnc2[nH]ncc12 ,O=c1[nH]cnc2[nH]ncc12,-2.2660,-1.4344,0.8316,0.2647
scaffold_shuffled,0,MLP,RDKit descriptors,724,O=C1NC(=O)c2ccccc12 ,O=C1NC(=O)c2ccccc21,-2.6100,-0.9825,1.6275,0.5000
scaffold_shuffled,0,MLP,RDKit descriptors,752,Oc1cccc2ccccc12,c1ccc2ccccc2c1,-2.2200,-2.2992,0.0792,0.5263
scaffold_shuffled,0,MLP,RDKit descriptors,771,C1CCCCCCC1,C1CCCCCCC1,-4.1500,-3.9640,0.1860,1.0000
scaffold_shuffled,0,MLP,RDKit descriptors,774,Sc1nccc(=O)[nH]1 ,O=c1ccnc[nH]1,-2.2730,-0.5258,1.7472,0.3214
scaffold_shuffled,0,MLP,RDKit descriptors,775,Clc1ccc(CN(C2CCCC2)C(=O)Nc3ccccc3)cc1,O=C(Nc1ccccc1)N(Cc1ccccc1)C1CCCC1,-5.9150,-5.4539,0.4611,0.4000
scaffold_shuffled,0,MLP,RDKit descriptors,776,CC1=CCCCC1,C1=CCCCC1,-3.2700,-3.0801,0.1899,0.2500
scaffold_shuffled,0,MLP,RDKit descriptors,809,O2c1ccccc1N(CC)C(=O)c3ccccc23 ,O=C1Nc2ccccc2Oc2ccccc21,-3.6800,-4.0046,0.3246,0.4872
scaffold_shuffled,0,MLP,RDKit descriptors,832,CC(C)NC(=O)N1CC(=O)N(C1=O)c2cc(Cl)cc(Cl)c2,O=C1CNC(=O)N1c1ccccc1,-4.3760,-4.0923,0.2837,0.3556
scaffold_shuffled,0,MLP,RDKit descriptors,858,CCN2c1nc(C)cc(C(F)(F)F)c1NC(=O)c3cccnc23 ,O=C1Nc2cccnc2Nc2ncccc21,-4.2070,-4.4071,0.2001,0.5246
scaffold_shuffled,0,MLP,RDKit descriptors,863,CC1(OC(=O)N(C1=O)c2cc(Cl)cc(Cl)c2)C=C,O=C1COC(=O)N1c1ccccc1,-4.9250,-3.7849,1.1401,0.4615
scaffold_shuffled,0,MLP,RDKit descriptors,864,CCNc1nc(Cl)nc(NC(C)(C)C#N)n1,c1ncncn1,-3.1500,-2.5895,0.5605,0.2000
scaffold_shuffled,0,MLP,RDKit descriptors,872,CN(C)c1nc(nc(n1)N(C)C)N(C)C,c1ncncn1,-3.3640,-0.4305,2.9335,0.2500
scaffold_shuffled,0,MLP,RDKit descriptors,875,OCC1OC(O)(CO)C(O)C1O,C1CCOC1,0.6400,0.4429,0.1971,0.4211
scaffold_shuffled,0,MLP,RDKit descriptors,888,NS(=O)(=O)c2cc1c(N=CNS1(=O)=O)cc2Cl ,O=S1(=O)NC=Nc2ccccc21,-3.0500,-3.1257,0.0757,0.3148
scaffold_shuffled,0,MLP,RDKit descriptors,894,CC(C)Nc1nc(Cl)nc(NC(C)C)n1,c1ncncn1,-4.4300,-2.7181,1.7119,0.2000
scaffold_shuffled,0,MLP,RDKit descriptors,904,CSc1nc(NC(C)C)nc(NC(C)C)n1,c1ncncn1,-4.1000,-2.6873,1.4127,0.2083
scaffold_shuffled,0,MLP,RDKit descriptors,906,Cc1cc2ccccc2cc1C,c1ccc2ccccc2c1,-4.7200,-4.1628,0.5572,0.6000
scaffold_shuffled,0,MLP,RDKit descriptors,918,Nc2nc1[nH]cnc1c(=O)[nH]2 ,O=c1[nH]cnc2[nH]cnc12,-3.5830,-2.2822,1.3008,0.3143
scaffold_shuffled,0,MLP,RDKit descriptors,925,CCN2c1nc(N(C)(CCO))ccc1NC(=O)c3cccnc23 ,O=C1Nc2cccnc2Nc2ncccc21,-3.3600,-3.2856,0.0744,0.5167
scaffold_shuffled,0,MLP,RDKit descriptors,936,O=N(=O)c1cccc2ccccc12,c1ccc2ccccc2c1,-3.5400,-2.8294,0.7106,0.6087
scaffold_shuffled,0,MLP,RDKit descriptors,951,CCN2c1nc(Cl)ccc1N(C)C(=O)c3cccnc23 ,O=C1Nc2cccnc2Nc2ncccc21,-4.1140,-3.6838,0.4302,0.6522
scaffold_shuffled,0,MLP,RDKit descriptors,952,CNC(=O)Oc1cccc2ccccc12,c1ccc2ccccc2c1,-3.2240,-2.7362,0.4878,0.5556
scaffold_shuffled,0,MLP,RDKit descriptors,963,Fc1cccc(F)c1C(=O)NC(=O)Nc2ccc(Cl)cc2,O=C(NC(=O)c1ccccc1)Nc1ccccc1,-6.0200,-4.2166,1.8034,0.4324
scaffold_shuffled,0,MLP,RDKit descriptors,977,Cc2cccc3sc1nncn1c23 ,c1ccc2c(c1)sc1nncn12,-2.0700,-2.3283,0.2583,0.2727
scaffold_shuffled,0,MLP,RDKit descriptors,981,O=C1N(C2CCC(=O)NC2=O)C(=O)c3ccccc13,O=C1CCC(N2C(=O)c3ccccc3C2=O)C(=O)N1,-2.6760,-2.0292,0.6468,0.2903
scaffold_shuffled,0,MLP,RDKit descriptors,987,CN(C)C(=O)NC1CCCCCCC1,C1CCCCCCC1,-2.2180,-2.2326,0.0146,0.2941
scaffold_shuffled,0,MLP,RDKit descriptors,1010,CCNc1nc(NC(C)(C)C)nc(OC)n1,c1ncncn1,-3.2390,-2.1081,1.1309,0.2162
scaffold_shuffled,0,MLP,RDKit descriptors,1014,O=C1NCCN1c2ncc(s2)N(=O)=O,O=C1NCCN1c1nccs1,-3.2200,-2.2056,1.0144,0.2400
scaffold_shuffled,0,MLP,RDKit descriptors,1027,Cn2c(=O)n(C)c1ncn(CC(O)CO)c1c2=O,O=c1[nH]c(=O)c2[nH]cnc2[nH]1,-0.1700,-0.5775,0.4075,0.2162
scaffold_shuffled,0,MLP,RDKit descriptors,1034,C2c1ccccc1N(CCF)C(=O)c3ccccc23 ,O=C1Nc2ccccc2Cc2ccccc21,-4.7990,-3.7351,1.0639,0.3939
scaffold_shuffled,0,MLP,RDKit descriptors,1038,Cn1cnc2n(C)c(=O)n(C)c(=O)c12,O=c1[nH]c(=O)c2[nH]cnc2[nH]1,-0.8760,-0.8012,0.0748,0.2500
scaffold_shuffled,0,MLP,RDKit descriptors,1052,CCN2c1nc(C)cc(C)c1NC(=O)c3cccnc23 ,O=C1Nc2cccnc2Nc2ncccc21,-4.5540,-3.5803,0.9737,0.6296
scaffold_shuffled,0,MLP,RDKit descriptors,1085,CCOP(=S)(OCC)N2C(=O)c1ccccc1C2=O,O=C1NC(=O)c2ccccc21,-3.3500,-3.1796,0.1704,0.3333
scaffold_shuffled,0,MLP,RDKit descriptors,1096,O=C(c1ccccc1)c2ccccc2,O=C(c1ccccc1)c1ccccc1,-3.1200,-3.2727,0.1527,0.5789
scaffold_shuffled,0,MLP,RDKit descriptors,1104,O2c1ccc(N)cc1N(C)C(=O)c3cc(C)ccc23 ,O=C1Nc2ccccc2Oc2ccccc21,-3.9280,-3.7507,0.1773,0.3000
scaffold_shuffled,0,MLP,RDKit descriptors,1110,CCOC(=O)Nc2cccc(OC(=O)Nc1ccccc1)c2 ,O=C(Nc1ccccc1)Oc1ccccc1,-4.6320,-4.4850,0.1470,0.4694
scaffold_shuffled,0,GCN,Molecular graph,11,Clc1ccc2ccccc2c1,c1ccc2ccccc2c1,-4.1400,-5.3418,1.2018,0.5000
scaffold_shuffled,0,GCN,Molecular graph,21,O=c2[nH]c1CCCc1c(=O)n2C3CCCCC3,O=c1[nH]c2c(c(=O)n1C1CCCCC1)CCC2,-4.5940,-3.2182,1.3758,0.2059
scaffold_shuffled,0,GCN,Molecular graph,26,Cn1c(=O)n(C)c2nc[nH]c2c1=O,O=c1[nH]c(=O)c2[nH]cnc2[nH]1,-1.3900,-1.5209,0.1309,0.2973
scaffold_shuffled,0,GCN,Molecular graph,28,ClC(Cl)=C(c1ccc(Cl)cc1)c2ccc(Cl)cc2,C=C(c1ccccc1)c1ccccc1,-6.9000,-6.9161,0.0161,0.4706
scaffold_shuffled,0,GCN,Molecular graph,32,COC(=O)Nc1cccc(OC(=O)Nc2cccc(C)c2)c1,O=C(Nc1ccccc1)Oc1ccccc1,-4.8050,-2.7307,2.0743,0.4894
scaffold_shuffled,0,GCN,Molecular graph,57,Cc1ccc(C)c2ccccc12,c1ccc2ccccc2c1,-4.1400,-5.3522,1.2122,0.5625
scaffold_shuffled,0,GCN,Molecular graph,66,CCNc1nc(Cl)nc(n1)N(CC)CC,c1ncncn1,-4.0600,-2.2150,1.8450,0.2222
scaffold_shuffled,0,GCN,Molecular graph,73,O=C1NC(=O)NC(=O)C1(CC=C)c1ccccc1,O=C1NC(=O)C(c2ccccc2)C(=O)N1,-2.3690,-3.0426,0.6736,0.4286
scaffold_shuffled,0,GCN,Molecular graph,94,Cc1cc(C)c2ccccc2c1,c1ccc2ccccc2c1,-4.2900,-5.2104,0.9204,0.5769
scaffold_shuffled,0,GCN,Molecular graph,101,c2(Cl)c(Cl)c(Cl)c1nccnc1c2(Cl) ,c1ccc2nccnc2c1,-5.4300,-5.3102,0.1198,0.3158
scaffold_shuffled,0,GCN,Molecular graph,104,CCc1cccc2ccccc12,c1ccc2ccccc2c1,-4.1700,-5.0194,0.8494,0.5714
scaffold_shuffled,0,GCN,Molecular graph,115,Cn1cnc2n(C)c(=O)[nH]c(=O)c12 ,O=c1[nH]c(=O)c2[nH]cnc2[nH]1,-2.5230,-1.6493,0.8737,0.3429
scaffold_shuffled,0,GCN,Molecular graph,134,CC1=CCC(CC1)C(C)=C,C1=CCCCC1,-4.2600,-2.7236,1.5364,0.4706
scaffold_shuffled,0,GCN,Molecular graph,139,Brc1cccc2ccccc12,c1ccc2ccccc2c1,-4.3500,-5.1180,0.7680,0.5263
scaffold_shuffled,0,GCN,Molecular graph,143,Nc1cccc2ccccc12,c1ccc2ccccc2c1,-1.9200,-3.5275,1.6075,0.5263
scaffold_shuffled,0,GCN,Molecular graph,150,Nc1ncnc2n(ccc12)C3OC(CO)C(O)C3O ,c1ncc2ccn(C3CCCO3)c2n1,-1.9500,-1.7588,0.1912,0.5294
scaffold_shuffled,0,GCN,Molecular graph,156,Oc2ccc1CCCCc1c2 ,c1ccc2c(c1)CCCC2,-1.9900,-3.5713,1.5813,0.4000
scaffold_shuffled,0,GCN,Molecular graph,179,CCC1(CCC(=O)NC1=O)c2ccccc2 ,O=C1CCC(c2ccccc2)C(=O)N1,-2.3370,-2.7870,0.4500,0.3333
scaffold_shuffled,0,GCN,Molecular graph,188,C1C(O)CCC2(C)CC3CCC4(C)C5(C)CC6OCC(C)CC6OC5CC4C3C=C21,C1=C2CCCCC2CC2CCC3C4CC5OCCCC5OC4CC3C12,-7.3200,-4.3931,2.9269,0.2432
scaffold_shuffled,0,GCN,Molecular graph,194,Oc1ccc2ccccc2c1,c1ccc2ccccc2c1,-2.2800,-3.2363,0.9563,0.5000
scaffold_shuffled,0,GCN,Molecular graph,219,COc1cc(cc(OC)c1O)C6C2C(COC2=O)C(OC4OC3COC(C)OC3C(O)C4O)c7cc5OCOc5cc67,O=C1OCC2C(OC3CCC4OCOCC4O3)c3cc4c(cc3C(c3ccccc3)C12)OCO4,-3.5710,-2.7784,0.7926,0.2000
scaffold_shuffled,0,GCN,Molecular graph,222,c1c(Br)ccc2ccccc12 ,c1ccc2ccccc2c1,-4.4000,-5.6044,1.2044,0.5000
scaffold_shuffled,0,GCN,Molecular graph,235,CCNc1nc(Cl)nc(NC(C)C)n1,c1ncncn1,-3.8500,-2.0978,1.7522,0.2286
scaffold_shuffled,0,GCN,Molecular graph,245,CCN(CC)c1nc(Cl)nc(NC(C)C)n1,c1ncncn1,-3.7850,-2.3390,1.4460,0.2105
scaffold_shuffled,0,GCN,Molecular graph,250,CCN2c1ncccc1N(C)C(=O)c3cccnc23 ,O=C1Nc2cccnc2Nc2ncccc21,-2.6200,-3.0958,0.4758,0.8158
scaffold_shuffled,0,GCN,Molecular graph,256,c1ccc2ccccc2c1,c1ccc2ccccc2c1,-3.6000,-3.7876,0.1876,0.6364
scaffold_shuffled,0,GCN,Molecular graph,260,CCOP(=S)(OCC)SC(CCl)N1C(=O)c2ccccc2C1=O,O=C1NC(=O)c2ccccc21,-6.3400,-4.7175,1.6225,0.3529
scaffold_shuffled,0,GCN,Molecular graph,262,Fc1cccc(F)c1C(=O)NC(=O)Nc2cc(Cl)c(F)c(Cl)c2F ,O=C(NC(=O)c1ccccc1)Nc1ccccc1,-7.2800,-5.4777,1.8023,0.2364
scaffold_shuffled,0,GCN,Molecular graph,275,Ic1cccc2ccccc12,c1ccc2ccccc2c1,-4.5500,-5.4576,0.9076,0.5263
scaffold_shuffled,0,GCN,Molecular graph,298,OCC1OC(CO)(OC2OC(COC3OC(CO)C(O)C(O)C3O)C(O)C(O)C2O)C(O)C1O,C1CCC(OCC2CCCC(OC3CCCO3)O2)OC1,-0.4100,-0.0744,0.3356,0.8421
scaffold_shuffled,0,GCN,Molecular graph,309,OC1CCCCCCC1,C1CCCCCCC1,-1.2900,-1.9387,0.6487,0.3571
scaffold_shuffled,0,GCN,Molecular graph,323,CCC1(C(=O)NC(=O)NC1=O)c2ccccc2 ,O=C1NC(=O)C(c2ccccc2)C(=O)N1,-2.3220,-2.7841,0.4621,0.4688
scaffold_shuffled,0,GCN,Molecular graph,331,C1CCCCCC1,C1CCCCCC1,-3.5100,-2.3322,1.1778,1.0000
scaffold_shuffled,0,GCN,Molecular graph,339,c3ccc2nc1ccccc1cc2c3,c1ccc2nc3ccccc3cc2c1,-3.6700,-4.9107,1.2407,0.5625
scaffold_shuffled,0,GCN,Molecular graph,343,CC2Cc1ccccc1N2NC(=O)c3ccc(Cl)c(c3)S(N)(=O)=O ,O=C(NN1CCc2ccccc21)c1ccccc1,-3.5860,-4.6883,1.1023,0.3429
scaffold_shuffled,0,GCN,Molecular graph,351,Cc1ccc2ccccc2c1,c1ccc2ccccc2c1,-3.7700,-4.8931,1.1231,0.8421
scaffold_shuffled,0,GCN,Molecular graph,363,C1CCC=CC1,C1=CCCCC1,-2.5900,-2.0374,0.5526,0.8889
scaffold_shuffled,0,GCN,Molecular graph,370,CN1CC(O)N(C1=O)c2nnc(s2)C(C)(C)C,O=C1NCCN1c1nncs1,-1.8770,-2.3735,0.4965,0.1923
scaffold_shuffled,0,GCN,Molecular graph,383,COc1nc(NC(C)C)nc(NC(C)C)n1,c1ncncn1,-2.4780,-2.1047,0.3733,0.1702
scaffold_shuffled,0,GCN,Molecular graph,409,OC1CCCCCC1,C1CCCCCC1,-0.8800,-1.8852,1.0052,0.3571
scaffold_shuffled,0,GCN,Molecular graph,415,C1CCOC1,C1CCOC1,0.4900,-0.5809,1.0709,0.8889
scaffold_shuffled,0,GCN,Molecular graph,421,CCN(CC)c1nc(Cl)nc(n1)N(CC)CC,c1ncncn1,-4.4110,-2.3903,2.0207,0.2857
scaffold_shuffled,0,GCN,Molecular graph,442,CCN2c1ncccc1N(CC)C(=O)c3cccnc23 ,O=C1Nc2cccnc2Nc2ncccc21,-2.8600,-3.5452,0.6852,0.6750
scaffold_shuffled,0,GCN,Molecular graph,449,OCC(O)COC(=O)c1ccccc1Nc2ccnc3cc(Cl)ccc23,c1ccc(Nc2ccnc3ccccc23)cc1,-4.5710,-3.7681,0.8029,0.2769
scaffold_shuffled,0,GCN,Molecular graph,452,Clc1cccc2ccccc12,c1ccc2ccccc2c1,-3.9300,-4.8883,0.9583,0.5263
scaffold_shuffled,0,GCN,Molecular graph,465,O=C1NC(=O)NC(=O)C1(CC)c1ccccc1,O=C1NC(=O)C(c2ccccc2)C(=O)N1,-2.3220,-2.7841,0.4621,0.4688
scaffold_shuffled,0,GCN,Molecular graph,496,Nc2cccc3nc1ccccc1cc23 ,c1ccc2nc3ccccc3cc2c1,-4.2200,-4.6627,0.4427,0.3667
scaffold_shuffled,0,GCN,Molecular graph,500,CCOP(=S)(OCC)SC(CCl)N2C(=O)c1ccccc1C2=O,O=C1NC(=O)c2ccccc21,-6.3400,-4.7175,1.6225,0.3529
scaffold_shuffled,0,GCN,Molecular graph,502,Cn2c(=O)on(c1ccc(Cl)c(Cl)c1)c2=O,O=c1[nH]c(=O)n(-c2ccccc2)o1,-2.8200,-2.6819,0.1381,0.2955
scaffold_shuffled,0,GCN,Molecular graph,504,CC1=C(CCCO1)C(=O)Nc2ccccc2 ,O=C(Nc1ccccc1)C1=COCCC1,-2.5600,-2.2286,0.3314,0.5581
scaffold_shuffled,0,GCN,Molecular graph,518,CC(=O)N(S(=O)c1ccc(N)cc1)c2onc(C)c2C ,O=S(Nc1ccno1)c1ccccc1,-3.5900,-2.3453,1.2447,0.2708
scaffold_shuffled,0,GCN,Molecular graph,535,CC1CCCO1,C1CCOC1,0.1100,-1.2716,1.3816,0.4118
scaffold_shuffled,0,GCN,Molecular graph,536,CC3C2CCC1(C)C=CC(=O)C(=C1C2OC3=O)C,O=C1C=CC2CCC3CC(=O)OC3C2=C1,-3.0900,-3.3238,0.2338,0.2063
scaffold_shuffled,0,GCN,Molecular graph,539,CCNc1nc(NC(C)C)nc(SC)n1,c1ncncn1,-3.0400,-2.1648,0.8752,0.2162
scaffold_shuffled,0,GCN,Molecular graph,543,OC(C(=O)c1ccccc1)c2ccccc2,O=C(Cc1ccccc1)c1ccccc1,-2.8500,-2.7559,0.0941,0.4583
scaffold_shuffled,0,GCN,Molecular graph,549,CCNc1nc(NC(C)(C)C)nc(SC)n1,c1ncncn1,-4.0000,-2.3358,1.6642,0.2162
scaffold_shuffled,0,GCN,Molecular graph,554,Brc1ccc2ccccc2c1,c1ccc2ccccc2c1,-4.4000,-5.6044,1.2044,0.5000
scaffold_shuffled,0,GCN,Molecular graph,555,CC1OC(CC(O)C1O)OC2C(O)CC(OC2C)OC8C(O)CC(OC7CCC3(C)C(CCC4C3CC(O)C5(C)C(CCC45O)C6=CC(=O)OC6)C7)OC8C ,O=C1C=C(C2CCC3C2CCC2C4CCC(OC5CCC(OC6CCC(OC7CCCCO7)CO6)CO5)CC4CCC23)CO1,-4.0810,-1.9375,2.1435,0.2683
scaffold_shuffled,0,GCN,Molecular graph,558,c1ccc2c(c1)sc3ccccc23,c1ccc2c(c1)sc1ccccc12,-4.3800,-6.0339,1.6539,0.4667
scaffold_shuffled,0,GCN,Molecular graph,570,CCCCc1c(C)nc(NCC)[nH]c1=O,O=c1ccnc[nH]1,-3.0280,-2.5794,0.4486,0.2250
scaffold_shuffled,0,GCN,Molecular graph,584,CCc1ccc2ccccc2c1,c1ccc2ccccc2c1,-4.2900,-5.4962,1.2062,0.4783
scaffold_shuffled,0,GCN,Molecular graph,604,COc2c1occc1cc3ccc(=O)oc23 ,O=c1ccc2cc3ccoc3cc2o1,-3.6640,-4.0944,0.4304,0.4667
scaffold_shuffled,0,GCN,Molecular graph,606,Cc1cccc2ccccc12,c1ccc2ccccc2c1,-3.7000,-4.4916,0.7916,0.7273
scaffold_shuffled,0,GCN,Molecular graph,607,CCN(CC)C(=O)C(C)Oc1cccc2ccccc12 ,c1ccc2ccccc2c1,-3.5700,-3.7214,0.1514,0.3125
scaffold_shuffled,0,GCN,Molecular graph,616,Cc1ccc2cc(C)ccc2c1,c1ccc2ccccc2c1,-4.8900,-5.7438,0.8538,0.7222
scaffold_shuffled,0,GCN,Molecular graph,632,Cc1cccc2c(C)cccc12,c1ccc2ccccc2c1,-4.6790,-5.1418,0.4628,0.6190
scaffold_shuffled,0,GCN,Molecular graph,634,C1=Cc2cccc3cccc1c23,C1=Cc2cccc3cccc1c23,-3.9600,-6.8489,2.8889,0.4737
scaffold_shuffled,0,GCN,Molecular graph,636,CCNc1nc(NC(C)C)nc(OC)n1,c1ncncn1,-2.0840,-1.9948,0.0892,0.2162
scaffold_shuffled,0,GCN,Molecular graph,640,CC1OC(CC(O)C1O)OC2C(O)CC(OC2C)OC8C(O)CC(OC7CCC3(C)C(CCC4C3CCC5(C)C(CCC45O)C6=CC(=O)OC6)C7)OC8C ,O=C1C=C(C2CCC3C2CCC2C4CCC(OC5CCC(OC6CCC(OC7CCCCO7)CO6)CO5)CC4CCC23)CO1,-5.2930,-2.0824,3.2106,0.2683
scaffold_shuffled,0,GCN,Molecular graph,643,C1CCc2ccccc2C1,c1ccc2c(c1)CCCC2,-4.3700,-4.0107,0.3593,0.4211
scaffold_shuffled,0,GCN,Molecular graph,652,CC1(C)CON(Cc2ccccc2Cl)C1=O,O=C1CCON1Cc1ccccc1,-2.3380,-3.0763,0.7383,0.2703
scaffold_shuffled,0,GCN,Molecular graph,686,CCNc1nc(Cl)nc(NCC)n1 ,c1ncncn1,-4.5500,-1.9421,2.6079,0.2857
scaffold_shuffled,0,GCN,Molecular graph,688,CSc1nc(nc(n1)N(C)C)N(C)C,c1ncncn1,-2.6760,-1.6697,1.0063,0.1923
scaffold_shuffled,0,GCN,Molecular graph,707,COCCCNc1nc(NC(C)C)nc(SC)n1,c1ncncn1,-2.9280,-2.1961,0.7319,0.2308
scaffold_shuffled,0,GCN,Molecular graph,719,O=c1[nH]cnc2[nH]ncc12 ,O=c1[nH]cnc2[nH]ncc12,-2.2660,-1.1775,1.0885,0.2647
scaffold_shuffled,0,GCN,Molecular graph,724,O=C1NC(=O)c2ccccc12 ,O=C1NC(=O)c2ccccc21,-2.6100,-3.2976,0.6876,0.5000
scaffold_shuffled,0,GCN,Molecular graph,752,Oc1cccc2ccccc12,c1ccc2ccccc2c1,-2.2200,-3.1146,0.8946,0.5263
scaffold_shuffled,0,GCN,Molecular graph,771,C1CCCCCCC1,C1CCCCCCC1,-4.1500,-2.3322,1.8178,1.0000
scaffold_shuffled,0,GCN,Molecular graph,774,Sc1nccc(=O)[nH]1 ,O=c1ccnc[nH]1,-2.2730,-0.6546,1.6184,0.3214
scaffold_shuffled,0,GCN,Molecular graph,775,Clc1ccc(CN(C2CCCC2)C(=O)Nc3ccccc3)cc1,O=C(Nc1ccccc1)N(Cc1ccccc1)C1CCCC1,-5.9150,-4.6637,1.2513,0.4000
scaffold_shuffled,0,GCN,Molecular graph,776,CC1=CCCCC1,C1=CCCCC1,-3.2700,-1.8217,1.4483,0.2500
scaffold_shuffled,0,GCN,Molecular graph,809,O2c1ccccc1N(CC)C(=O)c3ccccc23 ,O=C1Nc2ccccc2Oc2ccccc21,-3.6800,-4.3420,0.6620,0.4872
scaffold_shuffled,0,GCN,Molecular graph,832,CC(C)NC(=O)N1CC(=O)N(C1=O)c2cc(Cl)cc(Cl)c2,O=C1CNC(=O)N1c1ccccc1,-4.3760,-3.3670,1.0090,0.3556
scaffold_shuffled,0,GCN,Molecular graph,858,CCN2c1nc(C)cc(C(F)(F)F)c1NC(=O)c3cccnc23 ,O=C1Nc2cccnc2Nc2ncccc21,-4.2070,-4.5868,0.3798,0.5246
scaffold_shuffled,0,GCN,Molecular graph,863,CC1(OC(=O)N(C1=O)c2cc(Cl)cc(Cl)c2)C=C,O=C1COC(=O)N1c1ccccc1,-4.9250,-3.8701,1.0549,0.4615
scaffold_shuffled,0,GCN,Molecular graph,864,CCNc1nc(Cl)nc(NC(C)(C)C#N)n1,c1ncncn1,-3.1500,-2.3544,0.7956,0.2000
scaffold_shuffled,0,GCN,Molecular graph,872,CN(C)c1nc(nc(n1)N(C)C)N(C)C,c1ncncn1,-3.3640,-1.3787,1.9853,0.2500
scaffold_shuffled,0,GCN,Molecular graph,875,OCC1OC(O)(CO)C(O)C1O,C1CCOC1,0.6400,0.2185,0.4215,0.4211
scaffold_shuffled,0,GCN,Molecular graph,888,NS(=O)(=O)c2cc1c(N=CNS1(=O)=O)cc2Cl ,O=S1(=O)NC=Nc2ccccc21,-3.0500,-3.2326,0.1826,0.3148
scaffold_shuffled,0,GCN,Molecular graph,894,CC(C)Nc1nc(Cl)nc(NC(C)C)n1,c1ncncn1,-4.4300,-2.2174,2.2126,0.2000
scaffold_shuffled,0,GCN,Molecular graph,904,CSc1nc(NC(C)C)nc(NC(C)C)n1,c1ncncn1,-4.1000,-2.2488,1.8512,0.2083
scaffold_shuffled,0,GCN,Molecular graph,906,Cc1cc2ccccc2cc1C,c1ccc2ccccc2c1,-4.7200,-5.3153,0.5953,0.6000
scaffold_shuffled,0,GCN,Molecular graph,918,Nc2nc1[nH]cnc1c(=O)[nH]2 ,O=c1[nH]cnc2[nH]cnc12,-3.5830,-1.5289,2.0541,0.3143
scaffold_shuffled,0,GCN,Molecular graph,925,CCN2c1nc(N(C)(CCO))ccc1NC(=O)c3cccnc23 ,O=C1Nc2cccnc2Nc2ncccc21,-3.3600,-3.1806,0.1794,0.5167
scaffold_shuffled,0,GCN,Molecular graph,936,O=N(=O)c1cccc2ccccc12,c1ccc2ccccc2c1,-3.5400,-4.4887,0.9487,0.6087
scaffold_shuffled,0,GCN,Molecular graph,951,CCN2c1nc(Cl)ccc1N(C)C(=O)c3cccnc23 ,O=C1Nc2cccnc2Nc2ncccc21,-4.1140,-3.7680,0.3460,0.6522
scaffold_shuffled,0,GCN,Molecular graph,952,CNC(=O)Oc1cccc2ccccc12,c1ccc2ccccc2c1,-3.2240,-3.3489,0.1249,0.5556
scaffold_shuffled,0,GCN,Molecular graph,963,Fc1cccc(F)c1C(=O)NC(=O)Nc2ccc(Cl)cc2,O=C(NC(=O)c1ccccc1)Nc1ccccc1,-6.0200,-3.9823,2.0377,0.4324
scaffold_shuffled,0,GCN,Molecular graph,977,Cc2cccc3sc1nncn1c23 ,c1ccc2c(c1)sc1nncn12,-2.0700,-3.3264,1.2564,0.2727
scaffold_shuffled,0,GCN,Molecular graph,981,O=C1N(C2CCC(=O)NC2=O)C(=O)c3ccccc13,O=C1CCC(N2C(=O)c3ccccc3C2=O)C(=O)N1,-2.6760,-2.7472,0.0712,0.2903
scaffold_shuffled,0,GCN,Molecular graph,987,CN(C)C(=O)NC1CCCCCCC1,C1CCCCCCC1,-2.2180,-1.7221,0.4959,0.2941
scaffold_shuffled,0,GCN,Molecular graph,1010,CCNc1nc(NC(C)(C)C)nc(OC)n1,c1ncncn1,-3.2390,-2.1555,1.0835,0.2162
scaffold_shuffled,0,GCN,Molecular graph,1014,O=C1NCCN1c2ncc(s2)N(=O)=O,O=C1NCCN1c1nccs1,-3.2200,-2.0763,1.1437,0.2400
scaffold_shuffled,0,GCN,Molecular graph,1027,Cn2c(=O)n(C)c1ncn(CC(O)CO)c1c2=O,O=c1[nH]c(=O)c2[nH]cnc2[nH]1,-0.1700,-1.6668,1.4968,0.2162
scaffold_shuffled,0,GCN,Molecular graph,1034,C2c1ccccc1N(CCF)C(=O)c3ccccc23 ,O=C1Nc2ccccc2Cc2ccccc21,-4.7990,-5.3469,0.5479,0.3939
scaffold_shuffled,0,GCN,Molecular graph,1038,Cn1cnc2n(C)c(=O)n(C)c(=O)c12,O=c1[nH]c(=O)c2[nH]cnc2[nH]1,-0.8760,-1.4578,0.5818,0.2500
scaffold_shuffled,0,GCN,Molecular graph,1052,CCN2c1nc(C)cc(C)c1NC(=O)c3cccnc23 ,O=C1Nc2cccnc2Nc2ncccc21,-4.5540,-3.6104,0.9436,0.6296
scaffold_shuffled,0,GCN,Molecular graph,1085,CCOP(=S)(OCC)N2C(=O)c1ccccc1C2=O,O=C1NC(=O)c2ccccc21,-3.3500,-4.3080,0.9580,0.3333
scaffold_shuffled,0,GCN,Molecular graph,1096,O=C(c1ccccc1)c2ccccc2,O=C(c1ccccc1)c1ccccc1,-3.1200,-3.8781,0.7581,0.5789
scaffold_shuffled,0,GCN,Molecular graph,1104,O2c1ccc(N)cc1N(C)C(=O)c3cc(C)ccc23 ,O=C1Nc2ccccc2Oc2ccccc21,-3.9280,-4.2463,0.3183,0.3000
scaffold_shuffled,0,GCN,Molecular graph,1110,CCOC(=O)Nc2cccc(OC(=O)Nc1ccccc1)c2 ,O=C(Nc1ccccc1)Oc1ccccc1,-4.6320,-2.6627,1.9693,0.4694
scaffold_shuffled,0,GIN,Molecular graph,11,Clc1ccc2ccccc2c1,c1ccc2ccccc2c1,-4.1400,-5.2493,1.1093,0.5000
scaffold_shuffled,0,GIN,Molecular graph,21,O=c2[nH]c1CCCc1c(=O)n2C3CCCCC3,O=c1[nH]c2c(c(=O)n1C1CCCCC1)CCC2,-4.5940,-3.0719,1.5221,0.2059
scaffold_shuffled,0,GIN,Molecular graph,26,Cn1c(=O)n(C)c2nc[nH]c2c1=O,O=c1[nH]c(=O)c2[nH]cnc2[nH]1,-1.3900,-1.0993,0.2907,0.2973
scaffold_shuffled,0,GIN,Molecular graph,28,ClC(Cl)=C(c1ccc(Cl)cc1)c2ccc(Cl)cc2,C=C(c1ccccc1)c1ccccc1,-6.9000,-7.2326,0.3326,0.4706
scaffold_shuffled,0,GIN,Molecular graph,32,COC(=O)Nc1cccc(OC(=O)Nc2cccc(C)c2)c1,O=C(Nc1ccccc1)Oc1ccccc1,-4.8050,-4.6074,0.1976,0.4894
scaffold_shuffled,0,GIN,Molecular graph,57,Cc1ccc(C)c2ccccc12,c1ccc2ccccc2c1,-4.1400,-4.9374,0.7974,0.5625
scaffold_shuffled,0,GIN,Molecular graph,66,CCNc1nc(Cl)nc(n1)N(CC)CC,c1ncncn1,-4.0600,-4.2435,0.1835,0.2222
scaffold_shuffled,0,GIN,Molecular graph,73,O=C1NC(=O)NC(=O)C1(CC=C)c1ccccc1,O=C1NC(=O)C(c2ccccc2)C(=O)N1,-2.3690,-2.7982,0.4292,0.4286
scaffold_shuffled,0,GIN,Molecular graph,94,Cc1cc(C)c2ccccc2c1,c1ccc2ccccc2c1,-4.2900,-5.3352,1.0452,0.5769
scaffold_shuffled,0,GIN,Molecular graph,101,c2(Cl)c(Cl)c(Cl)c1nccnc1c2(Cl) ,c1ccc2nccnc2c1,-5.4300,-3.8711,1.5589,0.3158
scaffold_shuffled,0,GIN,Molecular graph,104,CCc1cccc2ccccc12,c1ccc2ccccc2c1,-4.1700,-4.6458,0.4758,0.5714
scaffold_shuffled,0,GIN,Molecular graph,115,Cn1cnc2n(C)c(=O)[nH]c(=O)c12 ,O=c1[nH]c(=O)c2[nH]cnc2[nH]1,-2.5230,-1.4085,1.1145,0.3429
scaffold_shuffled,0,GIN,Molecular graph,134,CC1=CCC(CC1)C(C)=C,C1=CCCCC1,-4.2600,-3.0150,1.2450,0.4706
scaffold_shuffled,0,GIN,Molecular graph,139,Brc1cccc2ccccc12,c1ccc2ccccc2c1,-4.3500,-4.7205,0.3705,0.5263
scaffold_shuffled,0,GIN,Molecular graph,143,Nc1cccc2ccccc12,c1ccc2ccccc2c1,-1.9200,-2.9984,1.0784,0.5263
scaffold_shuffled,0,GIN,Molecular graph,150,Nc1ncnc2n(ccc12)C3OC(CO)C(O)C3O ,c1ncc2ccn(C3CCCO3)c2n1,-1.9500,-1.6296,0.3204,0.5294
scaffold_shuffled,0,GIN,Molecular graph,156,Oc2ccc1CCCCc1c2 ,c1ccc2c(c1)CCCC2,-1.9900,-2.5251,0.5351,0.4000
scaffold_shuffled,0,GIN,Molecular graph,179,CCC1(CCC(=O)NC1=O)c2ccccc2 ,O=C1CCC(c2ccccc2)C(=O)N1,-2.3370,-2.4147,0.0777,0.3333
scaffold_shuffled,0,GIN,Molecular graph,188,C1C(O)CCC2(C)CC3CCC4(C)C5(C)CC6OCC(C)CC6OC5CC4C3C=C21,C1=C2CCCCC2CC2CCC3C4CC5OCCCC5OC4CC3C12,-7.3200,-4.3298,2.9902,0.2432
scaffold_shuffled,0,GIN,Molecular graph,194,Oc1ccc2ccccc2c1,c1ccc2ccccc2c1,-2.2800,-2.5246,0.2446,0.5000
scaffold_shuffled,0,GIN,Molecular graph,219,COc1cc(cc(OC)c1O)C6C2C(COC2=O)C(OC4OC3COC(C)OC3C(O)C4O)c7cc5OCOc5cc67,O=C1OCC2C(OC3CCC4OCOCC4O3)c3cc4c(cc3C(c3ccccc3)C12)OCO4,-3.5710,-3.0607,0.5103,0.2000
scaffold_shuffled,0,GIN,Molecular graph,222,c1c(Br)ccc2ccccc12 ,c1ccc2ccccc2c1,-4.4000,-5.3905,0.9905,0.5000
scaffold_shuffled,0,GIN,Molecular graph,235,CCNc1nc(Cl)nc(NC(C)C)n1,c1ncncn1,-3.8500,-4.3015,0.4515,0.2286
scaffold_shuffled,0,GIN,Molecular graph,245,CCN(CC)c1nc(Cl)nc(NC(C)C)n1,c1ncncn1,-3.7850,-4.7802,0.9952,0.2105
scaffold_shuffled,0,GIN,Molecular graph,250,CCN2c1ncccc1N(C)C(=O)c3cccnc23 ,O=C1Nc2cccnc2Nc2ncccc21,-2.6200,-3.0335,0.4135,0.8158
scaffold_shuffled,0,GIN,Molecular graph,256,c1ccc2ccccc2c1,c1ccc2ccccc2c1,-3.6000,-3.4077,0.1923,0.6364
scaffold_shuffled,0,GIN,Molecular graph,260,CCOP(=S)(OCC)SC(CCl)N1C(=O)c2ccccc2C1=O,O=C1NC(=O)c2ccccc21,-6.3400,-5.7157,0.6243,0.3529
scaffold_shuffled,0,GIN,Molecular graph,262,Fc1cccc(F)c1C(=O)NC(=O)Nc2cc(Cl)c(F)c(Cl)c2F ,O=C(NC(=O)c1ccccc1)Nc1ccccc1,-7.2800,-6.2642,1.0158,0.2364
scaffold_shuffled,0,GIN,Molecular graph,275,Ic1cccc2ccccc12,c1ccc2ccccc2c1,-4.5500,-4.9760,0.4260,0.5263
scaffold_shuffled,0,GIN,Molecular graph,298,OCC1OC(CO)(OC2OC(COC3OC(CO)C(O)C(O)C3O)C(O)C(O)C2O)C(O)C1O,C1CCC(OCC2CCCC(OC3CCCO3)O2)OC1,-0.4100,-0.1759,0.2341,0.8421
scaffold_shuffled,0,GIN,Molecular graph,309,OC1CCCCCCC1,C1CCCCCCC1,-1.2900,-1.3012,0.0112,0.3571
scaffold_shuffled,0,GIN,Molecular graph,323,CCC1(C(=O)NC(=O)NC1=O)c2ccccc2 ,O=C1NC(=O)C(c2ccccc2)C(=O)N1,-2.3220,-2.6456,0.3236,0.4688
scaffold_shuffled,0,GIN,Molecular graph,331,C1CCCCCC1,C1CCCCCC1,-3.5100,-2.8354,0.6746,1.0000
scaffold_shuffled,0,GIN,Molecular graph,339,c3ccc2nc1ccccc1cc2c3,c1ccc2nc3ccccc3cc2c1,-3.6700,-5.3177,1.6477,0.5625
scaffold_shuffled,0,GIN,Molecular graph,343,CC2Cc1ccccc1N2NC(=O)c3ccc(Cl)c(c3)S(N)(=O)=O ,O=C(NN1CCc2ccccc21)c1ccccc1,-3.5860,-4.7508,1.1648,0.3429
scaffold_shuffled,0,GIN,Molecular graph,351,Cc1ccc2ccccc2c1,c1ccc2ccccc2c1,-3.7700,-4.8169,1.0469,0.8421
scaffold_shuffled,0,GIN,Molecular graph,363,C1CCC=CC1,C1=CCCCC1,-2.5900,-2.6523,0.0623,0.8889
scaffold_shuffled,0,GIN,Molecular graph,370,CN1CC(O)N(C1=O)c2nnc(s2)C(C)(C)C,O=C1NCCN1c1nncs1,-1.8770,-2.6061,0.7291,0.1923
scaffold_shuffled,0,GIN,Molecular graph,383,COc1nc(NC(C)C)nc(NC(C)C)n1,c1ncncn1,-2.4780,-4.6000,2.1220,0.1702
scaffold_shuffled,0,GIN,Molecular graph,409,OC1CCCCCC1,C1CCCCCC1,-0.8800,-1.1768,0.2968,0.3571
scaffold_shuffled,0,GIN,Molecular graph,415,C1CCOC1,C1CCOC1,0.4900,0.0806,0.4094,0.8889
scaffold_shuffled,0,GIN,Molecular graph,421,CCN(CC)c1nc(Cl)nc(n1)N(CC)CC,c1ncncn1,-4.4110,-4.6838,0.2728,0.2857
scaffold_shuffled,0,GIN,Molecular graph,442,CCN2c1ncccc1N(CC)C(=O)c3cccnc23 ,O=C1Nc2cccnc2Nc2ncccc21,-2.8600,-3.5691,0.7091,0.6750
scaffold_shuffled,0,GIN,Molecular graph,449,OCC(O)COC(=O)c1ccccc1Nc2ccnc3cc(Cl)ccc23,c1ccc(Nc2ccnc3ccccc23)cc1,-4.5710,-3.9604,0.6106,0.2769
scaffold_shuffled,0,GIN,Molecular graph,452,Clc1cccc2ccccc12,c1ccc2ccccc2c1,-3.9300,-4.5780,0.6480,0.5263
scaffold_shuffled,0,GIN,Molecular graph,465,O=C1NC(=O)NC(=O)C1(CC)c1ccccc1,O=C1NC(=O)C(c2ccccc2)C(=O)N1,-2.3220,-2.6456,0.3236,0.4688
scaffold_shuffled,0,GIN,Molecular graph,496,Nc2cccc3nc1ccccc1cc23 ,c1ccc2nc3ccccc3cc2c1,-4.2200,-4.6783,0.4583,0.3667
scaffold_shuffled,0,GIN,Molecular graph,500,CCOP(=S)(OCC)SC(CCl)N2C(=O)c1ccccc1C2=O,O=C1NC(=O)c2ccccc21,-6.3400,-5.7157,0.6243,0.3529
scaffold_shuffled,0,GIN,Molecular graph,502,Cn2c(=O)on(c1ccc(Cl)c(Cl)c1)c2=O,O=c1[nH]c(=O)n(-c2ccccc2)o1,-2.8200,-3.1664,0.3464,0.2955
scaffold_shuffled,0,GIN,Molecular graph,504,CC1=C(CCCO1)C(=O)Nc2ccccc2 ,O=C(Nc1ccccc1)C1=COCCC1,-2.5600,-2.5831,0.0231,0.5581
scaffold_shuffled,0,GIN,Molecular graph,518,CC(=O)N(S(=O)c1ccc(N)cc1)c2onc(C)c2C ,O=S(Nc1ccno1)c1ccccc1,-3.5900,-2.5147,1.0753,0.2708
scaffold_shuffled,0,GIN,Molecular graph,535,CC1CCCO1,C1CCOC1,0.1100,-0.9677,1.0777,0.4118
scaffold_shuffled,0,GIN,Molecular graph,536,CC3C2CCC1(C)C=CC(=O)C(=C1C2OC3=O)C,O=C1C=CC2CCC3CC(=O)OC3C2=C1,-3.0900,-3.4899,0.3999,0.2063
scaffold_shuffled,0,GIN,Molecular graph,539,CCNc1nc(NC(C)C)nc(SC)n1,c1ncncn1,-3.0400,-4.9924,1.9524,0.2162
scaffold_shuffled,0,GIN,Molecular graph,543,OC(C(=O)c1ccccc1)c2ccccc2,O=C(Cc1ccccc1)c1ccccc1,-2.8500,-2.6805,0.1695,0.4583
scaffold_shuffled,0,GIN,Molecular graph,549,CCNc1nc(NC(C)(C)C)nc(SC)n1,c1ncncn1,-4.0000,-5.1805,1.1805,0.2162
scaffold_shuffled,0,GIN,Molecular graph,554,Brc1ccc2ccccc2c1,c1ccc2ccccc2c1,-4.4000,-5.3905,0.9905,0.5000
scaffold_shuffled,0,GIN,Molecular graph,555,CC1OC(CC(O)C1O)OC2C(O)CC(OC2C)OC8C(O)CC(OC7CCC3(C)C(CCC4C3CC(O)C5(C)C(CCC45O)C6=CC(=O)OC6)C7)OC8C ,O=C1C=C(C2CCC3C2CCC2C4CCC(OC5CCC(OC6CCC(OC7CCCCO7)CO6)CO5)CC4CCC23)CO1,-4.0810,-2.3848,1.6962,0.2683
scaffold_shuffled,0,GIN,Molecular graph,558,c1ccc2c(c1)sc3ccccc23,c1ccc2c(c1)sc1ccccc12,-4.3800,-6.4213,2.0413,0.4667
scaffold_shuffled,0,GIN,Molecular graph,570,CCCCc1c(C)nc(NCC)[nH]c1=O,O=c1ccnc[nH]1,-3.0280,-3.3689,0.3409,0.2250
scaffold_shuffled,0,GIN,Molecular graph,584,CCc1ccc2ccccc2c1,c1ccc2ccccc2c1,-4.2900,-5.4806,1.1906,0.4783
scaffold_shuffled,0,GIN,Molecular graph,604,COc2c1occc1cc3ccc(=O)oc23 ,O=c1ccc2cc3ccoc3cc2o1,-3.6640,-3.2305,0.4335,0.4667
scaffold_shuffled,0,GIN,Molecular graph,606,Cc1cccc2ccccc12,c1ccc2ccccc2c1,-3.7000,-4.1381,0.4381,0.7273
scaffold_shuffled,0,GIN,Molecular graph,607,CCN(CC)C(=O)C(C)Oc1cccc2ccccc12 ,c1ccc2ccccc2c1,-3.5700,-4.7174,1.1474,0.3125
scaffold_shuffled,0,GIN,Molecular graph,616,Cc1ccc2cc(C)ccc2c1,c1ccc2ccccc2c1,-4.8900,-5.8393,0.9493,0.7222
scaffold_shuffled,0,GIN,Molecular graph,632,Cc1cccc2c(C)cccc12,c1ccc2ccccc2c1,-4.6790,-4.7112,0.0322,0.6190
scaffold_shuffled,0,GIN,Molecular graph,634,C1=Cc2cccc3cccc1c23,C1=Cc2cccc3cccc1c23,-3.9600,-6.2561,2.2961,0.4737
scaffold_shuffled,0,GIN,Molecular graph,636,CCNc1nc(NC(C)C)nc(OC)n1,c1ncncn1,-2.0840,-4.0943,2.0103,0.2162
scaffold_shuffled,0,GIN,Molecular graph,640,CC1OC(CC(O)C1O)OC2C(O)CC(OC2C)OC8C(O)CC(OC7CCC3(C)C(CCC4C3CCC5(C)C(CCC45O)C6=CC(=O)OC6)C7)OC8C ,O=C1C=C(C2CCC3C2CCC2C4CCC(OC5CCC(OC6CCC(OC7CCCCO7)CO6)CO5)CC4CCC23)CO1,-5.2930,-2.4857,2.8073,0.2683
scaffold_shuffled,0,GIN,Molecular graph,643,C1CCc2ccccc2C1,c1ccc2c(c1)CCCC2,-4.3700,-3.4421,0.9279,0.4211
scaffold_shuffled,0,GIN,Molecular graph,652,CC1(C)CON(Cc2ccccc2Cl)C1=O,O=C1CCON1Cc1ccccc1,-2.3380,-2.1084,0.2296,0.2703
scaffold_shuffled,0,GIN,Molecular graph,686,CCNc1nc(Cl)nc(NCC)n1 ,c1ncncn1,-4.5500,-3.6975,0.8525,0.2857
scaffold_shuffled,0,GIN,Molecular graph,688,CSc1nc(nc(n1)N(C)C)N(C)C,c1ncncn1,-2.6760,-3.0933,0.4173,0.1923
scaffold_shuffled,0,GIN,Molecular graph,707,COCCCNc1nc(NC(C)C)nc(SC)n1,c1ncncn1,-2.9280,-5.1636,2.2356,0.2308
scaffold_shuffled,0,GIN,Molecular graph,719,O=c1[nH]cnc2[nH]ncc12 ,O=c1[nH]cnc2[nH]ncc12,-2.2660,-1.0216,1.2444,0.2647
scaffold_shuffled,0,GIN,Molecular graph,724,O=C1NC(=O)c2ccccc12 ,O=C1NC(=O)c2ccccc21,-2.6100,-2.7609,0.1509,0.5000
scaffold_shuffled,0,GIN,Molecular graph,752,Oc1cccc2ccccc12,c1ccc2ccccc2c1,-2.2200,-2.1347,0.0853,0.5263
scaffold_shuffled,0,GIN,Molecular graph,771,C1CCCCCCC1,C1CCCCCCC1,-4.1500,-2.8354,1.3146,1.0000
scaffold_shuffled,0,GIN,Molecular graph,774,Sc1nccc(=O)[nH]1 ,O=c1ccnc[nH]1,-2.2730,-0.7727,1.5003,0.3214
scaffold_shuffled,0,GIN,Molecular graph,775,Clc1ccc(CN(C2CCCC2)C(=O)Nc3ccccc3)cc1,O=C(Nc1ccccc1)N(Cc1ccccc1)C1CCCC1,-5.9150,-5.2431,0.6719,0.4000
scaffold_shuffled,0,GIN,Molecular graph,776,CC1=CCCCC1,C1=CCCCC1,-3.2700,-2.6233,0.6467,0.2500
scaffold_shuffled,0,GIN,Molecular graph,809,O2c1ccccc1N(CC)C(=O)c3ccccc23 ,O=C1Nc2ccccc2Oc2ccccc21,-3.6800,-4.7484,1.0684,0.4872
scaffold_shuffled,0,GIN,Molecular graph,832,CC(C)NC(=O)N1CC(=O)N(C1=O)c2cc(Cl)cc(Cl)c2,O=C1CNC(=O)N1c1ccccc1,-4.3760,-4.4921,0.1161,0.3556
scaffold_shuffled,0,GIN,Molecular graph,858,CCN2c1nc(C)cc(C(F)(F)F)c1NC(=O)c3cccnc23 ,O=C1Nc2cccnc2Nc2ncccc21,-4.2070,-4.5515,0.3445,0.5246
scaffold_shuffled,0,GIN,Molecular graph,863,CC1(OC(=O)N(C1=O)c2cc(Cl)cc(Cl)c2)C=C,O=C1COC(=O)N1c1ccccc1,-4.9250,-4.6908,0.2342,0.4615
scaffold_shuffled,0,GIN,Molecular graph,864,CCNc1nc(Cl)nc(NC(C)(C)C#N)n1,c1ncncn1,-3.1500,-4.6697,1.5197,0.2000
scaffold_shuffled,0,GIN,Molecular graph,872,CN(C)c1nc(nc(n1)N(C)C)N(C)C,c1ncncn1,-3.3640,-2.3658,0.9982,0.2500
scaffold_shuffled,0,GIN,Molecular graph,875,OCC1OC(O)(CO)C(O)C1O,C1CCOC1,0.6400,0.2847,0.3553,0.4211
scaffold_shuffled,0,GIN,Molecular graph,888,NS(=O)(=O)c2cc1c(N=CNS1(=O)=O)cc2Cl ,O=S1(=O)NC=Nc2ccccc21,-3.0500,-2.5110,0.5390,0.3148
scaffold_shuffled,0,GIN,Molecular graph,894,CC(C)Nc1nc(Cl)nc(NC(C)C)n1,c1ncncn1,-4.4300,-4.8600,0.4300,0.2000
scaffold_shuffled,0,GIN,Molecular graph,904,CSc1nc(NC(C)C)nc(NC(C)C)n1,c1ncncn1,-4.1000,-5.5411,1.4411,0.2083
scaffold_shuffled,0,GIN,Molecular graph,906,Cc1cc2ccccc2cc1C,c1ccc2ccccc2c1,-4.7200,-5.4021,0.6821,0.6000
scaffold_shuffled,0,GIN,Molecular graph,918,Nc2nc1[nH]cnc1c(=O)[nH]2 ,O=c1[nH]cnc2[nH]cnc12,-3.5830,-1.7296,1.8534,0.3143
scaffold_shuffled,0,GIN,Molecular graph,925,CCN2c1nc(N(C)(CCO))ccc1NC(=O)c3cccnc23 ,O=C1Nc2cccnc2Nc2ncccc21,-3.3600,-3.6846,0.3246,0.5167
scaffold_shuffled,0,GIN,Molecular graph,936,O=N(=O)c1cccc2ccccc12,c1ccc2ccccc2c1,-3.5400,-3.9546,0.4146,0.6087
scaffold_shuffled,0,GIN,Molecular graph,951,CCN2c1nc(Cl)ccc1N(C)C(=O)c3cccnc23 ,O=C1Nc2cccnc2Nc2ncccc21,-4.1140,-4.1085,0.0055,0.6522
scaffold_shuffled,0,GIN,Molecular graph,952,CNC(=O)Oc1cccc2ccccc12,c1ccc2ccccc2c1,-3.2240,-3.4872,0.2632,0.5556
scaffold_shuffled,0,GIN,Molecular graph,963,Fc1cccc(F)c1C(=O)NC(=O)Nc2ccc(Cl)cc2,O=C(NC(=O)c1ccccc1)Nc1ccccc1,-6.0200,-4.9733,1.0467,0.4324
scaffold_shuffled,0,GIN,Molecular graph,977,Cc2cccc3sc1nncn1c23 ,c1ccc2c(c1)sc1nncn12,-2.0700,-3.0904,1.0204,0.2727
scaffold_shuffled,0,GIN,Molecular graph,981,O=C1N(C2CCC(=O)NC2=O)C(=O)c3ccccc13,O=C1CCC(N2C(=O)c3ccccc3C2=O)C(=O)N1,-2.6760,-2.8338,0.1578,0.2903
scaffold_shuffled,0,GIN,Molecular graph,987,CN(C)C(=O)NC1CCCCCCC1,C1CCCCCCC1,-2.2180,-1.7832,0.4348,0.2941
scaffold_shuffled,0,GIN,Molecular graph,1010,CCNc1nc(NC(C)(C)C)nc(OC)n1,c1ncncn1,-3.2390,-4.3049,1.0659,0.2162
scaffold_shuffled,0,GIN,Molecular graph,1014,O=C1NCCN1c2ncc(s2)N(=O)=O,O=C1NCCN1c1nccs1,-3.2200,-2.2601,0.9599,0.2400
scaffold_shuffled,0,GIN,Molecular graph,1027,Cn2c(=O)n(C)c1ncn(CC(O)CO)c1c2=O,O=c1[nH]c(=O)c2[nH]cnc2[nH]1,-0.1700,-1.5316,1.3616,0.2162
scaffold_shuffled,0,GIN,Molecular graph,1034,C2c1ccccc1N(CCF)C(=O)c3ccccc23 ,O=C1Nc2ccccc2Cc2ccccc21,-4.7990,-4.9636,0.1646,0.3939
scaffold_shuffled,0,GIN,Molecular graph,1038,Cn1cnc2n(C)c(=O)n(C)c(=O)c12,O=c1[nH]c(=O)c2[nH]cnc2[nH]1,-0.8760,-1.1162,0.2402,0.2500
scaffold_shuffled,0,GIN,Molecular graph,1052,CCN2c1nc(C)cc(C)c1NC(=O)c3cccnc23 ,O=C1Nc2cccnc2Nc2ncccc21,-4.5540,-3.4876,1.0664,0.6296
scaffold_shuffled,0,GIN,Molecular graph,1085,CCOP(=S)(OCC)N2C(=O)c1ccccc1C2=O,O=C1NC(=O)c2ccccc21,-3.3500,-5.3158,1.9658,0.3333
scaffold_shuffled,0,GIN,Molecular graph,1096,O=C(c1ccccc1)c2ccccc2,O=C(c1ccccc1)c1ccccc1,-3.1200,-3.6713,0.5513,0.5789
scaffold_shuffled,0,GIN,Molecular graph,1104,O2c1ccc(N)cc1N(C)C(=O)c3cc(C)ccc23 ,O=C1Nc2ccccc2Oc2ccccc21,-3.9280,-4.3500,0.4220,0.3000
scaffold_shuffled,0,GIN,Molecular graph,1110,CCOC(=O)Nc2cccc(OC(=O)Nc1ccccc1)c2 ,O=C(Nc1ccccc1)Oc1ccccc1,-4.6320,-4.6735,0.0415,0.4694
scaffold_shuffled,1,Dummy (mean),RDKit descriptors,3,c1ccc2c(c1)ccc3c2ccc4c5ccccc5ccc43,c1ccc2c(c1)ccc1c2ccc2c3ccccc3ccc21,-7.8700,-2.7287,5.1413,0.5789
scaffold_shuffled,1,Dummy (mean),RDKit descriptors,10,O=C1CCCN1,O=C1CCCN1,1.0700,-2.7287,3.7987,0.3684
scaffold_shuffled,1,Dummy (mean),RDKit descriptors,13,CCC1(C(=O)NCNC1=O)c2ccccc2,O=C1NCNC(=O)C1c1ccccc1,-2.6400,-2.7287,0.0887,0.6774
scaffold_shuffled,1,Dummy (mean),RDKit descriptors,21,O=c2[nH]c1CCCc1c(=O)n2C3CCCCC3,O=c1[nH]c2c(c(=O)n1C1CCCCC1)CCC2,-4.5940,-2.7287,1.8653,0.1800
scaffold_shuffled,1,Dummy (mean),RDKit descriptors,36,N(c1ccccc1)c2ccccc2,c1ccc(Nc2ccccc2)cc1,-3.5040,-2.7287,0.7753,0.5294
scaffold_shuffled,1,Dummy (mean),RDKit descriptors,47,c1ccccc1n2ncc(N)c(Br)c2(=O),O=c1cccnn1-c1ccccc1,-3.1270,-2.7287,0.3983,0.3333
scaffold_shuffled,1,Dummy (mean),RDKit descriptors,48,COC(=O)C1=C(C)NC(=C(C1c2ccccc2N(=O)=O)C(=O)OC)C ,C1=CC(c2ccccc2)C=CN1,-4.7600,-2.7287,2.0313,0.3953
scaffold_shuffled,1,Dummy (mean),RDKit descriptors,49,c2c(C)cc1nc(C)ccc1c2 ,c1ccc2ncccc2c1,-1.9400,-2.7287,0.7887,0.5000
scaffold_shuffled,1,Dummy (mean),RDKit descriptors,51,CCC1(C(=O)NC(=O)NC1=O)C2=CCCCC2 ,O=C1NC(=O)C(C2=CCCCC2)C(=O)N1,-2.1700,-2.7287,0.5587,0.4474
scaffold_shuffled,1,Dummy (mean),RDKit descriptors,65,OC4=C(C1CCC(CC1)c2ccc(Cl)cc2)C(=O)c3ccccc3C4=O,O=C1C=C(C2CCC(c3ccccc3)CC2)C(=O)c2ccccc21,-5.9310,-2.7287,3.2023,0.3143
scaffold_shuffled,1,Dummy (mean),RDKit descriptors,79,CCCC1COC(Cn2cncn2)(O1)c3ccc(Cl)cc3Cl,c1ccc(C2(Cn3cncn3)OCCO2)cc1,-3.4930,-2.7287,0.7643,0.2361
scaffold_shuffled,1,Dummy (mean),RDKit descriptors,88,CC(C)C1CCC(C)CC1=O,O=C1CCCCC1,-2.3500,-2.7287,0.3787,0.3043
scaffold_shuffled,1,Dummy (mean),RDKit descriptors,92,c1ccc2c(c1)c3cccc4cccc2c34,c1ccc2c(c1)-c1cccc3cccc-2c13,-6.0000,-2.7287,3.2713,0.7368
scaffold_shuffled,1,Dummy (mean),RDKit descriptors,100,CC12CCC3C(CCC4=CC(=O)CCC34C)C2CCC1C(=O)CO,O=C1C=C2CCC3C4CCCC4CCC3C2CC1,-3.4500,-2.7287,0.7213,0.5800
scaffold_shuffled,1,Dummy (mean),RDKit descriptors,109,OCC1OC(C(O)C1O)n2cnc3c(O)ncnc23,c1ncc2ncn(C3CCCO3)c2n1,-1.2300,-2.7287,1.4987,0.5294
scaffold_shuffled,1,Dummy (mean),RDKit descriptors,114,Nc3ccc2cc1ccccc1cc2c3 ,c1ccc2cc3ccccc3cc2c1,-5.1700,-2.7287,2.4413,0.6111
scaffold_shuffled,1,Dummy (mean),RDKit descriptors,116,c1ccc2cnccc2c1,c1ccc2cnccc2c1,-1.4500,-2.7287,1.2787,0.4706
scaffold_shuffled,1,Dummy (mean),RDKit descriptors,127,CC1(C)C(C=C(Cl)Cl)C1C(=O)OC(C#N)c2ccc(F)c(Oc3ccccc3)c2,O=C(OCc1cccc(Oc2ccccc2)c1)C1CC1,-7.3370,-2.7287,4.6083,0.3816
scaffold_shuffled,1,Dummy (mean),RDKit descriptors,131,CC34CC(O)C1(F)C(CCC2=CC(=O)CCC12C)C3CCC4(O)C(=O)CO ,O=C1C=C2CCC3C4CCCC4CCC3C2CC1,-3.4300,-2.7287,0.7013,0.5152
scaffold_shuffled,1,Dummy (mean),RDKit descriptors,135,C1Cc2ccccc2C1,c1ccc2c(c1)CCC2,-3.0400,-2.7287,0.3113,0.8571
scaffold_shuffled,1,Dummy (mean),RDKit descriptors,164,O2c1cc(C)ccc1N(C)C(=O)c3cc(N)cnc23 ,O=C1Nc2ccccc2Oc2ncccc21,-3.0430,-2.7287,0.3143,0.2759
scaffold_shuffled,1,Dummy (mean),RDKit descriptors,172,CC(=O)C3CCC4C2CC=C1CC(O)CCC1(C)C2CCC34C ,C1=C2CCCCC2C2CCC3CCCC3C2C1,-4.6500,-2.7287,1.9213,0.3621
scaffold_shuffled,1,Dummy (mean),RDKit descriptors,185,CC12CCC(=O)C=C1CCC3C2CCC4(C)C3CCC4(O)C#C ,O=C1C=C2CCC3C4CCCC4CCC3C2CC1,-5.6600,-2.7287,2.9313,0.6042
scaffold_shuffled,1,Dummy (mean),RDKit descriptors,188,C1C(O)CCC2(C)CC3CCC4(C)C5(C)CC6OCC(C)CC6OC5CC4C3C=C21,C1=C2CCCCC2CC2CCC3C4CC5OCCCC5OC4CC3C12,-7.3200,-2.7287,4.5913,0.1875
scaffold_shuffled,1,Dummy (mean),RDKit descriptors,207,Oc2ccc1ncccc1c2 ,c1ccc2ncccc2c1,-2.1600,-2.7287,0.5687,0.4815
scaffold_shuffled,1,Dummy (mean),RDKit descriptors,213,CC12CCC(CC1)C(C)(C)O2 ,C1CC2CCC1CO2,-1.6400,-2.7287,1.0887,0.3000
scaffold_shuffled,1,Dummy (mean),RDKit descriptors,220,c1cc2cccc3c4cccc5cccc(c(c1)c23)c54,c1cc2cccc3c4cccc5cccc(c(c1)c23)c54,-8.8040,-2.7287,6.0753,0.7059
scaffold_shuffled,1,Dummy (mean),RDKit descriptors,240,O=C1CCCCC1,O=C1CCCCC1,-0.6000,-2.7287,2.1287,0.2941
scaffold_shuffled,1,Dummy (mean),RDKit descriptors,243,CNc2cnn(c1cccc(c1)C(F)(F)F)c(=O)c2Cl,O=c1cccnn1-c1ccccc1,-4.0460,-2.7287,1.3173,0.3559
scaffold_shuffled,1,Dummy (mean),RDKit descriptors,248,Cc3nnc4CN=C(c1ccccc1Cl)c2cc(Cl)ccc2n34,c1ccc(C2=NCc3nncn3-c3ccccc32)cc1,-4.0900,-2.7287,1.3613,0.4286
scaffold_shuffled,1,Dummy (mean),RDKit descriptors,259,Cc1c2ccccc2c(C)c3ccc4ccccc4c13,c1ccc2cc3c(ccc4ccccc43)cc2c1,-7.0200,-2.7287,4.2913,0.4444
scaffold_shuffled,1,Dummy (mean),RDKit descriptors,272,CC1(C)C(C=C(Br)Br)C1C(=O)OC(C#N)c2cccc(Oc3ccccc3)c2,O=C(OCc1cccc(Oc2ccccc2)c1)C1CC1,-8.4020,-2.7287,5.6733,0.4638
scaffold_shuffled,1,Dummy (mean),RDKit descriptors,310,CC1(O)CCC2C3CCC4=CC(=O)CCC4(C)C3CCC21C,O=C1C=C2CCC3C4CCCC4CCC3C2CC1,-3.9990,-2.7287,1.2703,0.6744
scaffold_shuffled,1,Dummy (mean),RDKit descriptors,313,c1cnc2c(c1)ccc3ncccc23,c1cnc2c(c1)ccc1ncccc12,-2.6800,-2.7287,0.0487,0.3000
scaffold_shuffled,1,Dummy (mean),RDKit descriptors,318,Nc1ncnc2nc[nH]c12 ,c1ncc2[nH]cnc2n1,-2.1200,-2.7287,0.6087,0.4815
scaffold_shuffled,1,Dummy (mean),RDKit descriptors,320,COc1ccc(cc1)C(O)(C2CC2)c3cncnc3 ,c1ccc(C(c2cncnc2)C2CC2)cc1,-2.5960,-2.7287,0.1327,0.2895
scaffold_shuffled,1,Dummy (mean),RDKit descriptors,337,CCOC2Oc1ccc(OS(C)(=O)=O)cc1C2(C)C,c1ccc2c(c1)CCO2,-3.4200,-2.7287,0.6913,0.2295
scaffold_shuffled,1,Dummy (mean),RDKit descriptors,339,c3ccc2nc1ccccc1cc2c3,c1ccc2nc3ccccc3cc2c1,-3.6700,-2.7287,0.9413,0.5294
scaffold_shuffled,1,Dummy (mean),RDKit descriptors,358,Cc1c2ccccc2c(C)c3ccccc13,c1ccc2cc3ccccc3cc2c1,-6.5700,-2.7287,3.8413,0.5625
scaffold_shuffled,1,Dummy (mean),RDKit descriptors,364,CC12CC(O)C3C(CCC4=CC(=O)CCC34C)C2CCC1(O)C(=O)CO,O=C1C=C2CCC3C4CCCC4CCC3C2CC1,-3.0900,-2.7287,0.3613,0.6833
scaffold_shuffled,1,Dummy (mean),RDKit descriptors,370,CN1CC(O)N(C1=O)c2nnc(s2)C(C)(C)C,O=C1NCCN1c1nncs1,-1.8770,-2.7287,0.8517,0.1923
scaffold_shuffled,1,Dummy (mean),RDKit descriptors,381,OCC(O)C2OC1OC(OC1C2O)C(Cl)(Cl)Cl ,C1CC2OCOC2O1,-1.8400,-2.7287,0.8887,0.2000
scaffold_shuffled,1,Dummy (mean),RDKit descriptors,382,CN(C=Nc1ccc(C)cc1C)C=Nc2ccc(C)cc2C,C(=Nc1ccccc1)NC=Nc1ccccc1,-5.4700,-2.7287,2.7413,0.5294
scaffold_shuffled,1,Dummy (mean),RDKit descriptors,389,c3ccc2c(O)c1ccccc1cc2c3 ,c1ccc2cc3ccccc3cc2c1,-4.7300,-2.7287,2.0013,0.4783
scaffold_shuffled,1,Dummy (mean),RDKit descriptors,390,Cc1ccc2cc3ccccc3cc2c1,c1ccc2cc3ccccc3cc2c1,-6.9600,-2.7287,4.2313,0.8421
scaffold_shuffled,1,Dummy (mean),RDKit descriptors,399,Oc1cccc2ncccc12 ,c1ccc2ncccc2c1,-2.5400,-2.7287,0.1887,0.4444
scaffold_shuffled,1,Dummy (mean),RDKit descriptors,405,CC(=O)OCC(=O)C3CCC4C2CCC1=CC(=O)CCC1(C)C2CCC34C ,O=C1C=C2CCC3C4CCCC4CCC3C2CC1,-4.6300,-2.7287,1.9013,0.5294
scaffold_shuffled,1,Dummy (mean),RDKit descriptors,420,CC(=O)C1CCC2C3CCC4=CC(=O)CCC4(C)C3CCC12C,O=C1C=C2CCC3C4CCCC4CCC3C2CC1,-4.4200,-2.7287,1.6913,0.6170
scaffold_shuffled,1,Dummy (mean),RDKit descriptors,422,ClC(Cl)C(Cl)(Cl)SN2C(=O)C1CC=CCC1C2=O ,O=C1NC(=O)C2CC=CCC12,-5.4000,-2.7287,2.6713,0.1935
scaffold_shuffled,1,Dummy (mean),RDKit descriptors,441,OCC1OC(OC2C(O)C(O)C(O)OC2CO)C(O)C(O)C1O,C1CCC(OC2CCCOC2)OC1,-0.2440,-2.7287,2.4847,0.6071
scaffold_shuffled,1,Dummy (mean),RDKit descriptors,448,NC(=O)NC1NC(=O)NC1=O ,O=C1CNC(=O)N1,-1.6000,-2.7287,1.1287,0.2258
scaffold_shuffled,1,Dummy (mean),RDKit descriptors,451,CC(=O)OC3CCC4C2CCC1=CC(=O)CCC1(C)C2CCC34C ,O=C1C=C2CCC3C4CCCC4CCC3C2CC1,-5.1840,-2.7287,2.4553,0.5800
scaffold_shuffled,1,Dummy (mean),RDKit descriptors,458,CC1(C)C(C=C(Cl)Cl)C1C(=O)OC(C#N)c2cccc(Oc3ccccc3)c2,O=C(OCc1cccc(Oc2ccccc2)c1)C1CC1,-8.0170,-2.7287,5.2883,0.4706
scaffold_shuffled,1,Dummy (mean),RDKit descriptors,459,c2ccc1ocnc1c2,c1ccc2ocnc2c1,-1.1600,-2.7287,1.5687,0.3200
scaffold_shuffled,1,Dummy (mean),RDKit descriptors,468,CNC(=O)Oc1cccc2CC(C)(C)Oc12,c1ccc2c(c1)CCO2,-2.8000,-2.7287,0.0713,0.4545
scaffold_shuffled,1,Dummy (mean),RDKit descriptors,496,Nc2cccc3nc1ccccc1cc23 ,c1ccc2nc3ccccc3cc2c1,-4.2200,-2.7287,1.4913,0.5185
scaffold_shuffled,1,Dummy (mean),RDKit descriptors,514,CNC(=O)Oc1ccccc1C2OCCO2,c1ccc(C2OCCO2)cc1,-1.5700,-2.7287,1.1587,0.4878
scaffold_shuffled,1,Dummy (mean),RDKit descriptors,521,CC1CCCCC1NC(=O)Nc2ccccc2,O=C(Nc1ccccc1)NC1CCCCC1,-4.1100,-2.7287,1.3813,0.4848
scaffold_shuffled,1,Dummy (mean),RDKit descriptors,529,CCOC(=O)CCN(SN(C)C(=O)Oc1cccc2CC(C)(C)Oc21)C(C)C,c1ccc2c(c1)CCO2,-4.7100,-2.7287,1.9813,0.2466
scaffold_shuffled,1,Dummy (mean),RDKit descriptors,530,O2c1ccccc1N(C)C(=O)c3cccnc23 ,O=C1Nc2ccccc2Oc2ncccc21,-3.6720,-2.7287,0.9433,0.5000
scaffold_shuffled,1,Dummy (mean),RDKit descriptors,541,CC(=O)C1(O)CCC2C3CCC4=CC(=O)CCC4(C)C3CCC21C,O=C1C=C2CCC3C4CCCC4CCC3C2CC1,-3.8170,-2.7287,1.0883,0.6170
scaffold_shuffled,1,Dummy (mean),RDKit descriptors,552,CC23Cc1cnoc1C=C2CCC4C3CCC5(C)C4CCC5(O)C#C,C1=C2CCC3C4CCCC4CCC3C2Cc2cnoc21,-5.5070,-2.7287,2.7783,0.4462
scaffold_shuffled,1,Dummy (mean),RDKit descriptors,555,CC1OC(CC(O)C1O)OC2C(O)CC(OC2C)OC8C(O)CC(OC7CCC3(C)C(CCC4C3CC(O)C5(C)C(CCC45O)C6=CC(=O)OC6)C7)OC8C ,O=C1C=C(C2CCC3C2CCC2C4CCC(OC5CCC(OC6CCC(OC7CCCCO7)CO6)CO5)CC4CCC23)CO1,-4.0810,-2.7287,1.3523,0.2683
scaffold_shuffled,1,Dummy (mean),RDKit descriptors,591,CC1(C)C(C=C(Cl)Cl)C1C(=O)OCc2cccc(Oc3ccccc3)c2,O=C(OCc1cccc(Oc2ccccc2)c1)C1CC1,-6.2910,-2.7287,3.5623,0.4194
scaffold_shuffled,1,Dummy (mean),RDKit descriptors,610,CC2=CC(=O)c1ccccc1C2=O ,O=C1C=CC(=O)c2ccccc21,-3.0300,-2.7287,0.3013,0.5000
scaffold_shuffled,1,Dummy (mean),RDKit descriptors,624,CC12CCC3C(CCc4cc(O)ccc34)C2CCC1=O,O=C1CCC2C1CCC1c3ccccc3CCC12,-3.9550,-2.7287,1.2263,0.6250
scaffold_shuffled,1,Dummy (mean),RDKit descriptors,626,CC1CO1,C1CO1,-0.5900,-2.7287,2.1387,0.4118
scaffold_shuffled,1,Dummy (mean),RDKit descriptors,633,NS(=O)(=O)c2cc1c(NCNS1(=O)=O)cc2Cl ,O=S1(=O)NCNc2ccccc21,-2.6300,-2.7287,0.0987,0.5111
scaffold_shuffled,1,Dummy (mean),RDKit descriptors,640,CC1OC(CC(O)C1O)OC2C(O)CC(OC2C)OC8C(O)CC(OC7CCC3(C)C(CCC4C3CCC5(C)C(CCC45O)C6=CC(=O)OC6)C7)OC8C ,O=C1C=C(C2CCC3C2CCC2C4CCC(OC5CCC(OC6CCC(OC7CCCCO7)CO6)CO5)CC4CCC23)CO1,-5.2930,-2.7287,2.5643,0.2683
scaffold_shuffled,1,Dummy (mean),RDKit descriptors,642,Oc1cccc2cccnc12 ,c1ccc2ncccc2c1,-2.4200,-2.7287,0.3087,0.4074
scaffold_shuffled,1,Dummy (mean),RDKit descriptors,644,Oc1ccc(cc1)C2(OC(=O)c3ccccc23)c4ccc(O)cc4 ,O=C1OC(c2ccccc2)(c2ccccc2)c2ccccc21,-2.9000,-2.7287,0.1713,0.3030
scaffold_shuffled,1,Dummy (mean),RDKit descriptors,647,Cc1cc(=O)[nH]c(=S)[nH]1,O=c1cc[nH]c(=S)[nH]1,-2.4360,-2.7287,0.2927,0.2581
scaffold_shuffled,1,Dummy (mean),RDKit descriptors,657,c1ccc2ncccc2c1,c1ccc2ncccc2c1,-1.3000,-2.7287,1.4287,0.3889
scaffold_shuffled,1,Dummy (mean),RDKit descriptors,676,c1cc2ccc3ccc4ccc5cccc6c(c1)c2c3c4c56,c1cc2ccc3ccc4ccc5cccc6c(c1)c2c3c4c56,-9.0180,-2.7287,6.2893,0.8235
scaffold_shuffled,1,Dummy (mean),RDKit descriptors,682,Cc1c2ccccc2cc3ccccc13,c1ccc2cc3ccccc3cc2c1,-5.8900,-2.7287,3.1613,0.5417
scaffold_shuffled,1,Dummy (mean),RDKit descriptors,695,CC13CCC(=O)C=C1CCC4C2CCC(C(=O)CO)C2(CC(O)C34)C=O ,O=C1C=C2CCC3C4CCCC4CCC3C2CC1,-3.8500,-2.7287,1.1213,0.4225
scaffold_shuffled,1,Dummy (mean),RDKit descriptors,717,CCC(=O)OC3CCC4C2CCC1=CC(=O)CCC1(C)C2CCC34C ,O=C1C=C2CCC3C4CCCC4CCC3C2CC1,-5.3700,-2.7287,2.6413,0.5472
scaffold_shuffled,1,Dummy (mean),RDKit descriptors,718,c1cc2ccc3ccc4ccc5ccc6ccc1c7c2c3c4c5c67,c1cc2ccc3ccc4ccc5ccc6ccc1c1c2c3c4c5c61,-9.3320,-2.7287,6.6033,0.5833
scaffold_shuffled,1,Dummy (mean),RDKit descriptors,744,CC1(C)C(C=C(Cl)C(F)(F)F)C1C(=O)OC(C#N)c2cccc(Oc3ccccc3)c2,O=C(OCc1cccc(Oc2ccccc2)c1)C1CC1,-8.1760,-2.7287,5.4473,0.4583
scaffold_shuffled,1,Dummy (mean),RDKit descriptors,750,CC12CCC3C(CCC4=CC(=O)CCC34C)C2CCC1O,O=C1C=C2CCC3C4CCCC4CCC3C2CC1,-4.0200,-2.7287,1.2913,0.6591
scaffold_shuffled,1,Dummy (mean),RDKit descriptors,754,COc2cc1c(N)nc(nc1c(OC)c2OC)N3CCN(CC3)C(=O)OCC(C)(C)O ,c1ccc2nc(N3CCNCC3)ncc2c1,-3.6380,-2.7287,0.9093,0.1972
scaffold_shuffled,1,Dummy (mean),RDKit descriptors,761,NS(=O)(=O)c2cc1c(NC(NS1(=O)=O)C(Cl)Cl)cc2Cl ,O=S1(=O)NCNc2ccccc21,-2.6800,-2.7287,0.0487,0.4400
scaffold_shuffled,1,Dummy (mean),RDKit descriptors,765,c1ccc2c(c1)cnc3ccccc23 ,c1ccc2c(c1)cnc1ccccc12,-2.7800,-2.7287,0.0513,0.3333
scaffold_shuffled,1,Dummy (mean),RDKit descriptors,768,c1ccc2cc3ccccc3cc2c1,c1ccc2cc3ccccc3cc2c1,-6.3500,-2.7287,3.6213,0.9091
scaffold_shuffled,1,Dummy (mean),RDKit descriptors,780,c1ccc2c3c(ccc2c1)c4cccc5cccc3c45,c1ccc2c3c(ccc2c1)-c1cccc2cccc-3c12,-8.0000,-2.7287,5.2713,0.5000
scaffold_shuffled,1,Dummy (mean),RDKit descriptors,795,c2ccc1nc(ccc1c2)c4ccc3ccccc3n4 ,c1ccc2nc(-c3ccc4ccccc4n3)ccc2c1,-5.4000,-2.7287,2.6713,0.3889
scaffold_shuffled,1,Dummy (mean),RDKit descriptors,808,CCN2c1ncccc1N(C)C(=S)c3cccnc23 ,S=C1Nc2cccnc2Nc2ncccc21,-4.6340,-2.7287,1.9053,0.8158
scaffold_shuffled,1,Dummy (mean),RDKit descriptors,809,O2c1ccccc1N(CC)C(=O)c3ccccc23 ,O=C1Nc2ccccc2Oc2ccccc21,-3.6800,-2.7287,0.9513,0.4872
scaffold_shuffled,1,Dummy (mean),RDKit descriptors,846,O=C1CNC(=O)N1 ,O=C1CNC(=O)N1,-0.4000,-2.7287,2.3287,0.3684
scaffold_shuffled,1,Dummy (mean),RDKit descriptors,883,CC(=O)OCC(=O)C1(O)CCC2C3CCC4=CC(=O)CCC4(C)C3C(O)CC21C,O=C1C=C2CCC3C4CCCC4CCC3C2CC1,-4.8800,-2.7287,2.1513,0.7077
scaffold_shuffled,1,Dummy (mean),RDKit descriptors,901,CC1(C)C(C(=O)OC(C#N)c2cccc(Oc3ccccc3)c2)C1(C)C,O=C(OCc1cccc(Oc2ccccc2)c1)C1CC1,-6.0250,-2.7287,3.2963,0.5333
scaffold_shuffled,1,Dummy (mean),RDKit descriptors,916,c2ccc1[nH]ncc1c2 ,c1ccc2[nH]ncc2c1,-2.1600,-2.7287,0.5687,0.3846
scaffold_shuffled,1,Dummy (mean),RDKit descriptors,935,c2ccc1NCCc1c2 ,c1ccc2c(c1)CCN2,-1.0400,-2.7287,1.6887,0.3913
scaffold_shuffled,1,Dummy (mean),RDKit descriptors,938,Nc1nc(O)nc2nc[nH]c12 ,c1ncc2[nH]cnc2n1,-3.4010,-2.7287,0.6723,0.3871
scaffold_shuffled,1,Dummy (mean),RDKit descriptors,939,OC(CC(c1ccccc1)c3c(O)c2ccccc2oc3=O)c4ccc(cc4)c5ccc(Br)cc5 ,O=c1oc2ccccc2cc1C(CCc1ccc(-c2ccccc2)cc1)c1ccccc1,-4.4450,-2.7287,1.7163,0.5472
scaffold_shuffled,1,Dummy (mean),RDKit descriptors,961,CC(=O)OC3(C)CCC4C2CCC1=CC(=O)CCC1(C)C2CCC34C ,O=C1C=C2CCC3C4CCCC4CCC3C2CC1,-5.2840,-2.7287,2.5553,0.5918
scaffold_shuffled,1,Dummy (mean),RDKit descriptors,966,CC12CC(O)C3C(CCC4=CC(=O)CCC34C)C2CCC1C(=O)CO,O=C1C=C2CCC3C4CCCC4CCC3C2CC1,-3.2400,-2.7287,0.5113,0.4412
scaffold_shuffled,1,Dummy (mean),RDKit descriptors,976,CC12CCC(CC1)C(C)(C)O2,C1CC2CCC1CO2,-1.7400,-2.7287,0.9887,0.3000
scaffold_shuffled,1,Dummy (mean),RDKit descriptors,986,CC(C)=CC3C(C(=O)OCc2cccc(Oc1ccccc1)c2)C3(C)C ,O=C(OCc1cccc(Oc2ccccc2)c1)C1CC1,-5.2400,-2.7287,2.5113,0.3750
scaffold_shuffled,1,Dummy (mean),RDKit descriptors,995,CC34CCC1C(CCC2=CC(=O)CCC12O)C3CCC4(O)C#C,O=C1C=C2CCC3C4CCCC4CCC3C2CC1,-4.5700,-2.7287,1.8413,0.4828
scaffold_shuffled,1,Dummy (mean),RDKit descriptors,997,Nc2cnn(c1ccccc1)c(=O)c2Cl,O=c1cccnn1-c1ccccc1,-2.8780,-2.7287,0.1493,0.3333
scaffold_shuffled,1,Dummy (mean),RDKit descriptors,1018,ClC(Cl)CC(=O)NC2=C(Cl)C(=O)c1ccccc1C2=O,O=C1C=CC(=O)c2ccccc21,-5.0300,-2.7287,2.3013,0.3333
scaffold_shuffled,1,Dummy (mean),RDKit descriptors,1025,OCC2OC(OC1(CO)OC(CO)C(O)C1O)C(O)C(O)C2O ,C1CCC(OC2CCCO2)OC1,0.7900,-2.7287,3.5187,0.8421
scaffold_shuffled,1,Dummy (mean),RDKit descriptors,1059,C1CCC=CCC1,C1=CCCCCC1,-3.1800,-2.7287,0.4513,0.7000
scaffold_shuffled,1,Dummy (mean),RDKit descriptors,1084,CC(=O)OC3(CCC4C2CCC1=CC(=O)CCC1C2CCC34C)C#C,O=C1C=C2CCC3C4CCCC4CCC3C2CC1,-4.8000,-2.7287,2.0713,0.3611
scaffold_shuffled,1,Dummy (mean),RDKit descriptors,1090,O=C(C=CC=Cc2ccc1OCOc1c2)N3CCCCC3,O=C(C=CC=Cc1ccc2c(c1)OCO2)N1CCCCC1,-3.4600,-2.7287,0.7313,0.4419
scaffold_shuffled,1,Dummy (mean),RDKit descriptors,1096,O=C(c1ccccc1)c2ccccc2,O=C(c1ccccc1)c1ccccc1,-3.1200,-2.7287,0.3913,0.5789
scaffold_shuffled,1,Dummy (mean),RDKit descriptors,1104,O2c1ccc(N)cc1N(C)C(=O)c3cc(C)ccc23 ,O=C1Nc2ccccc2Oc2ccccc21,-3.9280,-2.7287,1.1993,0.3000
scaffold_shuffled,1,Dummy (mean),RDKit descriptors,1107,Cc1cc(no1)C(=O)NNCc2ccccc2,O=C(NNCc1ccccc1)c1ccon1,-2.4610,-2.7287,0.2677,0.3571
scaffold_shuffled,1,Dummy (mean),RDKit descriptors,1115,O=C1NC(=O)C(=O)N1 ,O=C1NC(=O)C(=O)N1,-0.4000,-2.7287,2.3287,0.6923
scaffold_shuffled,1,Linear,RDKit descriptors,3,c1ccc2c(c1)ccc3c2ccc4c5ccccc5ccc43,c1ccc2c(c1)ccc1c2ccc2c3ccccc3ccc21,-7.8700,-6.5763,1.2937,0.5789
scaffold_shuffled,1,Linear,RDKit descriptors,10,O=C1CCCN1,O=C1CCCN1,1.0700,-0.1460,1.2160,0.3684
scaffold_shuffled,1,Linear,RDKit descriptors,13,CCC1(C(=O)NCNC1=O)c2ccccc2,O=C1NCNC(=O)C1c1ccccc1,-2.6400,-1.5778,1.0622,0.6774
scaffold_shuffled,1,Linear,RDKit descriptors,21,O=c2[nH]c1CCCc1c(=O)n2C3CCCCC3,O=c1[nH]c2c(c(=O)n1C1CCCCC1)CCC2,-4.5940,-2.5113,2.0827,0.1800
scaffold_shuffled,1,Linear,RDKit descriptors,36,N(c1ccccc1)c2ccccc2,c1ccc(Nc2ccccc2)cc1,-3.5040,-3.6181,0.1141,0.5294
scaffold_shuffled,1,Linear,RDKit descriptors,47,c1ccccc1n2ncc(N)c(Br)c2(=O),O=c1cccnn1-c1ccccc1,-3.1270,-2.8101,0.3169,0.3333
scaffold_shuffled,1,Linear,RDKit descriptors,48,COC(=O)C1=C(C)NC(=C(C1c2ccccc2N(=O)=O)C(=O)OC)C ,C1=CC(c2ccccc2)C=CN1,-4.7600,-3.9783,0.7817,0.3953
scaffold_shuffled,1,Linear,RDKit descriptors,49,c2c(C)cc1nc(C)ccc1c2 ,c1ccc2ncccc2c1,-1.9400,-3.0711,1.1311,0.5000
scaffold_shuffled,1,Linear,RDKit descriptors,51,CCC1(C(=O)NC(=O)NC1=O)C2=CCCCC2 ,O=C1NC(=O)C(C2=CCCCC2)C(=O)N1,-2.1700,-2.3828,0.2128,0.4474
scaffold_shuffled,1,Linear,RDKit descriptors,65,OC4=C(C1CCC(CC1)c2ccc(Cl)cc2)C(=O)c3ccccc3C4=O,O=C1C=C(C2CCC(c3ccccc3)CC2)C(=O)c2ccccc21,-5.9310,-6.6221,0.6911,0.3143
scaffold_shuffled,1,Linear,RDKit descriptors,79,CCCC1COC(Cn2cncn2)(O1)c3ccc(Cl)cc3Cl,c1ccc(C2(Cn3cncn3)OCCO2)cc1,-3.4930,-4.7881,1.2951,0.2361
scaffold_shuffled,1,Linear,RDKit descriptors,88,CC(C)C1CCC(C)CC1=O,O=C1CCCCC1,-2.3500,-2.7761,0.4261,0.3043
scaffold_shuffled,1,Linear,RDKit descriptors,92,c1ccc2c(c1)c3cccc4cccc2c34,c1ccc2c(c1)-c1cccc3cccc-2c13,-6.0000,-4.6338,1.3662,0.7368
scaffold_shuffled,1,Linear,RDKit descriptors,100,CC12CCC3C(CCC4=CC(=O)CCC34C)C2CCC1C(=O)CO,O=C1C=C2CCC3C4CCCC4CCC3C2CC1,-3.4500,-4.7850,1.3350,0.5800
scaffold_shuffled,1,Linear,RDKit descriptors,109,OCC1OC(C(O)C1O)n2cnc3c(O)ncnc23,c1ncc2ncn(C3CCCO3)c2n1,-1.2300,-0.3391,0.8909,0.5294
scaffold_shuffled,1,Linear,RDKit descriptors,114,Nc3ccc2cc1ccccc1cc2c3 ,c1ccc2cc3ccccc3cc2c1,-5.1700,-4.0012,1.1688,0.6111
scaffold_shuffled,1,Linear,RDKit descriptors,116,c1ccc2cnccc2c1,c1ccc2cnccc2c1,-1.4500,-2.4255,0.9755,0.4706
scaffold_shuffled,1,Linear,RDKit descriptors,127,CC1(C)C(C=C(Cl)Cl)C1C(=O)OC(C#N)c2ccc(F)c(Oc3ccccc3)c2,O=C(OCc1cccc(Oc2ccccc2)c1)C1CC1,-7.3370,-7.6209,0.2839,0.3816
scaffold_shuffled,1,Linear,RDKit descriptors,131,CC34CC(O)C1(F)C(CCC2=CC(=O)CCC12C)C3CCC4(O)C(=O)CO ,O=C1C=C2CCC3C4CCCC4CCC3C2CC1,-3.4300,-3.7334,0.3034,0.5152
scaffold_shuffled,1,Linear,RDKit descriptors,135,C1Cc2ccccc2C1,c1ccc2c(c1)CCC2,-3.0400,-2.1622,0.8778,0.8571
scaffold_shuffled,1,Linear,RDKit descriptors,164,O2c1cc(C)ccc1N(C)C(=O)c3cc(N)cnc23 ,O=C1Nc2ccccc2Oc2ncccc21,-3.0430,-3.5095,0.4665,0.2759
scaffold_shuffled,1,Linear,RDKit descriptors,172,CC(=O)C3CCC4C2CC=C1CC(O)CCC1(C)C2CCC34C ,C1=C2CCCCC2C2CCC3CCCC3C2C1,-4.6500,-5.3174,0.6674,0.3621
scaffold_shuffled,1,Linear,RDKit descriptors,185,CC12CCC(=O)C=C1CCC3C2CCC4(C)C3CCC4(O)C#C ,O=C1C=C2CCC3C4CCCC4CCC3C2CC1,-5.6600,-4.7496,0.9104,0.6042
scaffold_shuffled,1,Linear,RDKit descriptors,188,C1C(O)CCC2(C)CC3CCC4(C)C5(C)CC6OCC(C)CC6OC5CC4C3C=C21,C1=C2CCCCC2CC2CCC3C4CC5OCCCC5OC4CC3C12,-7.3200,-6.6513,0.6687,0.1875
scaffold_shuffled,1,Linear,RDKit descriptors,207,Oc2ccc1ncccc1c2 ,c1ccc2ncccc2c1,-2.1600,-2.3964,0.2364,0.4815
scaffold_shuffled,1,Linear,RDKit descriptors,213,CC12CCC(CC1)C(C)(C)O2 ,C1CC2CCC1CO2,-1.6400,-2.8061,1.1661,0.3000
scaffold_shuffled,1,Linear,RDKit descriptors,220,c1cc2cccc3c4cccc5cccc(c(c1)c23)c54,c1cc2cccc3c4cccc5cccc(c(c1)c23)c54,-8.8040,-5.9632,2.8408,0.7059
scaffold_shuffled,1,Linear,RDKit descriptors,240,O=C1CCCCC1,O=C1CCCCC1,-0.6000,-1.5421,0.9421,0.2941
scaffold_shuffled,1,Linear,RDKit descriptors,243,CNc2cnn(c1cccc(c1)C(F)(F)F)c(=O)c2Cl,O=c1cccnn1-c1ccccc1,-4.0460,-4.0260,0.0200,0.3559
scaffold_shuffled,1,Linear,RDKit descriptors,248,Cc3nnc4CN=C(c1ccccc1Cl)c2cc(Cl)ccc2n34,c1ccc(C2=NCc3nncn3-c3ccccc32)cc1,-4.0900,-5.3429,1.2529,0.4286
scaffold_shuffled,1,Linear,RDKit descriptors,259,Cc1c2ccccc2c(C)c3ccc4ccccc4c13,c1ccc2cc3c(ccc4ccccc43)cc2c1,-7.0200,-5.9887,1.0313,0.4444
scaffold_shuffled,1,Linear,RDKit descriptors,272,CC1(C)C(C=C(Br)Br)C1C(=O)OC(C#N)c2cccc(Oc3ccccc3)c2,O=C(OCc1cccc(Oc2ccccc2)c1)C1CC1,-8.4020,-8.0836,0.3184,0.4638
scaffold_shuffled,1,Linear,RDKit descriptors,310,CC1(O)CCC2C3CCC4=CC(=O)CCC4(C)C3CCC21C,O=C1C=C2CCC3C4CCCC4CCC3C2CC1,-3.9990,-5.0508,1.0518,0.6744
scaffold_shuffled,1,Linear,RDKit descriptors,313,c1cnc2c(c1)ccc3ncccc23,c1cnc2c(c1)ccc1ncccc12,-2.6800,-3.2473,0.5673,0.3000
scaffold_shuffled,1,Linear,RDKit descriptors,318,Nc1ncnc2nc[nH]c12 ,c1ncc2[nH]cnc2n1,-2.1200,-0.9817,1.1383,0.4815
scaffold_shuffled,1,Linear,RDKit descriptors,320,COc1ccc(cc1)C(O)(C2CC2)c3cncnc3 ,c1ccc(C(c2cncnc2)C2CC2)cc1,-2.5960,-3.1472,0.5512,0.2895
scaffold_shuffled,1,Linear,RDKit descriptors,337,CCOC2Oc1ccc(OS(C)(=O)=O)cc1C2(C)C,c1ccc2c(c1)CCO2,-3.4200,-3.2222,0.1978,0.2295
scaffold_shuffled,1,Linear,RDKit descriptors,339,c3ccc2nc1ccccc1cc2c3,c1ccc2nc3ccccc3cc2c1,-3.6700,-3.6687,0.0013,0.5294
scaffold_shuffled,1,Linear,RDKit descriptors,358,Cc1c2ccccc2c(C)c3ccccc13,c1ccc2cc3ccccc3cc2c1,-6.5700,-4.7418,1.8282,0.5625
scaffold_shuffled,1,Linear,RDKit descriptors,364,CC12CC(O)C3C(CCC4=CC(=O)CCC34C)C2CCC1(O)C(=O)CO,O=C1C=C2CCC3C4CCCC4CCC3C2CC1,-3.0900,-3.5737,0.4837,0.6833
scaffold_shuffled,1,Linear,RDKit descriptors,370,CN1CC(O)N(C1=O)c2nnc(s2)C(C)(C)C,O=C1NCCN1c1nncs1,-1.8770,-2.2773,0.4003,0.1923
scaffold_shuffled,1,Linear,RDKit descriptors,381,OCC(O)C2OC1OC(OC1C2O)C(Cl)(Cl)Cl ,C1CC2OCOC2O1,-1.8400,-1.2898,0.5502,0.2000
scaffold_shuffled,1,Linear,RDKit descriptors,382,CN(C=Nc1ccc(C)cc1C)C=Nc2ccc(C)cc2C,C(=Nc1ccccc1)NC=Nc1ccccc1,-5.4700,-5.4958,0.0258,0.5294
scaffold_shuffled,1,Linear,RDKit descriptors,389,c3ccc2c(O)c1ccccc1cc2c3 ,c1ccc2cc3ccccc3cc2c1,-4.7300,-4.0645,0.6655,0.4783
scaffold_shuffled,1,Linear,RDKit descriptors,390,Cc1ccc2cc3ccccc3cc2c1,c1ccc2cc3ccccc3cc2c1,-6.9600,-4.4153,2.5447,0.8421
scaffold_shuffled,1,Linear,RDKit descriptors,399,Oc1cccc2ncccc12 ,c1ccc2ncccc2c1,-2.5400,-2.3964,0.1436,0.4444
scaffold_shuffled,1,Linear,RDKit descriptors,405,CC(=O)OCC(=O)C3CCC4C2CCC1=CC(=O)CCC1(C)C2CCC34C ,O=C1C=C2CCC3C4CCCC4CCC3C2CC1,-4.6300,-5.5152,0.8852,0.5294
scaffold_shuffled,1,Linear,RDKit descriptors,420,CC(=O)C1CCC2C3CCC4=CC(=O)CCC4(C)C3CCC12C,O=C1C=C2CCC3C4CCCC4CCC3C2CC1,-4.4200,-5.4664,1.0464,0.6170
scaffold_shuffled,1,Linear,RDKit descriptors,422,ClC(Cl)C(Cl)(Cl)SN2C(=O)C1CC=CCC1C2=O ,O=C1NC(=O)C2CC=CCC12,-5.4000,-4.5475,0.8525,0.1935
scaffold_shuffled,1,Linear,RDKit descriptors,441,OCC1OC(OC2C(O)C(O)C(O)OC2CO)C(O)C(O)C1O,C1CCC(OC2CCCOC2)OC1,-0.2440,2.1008,2.3448,0.6071
scaffold_shuffled,1,Linear,RDKit descriptors,448,NC(=O)NC1NC(=O)NC1=O ,O=C1CNC(=O)N1,-1.6000,0.6614,2.2614,0.2258
scaffold_shuffled,1,Linear,RDKit descriptors,451,CC(=O)OC3CCC4C2CCC1=CC(=O)CCC1(C)C2CCC34C ,O=C1C=C2CCC3C4CCCC4CCC3C2CC1,-5.1840,-5.3730,0.1890,0.5800
scaffold_shuffled,1,Linear,RDKit descriptors,458,CC1(C)C(C=C(Cl)Cl)C1C(=O)OC(C#N)c2cccc(Oc3ccccc3)c2,O=C(OCc1cccc(Oc2ccccc2)c1)C1CC1,-8.0170,-7.4215,0.5955,0.4706
scaffold_shuffled,1,Linear,RDKit descriptors,459,c2ccc1ocnc1c2,c1ccc2ocnc2c1,-1.1600,-2.1350,0.9750,0.3200
scaffold_shuffled,1,Linear,RDKit descriptors,468,CNC(=O)Oc1cccc2CC(C)(C)Oc12,c1ccc2c(c1)CCO2,-2.8000,-2.9176,0.1176,0.4545
scaffold_shuffled,1,Linear,RDKit descriptors,496,Nc2cccc3nc1ccccc1cc23 ,c1ccc2nc3ccccc3cc2c1,-4.2200,-3.5799,0.6401,0.5185
scaffold_shuffled,1,Linear,RDKit descriptors,514,CNC(=O)Oc1ccccc1C2OCCO2,c1ccc(C2OCCO2)cc1,-1.5700,-2.3992,0.8292,0.4878
scaffold_shuffled,1,Linear,RDKit descriptors,521,CC1CCCCC1NC(=O)Nc2ccccc2,O=C(Nc1ccccc1)NC1CCCCC1,-4.1100,-4.0223,0.0877,0.4848
scaffold_shuffled,1,Linear,RDKit descriptors,529,CCOC(=O)CCN(SN(C)C(=O)Oc1cccc2CC(C)(C)Oc21)C(C)C,c1ccc2c(c1)CCO2,-4.7100,-5.5294,0.8194,0.2466
scaffold_shuffled,1,Linear,RDKit descriptors,530,O2c1ccccc1N(C)C(=O)c3cccnc23 ,O=C1Nc2ccccc2Oc2ncccc21,-3.6720,-3.2642,0.4078,0.5000
scaffold_shuffled,1,Linear,RDKit descriptors,541,CC(=O)C1(O)CCC2C3CCC4=CC(=O)CCC4(C)C3CCC21C,O=C1C=C2CCC3C4CCCC4CCC3C2CC1,-3.8170,-4.9249,1.1079,0.6170
scaffold_shuffled,1,Linear,RDKit descriptors,552,CC23Cc1cnoc1C=C2CCC4C3CCC5(C)C4CCC5(O)C#C,C1=C2CCC3C4CCCC4CCC3C2Cc2cnoc21,-5.5070,-5.2674,0.2396,0.4462
scaffold_shuffled,1,Linear,RDKit descriptors,555,CC1OC(CC(O)C1O)OC2C(O)CC(OC2C)OC8C(O)CC(OC7CCC3(C)C(CCC4C3CC(O)C5(C)C(CCC45O)C6=CC(=O)OC6)C7)OC8C ,O=C1C=C(C2CCC3C2CCC2C4CCC(OC5CCC(OC6CCC(OC7CCCCO7)CO6)CO5)CC4CCC23)CO1,-4.0810,-6.6551,2.5741,0.2683
scaffold_shuffled,1,Linear,RDKit descriptors,591,CC1(C)C(C=C(Cl)Cl)C1C(=O)OCc2cccc(Oc3ccccc3)c2,O=C(OCc1cccc(Oc2ccccc2)c1)C1CC1,-6.2910,-7.0521,0.7611,0.4194
scaffold_shuffled,1,Linear,RDKit descriptors,610,CC2=CC(=O)c1ccccc1C2=O ,O=C1C=CC(=O)c2ccccc21,-3.0300,-2.5190,0.5110,0.5000
scaffold_shuffled,1,Linear,RDKit descriptors,624,CC12CCC3C(CCc4cc(O)ccc34)C2CCC1=O,O=C1CCC2C1CCC1c3ccccc3CCC12,-3.9550,-4.5545,0.5995,0.6250
scaffold_shuffled,1,Linear,RDKit descriptors,626,CC1CO1,C1CO1,-0.5900,-0.3368,0.2532,0.4118
scaffold_shuffled,1,Linear,RDKit descriptors,633,NS(=O)(=O)c2cc1c(NCNS1(=O)=O)cc2Cl ,O=S1(=O)NCNc2ccccc21,-2.6300,-1.6669,0.9631,0.5111
scaffold_shuffled,1,Linear,RDKit descriptors,640,CC1OC(CC(O)C1O)OC2C(O)CC(OC2C)OC8C(O)CC(OC7CCC3(C)C(CCC4C3CCC5(C)C(CCC45O)C6=CC(=O)OC6)C7)OC8C ,O=C1C=C(C2CCC3C2CCC2C4CCC(OC5CCC(OC6CCC(OC7CCCCO7)CO6)CO5)CC4CCC23)CO1,-5.2930,-7.3249,2.0319,0.2683
scaffold_shuffled,1,Linear,RDKit descriptors,642,Oc1cccc2cccnc12 ,c1ccc2ncccc2c1,-2.4200,-2.3964,0.0236,0.4074
scaffold_shuffled,1,Linear,RDKit descriptors,644,Oc1ccc(cc1)C2(OC(=O)c3ccccc23)c4ccc(O)cc4 ,O=C1OC(c2ccccc2)(c2ccccc2)c2ccccc21,-2.9000,-4.8323,1.9323,0.3030
scaffold_shuffled,1,Linear,RDKit descriptors,647,Cc1cc(=O)[nH]c(=S)[nH]1,O=c1cc[nH]c(=S)[nH]1,-2.4360,-1.4156,1.0204,0.2581
scaffold_shuffled,1,Linear,RDKit descriptors,657,c1ccc2ncccc2c1,c1ccc2ncccc2c1,-1.3000,-2.4255,1.1255,0.3889
scaffold_shuffled,1,Linear,RDKit descriptors,676,c1cc2ccc3ccc4ccc5cccc6c(c1)c2c3c4c56,c1cc2ccc3ccc4ccc5cccc6c(c1)c2c3c4c56,-9.0180,-6.5932,2.4248,0.8235
scaffold_shuffled,1,Linear,RDKit descriptors,682,Cc1c2ccccc2cc3ccccc13,c1ccc2cc3ccccc3cc2c1,-5.8900,-4.4153,1.4747,0.5417
scaffold_shuffled,1,Linear,RDKit descriptors,695,CC13CCC(=O)C=C1CCC4C2CCC(C(=O)CO)C2(CC(O)C34)C=O ,O=C1C=C2CCC3C4CCCC4CCC3C2CC1,-3.8500,-3.5813,0.2687,0.4225
scaffold_shuffled,1,Linear,RDKit descriptors,717,CCC(=O)OC3CCC4C2CCC1=CC(=O)CCC1(C)C2CCC34C ,O=C1C=C2CCC3C4CCCC4CCC3C2CC1,-5.3700,-5.7680,0.3980,0.5472
scaffold_shuffled,1,Linear,RDKit descriptors,718,c1cc2ccc3ccc4ccc5ccc6ccc1c7c2c3c4c5c67,c1cc2ccc3ccc4ccc5ccc6ccc1c1c2c3c4c5c61,-9.3320,-7.2233,2.1087,0.5833
scaffold_shuffled,1,Linear,RDKit descriptors,744,CC1(C)C(C=C(Cl)C(F)(F)F)C1C(=O)OC(C#N)c2cccc(Oc3ccccc3)c2,O=C(OCc1cccc(Oc2ccccc2)c1)C1CC1,-8.1760,-7.8862,0.2898,0.4583
scaffold_shuffled,1,Linear,RDKit descriptors,750,CC12CCC3C(CCC4=CC(=O)CCC34C)C2CCC1O,O=C1C=C2CCC3C4CCCC4CCC3C2CC1,-4.0200,-4.6428,0.6228,0.6591
scaffold_shuffled,1,Linear,RDKit descriptors,754,COc2cc1c(N)nc(nc1c(OC)c2OC)N3CCN(CC3)C(=O)OCC(C)(C)O ,c1ccc2nc(N3CCNCC3)ncc2c1,-3.6380,-3.7580,0.1200,0.1972
scaffold_shuffled,1,Linear,RDKit descriptors,761,NS(=O)(=O)c2cc1c(NC(NS1(=O)=O)C(Cl)Cl)cc2Cl ,O=S1(=O)NCNc2ccccc21,-2.6800,-3.0482,0.3682,0.4400
scaffold_shuffled,1,Linear,RDKit descriptors,765,c1ccc2c(c1)cnc3ccccc23 ,c1ccc2c(c1)cnc1ccccc12,-2.7800,-3.6687,0.8887,0.3333
scaffold_shuffled,1,Linear,RDKit descriptors,768,c1ccc2cc3ccccc3cc2c1,c1ccc2cc3ccccc3cc2c1,-6.3500,-4.0900,2.2600,0.9091
scaffold_shuffled,1,Linear,RDKit descriptors,780,c1ccc2c3c(ccc2c1)c4cccc5cccc3c45,c1ccc2c3c(ccc2c1)-c1cccc2cccc-3c12,-8.0000,-5.8770,2.1230,0.5000
scaffold_shuffled,1,Linear,RDKit descriptors,795,c2ccc1nc(ccc1c2)c4ccc3ccccc3n4 ,c1ccc2nc(-c3ccc4ccccc4n3)ccc2c1,-5.4000,-5.0475,0.3525,0.3889
scaffold_shuffled,1,Linear,RDKit descriptors,808,CCN2c1ncccc1N(C)C(=S)c3cccnc23 ,S=C1Nc2cccnc2Nc2ncccc21,-4.6340,-3.6051,1.0289,0.8158
scaffold_shuffled,1,Linear,RDKit descriptors,809,O2c1ccccc1N(CC)C(=O)c3ccccc23 ,O=C1Nc2ccccc2Oc2ccccc21,-3.6800,-4.0747,0.3947,0.4872
scaffold_shuffled,1,Linear,RDKit descriptors,846,O=C1CNC(=O)N1 ,O=C1CNC(=O)N1,-0.4000,0.4874,0.8874,0.3684
scaffold_shuffled,1,Linear,RDKit descriptors,883,CC(=O)OCC(=O)C1(O)CCC2C3CCC4=CC(=O)CCC4(C)C3C(O)CC21C,O=C1C=C2CCC3C4CCCC4CCC3C2CC1,-4.8800,-4.3038,0.5762,0.7077
scaffold_shuffled,1,Linear,RDKit descriptors,901,CC1(C)C(C(=O)OC(C#N)c2cccc(Oc3ccccc3)c2)C1(C)C,O=C(OCc1cccc(Oc2ccccc2)c1)C1CC1,-6.0250,-6.3411,0.3161,0.5333
scaffold_shuffled,1,Linear,RDKit descriptors,916,c2ccc1[nH]ncc1c2 ,c1ccc2[nH]ncc2c1,-2.1600,-1.9182,0.2418,0.3846
scaffold_shuffled,1,Linear,RDKit descriptors,935,c2ccc1NCCc1c2 ,c1ccc2c(c1)CCN2,-1.0400,-1.8084,0.7684,0.3913
scaffold_shuffled,1,Linear,RDKit descriptors,938,Nc1nc(O)nc2nc[nH]c12 ,c1ncc2[nH]cnc2n1,-3.4010,-0.9539,2.4471,0.3871
scaffold_shuffled,1,Linear,RDKit descriptors,939,OC(CC(c1ccccc1)c3c(O)c2ccccc2oc3=O)c4ccc(cc4)c5ccc(Br)cc5 ,O=c1oc2ccccc2cc1C(CCc1ccc(-c2ccccc2)cc1)c1ccccc1,-4.4450,-8.9521,4.5071,0.5472
scaffold_shuffled,1,Linear,RDKit descriptors,961,CC(=O)OC3(C)CCC4C2CCC1=CC(=O)CCC1(C)C2CCC34C ,O=C1C=C2CCC3C4CCCC4CCC3C2CC1,-5.2840,-5.7809,0.4969,0.5918
scaffold_shuffled,1,Linear,RDKit descriptors,966,CC12CC(O)C3C(CCC4=CC(=O)CCC34C)C2CCC1C(=O)CO,O=C1C=C2CCC3C4CCCC4CCC3C2CC1,-3.2400,-4.1152,0.8752,0.4412
scaffold_shuffled,1,Linear,RDKit descriptors,976,CC12CCC(CC1)C(C)(C)O2,C1CC2CCC1CO2,-1.7400,-2.8061,1.0661,0.3000
scaffold_shuffled,1,Linear,RDKit descriptors,986,CC(C)=CC3C(C(=O)OCc2cccc(Oc1ccccc1)c2)C3(C)C ,O=C(OCc1cccc(Oc2ccccc2)c1)C1CC1,-5.2400,-6.5615,1.3215,0.3750
scaffold_shuffled,1,Linear,RDKit descriptors,995,CC34CCC1C(CCC2=CC(=O)CCC12O)C3CCC4(O)C#C,O=C1C=C2CCC3C4CCCC4CCC3C2CC1,-4.5700,-3.8001,0.7699,0.4828
scaffold_shuffled,1,Linear,RDKit descriptors,997,Nc2cnn(c1ccccc1)c(=O)c2Cl,O=c1cccnn1-c1ccccc1,-2.8780,-2.5209,0.3571,0.3333
scaffold_shuffled,1,Linear,RDKit descriptors,1018,ClC(Cl)CC(=O)NC2=C(Cl)C(=O)c1ccccc1C2=O,O=C1C=CC(=O)c2ccccc21,-5.0300,-4.1291,0.9009,0.3333
scaffold_shuffled,1,Linear,RDKit descriptors,1025,OCC2OC(OC1(CO)OC(CO)C(O)C1O)C(O)C(O)C2O ,C1CCC(OC2CCCO2)OC1,0.7900,2.1124,1.3224,0.8421
scaffold_shuffled,1,Linear,RDKit descriptors,1059,C1CCC=CCC1,C1=CCCCCC1,-3.1800,-2.2628,0.9172,0.7000
scaffold_shuffled,1,Linear,RDKit descriptors,1084,CC(=O)OC3(CCC4C2CCC1=CC(=O)CCC1C2CCC34C)C#C,O=C1C=C2CCC3C4CCCC4CCC3C2CC1,-4.8000,-5.0718,0.2718,0.3611
scaffold_shuffled,1,Linear,RDKit descriptors,1090,O=C(C=CC=Cc2ccc1OCOc1c2)N3CCCCC3,O=C(C=CC=Cc1ccc2c(c1)OCO2)N1CCCCC1,-3.4600,-3.8607,0.4007,0.4419
scaffold_shuffled,1,Linear,RDKit descriptors,1096,O=C(c1ccccc1)c2ccccc2,O=C(c1ccccc1)c1ccccc1,-3.1200,-3.2522,0.1322,0.5789
scaffold_shuffled,1,Linear,RDKit descriptors,1104,O2c1ccc(N)cc1N(C)C(=O)c3cc(C)ccc23 ,O=C1Nc2ccccc2Oc2ccccc21,-3.9280,-3.9308,0.0028,0.3000
scaffold_shuffled,1,Linear,RDKit descriptors,1107,Cc1cc(no1)C(=O)NNCc2ccccc2,O=C(NNCc1ccccc1)c1ccon1,-2.4610,-2.5106,0.0496,0.3571
scaffold_shuffled,1,Linear,RDKit descriptors,1115,O=C1NC(=O)C(=O)N1 ,O=C1NC(=O)C(=O)N1,-0.4000,0.6987,1.0987,0.6923
scaffold_shuffled,1,MLP,RDKit descriptors,3,c1ccc2c(c1)ccc3c2ccc4c5ccccc5ccc43,c1ccc2c(c1)ccc1c2ccc2c3ccccc3ccc21,-7.8700,-8.1019,0.2319,0.5789
scaffold_shuffled,1,MLP,RDKit descriptors,10,O=C1CCCN1,O=C1CCCN1,1.0700,0.4461,0.6239,0.3684
scaffold_shuffled,1,MLP,RDKit descriptors,13,CCC1(C(=O)NCNC1=O)c2ccccc2,O=C1NCNC(=O)C1c1ccccc1,-2.6400,-1.8447,0.7953,0.6774
scaffold_shuffled,1,MLP,RDKit descriptors,21,O=c2[nH]c1CCCc1c(=O)n2C3CCCCC3,O=c1[nH]c2c(c(=O)n1C1CCCCC1)CCC2,-4.5940,-2.2536,2.3404,0.1800
scaffold_shuffled,1,MLP,RDKit descriptors,36,N(c1ccccc1)c2ccccc2,c1ccc(Nc2ccccc2)cc1,-3.5040,-4.2576,0.7536,0.5294
scaffold_shuffled,1,MLP,RDKit descriptors,47,c1ccccc1n2ncc(N)c(Br)c2(=O),O=c1cccnn1-c1ccccc1,-3.1270,-3.1840,0.0570,0.3333
scaffold_shuffled,1,MLP,RDKit descriptors,48,COC(=O)C1=C(C)NC(=C(C1c2ccccc2N(=O)=O)C(=O)OC)C ,C1=CC(c2ccccc2)C=CN1,-4.7600,-3.7684,0.9916,0.3953
scaffold_shuffled,1,MLP,RDKit descriptors,49,c2c(C)cc1nc(C)ccc1c2 ,c1ccc2ncccc2c1,-1.9400,-3.0001,1.0601,0.5000
scaffold_shuffled,1,MLP,RDKit descriptors,51,CCC1(C(=O)NC(=O)NC1=O)C2=CCCCC2 ,O=C1NC(=O)C(C2=CCCCC2)C(=O)N1,-2.1700,-2.3407,0.1707,0.4474
scaffold_shuffled,1,MLP,RDKit descriptors,65,OC4=C(C1CCC(CC1)c2ccc(Cl)cc2)C(=O)c3ccccc3C4=O,O=C1C=C(C2CCC(c3ccccc3)CC2)C(=O)c2ccccc21,-5.9310,-6.0906,0.1596,0.3143
scaffold_shuffled,1,MLP,RDKit descriptors,79,CCCC1COC(Cn2cncn2)(O1)c3ccc(Cl)cc3Cl,c1ccc(C2(Cn3cncn3)OCCO2)cc1,-3.4930,-4.6238,1.1308,0.2361
scaffold_shuffled,1,MLP,RDKit descriptors,88,CC(C)C1CCC(C)CC1=O,O=C1CCCCC1,-2.3500,-2.6552,0.3052,0.3043
scaffold_shuffled,1,MLP,RDKit descriptors,92,c1ccc2c(c1)c3cccc4cccc2c34,c1ccc2c(c1)-c1cccc3cccc-2c13,-6.0000,-5.8674,0.1326,0.7368
scaffold_shuffled,1,MLP,RDKit descriptors,100,CC12CCC3C(CCC4=CC(=O)CCC34C)C2CCC1C(=O)CO,O=C1C=C2CCC3C4CCCC4CCC3C2CC1,-3.4500,-4.1273,0.6773,0.5800
scaffold_shuffled,1,MLP,RDKit descriptors,109,OCC1OC(C(O)C1O)n2cnc3c(O)ncnc23,c1ncc2ncn(C3CCCO3)c2n1,-1.2300,-2.1661,0.9361,0.5294
scaffold_shuffled,1,MLP,RDKit descriptors,114,Nc3ccc2cc1ccccc1cc2c3 ,c1ccc2cc3ccccc3cc2c1,-5.1700,-3.9031,1.2669,0.6111
scaffold_shuffled,1,MLP,RDKit descriptors,116,c1ccc2cnccc2c1,c1ccc2cnccc2c1,-1.4500,-1.9629,0.5129,0.4706
scaffold_shuffled,1,MLP,RDKit descriptors,127,CC1(C)C(C=C(Cl)Cl)C1C(=O)OC(C#N)c2ccc(F)c(Oc3ccccc3)c2,O=C(OCc1cccc(Oc2ccccc2)c1)C1CC1,-7.3370,-6.8018,0.5352,0.3816
scaffold_shuffled,1,MLP,RDKit descriptors,131,CC34CC(O)C1(F)C(CCC2=CC(=O)CCC12C)C3CCC4(O)C(=O)CO ,O=C1C=C2CCC3C4CCCC4CCC3C2CC1,-3.4300,-3.6053,0.1753,0.5152
scaffold_shuffled,1,MLP,RDKit descriptors,135,C1Cc2ccccc2C1,c1ccc2c(c1)CCC2,-3.0400,-2.0742,0.9658,0.8571
scaffold_shuffled,1,MLP,RDKit descriptors,164,O2c1cc(C)ccc1N(C)C(=O)c3cc(N)cnc23 ,O=C1Nc2ccccc2Oc2ncccc21,-3.0430,-3.4992,0.4562,0.2759
scaffold_shuffled,1,MLP,RDKit descriptors,172,CC(=O)C3CCC4C2CC=C1CC(O)CCC1(C)C2CCC34C ,C1=C2CCCCC2C2CCC3CCCC3C2C1,-4.6500,-4.5303,0.1197,0.3621
scaffold_shuffled,1,MLP,RDKit descriptors,185,CC12CCC(=O)C=C1CCC3C2CCC4(C)C3CCC4(O)C#C ,O=C1C=C2CCC3C4CCCC4CCC3C2CC1,-5.6600,-3.9865,1.6735,0.6042
scaffold_shuffled,1,MLP,RDKit descriptors,188,C1C(O)CCC2(C)CC3CCC4(C)C5(C)CC6OCC(C)CC6OC5CC4C3C=C21,C1=C2CCCCC2CC2CCC3C4CC5OCCCC5OC4CC3C12,-7.3200,-5.6047,1.7153,0.1875
scaffold_shuffled,1,MLP,RDKit descriptors,207,Oc2ccc1ncccc1c2 ,c1ccc2ncccc2c1,-2.1600,-1.6783,0.4817,0.4815
scaffold_shuffled,1,MLP,RDKit descriptors,213,CC12CCC(CC1)C(C)(C)O2 ,C1CC2CCC1CO2,-1.6400,-3.0534,1.4134,0.3000
scaffold_shuffled,1,MLP,RDKit descriptors,220,c1cc2cccc3c4cccc5cccc(c(c1)c23)c54,c1cc2cccc3c4cccc5cccc(c(c1)c23)c54,-8.8040,-7.5237,1.2803,0.7059
scaffold_shuffled,1,MLP,RDKit descriptors,240,O=C1CCCCC1,O=C1CCCCC1,-0.6000,-1.1238,0.5238,0.2941
scaffold_shuffled,1,MLP,RDKit descriptors,243,CNc2cnn(c1cccc(c1)C(F)(F)F)c(=O)c2Cl,O=c1cccnn1-c1ccccc1,-4.0460,-3.9803,0.0657,0.3559
scaffold_shuffled,1,MLP,RDKit descriptors,248,Cc3nnc4CN=C(c1ccccc1Cl)c2cc(Cl)ccc2n34,c1ccc(C2=NCc3nncn3-c3ccccc32)cc1,-4.0900,-5.2523,1.1623,0.4286
scaffold_shuffled,1,MLP,RDKit descriptors,259,Cc1c2ccccc2c(C)c3ccc4ccccc4c13,c1ccc2cc3c(ccc4ccccc43)cc2c1,-7.0200,-7.4388,0.4188,0.4444
scaffold_shuffled,1,MLP,RDKit descriptors,272,CC1(C)C(C=C(Br)Br)C1C(=O)OC(C#N)c2cccc(Oc3ccccc3)c2,O=C(OCc1cccc(Oc2ccccc2)c1)C1CC1,-8.4020,-7.1977,1.2043,0.4638
scaffold_shuffled,1,MLP,RDKit descriptors,310,CC1(O)CCC2C3CCC4=CC(=O)CCC4(C)C3CCC21C,O=C1C=C2CCC3C4CCCC4CCC3C2CC1,-3.9990,-4.2557,0.2567,0.6744
scaffold_shuffled,1,MLP,RDKit descriptors,313,c1cnc2c(c1)ccc3ncccc23,c1cnc2c(c1)ccc1ncccc12,-2.6800,-2.8118,0.1318,0.3000
scaffold_shuffled,1,MLP,RDKit descriptors,318,Nc1ncnc2nc[nH]c12 ,c1ncc2[nH]cnc2n1,-2.1200,-1.5706,0.5494,0.4815
scaffold_shuffled,1,MLP,RDKit descriptors,320,COc1ccc(cc1)C(O)(C2CC2)c3cncnc3 ,c1ccc(C(c2cncnc2)C2CC2)cc1,-2.5960,-3.2659,0.6699,0.2895
scaffold_shuffled,1,MLP,RDKit descriptors,337,CCOC2Oc1ccc(OS(C)(=O)=O)cc1C2(C)C,c1ccc2c(c1)CCO2,-3.4200,-3.0143,0.4057,0.2295
scaffold_shuffled,1,MLP,RDKit descriptors,339,c3ccc2nc1ccccc1cc2c3,c1ccc2nc3ccccc3cc2c1,-3.6700,-3.8962,0.2262,0.5294
scaffold_shuffled,1,MLP,RDKit descriptors,358,Cc1c2ccccc2c(C)c3ccccc13,c1ccc2cc3ccccc3cc2c1,-6.5700,-5.9860,0.5840,0.5625
scaffold_shuffled,1,MLP,RDKit descriptors,364,CC12CC(O)C3C(CCC4=CC(=O)CCC34C)C2CCC1(O)C(=O)CO,O=C1C=C2CCC3C4CCCC4CCC3C2CC1,-3.0900,-3.4386,0.3486,0.6833
scaffold_shuffled,1,MLP,RDKit descriptors,370,CN1CC(O)N(C1=O)c2nnc(s2)C(C)(C)C,O=C1NCCN1c1nncs1,-1.8770,-2.4866,0.6096,0.1923
scaffold_shuffled,1,MLP,RDKit descriptors,381,OCC(O)C2OC1OC(OC1C2O)C(Cl)(Cl)Cl ,C1CC2OCOC2O1,-1.8400,-2.0631,0.2231,0.2000
scaffold_shuffled,1,MLP,RDKit descriptors,382,CN(C=Nc1ccc(C)cc1C)C=Nc2ccc(C)cc2C,C(=Nc1ccccc1)NC=Nc1ccccc1,-5.4700,-5.3722,0.0978,0.5294
scaffold_shuffled,1,MLP,RDKit descriptors,389,c3ccc2c(O)c1ccccc1cc2c3 ,c1ccc2cc3ccccc3cc2c1,-4.7300,-4.1999,0.5301,0.4783
scaffold_shuffled,1,MLP,RDKit descriptors,390,Cc1ccc2cc3ccccc3cc2c1,c1ccc2cc3ccccc3cc2c1,-6.9600,-5.5782,1.3818,0.8421
scaffold_shuffled,1,MLP,RDKit descriptors,399,Oc1cccc2ncccc12 ,c1ccc2ncccc2c1,-2.5400,-1.6783,0.8617,0.4444
scaffold_shuffled,1,MLP,RDKit descriptors,405,CC(=O)OCC(=O)C3CCC4C2CCC1=CC(=O)CCC1(C)C2CCC34C ,O=C1C=C2CCC3C4CCCC4CCC3C2CC1,-4.6300,-4.7999,0.1699,0.5294
scaffold_shuffled,1,MLP,RDKit descriptors,420,CC(=O)C1CCC2C3CCC4=CC(=O)CCC4(C)C3CCC12C,O=C1C=C2CCC3C4CCCC4CCC3C2CC1,-4.4200,-4.6963,0.2763,0.6170
scaffold_shuffled,1,MLP,RDKit descriptors,422,ClC(Cl)C(Cl)(Cl)SN2C(=O)C1CC=CCC1C2=O ,O=C1NC(=O)C2CC=CCC12,-5.4000,-3.9513,1.4487,0.1935
scaffold_shuffled,1,MLP,RDKit descriptors,441,OCC1OC(OC2C(O)C(O)C(O)OC2CO)C(O)C(O)C1O,C1CCC(OC2CCCOC2)OC1,-0.2440,-0.7325,0.4885,0.6071
scaffold_shuffled,1,MLP,RDKit descriptors,448,NC(=O)NC1NC(=O)NC1=O ,O=C1CNC(=O)N1,-1.6000,-0.8362,0.7638,0.2258
scaffold_shuffled,1,MLP,RDKit descriptors,451,CC(=O)OC3CCC4C2CCC1=CC(=O)CCC1(C)C2CCC34C ,O=C1C=C2CCC3C4CCCC4CCC3C2CC1,-5.1840,-4.5146,0.6694,0.5800
scaffold_shuffled,1,MLP,RDKit descriptors,458,CC1(C)C(C=C(Cl)Cl)C1C(=O)OC(C#N)c2cccc(Oc3ccccc3)c2,O=C(OCc1cccc(Oc2ccccc2)c1)C1CC1,-8.0170,-6.6438,1.3732,0.4706
scaffold_shuffled,1,MLP,RDKit descriptors,459,c2ccc1ocnc1c2,c1ccc2ocnc2c1,-1.1600,-1.3428,0.1828,0.3200
scaffold_shuffled,1,MLP,RDKit descriptors,468,CNC(=O)Oc1cccc2CC(C)(C)Oc12,c1ccc2c(c1)CCO2,-2.8000,-2.4364,0.3636,0.4545
scaffold_shuffled,1,MLP,RDKit descriptors,496,Nc2cccc3nc1ccccc1cc23 ,c1ccc2nc3ccccc3cc2c1,-4.2200,-3.2449,0.9751,0.5185
scaffold_shuffled,1,MLP,RDKit descriptors,514,CNC(=O)Oc1ccccc1C2OCCO2,c1ccc(C2OCCO2)cc1,-1.5700,-2.2652,0.6952,0.4878
scaffold_shuffled,1,MLP,RDKit descriptors,521,CC1CCCCC1NC(=O)Nc2ccccc2,O=C(Nc1ccccc1)NC1CCCCC1,-4.1100,-3.5412,0.5688,0.4848
scaffold_shuffled,1,MLP,RDKit descriptors,529,CCOC(=O)CCN(SN(C)C(=O)Oc1cccc2CC(C)(C)Oc21)C(C)C,c1ccc2c(c1)CCO2,-4.7100,-5.0893,0.3793,0.2466
scaffold_shuffled,1,MLP,RDKit descriptors,530,O2c1ccccc1N(C)C(=O)c3cccnc23 ,O=C1Nc2ccccc2Oc2ncccc21,-3.6720,-2.9706,0.7014,0.5000
scaffold_shuffled,1,MLP,RDKit descriptors,541,CC(=O)C1(O)CCC2C3CCC4=CC(=O)CCC4(C)C3CCC21C,O=C1C=C2CCC3C4CCCC4CCC3C2CC1,-3.8170,-4.1592,0.3422,0.6170
scaffold_shuffled,1,MLP,RDKit descriptors,552,CC23Cc1cnoc1C=C2CCC4C3CCC5(C)C4CCC5(O)C#C,C1=C2CCC3C4CCCC4CCC3C2Cc2cnoc21,-5.5070,-4.5015,1.0055,0.4462
scaffold_shuffled,1,MLP,RDKit descriptors,555,CC1OC(CC(O)C1O)OC2C(O)CC(OC2C)OC8C(O)CC(OC7CCC3(C)C(CCC4C3CC(O)C5(C)C(CCC45O)C6=CC(=O)OC6)C7)OC8C ,O=C1C=C(C2CCC3C2CCC2C4CCC(OC5CCC(OC6CCC(OC7CCCCO7)CO6)CO5)CC4CCC23)CO1,-4.0810,-6.4057,2.3247,0.2683
scaffold_shuffled,1,MLP,RDKit descriptors,591,CC1(C)C(C=C(Cl)Cl)C1C(=O)OCc2cccc(Oc3ccccc3)c2,O=C(OCc1cccc(Oc2ccccc2)c1)C1CC1,-6.2910,-6.5825,0.2915,0.4194
scaffold_shuffled,1,MLP,RDKit descriptors,610,CC2=CC(=O)c1ccccc1C2=O ,O=C1C=CC(=O)c2ccccc21,-3.0300,-1.8443,1.1857,0.5000
scaffold_shuffled,1,MLP,RDKit descriptors,624,CC12CCC3C(CCc4cc(O)ccc34)C2CCC1=O,O=C1CCC2C1CCC1c3ccccc3CCC12,-3.9550,-3.9358,0.0192,0.6250
scaffold_shuffled,1,MLP,RDKit descriptors,626,CC1CO1,C1CO1,-0.5900,0.3677,0.9577,0.4118
scaffold_shuffled,1,MLP,RDKit descriptors,633,NS(=O)(=O)c2cc1c(NCNS1(=O)=O)cc2Cl ,O=S1(=O)NCNc2ccccc21,-2.6300,-2.7805,0.1505,0.5111
scaffold_shuffled,1,MLP,RDKit descriptors,640,CC1OC(CC(O)C1O)OC2C(O)CC(OC2C)OC8C(O)CC(OC7CCC3(C)C(CCC4C3CCC5(C)C(CCC45O)C6=CC(=O)OC6)C7)OC8C ,O=C1C=C(C2CCC3C2CCC2C4CCC(OC5CCC(OC6CCC(OC7CCCCO7)CO6)CO5)CC4CCC23)CO1,-5.2930,-6.6782,1.3852,0.2683
scaffold_shuffled,1,MLP,RDKit descriptors,642,Oc1cccc2cccnc12 ,c1ccc2ncccc2c1,-2.4200,-1.6783,0.7417,0.4074
scaffold_shuffled,1,MLP,RDKit descriptors,644,Oc1ccc(cc1)C2(OC(=O)c3ccccc23)c4ccc(O)cc4 ,O=C1OC(c2ccccc2)(c2ccccc2)c2ccccc21,-2.9000,-4.8745,1.9745,0.3030
scaffold_shuffled,1,MLP,RDKit descriptors,647,Cc1cc(=O)[nH]c(=S)[nH]1,O=c1cc[nH]c(=S)[nH]1,-2.4360,-0.9333,1.5027,0.2581
scaffold_shuffled,1,MLP,RDKit descriptors,657,c1ccc2ncccc2c1,c1ccc2ncccc2c1,-1.3000,-1.9629,0.6629,0.3889
scaffold_shuffled,1,MLP,RDKit descriptors,676,c1cc2ccc3ccc4ccc5cccc6c(c1)c2c3c4c56,c1cc2ccc3ccc4ccc5cccc6c(c1)c2c3c4c56,-9.0180,-8.1468,0.8712,0.8235
scaffold_shuffled,1,MLP,RDKit descriptors,682,Cc1c2ccccc2cc3ccccc13,c1ccc2cc3ccccc3cc2c1,-5.8900,-5.5782,0.3118,0.5417
scaffold_shuffled,1,MLP,RDKit descriptors,695,CC13CCC(=O)C=C1CCC4C2CCC(C(=O)CO)C2(CC(O)C34)C=O ,O=C1C=C2CCC3C4CCCC4CCC3C2CC1,-3.8500,-3.3373,0.5127,0.4225
scaffold_shuffled,1,MLP,RDKit descriptors,717,CCC(=O)OC3CCC4C2CCC1=CC(=O)CCC1(C)C2CCC34C ,O=C1C=C2CCC3C4CCCC4CCC3C2CC1,-5.3700,-4.8976,0.4724,0.5472
scaffold_shuffled,1,MLP,RDKit descriptors,718,c1cc2ccc3ccc4ccc5ccc6ccc1c7c2c3c4c5c67,c1cc2ccc3ccc4ccc5ccc6ccc1c1c2c3c4c5c61,-9.3320,-8.7646,0.5674,0.5833
scaffold_shuffled,1,MLP,RDKit descriptors,744,CC1(C)C(C=C(Cl)C(F)(F)F)C1C(=O)OC(C#N)c2cccc(Oc3ccccc3)c2,O=C(OCc1cccc(Oc2ccccc2)c1)C1CC1,-8.1760,-7.0014,1.1746,0.4583
scaffold_shuffled,1,MLP,RDKit descriptors,750,CC12CCC3C(CCC4=CC(=O)CCC34C)C2CCC1O,O=C1C=C2CCC3C4CCCC4CCC3C2CC1,-4.0200,-3.8882,0.1318,0.6591
scaffold_shuffled,1,MLP,RDKit descriptors,754,COc2cc1c(N)nc(nc1c(OC)c2OC)N3CCN(CC3)C(=O)OCC(C)(C)O ,c1ccc2nc(N3CCNCC3)ncc2c1,-3.6380,-3.8175,0.1795,0.1972
scaffold_shuffled,1,MLP,RDKit descriptors,761,NS(=O)(=O)c2cc1c(NC(NS1(=O)=O)C(Cl)Cl)cc2Cl ,O=S1(=O)NCNc2ccccc21,-2.6800,-3.4397,0.7597,0.4400
scaffold_shuffled,1,MLP,RDKit descriptors,765,c1ccc2c(c1)cnc3ccccc23 ,c1ccc2c(c1)cnc1ccccc12,-2.7800,-3.8962,1.1162,0.3333
scaffold_shuffled,1,MLP,RDKit descriptors,768,c1ccc2cc3ccccc3cc2c1,c1ccc2cc3ccccc3cc2c1,-6.3500,-5.1578,1.1922,0.9091
scaffold_shuffled,1,MLP,RDKit descriptors,780,c1ccc2c3c(ccc2c1)c4cccc5cccc3c45,c1ccc2c3c(ccc2c1)-c1cccc2cccc-3c12,-8.0000,-7.4056,0.5944,0.5000
scaffold_shuffled,1,MLP,RDKit descriptors,795,c2ccc1nc(ccc1c2)c4ccc3ccccc3n4 ,c1ccc2nc(-c3ccc4ccccc4n3)ccc2c1,-5.4000,-5.3873,0.0127,0.3889
scaffold_shuffled,1,MLP,RDKit descriptors,808,CCN2c1ncccc1N(C)C(=S)c3cccnc23 ,S=C1Nc2cccnc2Nc2ncccc21,-4.6340,-3.4652,1.1688,0.8158
scaffold_shuffled,1,MLP,RDKit descriptors,809,O2c1ccccc1N(CC)C(=O)c3ccccc23 ,O=C1Nc2ccccc2Oc2ccccc21,-3.6800,-3.9666,0.2866,0.4872
scaffold_shuffled,1,MLP,RDKit descriptors,846,O=C1CNC(=O)N1 ,O=C1CNC(=O)N1,-0.4000,0.2417,0.6417,0.3684
scaffold_shuffled,1,MLP,RDKit descriptors,883,CC(=O)OCC(=O)C1(O)CCC2C3CCC4=CC(=O)CCC4(C)C3C(O)CC21C,O=C1C=C2CCC3C4CCCC4CCC3C2CC1,-4.8800,-3.9881,0.8919,0.7077
scaffold_shuffled,1,MLP,RDKit descriptors,901,CC1(C)C(C(=O)OC(C#N)c2cccc(Oc3ccccc3)c2)C1(C)C,O=C(OCc1cccc(Oc2ccccc2)c1)C1CC1,-6.0250,-5.7499,0.2751,0.5333
scaffold_shuffled,1,MLP,RDKit descriptors,916,c2ccc1[nH]ncc1c2 ,c1ccc2[nH]ncc2c1,-2.1600,-1.0916,1.0684,0.3846
scaffold_shuffled,1,MLP,RDKit descriptors,935,c2ccc1NCCc1c2 ,c1ccc2c(c1)CCN2,-1.0400,-0.8978,0.1422,0.3913
scaffold_shuffled,1,MLP,RDKit descriptors,938,Nc1nc(O)nc2nc[nH]c12 ,c1ncc2[nH]cnc2n1,-3.4010,-2.1214,1.2796,0.3871
scaffold_shuffled,1,MLP,RDKit descriptors,939,OC(CC(c1ccccc1)c3c(O)c2ccccc2oc3=O)c4ccc(cc4)c5ccc(Br)cc5 ,O=c1oc2ccccc2cc1C(CCc1ccc(-c2ccccc2)cc1)c1ccccc1,-4.4450,-8.3213,3.8763,0.5472
scaffold_shuffled,1,MLP,RDKit descriptors,961,CC(=O)OC3(C)CCC4C2CCC1=CC(=O)CCC1(C)C2CCC34C ,O=C1C=C2CCC3C4CCCC4CCC3C2CC1,-5.2840,-4.8686,0.4154,0.5918
scaffold_shuffled,1,MLP,RDKit descriptors,966,CC12CC(O)C3C(CCC4=CC(=O)CCC34C)C2CCC1C(=O)CO,O=C1C=C2CCC3C4CCCC4CCC3C2CC1,-3.2400,-3.7295,0.4895,0.4412
scaffold_shuffled,1,MLP,RDKit descriptors,976,CC12CCC(CC1)C(C)(C)O2,C1CC2CCC1CO2,-1.7400,-3.0534,1.3134,0.3000
scaffold_shuffled,1,MLP,RDKit descriptors,986,CC(C)=CC3C(C(=O)OCc2cccc(Oc1ccccc1)c2)C3(C)C ,O=C(OCc1cccc(Oc2ccccc2)c1)C1CC1,-5.2400,-6.1689,0.9289,0.3750
scaffold_shuffled,1,MLP,RDKit descriptors,995,CC34CCC1C(CCC2=CC(=O)CCC12O)C3CCC4(O)C#C,O=C1C=C2CCC3C4CCCC4CCC3C2CC1,-4.5700,-3.2740,1.2960,0.4828
scaffold_shuffled,1,MLP,RDKit descriptors,997,Nc2cnn(c1ccccc1)c(=O)c2Cl,O=c1cccnn1-c1ccccc1,-2.8780,-2.6266,0.2514,0.3333
scaffold_shuffled,1,MLP,RDKit descriptors,1018,ClC(Cl)CC(=O)NC2=C(Cl)C(=O)c1ccccc1C2=O,O=C1C=CC(=O)c2ccccc21,-5.0300,-3.9469,1.0831,0.3333
scaffold_shuffled,1,MLP,RDKit descriptors,1025,OCC2OC(OC1(CO)OC(CO)C(O)C1O)C(O)C(O)C2O ,C1CCC(OC2CCCO2)OC1,0.7900,-0.4783,1.2683,0.8421
scaffold_shuffled,1,MLP,RDKit descriptors,1059,C1CCC=CCC1,C1=CCCCCC1,-3.1800,-3.1834,0.0034,0.7000
scaffold_shuffled,1,MLP,RDKit descriptors,1084,CC(=O)OC3(CCC4C2CCC1=CC(=O)CCC1C2CCC34C)C#C,O=C1C=C2CCC3C4CCCC4CCC3C2CC1,-4.8000,-4.2699,0.5301,0.3611
scaffold_shuffled,1,MLP,RDKit descriptors,1090,O=C(C=CC=Cc2ccc1OCOc1c2)N3CCCCC3,O=C(C=CC=Cc1ccc2c(c1)OCO2)N1CCCCC1,-3.4600,-3.4434,0.0166,0.4419
scaffold_shuffled,1,MLP,RDKit descriptors,1096,O=C(c1ccccc1)c2ccccc2,O=C(c1ccccc1)c1ccccc1,-3.1200,-3.4109,0.2909,0.5789
scaffold_shuffled,1,MLP,RDKit descriptors,1104,O2c1ccc(N)cc1N(C)C(=O)c3cc(C)ccc23 ,O=C1Nc2ccccc2Oc2ccccc21,-3.9280,-3.7003,0.2277,0.3000
scaffold_shuffled,1,MLP,RDKit descriptors,1107,Cc1cc(no1)C(=O)NNCc2ccccc2,O=C(NNCc1ccccc1)c1ccon1,-2.4610,-2.8362,0.3752,0.3571
scaffold_shuffled,1,MLP,RDKit descriptors,1115,O=C1NC(=O)C(=O)N1 ,O=C1NC(=O)C(=O)N1,-0.4000,-0.0313,0.3687,0.6923
scaffold_shuffled,1,GCN,Molecular graph,3,c1ccc2c(c1)ccc3c2ccc4c5ccccc5ccc43,c1ccc2c(c1)ccc1c2ccc2c3ccccc3ccc21,-7.8700,-8.0174,0.1474,0.5789
scaffold_shuffled,1,GCN,Molecular graph,10,O=C1CCCN1,O=C1CCCN1,1.0700,-0.4654,1.5354,0.3684
scaffold_shuffled,1,GCN,Molecular graph,13,CCC1(C(=O)NCNC1=O)c2ccccc2,O=C1NCNC(=O)C1c1ccccc1,-2.6400,-1.7116,0.9284,0.6774
scaffold_shuffled,1,GCN,Molecular graph,21,O=c2[nH]c1CCCc1c(=O)n2C3CCCCC3,O=c1[nH]c2c(c(=O)n1C1CCCCC1)CCC2,-4.5940,-3.2042,1.3898,0.1800
scaffold_shuffled,1,GCN,Molecular graph,36,N(c1ccccc1)c2ccccc2,c1ccc(Nc2ccccc2)cc1,-3.5040,-3.7136,0.2096,0.5294
scaffold_shuffled,1,GCN,Molecular graph,47,c1ccccc1n2ncc(N)c(Br)c2(=O),O=c1cccnn1-c1ccccc1,-3.1270,-2.0118,1.1152,0.3333
scaffold_shuffled,1,GCN,Molecular graph,48,COC(=O)C1=C(C)NC(=C(C1c2ccccc2N(=O)=O)C(=O)OC)C ,C1=CC(c2ccccc2)C=CN1,-4.7600,-3.3879,1.3721,0.3953
scaffold_shuffled,1,GCN,Molecular graph,49,c2c(C)cc1nc(C)ccc1c2 ,c1ccc2ncccc2c1,-1.9400,-4.8223,2.8823,0.5000
scaffold_shuffled,1,GCN,Molecular graph,51,CCC1(C(=O)NC(=O)NC1=O)C2=CCCCC2 ,O=C1NC(=O)C(C2=CCCCC2)C(=O)N1,-2.1700,-2.3809,0.2109,0.4474
scaffold_shuffled,1,GCN,Molecular graph,65,OC4=C(C1CCC(CC1)c2ccc(Cl)cc2)C(=O)c3ccccc3C4=O,O=C1C=C(C2CCC(c3ccccc3)CC2)C(=O)c2ccccc21,-5.9310,-5.0372,0.8938,0.3143
scaffold_shuffled,1,GCN,Molecular graph,79,CCCC1COC(Cn2cncn2)(O1)c3ccc(Cl)cc3Cl,c1ccc(C2(Cn3cncn3)OCCO2)cc1,-3.4930,-2.7242,0.7688,0.2361
scaffold_shuffled,1,GCN,Molecular graph,88,CC(C)C1CCC(C)CC1=O,O=C1CCCCC1,-2.3500,-2.9322,0.5822,0.3043
scaffold_shuffled,1,GCN,Molecular graph,92,c1ccc2c(c1)c3cccc4cccc2c34,c1ccc2c(c1)-c1cccc3cccc-2c13,-6.0000,-7.5135,1.5135,0.7368
scaffold_shuffled,1,GCN,Molecular graph,100,CC12CCC3C(CCC4=CC(=O)CCC34C)C2CCC1C(=O)CO,O=C1C=C2CCC3C4CCCC4CCC3C2CC1,-3.4500,-3.2625,0.1875,0.5800
scaffold_shuffled,1,GCN,Molecular graph,109,OCC1OC(C(O)C1O)n2cnc3c(O)ncnc23,c1ncc2ncn(C3CCCO3)c2n1,-1.2300,-1.6099,0.3799,0.5294
scaffold_shuffled,1,GCN,Molecular graph,114,Nc3ccc2cc1ccccc1cc2c3 ,c1ccc2cc3ccccc3cc2c1,-5.1700,-5.8048,0.6348,0.6111
scaffold_shuffled,1,GCN,Molecular graph,116,c1ccc2cnccc2c1,c1ccc2cnccc2c1,-1.4500,-1.9380,0.4880,0.4706
scaffold_shuffled,1,GCN,Molecular graph,127,CC1(C)C(C=C(Cl)Cl)C1C(=O)OC(C#N)c2ccc(F)c(Oc3ccccc3)c2,O=C(OCc1cccc(Oc2ccccc2)c1)C1CC1,-7.3370,-6.0969,1.2401,0.3816
scaffold_shuffled,1,GCN,Molecular graph,131,CC34CC(O)C1(F)C(CCC2=CC(=O)CCC12C)C3CCC4(O)C(=O)CO ,O=C1C=C2CCC3C4CCCC4CCC3C2CC1,-3.4300,-2.8048,0.6252,0.5152
scaffold_shuffled,1,GCN,Molecular graph,135,C1Cc2ccccc2C1,c1ccc2c(c1)CCC2,-3.0400,-3.9921,0.9521,0.8571
scaffold_shuffled,1,GCN,Molecular graph,164,O2c1cc(C)ccc1N(C)C(=O)c3cc(N)cnc23 ,O=C1Nc2ccccc2Oc2ncccc21,-3.0430,-3.7503,0.7073,0.2759
scaffold_shuffled,1,GCN,Molecular graph,172,CC(=O)C3CCC4C2CC=C1CC(O)CCC1(C)C2CCC34C ,C1=C2CCCCC2C2CCC3CCCC3C2C1,-4.6500,-3.6062,1.0438,0.3621
scaffold_shuffled,1,GCN,Molecular graph,185,CC12CCC(=O)C=C1CCC3C2CCC4(C)C3CCC4(O)C#C ,O=C1C=C2CCC3C4CCCC4CCC3C2CC1,-5.6600,-3.5779,2.0821,0.6042
scaffold_shuffled,1,GCN,Molecular graph,188,C1C(O)CCC2(C)CC3CCC4(C)C5(C)CC6OCC(C)CC6OC5CC4C3C=C21,C1=C2CCCCC2CC2CCC3C4CC5OCCCC5OC4CC3C12,-7.3200,-4.0001,3.3199,0.1875
scaffold_shuffled,1,GCN,Molecular graph,207,Oc2ccc1ncccc1c2 ,c1ccc2ncccc2c1,-2.1600,-2.1710,0.0110,0.4815
scaffold_shuffled,1,GCN,Molecular graph,213,CC12CCC(CC1)C(C)(C)O2 ,C1CC2CCC1CO2,-1.6400,-2.7345,1.0945,0.3000
scaffold_shuffled,1,GCN,Molecular graph,220,c1cc2cccc3c4cccc5cccc(c(c1)c23)c54,c1cc2cccc3c4cccc5cccc(c(c1)c23)c54,-8.8040,-7.8653,0.9387,0.7059
scaffold_shuffled,1,GCN,Molecular graph,240,O=C1CCCCC1,O=C1CCCCC1,-0.6000,-1.6830,1.0830,0.2941
scaffold_shuffled,1,GCN,Molecular graph,243,CNc2cnn(c1cccc(c1)C(F)(F)F)c(=O)c2Cl,O=c1cccnn1-c1ccccc1,-4.0460,-3.5260,0.5200,0.3559
scaffold_shuffled,1,GCN,Molecular graph,248,Cc3nnc4CN=C(c1ccccc1Cl)c2cc(Cl)ccc2n34,c1ccc(C2=NCc3nncn3-c3ccccc32)cc1,-4.0900,-4.4429,0.3529,0.4286
scaffold_shuffled,1,GCN,Molecular graph,259,Cc1c2ccccc2c(C)c3ccc4ccccc4c13,c1ccc2cc3c(ccc4ccccc43)cc2c1,-7.0200,-7.4129,0.3929,0.4444
scaffold_shuffled,1,GCN,Molecular graph,272,CC1(C)C(C=C(Br)Br)C1C(=O)OC(C#N)c2cccc(Oc3ccccc3)c2,O=C(OCc1cccc(Oc2ccccc2)c1)C1CC1,-8.4020,-5.7252,2.6768,0.4638
scaffold_shuffled,1,GCN,Molecular graph,310,CC1(O)CCC2C3CCC4=CC(=O)CCC4(C)C3CCC21C,O=C1C=C2CCC3C4CCCC4CCC3C2CC1,-3.9990,-3.6589,0.3401,0.6744
scaffold_shuffled,1,GCN,Molecular graph,313,c1cnc2c(c1)ccc3ncccc23,c1cnc2c(c1)ccc1ncccc12,-2.6800,-4.6007,1.9207,0.3000
scaffold_shuffled,1,GCN,Molecular graph,318,Nc1ncnc2nc[nH]c12 ,c1ncc2[nH]cnc2n1,-2.1200,-1.6712,0.4488,0.4815
scaffold_shuffled,1,GCN,Molecular graph,320,COc1ccc(cc1)C(O)(C2CC2)c3cncnc3 ,c1ccc(C(c2cncnc2)C2CC2)cc1,-2.5960,-3.2946,0.6986,0.2895
scaffold_shuffled,1,GCN,Molecular graph,337,CCOC2Oc1ccc(OS(C)(=O)=O)cc1C2(C)C,c1ccc2c(c1)CCO2,-3.4200,-3.3475,0.0725,0.2295
scaffold_shuffled,1,GCN,Molecular graph,339,c3ccc2nc1ccccc1cc2c3,c1ccc2nc3ccccc3cc2c1,-3.6700,-6.1147,2.4447,0.5294
scaffold_shuffled,1,GCN,Molecular graph,358,Cc1c2ccccc2c(C)c3ccccc13,c1ccc2cc3ccccc3cc2c1,-6.5700,-6.3938,0.1762,0.5625
scaffold_shuffled,1,GCN,Molecular graph,364,CC12CC(O)C3C(CCC4=CC(=O)CCC34C)C2CCC1(O)C(=O)CO,O=C1C=C2CCC3C4CCCC4CCC3C2CC1,-3.0900,-2.7738,0.3162,0.6833
scaffold_shuffled,1,GCN,Molecular graph,370,CN1CC(O)N(C1=O)c2nnc(s2)C(C)(C)C,O=C1NCCN1c1nncs1,-1.8770,-2.7535,0.8765,0.1923
scaffold_shuffled,1,GCN,Molecular graph,381,OCC(O)C2OC1OC(OC1C2O)C(Cl)(Cl)Cl ,C1CC2OCOC2O1,-1.8400,-1.0557,0.7843,0.2000
scaffold_shuffled,1,GCN,Molecular graph,382,CN(C=Nc1ccc(C)cc1C)C=Nc2ccc(C)cc2C,C(=Nc1ccccc1)NC=Nc1ccccc1,-5.4700,-5.9612,0.4912,0.5294
scaffold_shuffled,1,GCN,Molecular graph,389,c3ccc2c(O)c1ccccc1cc2c3 ,c1ccc2cc3ccccc3cc2c1,-4.7300,-5.4017,0.6717,0.4783
scaffold_shuffled,1,GCN,Molecular graph,390,Cc1ccc2cc3ccccc3cc2c1,c1ccc2cc3ccccc3cc2c1,-6.9600,-6.7549,0.2051,0.8421
scaffold_shuffled,1,GCN,Molecular graph,399,Oc1cccc2ncccc12 ,c1ccc2ncccc2c1,-2.5400,-1.8253,0.7147,0.4444
scaffold_shuffled,1,GCN,Molecular graph,405,CC(=O)OCC(=O)C3CCC4C2CCC1=CC(=O)CCC1(C)C2CCC34C ,O=C1C=C2CCC3C4CCCC4CCC3C2CC1,-4.6300,-3.4522,1.1778,0.5294
scaffold_shuffled,1,GCN,Molecular graph,420,CC(=O)C1CCC2C3CCC4=CC(=O)CCC4(C)C3CCC12C,O=C1C=C2CCC3C4CCCC4CCC3C2CC1,-4.4200,-3.5756,0.8444,0.6170
scaffold_shuffled,1,GCN,Molecular graph,422,ClC(Cl)C(Cl)(Cl)SN2C(=O)C1CC=CCC1C2=O ,O=C1NC(=O)C2CC=CCC12,-5.4000,-4.5490,0.8510,0.1935
scaffold_shuffled,1,GCN,Molecular graph,441,OCC1OC(OC2C(O)C(O)C(O)OC2CO)C(O)C(O)C1O,C1CCC(OC2CCCOC2)OC1,-0.2440,-0.0402,0.2038,0.6071
scaffold_shuffled,1,GCN,Molecular graph,448,NC(=O)NC1NC(=O)NC1=O ,O=C1CNC(=O)N1,-1.6000,-0.9888,0.6112,0.2258
scaffold_shuffled,1,GCN,Molecular graph,451,CC(=O)OC3CCC4C2CCC1=CC(=O)CCC1(C)C2CCC34C ,O=C1C=C2CCC3C4CCCC4CCC3C2CC1,-5.1840,-3.5913,1.5927,0.5800
scaffold_shuffled,1,GCN,Molecular graph,458,CC1(C)C(C=C(Cl)Cl)C1C(=O)OC(C#N)c2cccc(Oc3ccccc3)c2,O=C(OCc1cccc(Oc2ccccc2)c1)C1CC1,-8.0170,-5.6013,2.4157,0.4706
scaffold_shuffled,1,GCN,Molecular graph,459,c2ccc1ocnc1c2,c1ccc2ocnc2c1,-1.1600,-1.1101,0.0499,0.3200
scaffold_shuffled,1,GCN,Molecular graph,468,CNC(=O)Oc1cccc2CC(C)(C)Oc12,c1ccc2c(c1)CCO2,-2.8000,-3.4065,0.6065,0.4545
scaffold_shuffled,1,GCN,Molecular graph,496,Nc2cccc3nc1ccccc1cc23 ,c1ccc2nc3ccccc3cc2c1,-4.2200,-5.4662,1.2462,0.5185
scaffold_shuffled,1,GCN,Molecular graph,514,CNC(=O)Oc1ccccc1C2OCCO2,c1ccc(C2OCCO2)cc1,-1.5700,-1.8049,0.2349,0.4878
scaffold_shuffled,1,GCN,Molecular graph,521,CC1CCCCC1NC(=O)Nc2ccccc2,O=C(Nc1ccccc1)NC1CCCCC1,-4.1100,-4.1145,0.0045,0.4848
scaffold_shuffled,1,GCN,Molecular graph,529,CCOC(=O)CCN(SN(C)C(=O)Oc1cccc2CC(C)(C)Oc21)C(C)C,c1ccc2c(c1)CCO2,-4.7100,-4.0961,0.6139,0.2466
scaffold_shuffled,1,GCN,Molecular graph,530,O2c1ccccc1N(C)C(=O)c3cccnc23 ,O=C1Nc2ccccc2Oc2ncccc21,-3.6720,-3.6136,0.0584,0.5000
scaffold_shuffled,1,GCN,Molecular graph,541,CC(=O)C1(O)CCC2C3CCC4=CC(=O)CCC4(C)C3CCC21C,O=C1C=C2CCC3C4CCCC4CCC3C2CC1,-3.8170,-3.2536,0.5634,0.6170
scaffold_shuffled,1,GCN,Molecular graph,552,CC23Cc1cnoc1C=C2CCC4C3CCC5(C)C4CCC5(O)C#C,C1=C2CCC3C4CCCC4CCC3C2Cc2cnoc21,-5.5070,-3.7447,1.7623,0.4462
scaffold_shuffled,1,GCN,Molecular graph,555,CC1OC(CC(O)C1O)OC2C(O)CC(OC2C)OC8C(O)CC(OC7CCC3(C)C(CCC4C3CC(O)C5(C)C(CCC45O)C6=CC(=O)OC6)C7)OC8C ,O=C1C=C(C2CCC3C2CCC2C4CCC(OC5CCC(OC6CCC(OC7CCCCO7)CO6)CO5)CC4CCC23)CO1,-4.0810,-1.8432,2.2378,0.2683
scaffold_shuffled,1,GCN,Molecular graph,591,CC1(C)C(C=C(Cl)Cl)C1C(=O)OCc2cccc(Oc3ccccc3)c2,O=C(OCc1cccc(Oc2ccccc2)c1)C1CC1,-6.2910,-5.8868,0.4042,0.4194
scaffold_shuffled,1,GCN,Molecular graph,610,CC2=CC(=O)c1ccccc1C2=O ,O=C1C=CC(=O)c2ccccc21,-3.0300,-4.0170,0.9870,0.5000
scaffold_shuffled,1,GCN,Molecular graph,624,CC12CCC3C(CCc4cc(O)ccc34)C2CCC1=O,O=C1CCC2C1CCC1c3ccccc3CCC12,-3.9550,-4.2723,0.3173,0.6250
scaffold_shuffled,1,GCN,Molecular graph,626,CC1CO1,C1CO1,-0.5900,-0.2047,0.3853,0.4118
scaffold_shuffled,1,GCN,Molecular graph,633,NS(=O)(=O)c2cc1c(NCNS1(=O)=O)cc2Cl ,O=S1(=O)NCNc2ccccc21,-2.6300,-2.6274,0.0026,0.5111
scaffold_shuffled,1,GCN,Molecular graph,640,CC1OC(CC(O)C1O)OC2C(O)CC(OC2C)OC8C(O)CC(OC7CCC3(C)C(CCC4C3CCC5(C)C(CCC45O)C6=CC(=O)OC6)C7)OC8C ,O=C1C=C(C2CCC3C2CCC2C4CCC(OC5CCC(OC6CCC(OC7CCCCO7)CO6)CO5)CC4CCC23)CO1,-5.2930,-1.9011,3.3919,0.2683
scaffold_shuffled,1,GCN,Molecular graph,642,Oc1cccc2cccnc12 ,c1ccc2ncccc2c1,-2.4200,-1.6702,0.7498,0.4074
scaffold_shuffled,1,GCN,Molecular graph,644,Oc1ccc(cc1)C2(OC(=O)c3ccccc23)c4ccc(O)cc4 ,O=C1OC(c2ccccc2)(c2ccccc2)c2ccccc21,-2.9000,-4.7155,1.8155,0.3030
scaffold_shuffled,1,GCN,Molecular graph,647,Cc1cc(=O)[nH]c(=S)[nH]1,O=c1cc[nH]c(=S)[nH]1,-2.4360,-1.5486,0.8874,0.2581
scaffold_shuffled,1,GCN,Molecular graph,657,c1ccc2ncccc2c1,c1ccc2ncccc2c1,-1.3000,-2.6835,1.3835,0.3889
scaffold_shuffled,1,GCN,Molecular graph,676,c1cc2ccc3ccc4ccc5cccc6c(c1)c2c3c4c56,c1cc2ccc3ccc4ccc5cccc6c(c1)c2c3c4c56,-9.0180,-9.4521,0.4341,0.8235
scaffold_shuffled,1,GCN,Molecular graph,682,Cc1c2ccccc2cc3ccccc13,c1ccc2cc3ccccc3cc2c1,-5.8900,-6.2971,0.4071,0.5417
scaffold_shuffled,1,GCN,Molecular graph,695,CC13CCC(=O)C=C1CCC4C2CCC(C(=O)CO)C2(CC(O)C34)C=O ,O=C1C=C2CCC3C4CCCC4CCC3C2CC1,-3.8500,-2.8971,0.9529,0.4225
scaffold_shuffled,1,GCN,Molecular graph,717,CCC(=O)OC3CCC4C2CCC1=CC(=O)CCC1(C)C2CCC34C ,O=C1C=C2CCC3C4CCCC4CCC3C2CC1,-5.3700,-3.7818,1.5882,0.5472
scaffold_shuffled,1,GCN,Molecular graph,718,c1cc2ccc3ccc4ccc5ccc6ccc1c7c2c3c4c5c67,c1cc2ccc3ccc4ccc5ccc6ccc1c1c2c3c4c5c61,-9.3320,-10.7064,1.3744,0.5833
scaffold_shuffled,1,GCN,Molecular graph,744,CC1(C)C(C=C(Cl)C(F)(F)F)C1C(=O)OC(C#N)c2cccc(Oc3ccccc3)c2,O=C(OCc1cccc(Oc2ccccc2)c1)C1CC1,-8.1760,-5.7686,2.4074,0.4583
scaffold_shuffled,1,GCN,Molecular graph,750,CC12CCC3C(CCC4=CC(=O)CCC34C)C2CCC1O,O=C1C=C2CCC3C4CCCC4CCC3C2CC1,-4.0200,-3.8347,0.1853,0.6591
scaffold_shuffled,1,GCN,Molecular graph,754,COc2cc1c(N)nc(nc1c(OC)c2OC)N3CCN(CC3)C(=O)OCC(C)(C)O ,c1ccc2nc(N3CCNCC3)ncc2c1,-3.6380,-3.3117,0.3263,0.1972
scaffold_shuffled,1,GCN,Molecular graph,761,NS(=O)(=O)c2cc1c(NC(NS1(=O)=O)C(Cl)Cl)cc2Cl ,O=S1(=O)NCNc2ccccc21,-2.6800,-3.9113,1.2313,0.4400
scaffold_shuffled,1,GCN,Molecular graph,765,c1ccc2c(c1)cnc3ccccc23 ,c1ccc2c(c1)cnc1ccccc12,-2.7800,-5.2468,2.4668,0.3333
scaffold_shuffled,1,GCN,Molecular graph,768,c1ccc2cc3ccccc3cc2c1,c1ccc2cc3ccccc3cc2c1,-6.3500,-6.1416,0.2084,0.9091
scaffold_shuffled,1,GCN,Molecular graph,780,c1ccc2c3c(ccc2c1)c4cccc5cccc3c45,c1ccc2c3c(ccc2c1)-c1cccc2cccc-3c12,-8.0000,-8.2379,0.2379,0.5000
scaffold_shuffled,1,GCN,Molecular graph,795,c2ccc1nc(ccc1c2)c4ccc3ccccc3n4 ,c1ccc2nc(-c3ccc4ccccc4n3)ccc2c1,-5.4000,-6.5183,1.1183,0.3889
scaffold_shuffled,1,GCN,Molecular graph,808,CCN2c1ncccc1N(C)C(=S)c3cccnc23 ,S=C1Nc2cccnc2Nc2ncccc21,-4.6340,-4.0233,0.6107,0.8158
scaffold_shuffled,1,GCN,Molecular graph,809,O2c1ccccc1N(CC)C(=O)c3ccccc23 ,O=C1Nc2ccccc2Oc2ccccc21,-3.6800,-4.9935,1.3135,0.4872
scaffold_shuffled,1,GCN,Molecular graph,846,O=C1CNC(=O)N1 ,O=C1CNC(=O)N1,-0.4000,-0.3671,0.0329,0.3684
scaffold_shuffled,1,GCN,Molecular graph,883,CC(=O)OCC(=O)C1(O)CCC2C3CCC4=CC(=O)CCC4(C)C3C(O)CC21C,O=C1C=C2CCC3C4CCCC4CCC3C2CC1,-4.8800,-3.0006,1.8794,0.7077
scaffold_shuffled,1,GCN,Molecular graph,901,CC1(C)C(C(=O)OC(C#N)c2cccc(Oc3ccccc3)c2)C1(C)C,O=C(OCc1cccc(Oc2ccccc2)c1)C1CC1,-6.0250,-4.9201,1.1049,0.5333
scaffold_shuffled,1,GCN,Molecular graph,916,c2ccc1[nH]ncc1c2 ,c1ccc2[nH]ncc2c1,-2.1600,-1.0988,1.0612,0.3846
scaffold_shuffled,1,GCN,Molecular graph,935,c2ccc1NCCc1c2 ,c1ccc2c(c1)CCN2,-1.0400,-2.7219,1.6819,0.3913
scaffold_shuffled,1,GCN,Molecular graph,938,Nc1nc(O)nc2nc[nH]c12 ,c1ncc2[nH]cnc2n1,-3.4010,-2.2576,1.1434,0.3871
scaffold_shuffled,1,GCN,Molecular graph,939,OC(CC(c1ccccc1)c3c(O)c2ccccc2oc3=O)c4ccc(cc4)c5ccc(Br)cc5 ,O=c1oc2ccccc2cc1C(CCc1ccc(-c2ccccc2)cc1)c1ccccc1,-4.4450,-5.5365,1.0915,0.5472
scaffold_shuffled,1,GCN,Molecular graph,961,CC(=O)OC3(C)CCC4C2CCC1=CC(=O)CCC1(C)C2CCC34C ,O=C1C=C2CCC3C4CCCC4CCC3C2CC1,-5.2840,-3.3943,1.8897,0.5918
scaffold_shuffled,1,GCN,Molecular graph,966,CC12CC(O)C3C(CCC4=CC(=O)CCC34C)C2CCC1C(=O)CO,O=C1C=C2CCC3C4CCCC4CCC3C2CC1,-3.2400,-3.0495,0.1905,0.4412
scaffold_shuffled,1,GCN,Molecular graph,976,CC12CCC(CC1)C(C)(C)O2,C1CC2CCC1CO2,-1.7400,-2.7345,0.9945,0.3000
scaffold_shuffled,1,GCN,Molecular graph,986,CC(C)=CC3C(C(=O)OCc2cccc(Oc1ccccc1)c2)C3(C)C ,O=C(OCc1cccc(Oc2ccccc2)c1)C1CC1,-5.2400,-5.6744,0.4344,0.3750
scaffold_shuffled,1,GCN,Molecular graph,995,CC34CCC1C(CCC2=CC(=O)CCC12O)C3CCC4(O)C#C,O=C1C=C2CCC3C4CCCC4CCC3C2CC1,-4.5700,-3.5196,1.0504,0.4828
scaffold_shuffled,1,GCN,Molecular graph,997,Nc2cnn(c1ccccc1)c(=O)c2Cl,O=c1cccnn1-c1ccccc1,-2.8780,-1.9528,0.9252,0.3333
scaffold_shuffled,1,GCN,Molecular graph,1018,ClC(Cl)CC(=O)NC2=C(Cl)C(=O)c1ccccc1C2=O,O=C1C=CC(=O)c2ccccc21,-5.0300,-5.1751,0.1451,0.3333
scaffold_shuffled,1,GCN,Molecular graph,1025,OCC2OC(OC1(CO)OC(CO)C(O)C1O)C(O)C(O)C2O ,C1CCC(OC2CCCO2)OC1,0.7900,-0.2695,1.0595,0.8421
scaffold_shuffled,1,GCN,Molecular graph,1059,C1CCC=CCC1,C1=CCCCCC1,-3.1800,-2.7060,0.4740,0.7000
scaffold_shuffled,1,GCN,Molecular graph,1084,CC(=O)OC3(CCC4C2CCC1=CC(=O)CCC1C2CCC34C)C#C,O=C1C=C2CCC3C4CCCC4CCC3C2CC1,-4.8000,-3.7095,1.0905,0.3611
scaffold_shuffled,1,GCN,Molecular graph,1090,O=C(C=CC=Cc2ccc1OCOc1c2)N3CCCCC3,O=C(C=CC=Cc1ccc2c(c1)OCO2)N1CCCCC1,-3.4600,-4.2942,0.8342,0.4419
scaffold_shuffled,1,GCN,Molecular graph,1096,O=C(c1ccccc1)c2ccccc2,O=C(c1ccccc1)c1ccccc1,-3.1200,-4.0532,0.9332,0.5789
scaffold_shuffled,1,GCN,Molecular graph,1104,O2c1ccc(N)cc1N(C)C(=O)c3cc(C)ccc23 ,O=C1Nc2ccccc2Oc2ccccc21,-3.9280,-4.7506,0.8226,0.3000
scaffold_shuffled,1,GCN,Molecular graph,1107,Cc1cc(no1)C(=O)NNCc2ccccc2,O=C(NNCc1ccccc1)c1ccon1,-2.4610,-1.8894,0.5716,0.3571
scaffold_shuffled,1,GCN,Molecular graph,1115,O=C1NC(=O)C(=O)N1 ,O=C1NC(=O)C(=O)N1,-0.4000,-1.2195,0.8195,0.6923
scaffold_shuffled,1,GIN,Molecular graph,3,c1ccc2c(c1)ccc3c2ccc4c5ccccc5ccc43,c1ccc2c(c1)ccc1c2ccc2c3ccccc3ccc21,-7.8700,-8.1403,0.2703,0.5789
scaffold_shuffled,1,GIN,Molecular graph,10,O=C1CCCN1,O=C1CCCN1,1.0700,-0.1636,1.2336,0.3684
scaffold_shuffled,1,GIN,Molecular graph,13,CCC1(C(=O)NCNC1=O)c2ccccc2,O=C1NCNC(=O)C1c1ccccc1,-2.6400,-1.9573,0.6827,0.6774
scaffold_shuffled,1,GIN,Molecular graph,21,O=c2[nH]c1CCCc1c(=O)n2C3CCCCC3,O=c1[nH]c2c(c(=O)n1C1CCCCC1)CCC2,-4.5940,-3.7320,0.8620,0.1800
scaffold_shuffled,1,GIN,Molecular graph,36,N(c1ccccc1)c2ccccc2,c1ccc(Nc2ccccc2)cc1,-3.5040,-4.0007,0.4967,0.5294
scaffold_shuffled,1,GIN,Molecular graph,47,c1ccccc1n2ncc(N)c(Br)c2(=O),O=c1cccnn1-c1ccccc1,-3.1270,-2.0628,1.0642,0.3333
scaffold_shuffled,1,GIN,Molecular graph,48,COC(=O)C1=C(C)NC(=C(C1c2ccccc2N(=O)=O)C(=O)OC)C ,C1=CC(c2ccccc2)C=CN1,-4.7600,-4.1225,0.6375,0.3953
scaffold_shuffled,1,GIN,Molecular graph,49,c2c(C)cc1nc(C)ccc1c2 ,c1ccc2ncccc2c1,-1.9400,-3.9417,2.0017,0.5000
scaffold_shuffled,1,GIN,Molecular graph,51,CCC1(C(=O)NC(=O)NC1=O)C2=CCCCC2 ,O=C1NC(=O)C(C2=CCCCC2)C(=O)N1,-2.1700,-2.4757,0.3057,0.4474
scaffold_shuffled,1,GIN,Molecular graph,65,OC4=C(C1CCC(CC1)c2ccc(Cl)cc2)C(=O)c3ccccc3C4=O,O=C1C=C(C2CCC(c3ccccc3)CC2)C(=O)c2ccccc21,-5.9310,-5.3832,0.5478,0.3143
scaffold_shuffled,1,GIN,Molecular graph,79,CCCC1COC(Cn2cncn2)(O1)c3ccc(Cl)cc3Cl,c1ccc(C2(Cn3cncn3)OCCO2)cc1,-3.4930,-2.7673,0.7257,0.2361
scaffold_shuffled,1,GIN,Molecular graph,88,CC(C)C1CCC(C)CC1=O,O=C1CCCCC1,-2.3500,-3.3526,1.0026,0.3043
scaffold_shuffled,1,GIN,Molecular graph,92,c1ccc2c(c1)c3cccc4cccc2c34,c1ccc2c(c1)-c1cccc3cccc-2c13,-6.0000,-8.8736,2.8736,0.7368
scaffold_shuffled,1,GIN,Molecular graph,100,CC12CCC3C(CCC4=CC(=O)CCC34C)C2CCC1C(=O)CO,O=C1C=C2CCC3C4CCCC4CCC3C2CC1,-3.4500,-4.7889,1.3389,0.5800
scaffold_shuffled,1,GIN,Molecular graph,109,OCC1OC(C(O)C1O)n2cnc3c(O)ncnc23,c1ncc2ncn(C3CCCO3)c2n1,-1.2300,-1.0764,0.1536,0.5294
scaffold_shuffled,1,GIN,Molecular graph,114,Nc3ccc2cc1ccccc1cc2c3 ,c1ccc2cc3ccccc3cc2c1,-5.1700,-6.2169,1.0469,0.6111
scaffold_shuffled,1,GIN,Molecular graph,116,c1ccc2cnccc2c1,c1ccc2cnccc2c1,-1.4500,-1.4643,0.0143,0.4706
scaffold_shuffled,1,GIN,Molecular graph,127,CC1(C)C(C=C(Cl)Cl)C1C(=O)OC(C#N)c2ccc(F)c(Oc3ccccc3)c2,O=C(OCc1cccc(Oc2ccccc2)c1)C1CC1,-7.3370,-6.2373,1.0997,0.3816
scaffold_shuffled,1,GIN,Molecular graph,131,CC34CC(O)C1(F)C(CCC2=CC(=O)CCC12C)C3CCC4(O)C(=O)CO ,O=C1C=C2CCC3C4CCCC4CCC3C2CC1,-3.4300,-3.3177,0.1123,0.5152
scaffold_shuffled,1,GIN,Molecular graph,135,C1Cc2ccccc2C1,c1ccc2c(c1)CCC2,-3.0400,-4.5122,1.4722,0.8571
scaffold_shuffled,1,GIN,Molecular graph,164,O2c1cc(C)ccc1N(C)C(=O)c3cc(N)cnc23 ,O=C1Nc2ccccc2Oc2ncccc21,-3.0430,-4.6376,1.5946,0.2759
scaffold_shuffled,1,GIN,Molecular graph,172,CC(=O)C3CCC4C2CC=C1CC(O)CCC1(C)C2CCC34C ,C1=C2CCCCC2C2CCC3CCCC3C2C1,-4.6500,-4.5747,0.0753,0.3621
scaffold_shuffled,1,GIN,Molecular graph,185,CC12CCC(=O)C=C1CCC3C2CCC4(C)C3CCC4(O)C#C ,O=C1C=C2CCC3C4CCCC4CCC3C2CC1,-5.6600,-4.6315,1.0285,0.6042
scaffold_shuffled,1,GIN,Molecular graph,188,C1C(O)CCC2(C)CC3CCC4(C)C5(C)CC6OCC(C)CC6OC5CC4C3C=C21,C1=C2CCCCC2CC2CCC3C4CC5OCCCC5OC4CC3C12,-7.3200,-4.6281,2.6919,0.1875
scaffold_shuffled,1,GIN,Molecular graph,207,Oc2ccc1ncccc1c2 ,c1ccc2ncccc2c1,-2.1600,-1.4281,0.7319,0.4815
scaffold_shuffled,1,GIN,Molecular graph,213,CC12CCC(CC1)C(C)(C)O2 ,C1CC2CCC1CO2,-1.6400,-2.7640,1.1240,0.3000
scaffold_shuffled,1,GIN,Molecular graph,220,c1cc2cccc3c4cccc5cccc(c(c1)c23)c54,c1cc2cccc3c4cccc5cccc(c(c1)c23)c54,-8.8040,-8.7170,0.0870,0.7059
scaffold_shuffled,1,GIN,Molecular graph,240,O=C1CCCCC1,O=C1CCCCC1,-0.6000,-1.1185,0.5185,0.2941
scaffold_shuffled,1,GIN,Molecular graph,243,CNc2cnn(c1cccc(c1)C(F)(F)F)c(=O)c2Cl,O=c1cccnn1-c1ccccc1,-4.0460,-3.3306,0.7154,0.3559
scaffold_shuffled,1,GIN,Molecular graph,248,Cc3nnc4CN=C(c1ccccc1Cl)c2cc(Cl)ccc2n34,c1ccc(C2=NCc3nncn3-c3ccccc32)cc1,-4.0900,-5.1760,1.0860,0.4286
scaffold_shuffled,1,GIN,Molecular graph,259,Cc1c2ccccc2c(C)c3ccc4ccccc4c13,c1ccc2cc3c(ccc4ccccc43)cc2c1,-7.0200,-7.7331,0.7131,0.4444
scaffold_shuffled,1,GIN,Molecular graph,272,CC1(C)C(C=C(Br)Br)C1C(=O)OC(C#N)c2cccc(Oc3ccccc3)c2,O=C(OCc1cccc(Oc2ccccc2)c1)C1CC1,-8.4020,-6.1454,2.2566,0.4638
scaffold_shuffled,1,GIN,Molecular graph,310,CC1(O)CCC2C3CCC4=CC(=O)CCC4(C)C3CCC21C,O=C1C=C2CCC3C4CCCC4CCC3C2CC1,-3.9990,-4.7309,0.7319,0.6744
scaffold_shuffled,1,GIN,Molecular graph,313,c1cnc2c(c1)ccc3ncccc23,c1cnc2c(c1)ccc1ncccc12,-2.6800,-3.1234,0.4434,0.3000
scaffold_shuffled,1,GIN,Molecular graph,318,Nc1ncnc2nc[nH]c12 ,c1ncc2[nH]cnc2n1,-2.1200,-1.6924,0.4276,0.4815
scaffold_shuffled,1,GIN,Molecular graph,320,COc1ccc(cc1)C(O)(C2CC2)c3cncnc3 ,c1ccc(C(c2cncnc2)C2CC2)cc1,-2.5960,-3.2045,0.6085,0.2895
scaffold_shuffled,1,GIN,Molecular graph,337,CCOC2Oc1ccc(OS(C)(=O)=O)cc1C2(C)C,c1ccc2c(c1)CCO2,-3.4200,-4.0452,0.6252,0.2295
scaffold_shuffled,1,GIN,Molecular graph,339,c3ccc2nc1ccccc1cc2c3,c1ccc2nc3ccccc3cc2c1,-3.6700,-5.0094,1.3394,0.5294
scaffold_shuffled,1,GIN,Molecular graph,358,Cc1c2ccccc2c(C)c3ccccc13,c1ccc2cc3ccccc3cc2c1,-6.5700,-6.7167,0.1467,0.5625
scaffold_shuffled,1,GIN,Molecular graph,364,CC12CC(O)C3C(CCC4=CC(=O)CCC34C)C2CCC1(O)C(=O)CO,O=C1C=C2CCC3C4CCCC4CCC3C2CC1,-3.0900,-3.4385,0.3485,0.6833
scaffold_shuffled,1,GIN,Molecular graph,370,CN1CC(O)N(C1=O)c2nnc(s2)C(C)(C)C,O=C1NCCN1c1nncs1,-1.8770,-2.0888,0.2118,0.1923
scaffold_shuffled,1,GIN,Molecular graph,381,OCC(O)C2OC1OC(OC1C2O)C(Cl)(Cl)Cl ,C1CC2OCOC2O1,-1.8400,-0.9662,0.8738,0.2000
scaffold_shuffled,1,GIN,Molecular graph,382,CN(C=Nc1ccc(C)cc1C)C=Nc2ccc(C)cc2C,C(=Nc1ccccc1)NC=Nc1ccccc1,-5.4700,-4.6448,0.8252,0.5294
scaffold_shuffled,1,GIN,Molecular graph,389,c3ccc2c(O)c1ccccc1cc2c3 ,c1ccc2cc3ccccc3cc2c1,-4.7300,-5.1730,0.4430,0.4783
scaffold_shuffled,1,GIN,Molecular graph,390,Cc1ccc2cc3ccccc3cc2c1,c1ccc2cc3ccccc3cc2c1,-6.9600,-6.8467,0.1133,0.8421
scaffold_shuffled,1,GIN,Molecular graph,399,Oc1cccc2ncccc12 ,c1ccc2ncccc2c1,-2.5400,-1.2506,1.2894,0.4444
scaffold_shuffled,1,GIN,Molecular graph,405,CC(=O)OCC(=O)C3CCC4C2CCC1=CC(=O)CCC1(C)C2CCC34C ,O=C1C=C2CCC3C4CCCC4CCC3C2CC1,-4.6300,-4.6426,0.0126,0.5294
scaffold_shuffled,1,GIN,Molecular graph,420,CC(=O)C1CCC2C3CCC4=CC(=O)CCC4(C)C3CCC12C,O=C1C=C2CCC3C4CCCC4CCC3C2CC1,-4.4200,-5.1558,0.7358,0.6170
scaffold_shuffled,1,GIN,Molecular graph,422,ClC(Cl)C(Cl)(Cl)SN2C(=O)C1CC=CCC1C2=O ,O=C1NC(=O)C2CC=CCC12,-5.4000,-4.6193,0.7807,0.1935
scaffold_shuffled,1,GIN,Molecular graph,441,OCC1OC(OC2C(O)C(O)C(O)OC2CO)C(O)C(O)C1O,C1CCC(OC2CCCOC2)OC1,-0.2440,0.0856,0.3296,0.6071
scaffold_shuffled,1,GIN,Molecular graph,448,NC(=O)NC1NC(=O)NC1=O ,O=C1CNC(=O)N1,-1.6000,-0.8170,0.7830,0.2258
scaffold_shuffled,1,GIN,Molecular graph,451,CC(=O)OC3CCC4C2CCC1=CC(=O)CCC1(C)C2CCC34C ,O=C1C=C2CCC3C4CCCC4CCC3C2CC1,-5.1840,-5.0380,0.1460,0.5800
scaffold_shuffled,1,GIN,Molecular graph,458,CC1(C)C(C=C(Cl)Cl)C1C(=O)OC(C#N)c2cccc(Oc3ccccc3)c2,O=C(OCc1cccc(Oc2ccccc2)c1)C1CC1,-8.0170,-6.0295,1.9875,0.4706
scaffold_shuffled,1,GIN,Molecular graph,459,c2ccc1ocnc1c2,c1ccc2ocnc2c1,-1.1600,-1.4057,0.2457,0.3200
scaffold_shuffled,1,GIN,Molecular graph,468,CNC(=O)Oc1cccc2CC(C)(C)Oc12,c1ccc2c(c1)CCO2,-2.8000,-3.8747,1.0747,0.4545
scaffold_shuffled,1,GIN,Molecular graph,496,Nc2cccc3nc1ccccc1cc23 ,c1ccc2nc3ccccc3cc2c1,-4.2200,-4.7742,0.5542,0.5185
scaffold_shuffled,1,GIN,Molecular graph,514,CNC(=O)Oc1ccccc1C2OCCO2,c1ccc(C2OCCO2)cc1,-1.5700,-1.3795,0.1905,0.4878
scaffold_shuffled,1,GIN,Molecular graph,521,CC1CCCCC1NC(=O)Nc2ccccc2,O=C(Nc1ccccc1)NC1CCCCC1,-4.1100,-4.1941,0.0841,0.4848
scaffold_shuffled,1,GIN,Molecular graph,529,CCOC(=O)CCN(SN(C)C(=O)Oc1cccc2CC(C)(C)Oc21)C(C)C,c1ccc2c(c1)CCO2,-4.7100,-4.1187,0.5913,0.2466
scaffold_shuffled,1,GIN,Molecular graph,530,O2c1ccccc1N(C)C(=O)c3cccnc23 ,O=C1Nc2ccccc2Oc2ncccc21,-3.6720,-4.2210,0.5490,0.5000
scaffold_shuffled,1,GIN,Molecular graph,541,CC(=O)C1(O)CCC2C3CCC4=CC(=O)CCC4(C)C3CCC21C,O=C1C=C2CCC3C4CCCC4CCC3C2CC1,-3.8170,-4.2228,0.4058,0.6170
scaffold_shuffled,1,GIN,Molecular graph,552,CC23Cc1cnoc1C=C2CCC4C3CCC5(C)C4CCC5(O)C#C,C1=C2CCC3C4CCCC4CCC3C2Cc2cnoc21,-5.5070,-4.6983,0.8087,0.4462
scaffold_shuffled,1,GIN,Molecular graph,555,CC1OC(CC(O)C1O)OC2C(O)CC(OC2C)OC8C(O)CC(OC7CCC3(C)C(CCC4C3CC(O)C5(C)C(CCC45O)C6=CC(=O)OC6)C7)OC8C ,O=C1C=C(C2CCC3C2CCC2C4CCC(OC5CCC(OC6CCC(OC7CCCCO7)CO6)CO5)CC4CCC23)CO1,-4.0810,-2.0767,2.0043,0.2683
scaffold_shuffled,1,GIN,Molecular graph,591,CC1(C)C(C=C(Cl)Cl)C1C(=O)OCc2cccc(Oc3ccccc3)c2,O=C(OCc1cccc(Oc2ccccc2)c1)C1CC1,-6.2910,-6.0845,0.2065,0.4194
scaffold_shuffled,1,GIN,Molecular graph,610,CC2=CC(=O)c1ccccc1C2=O ,O=C1C=CC(=O)c2ccccc21,-3.0300,-4.7204,1.6904,0.5000
scaffold_shuffled,1,GIN,Molecular graph,624,CC12CCC3C(CCc4cc(O)ccc34)C2CCC1=O,O=C1CCC2C1CCC1c3ccccc3CCC12,-3.9550,-5.2970,1.3420,0.6250
scaffold_shuffled,1,GIN,Molecular graph,626,CC1CO1,C1CO1,-0.5900,0.4661,1.0561,0.4118
scaffold_shuffled,1,GIN,Molecular graph,633,NS(=O)(=O)c2cc1c(NCNS1(=O)=O)cc2Cl ,O=S1(=O)NCNc2ccccc21,-2.6300,-2.8998,0.2698,0.5111
scaffold_shuffled,1,GIN,Molecular graph,640,CC1OC(CC(O)C1O)OC2C(O)CC(OC2C)OC8C(O)CC(OC7CCC3(C)C(CCC4C3CCC5(C)C(CCC45O)C6=CC(=O)OC6)C7)OC8C ,O=C1C=C(C2CCC3C2CCC2C4CCC(OC5CCC(OC6CCC(OC7CCCCO7)CO6)CO5)CC4CCC23)CO1,-5.2930,-2.2111,3.0819,0.2683
scaffold_shuffled,1,GIN,Molecular graph,642,Oc1cccc2cccnc12 ,c1ccc2ncccc2c1,-2.4200,-1.2705,1.1495,0.4074
scaffold_shuffled,1,GIN,Molecular graph,644,Oc1ccc(cc1)C2(OC(=O)c3ccccc23)c4ccc(O)cc4 ,O=C1OC(c2ccccc2)(c2ccccc2)c2ccccc21,-2.9000,-5.4936,2.5936,0.3030
scaffold_shuffled,1,GIN,Molecular graph,647,Cc1cc(=O)[nH]c(=S)[nH]1,O=c1cc[nH]c(=S)[nH]1,-2.4360,-2.2612,0.1748,0.2581
scaffold_shuffled,1,GIN,Molecular graph,657,c1ccc2ncccc2c1,c1ccc2ncccc2c1,-1.3000,-1.9344,0.6344,0.3889
scaffold_shuffled,1,GIN,Molecular graph,676,c1cc2ccc3ccc4ccc5cccc6c(c1)c2c3c4c56,c1cc2ccc3ccc4ccc5cccc6c(c1)c2c3c4c56,-9.0180,-10.0978,1.0798,0.8235
scaffold_shuffled,1,GIN,Molecular graph,682,Cc1c2ccccc2cc3ccccc13,c1ccc2cc3ccccc3cc2c1,-5.8900,-6.5233,0.6333,0.5417
scaffold_shuffled,1,GIN,Molecular graph,695,CC13CCC(=O)C=C1CCC4C2CCC(C(=O)CO)C2(CC(O)C34)C=O ,O=C1C=C2CCC3C4CCCC4CCC3C2CC1,-3.8500,-3.8502,0.0002,0.4225
scaffold_shuffled,1,GIN,Molecular graph,717,CCC(=O)OC3CCC4C2CCC1=CC(=O)CCC1(C)C2CCC34C ,O=C1C=C2CCC3C4CCCC4CCC3C2CC1,-5.3700,-5.1591,0.2109,0.5472
scaffold_shuffled,1,GIN,Molecular graph,718,c1cc2ccc3ccc4ccc5ccc6ccc1c7c2c3c4c5c67,c1cc2ccc3ccc4ccc5ccc6ccc1c1c2c3c4c5c61,-9.3320,-11.2293,1.8973,0.5833
scaffold_shuffled,1,GIN,Molecular graph,744,CC1(C)C(C=C(Cl)C(F)(F)F)C1C(=O)OC(C#N)c2cccc(Oc3ccccc3)c2,O=C(OCc1cccc(Oc2ccccc2)c1)C1CC1,-8.1760,-5.9279,2.2481,0.4583
scaffold_shuffled,1,GIN,Molecular graph,750,CC12CCC3C(CCC4=CC(=O)CCC34C)C2CCC1O,O=C1C=C2CCC3C4CCCC4CCC3C2CC1,-4.0200,-5.0952,1.0752,0.6591
scaffold_shuffled,1,GIN,Molecular graph,754,COc2cc1c(N)nc(nc1c(OC)c2OC)N3CCN(CC3)C(=O)OCC(C)(C)O ,c1ccc2nc(N3CCNCC3)ncc2c1,-3.6380,-2.9281,0.7099,0.1972
scaffold_shuffled,1,GIN,Molecular graph,761,NS(=O)(=O)c2cc1c(NC(NS1(=O)=O)C(Cl)Cl)cc2Cl ,O=S1(=O)NCNc2ccccc21,-2.6800,-3.8578,1.1778,0.4400
scaffold_shuffled,1,GIN,Molecular graph,765,c1ccc2c(c1)cnc3ccccc23 ,c1ccc2c(c1)cnc1ccccc12,-2.7800,-4.6499,1.8699,0.3333
scaffold_shuffled,1,GIN,Molecular graph,768,c1ccc2cc3ccccc3cc2c1,c1ccc2cc3ccccc3cc2c1,-6.3500,-6.3331,0.0169,0.9091
scaffold_shuffled,1,GIN,Molecular graph,780,c1ccc2c3c(ccc2c1)c4cccc5cccc3c45,c1ccc2c3c(ccc2c1)-c1cccc2cccc-3c12,-8.0000,-9.3610,1.3610,0.5000
scaffold_shuffled,1,GIN,Molecular graph,795,c2ccc1nc(ccc1c2)c4ccc3ccccc3n4 ,c1ccc2nc(-c3ccc4ccccc4n3)ccc2c1,-5.4000,-5.1069,0.2931,0.3889
scaffold_shuffled,1,GIN,Molecular graph,808,CCN2c1ncccc1N(C)C(=S)c3cccnc23 ,S=C1Nc2cccnc2Nc2ncccc21,-4.6340,-4.3471,0.2869,0.8158
scaffold_shuffled,1,GIN,Molecular graph,809,O2c1ccccc1N(CC)C(=O)c3ccccc23 ,O=C1Nc2ccccc2Oc2ccccc21,-3.6800,-5.6384,1.9584,0.4872
scaffold_shuffled,1,GIN,Molecular graph,846,O=C1CNC(=O)N1 ,O=C1CNC(=O)N1,-0.4000,0.1094,0.5094,0.3684
scaffold_shuffled,1,GIN,Molecular graph,883,CC(=O)OCC(=O)C1(O)CCC2C3CCC4=CC(=O)CCC4(C)C3C(O)CC21C,O=C1C=C2CCC3C4CCCC4CCC3C2CC1,-4.8800,-3.3491,1.5309,0.7077
scaffold_shuffled,1,GIN,Molecular graph,901,CC1(C)C(C(=O)OC(C#N)c2cccc(Oc3ccccc3)c2)C1(C)C,O=C(OCc1cccc(Oc2ccccc2)c1)C1CC1,-6.0250,-5.5383,0.4867,0.5333
scaffold_shuffled,1,GIN,Molecular graph,916,c2ccc1[nH]ncc1c2 ,c1ccc2[nH]ncc2c1,-2.1600,-1.1247,1.0353,0.3846
scaffold_shuffled,1,GIN,Molecular graph,935,c2ccc1NCCc1c2 ,c1ccc2c(c1)CCN2,-1.0400,-3.4302,2.3902,0.3913
scaffold_shuffled,1,GIN,Molecular graph,938,Nc1nc(O)nc2nc[nH]c12 ,c1ncc2[nH]cnc2n1,-3.4010,-2.0970,1.3040,0.3871
scaffold_shuffled,1,GIN,Molecular graph,939,OC(CC(c1ccccc1)c3c(O)c2ccccc2oc3=O)c4ccc(cc4)c5ccc(Br)cc5 ,O=c1oc2ccccc2cc1C(CCc1ccc(-c2ccccc2)cc1)c1ccccc1,-4.4450,-5.7379,1.2929,0.5472
scaffold_shuffled,1,GIN,Molecular graph,961,CC(=O)OC3(C)CCC4C2CCC1=CC(=O)CCC1(C)C2CCC34C ,O=C1C=C2CCC3C4CCCC4CCC3C2CC1,-5.2840,-4.6892,0.5948,0.5918
scaffold_shuffled,1,GIN,Molecular graph,966,CC12CC(O)C3C(CCC4=CC(=O)CCC34C)C2CCC1C(=O)CO,O=C1C=C2CCC3C4CCCC4CCC3C2CC1,-3.2400,-4.2016,0.9616,0.4412
scaffold_shuffled,1,GIN,Molecular graph,976,CC12CCC(CC1)C(C)(C)O2,C1CC2CCC1CO2,-1.7400,-2.7640,1.0240,0.3000
scaffold_shuffled,1,GIN,Molecular graph,986,CC(C)=CC3C(C(=O)OCc2cccc(Oc1ccccc1)c2)C3(C)C ,O=C(OCc1cccc(Oc2ccccc2)c1)C1CC1,-5.2400,-6.0141,0.7741,0.3750
scaffold_shuffled,1,GIN,Molecular graph,995,CC34CCC1C(CCC2=CC(=O)CCC12O)C3CCC4(O)C#C,O=C1C=C2CCC3C4CCCC4CCC3C2CC1,-4.5700,-3.8840,0.6860,0.4828
scaffold_shuffled,1,GIN,Molecular graph,997,Nc2cnn(c1ccccc1)c(=O)c2Cl,O=c1cccnn1-c1ccccc1,-2.8780,-1.9417,0.9363,0.3333
scaffold_shuffled,1,GIN,Molecular graph,1018,ClC(Cl)CC(=O)NC2=C(Cl)C(=O)c1ccccc1C2=O,O=C1C=CC(=O)c2ccccc21,-5.0300,-5.4274,0.3974,0.3333
scaffold_shuffled,1,GIN,Molecular graph,1025,OCC2OC(OC1(CO)OC(CO)C(O)C1O)C(O)C(O)C2O ,C1CCC(OC2CCCO2)OC1,0.7900,0.0545,0.7355,0.8421
scaffold_shuffled,1,GIN,Molecular graph,1059,C1CCC=CCC1,C1=CCCCCC1,-3.1800,-2.9522,0.2278,0.7000
scaffold_shuffled,1,GIN,Molecular graph,1084,CC(=O)OC3(CCC4C2CCC1=CC(=O)CCC1C2CCC34C)C#C,O=C1C=C2CCC3C4CCCC4CCC3C2CC1,-4.8000,-5.2868,0.4868,0.3611
scaffold_shuffled,1,GIN,Molecular graph,1090,O=C(C=CC=Cc2ccc1OCOc1c2)N3CCCCC3,O=C(C=CC=Cc1ccc2c(c1)OCO2)N1CCCCC1,-3.4600,-4.1888,0.7288,0.4419
scaffold_shuffled,1,GIN,Molecular graph,1096,O=C(c1ccccc1)c2ccccc2,O=C(c1ccccc1)c1ccccc1,-3.1200,-4.3343,1.2143,0.5789
scaffold_shuffled,1,GIN,Molecular graph,1104,O2c1ccc(N)cc1N(C)C(=O)c3cc(C)ccc23 ,O=C1Nc2ccccc2Oc2ccccc21,-3.9280,-5.4443,1.5163,0.3000
scaffold_shuffled,1,GIN,Molecular graph,1107,Cc1cc(no1)C(=O)NNCc2ccccc2,O=C(NNCc1ccccc1)c1ccon1,-2.4610,-1.2322,1.2288,0.3571
scaffold_shuffled,1,GIN,Molecular graph,1115,O=C1NC(=O)C(=O)N1 ,O=C1NC(=O)C(=O)N1,-0.4000,-0.9311,0.5311,0.6923
scaffold_shuffled,2,Dummy (mean),RDKit descriptors,0,OCC3OC(OCC2OC(OC(C#N)c1ccccc1)C(O)C(O)C2O)C(O)C(O)C3O ,c1ccc(COC2CCCC(COC3CCCCO3)O2)cc1,-0.7700,-2.8586,2.0886,0.3676
scaffold_shuffled,2,Dummy (mean),RDKit descriptors,5,c2ccc1scnc1c2 ,c1ccc2scnc2c1,-1.5000,-2.8586,1.3586,0.3077
scaffold_shuffled,2,Dummy (mean),RDKit descriptors,10,O=C1CCCN1,O=C1CCCN1,1.0700,-2.8586,3.9286,0.3043
scaffold_shuffled,2,Dummy (mean),RDKit descriptors,43,CC(C)C1CCC(C)CC1O ,C1CCCCC1,-2.5300,-2.8586,0.3286,0.3030
scaffold_shuffled,2,Dummy (mean),RDKit descriptors,49,c2c(C)cc1nc(C)ccc1c2 ,c1ccc2ncccc2c1,-1.9400,-2.8586,0.9186,0.3750
scaffold_shuffled,2,Dummy (mean),RDKit descriptors,64,O=C(Cn1ccnc1N(=O)=O)NCc2ccccc2,O=C(Cn1ccnc1)NCc1ccccc1,-2.8100,-2.8586,0.0486,0.3778
scaffold_shuffled,2,Dummy (mean),RDKit descriptors,66,CCNc1nc(Cl)nc(n1)N(CC)CC,c1ncncn1,-4.0600,-2.8586,1.2014,0.2222
scaffold_shuffled,2,Dummy (mean),RDKit descriptors,100,CC12CCC3C(CCC4=CC(=O)CCC34C)C2CCC1C(=O)CO,O=C1C=C2CCC3C4CCCC4CCC3C2CC1,-3.4500,-2.8586,0.5914,0.5800
scaffold_shuffled,2,Dummy (mean),RDKit descriptors,109,OCC1OC(C(O)C1O)n2cnc3c(O)ncnc23,c1ncc2ncn(C3CCCO3)c2n1,-1.2300,-2.8586,1.6286,0.5294
scaffold_shuffled,2,Dummy (mean),RDKit descriptors,131,CC34CC(O)C1(F)C(CCC2=CC(=O)CCC12C)C3CCC4(O)C(=O)CO ,O=C1C=C2CCC3C4CCCC4CCC3C2CC1,-3.4300,-2.8586,0.5714,0.5152
scaffold_shuffled,2,Dummy (mean),RDKit descriptors,135,C1Cc2ccccc2C1,c1ccc2c(c1)CCC2,-3.0400,-2.8586,0.1814,0.8571
scaffold_shuffled,2,Dummy (mean),RDKit descriptors,164,O2c1cc(C)ccc1N(C)C(=O)c3cc(N)cnc23 ,O=C1Nc2ccccc2Oc2ncccc21,-3.0430,-2.8586,0.1844,0.2712
scaffold_shuffled,2,Dummy (mean),RDKit descriptors,185,CC12CCC(=O)C=C1CCC3C2CCC4(C)C3CCC4(O)C#C ,O=C1C=C2CCC3C4CCCC4CCC3C2CC1,-5.6600,-2.8586,2.8014,0.6042
scaffold_shuffled,2,Dummy (mean),RDKit descriptors,188,C1C(O)CCC2(C)CC3CCC4(C)C5(C)CC6OCC(C)CC6OC5CC4C3C=C21,C1=C2CCCCC2CC2CCC3C4CC5OCCCC5OC4CC3C12,-7.3200,-2.8586,4.4614,0.2432
scaffold_shuffled,2,Dummy (mean),RDKit descriptors,200,Nc1ccc(cc1)S(=O)(=O)c2ccc(N)cc2,O=S(=O)(c1ccccc1)c1ccccc1,-3.0940,-2.8586,0.2354,0.6500
scaffold_shuffled,2,Dummy (mean),RDKit descriptors,207,Oc2ccc1ncccc1c2 ,c1ccc2ncccc2c1,-2.1600,-2.8586,0.6986,0.3571
scaffold_shuffled,2,Dummy (mean),RDKit descriptors,220,c1cc2cccc3c4cccc5cccc(c(c1)c23)c54,c1cc2cccc3c4cccc5cccc(c(c1)c23)c54,-8.8040,-2.8586,5.9454,0.7500
scaffold_shuffled,2,Dummy (mean),RDKit descriptors,230,OC1CCCCC1,C1CCCCC1,-0.4400,-2.8586,2.4186,1.0000
scaffold_shuffled,2,Dummy (mean),RDKit descriptors,235,CCNc1nc(Cl)nc(NC(C)C)n1,c1ncncn1,-3.8500,-2.8586,0.9914,0.2286
scaffold_shuffled,2,Dummy (mean),RDKit descriptors,245,CCN(CC)c1nc(Cl)nc(NC(C)C)n1,c1ncncn1,-3.7850,-2.8586,0.9264,0.2105
scaffold_shuffled,2,Dummy (mean),RDKit descriptors,261,COc1ccc(cc1)C(c2ccc(OC)cc2)C(Cl)(Cl)Cl,c1ccc(Cc2ccccc2)cc1,-6.8900,-2.8586,4.0314,0.4615
scaffold_shuffled,2,Dummy (mean),RDKit descriptors,262,Fc1cccc(F)c1C(=O)NC(=O)Nc2cc(Cl)c(F)c(Cl)c2F ,O=C(NC(=O)c1ccccc1)Nc1ccccc1,-7.2800,-2.8586,4.4214,0.2364
scaffold_shuffled,2,Dummy (mean),RDKit descriptors,265,OC(Cn1cncn1)(c2ccc(F)cc2)c3ccccc3F,c1ccc(C(Cn2cncn2)c2ccccc2)cc1,-3.3700,-2.8586,0.5114,0.2679
scaffold_shuffled,2,Dummy (mean),RDKit descriptors,270,CCSC(=O)N(CC)C1CCCCC1 ,C1CCCCC1,-3.4000,-2.8586,0.5414,0.3714
scaffold_shuffled,2,Dummy (mean),RDKit descriptors,294,CCOC(=O)c1ccccc1S(=O)(=O)NN(C=O)c2nc(Cl)cc(OC)n2,O=S(=O)(NNc1ncccn1)c1ccccc1,-4.5760,-2.8586,1.7174,0.3636
scaffold_shuffled,2,Dummy (mean),RDKit descriptors,304,ClC1C(Cl)C(Cl)C(Cl)C(Cl)C1Cl,C1CCCCC1,-4.6400,-2.8586,1.7814,0.1600
scaffold_shuffled,2,Dummy (mean),RDKit descriptors,310,CC1(O)CCC2C3CCC4=CC(=O)CCC4(C)C3CCC21C,O=C1C=C2CCC3C4CCCC4CCC3C2CC1,-3.9990,-2.8586,1.1404,0.6744
scaffold_shuffled,2,Dummy (mean),RDKit descriptors,312,C/C1CCC(\C)CC1,C1CCCCC1,-4.4700,-2.8586,1.6114,0.6364
scaffold_shuffled,2,Dummy (mean),RDKit descriptors,344,CCC(C)C(=O)OC2CC(C)C=C3C=CC(C)C(CCC1CC(O)CC(=O)O1)C23 ,O=C1CCCC(CCC2CC=CC3=CCCCC32)O1,-6.0050,-2.8586,3.1464,0.1774
scaffold_shuffled,2,Dummy (mean),RDKit descriptors,364,CC12CC(O)C3C(CCC4=CC(=O)CCC34C)C2CCC1(O)C(=O)CO,O=C1C=C2CCC3C4CCCC4CCC3C2CC1,-3.0900,-2.8586,0.2314,0.6780
scaffold_shuffled,2,Dummy (mean),RDKit descriptors,383,COc1nc(NC(C)C)nc(NC(C)C)n1,c1ncncn1,-2.4780,-2.8586,0.3806,0.2500
scaffold_shuffled,2,Dummy (mean),RDKit descriptors,399,Oc1cccc2ncccc12 ,c1ccc2ncccc2c1,-2.5400,-2.8586,0.3186,0.3571
scaffold_shuffled,2,Dummy (mean),RDKit descriptors,400,CC1=C(SCCO1)C(=O)Nc2ccccc2,O=C(Nc1ccccc1)C1=COCCS1,-3.1400,-2.8586,0.2814,0.5581
scaffold_shuffled,2,Dummy (mean),RDKit descriptors,401,CCOc2ccc1nc(sc1c2)S(N)(=O)=O ,c1ccc2scnc2c1,-3.8100,-2.8586,0.9514,0.3125
scaffold_shuffled,2,Dummy (mean),RDKit descriptors,405,CC(=O)OCC(=O)C3CCC4C2CCC1=CC(=O)CCC1(C)C2CCC34C ,O=C1C=C2CCC3C4CCCC4CCC3C2CC1,-4.6300,-2.8586,1.7714,0.5294
scaffold_shuffled,2,Dummy (mean),RDKit descriptors,420,CC(=O)C1CCC2C3CCC4=CC(=O)CCC4(C)C3CCC12C,O=C1C=C2CCC3C4CCCC4CCC3C2CC1,-4.4200,-2.8586,1.5614,0.6170
scaffold_shuffled,2,Dummy (mean),RDKit descriptors,421,CCN(CC)c1nc(Cl)nc(n1)N(CC)CC,c1ncncn1,-4.4110,-2.8586,1.5524,0.2857
scaffold_shuffled,2,Dummy (mean),RDKit descriptors,428,Oc1ccc(c(O)c1)c3oc2cc(O)cc(O)c2c(=O)c3O ,O=c1cc(-c2ccccc2)oc2ccccc12,-3.0830,-2.8586,0.2244,0.2407
scaffold_shuffled,2,Dummy (mean),RDKit descriptors,429,ClC1(C(=O)C2(Cl)C3(Cl)C14Cl)C5(Cl)C2(Cl)C3(Cl)C(Cl)(Cl)C45Cl,O=C1C2C3C4CC5C3C1C5C42,-5.2590,-2.8586,2.4004,0.4375
scaffold_shuffled,2,Dummy (mean),RDKit descriptors,431,C1CCCCC1,C1CCCCC1,-3.1000,-2.8586,0.2414,1.0000
scaffold_shuffled,2,Dummy (mean),RDKit descriptors,441,OCC1OC(OC2C(O)C(O)C(O)OC2CO)C(O)C(O)C1O,C1CCC(OC2CCCOC2)OC1,-0.2440,-2.8586,2.6146,0.6071
scaffold_shuffled,2,Dummy (mean),RDKit descriptors,450,ClC(Cl)C(c1ccc(Cl)cc1)c2ccc(Cl)cc2,c1ccc(Cc2ccccc2)cc1,-7.2000,-2.8586,4.3414,0.4706
scaffold_shuffled,2,Dummy (mean),RDKit descriptors,451,CC(=O)OC3CCC4C2CCC1=CC(=O)CCC1(C)C2CCC34C ,O=C1C=C2CCC3C4CCCC4CCC3C2CC1,-5.1840,-2.8586,2.3254,0.5800
scaffold_shuffled,2,Dummy (mean),RDKit descriptors,471,c1ccccc1C(O)c2ccccc2,c1ccc(Cc2ccccc2)cc1,-2.5500,-2.8586,0.3086,0.6471
scaffold_shuffled,2,Dummy (mean),RDKit descriptors,482,CC(C)C(Nc1ccc(cc1Cl)C(F)(F)F)C(=O)OC(C#N)c2cccc(Oc3ccccc3)c2,O=C(CNc1ccccc1)OCc1cccc(Oc2ccccc2)c1,-8.0030,-2.8586,5.1444,0.4853
scaffold_shuffled,2,Dummy (mean),RDKit descriptors,488,O=c2c(C3CCCc4ccccc43)c(O)c1ccccc1o2 ,O=c1oc2ccccc2cc1C1CCCc2ccccc21,-2.8400,-2.8586,0.0186,0.3509
scaffold_shuffled,2,Dummy (mean),RDKit descriptors,498,OC(c1ccc(Cl)cc1)(c2ccc(Cl)cc2)C(Cl)(Cl)Cl,c1ccc(Cc2ccccc2)cc1,-5.6660,-2.8586,2.8074,0.4444
scaffold_shuffled,2,Dummy (mean),RDKit descriptors,514,CNC(=O)Oc1ccccc1C2OCCO2,c1ccc(C2OCCO2)cc1,-1.5700,-2.8586,1.2886,0.4878
scaffold_shuffled,2,Dummy (mean),RDKit descriptors,530,O2c1ccccc1N(C)C(=O)c3cccnc23 ,O=C1Nc2ccccc2Oc2ncccc21,-3.6720,-2.8586,0.8134,0.5000
scaffold_shuffled,2,Dummy (mean),RDKit descriptors,532,CC1CCCCC1,C1CCCCC1,-3.8500,-2.8586,0.9914,0.9091
scaffold_shuffled,2,Dummy (mean),RDKit descriptors,539,CCNc1nc(NC(C)C)nc(SC)n1,c1ncncn1,-3.0400,-2.8586,0.1814,0.2162
scaffold_shuffled,2,Dummy (mean),RDKit descriptors,541,CC(=O)C1(O)CCC2C3CCC4=CC(=O)CCC4(C)C3CCC21C,O=C1C=C2CCC3C4CCCC4CCC3C2CC1,-3.8170,-2.8586,0.9584,0.6170
scaffold_shuffled,2,Dummy (mean),RDKit descriptors,543,OC(C(=O)c1ccccc1)c2ccccc2,O=C(Cc1ccccc1)c1ccccc1,-2.8500,-2.8586,0.0086,0.4583
scaffold_shuffled,2,Dummy (mean),RDKit descriptors,549,CCNc1nc(NC(C)(C)C)nc(SC)n1,c1ncncn1,-4.0000,-2.8586,1.1414,0.2162
scaffold_shuffled,2,Dummy (mean),RDKit descriptors,558,c1ccc2c(c1)sc3ccccc23,c1ccc2c(c1)sc1ccccc12,-4.3800,-2.8586,1.5214,0.4667
scaffold_shuffled,2,Dummy (mean),RDKit descriptors,582,Cc1cc(ccc1NS(=O)(=O)C(F)(F)F)S(=O)(=O)c2ccccc2,O=S(=O)(c1ccccc1)c1ccccc1,-3.8000,-2.8586,0.9414,0.4565
scaffold_shuffled,2,Dummy (mean),RDKit descriptors,588,Cc3cc2nc1c(=O)[nH]c(=O)nc1n(CC(O)C(O)C(O)CO)c2cc3C,O=c1nc2[nH]c3ccccc3nc-2c(=O)[nH]1,-3.6850,-2.8586,0.8264,0.2128
scaffold_shuffled,2,Dummy (mean),RDKit descriptors,592,CN2C(=C(O)c1ccccc1S2(=O)=O)C(=O)Nc3ccccn3 ,O=C(Nc1ccccn1)C1=Cc2ccccc2S(=O)(=O)N1,-4.1600,-2.8586,1.3014,0.2833
scaffold_shuffled,2,Dummy (mean),RDKit descriptors,602,Sc2nc1ccccc1s2 ,c1ccc2scnc2c1,-3.1800,-2.8586,0.3214,0.3571
scaffold_shuffled,2,Dummy (mean),RDKit descriptors,604,COc2c1occc1cc3ccc(=O)oc23 ,O=c1ccc2cc3ccoc3cc2o1,-3.6640,-2.8586,0.8054,0.4667
scaffold_shuffled,2,Dummy (mean),RDKit descriptors,610,CC2=CC(=O)c1ccccc1C2=O ,O=C1C=CC(=O)c2ccccc21,-3.0300,-2.8586,0.1714,0.5000
scaffold_shuffled,2,Dummy (mean),RDKit descriptors,636,CCNc1nc(NC(C)C)nc(OC)n1,c1ncncn1,-2.0840,-2.8586,0.7746,0.2162
scaffold_shuffled,2,Dummy (mean),RDKit descriptors,637,c1ccc2c(c1)cc3ccc4cccc5ccc2c3c45,c1ccc2c(c1)cc1ccc3cccc4ccc2c1c34,-8.6990,-2.8586,5.8404,0.6522
scaffold_shuffled,2,Dummy (mean),RDKit descriptors,642,Oc1cccc2cccnc12 ,c1ccc2ncccc2c1,-2.4200,-2.8586,0.4386,0.3704
scaffold_shuffled,2,Dummy (mean),RDKit descriptors,650,c1cc2ccc3cccc4ccc(c1)c2c34,c1cc2ccc3cccc4ccc(c1)c2c34,-6.1760,-2.8586,3.3174,0.6250
scaffold_shuffled,2,Dummy (mean),RDKit descriptors,657,c1ccc2ncccc2c1,c1ccc2ncccc2c1,-1.3000,-2.8586,1.5586,0.4783
scaffold_shuffled,2,Dummy (mean),RDKit descriptors,672,ClC(Cl)C(c1ccc(Cl)cc1)c2ccccc2Cl ,c1ccc(Cc2ccccc2)cc1,-6.5100,-2.8586,3.6514,0.3750
scaffold_shuffled,2,Dummy (mean),RDKit descriptors,686,CCNc1nc(Cl)nc(NCC)n1 ,c1ncncn1,-4.5500,-2.8586,1.6914,0.2857
scaffold_shuffled,2,Dummy (mean),RDKit descriptors,688,CSc1nc(nc(n1)N(C)C)N(C)C,c1ncncn1,-2.6760,-2.8586,0.1826,0.1923
scaffold_shuffled,2,Dummy (mean),RDKit descriptors,694,c1ccc(Cl)cc1C(c2ccc(Cl)cc2)(O)C(=O)OC(C)C,c1ccc(Cc2ccccc2)cc1,-4.5300,-2.8586,1.6714,0.4565
scaffold_shuffled,2,Dummy (mean),RDKit descriptors,695,CC13CCC(=O)C=C1CCC4C2CCC(C(=O)CO)C2(CC(O)C34)C=O ,O=C1C=C2CCC3C4CCCC4CCC3C2CC1,-3.8500,-2.8586,0.9914,0.4225
scaffold_shuffled,2,Dummy (mean),RDKit descriptors,707,COCCCNc1nc(NC(C)C)nc(SC)n1,c1ncncn1,-2.9280,-2.8586,0.0694,0.2308
scaffold_shuffled,2,Dummy (mean),RDKit descriptors,717,CCC(=O)OC3CCC4C2CCC1=CC(=O)CCC1(C)C2CCC34C ,O=C1C=C2CCC3C4CCCC4CCC3C2CC1,-5.3700,-2.8586,2.5114,0.5472
scaffold_shuffled,2,Dummy (mean),RDKit descriptors,721,CN(C)C(=O)C(c1ccccc1)c2ccccc2 ,c1ccc(Cc2ccccc2)cc1,-2.9800,-2.8586,0.1214,0.4194
scaffold_shuffled,2,Dummy (mean),RDKit descriptors,750,CC12CCC3C(CCC4=CC(=O)CCC34C)C2CCC1O,O=C1C=C2CCC3C4CCCC4CCC3C2CC1,-4.0200,-2.8586,1.1614,0.6591
scaffold_shuffled,2,Dummy (mean),RDKit descriptors,753,C/C1CCCCC1\C,C1CCCCC1,-4.3000,-2.8586,1.4414,0.5385
scaffold_shuffled,2,Dummy (mean),RDKit descriptors,765,c1ccc2c(c1)cnc3ccccc23 ,c1ccc2c(c1)cnc1ccccc12,-2.7800,-2.8586,0.0786,0.4545
scaffold_shuffled,2,Dummy (mean),RDKit descriptors,828,O=C2NC(=O)C1(CCCCC1)C(=O)N2,O=C1NC(=O)C2(CCCCC2)C(=O)N1,-3.0600,-2.8586,0.2014,1.0000
scaffold_shuffled,2,Dummy (mean),RDKit descriptors,845,C1c2ccccc2c3cc4ccccc4cc13,c1ccc2c(c1)Cc1cc3ccccc3cc1-2,-8.0400,-2.8586,5.1814,0.4688
scaffold_shuffled,2,Dummy (mean),RDKit descriptors,852,O=c2[nH]c(=O)c1[nH]c(=O)[nH]c1[nH]2 ,O=c1[nH]c(=O)c2[nH]c(=O)[nH]c2[nH]1,-3.9300,-2.8586,1.0714,0.1667
scaffold_shuffled,2,Dummy (mean),RDKit descriptors,855,Clc1ccc(cc1)C(c2ccc(Cl)cc2)C(Cl)(Cl)Cl,c1ccc(Cc2ccccc2)cc1,-7.1500,-2.8586,4.2914,0.4500
scaffold_shuffled,2,Dummy (mean),RDKit descriptors,864,CCNc1nc(Cl)nc(NC(C)(C)C#N)n1,c1ncncn1,-3.1500,-2.8586,0.2914,0.2000
scaffold_shuffled,2,Dummy (mean),RDKit descriptors,866,CC=C(C(=CC)c1ccc(O)cc1)c2ccc(O)cc2,C=C(C(=C)c1ccccc1)c1ccccc1,-4.9500,-2.8586,2.0914,0.4706
scaffold_shuffled,2,Dummy (mean),RDKit descriptors,872,CN(C)c1nc(nc(n1)N(C)C)N(C)C,c1ncncn1,-3.3640,-2.8586,0.5054,0.2500
scaffold_shuffled,2,Dummy (mean),RDKit descriptors,883,CC(=O)OCC(=O)C1(O)CCC2C3CCC4=CC(=O)CCC4(C)C3C(O)CC21C,O=C1C=C2CCC3C4CCCC4CCC3C2CC1,-4.8800,-2.8586,2.0214,0.7031
scaffold_shuffled,2,Dummy (mean),RDKit descriptors,891,C(c1ccccc1)c2ccccc2,c1ccc(Cc2ccccc2)cc1,-4.0800,-2.8586,1.2214,0.6000
scaffold_shuffled,2,Dummy (mean),RDKit descriptors,893,CCN(Cc1c(F)cccc1Cl)c2c(cc(cc2N(=O)=O)C(F)(F)F)N(=O)=O,c1ccc(CNc2ccccc2)cc1,-6.7800,-2.8586,3.9214,0.5472
scaffold_shuffled,2,Dummy (mean),RDKit descriptors,894,CC(C)Nc1nc(Cl)nc(NC(C)C)n1,c1ncncn1,-4.4300,-2.8586,1.5714,0.2000
scaffold_shuffled,2,Dummy (mean),RDKit descriptors,904,CSc1nc(NC(C)C)nc(NC(C)C)n1,c1ncncn1,-4.1000,-2.8586,1.2414,0.2083
scaffold_shuffled,2,Dummy (mean),RDKit descriptors,917,CC5(C)OC4CC3C2CCC1=CC(=O)C=CC1(C)C2(F)C(O)CC3(C)C4(O5)C(=O)CO ,O=C1C=CC2C(=C1)CCC1C2CCC2C1CC1OCOC12,-4.3100,-2.8586,1.4514,0.2706
scaffold_shuffled,2,Dummy (mean),RDKit descriptors,918,Nc2nc1[nH]cnc1c(=O)[nH]2 ,O=c1[nH]cnc2[nH]cnc12,-3.5830,-2.8586,0.7244,0.3158
scaffold_shuffled,2,Dummy (mean),RDKit descriptors,947,CCC1CCCCC1,C1CCCCC1,-4.2500,-2.8586,1.3914,0.5263
scaffold_shuffled,2,Dummy (mean),RDKit descriptors,961,CC(=O)OC3(C)CCC4C2CCC1=CC(=O)CCC1(C)C2CCC34C ,O=C1C=C2CCC3C4CCCC4CCC3C2CC1,-5.2840,-2.8586,2.4254,0.5918
scaffold_shuffled,2,Dummy (mean),RDKit descriptors,963,Fc1cccc(F)c1C(=O)NC(=O)Nc2ccc(Cl)cc2,O=C(NC(=O)c1ccccc1)Nc1ccccc1,-6.0200,-2.8586,3.1614,0.4324
scaffold_shuffled,2,Dummy (mean),RDKit descriptors,966,CC12CC(O)C3C(CCC4=CC(=O)CCC34C)C2CCC1C(=O)CO,O=C1C=C2CCC3C4CCCC4CCC3C2CC1,-3.2400,-2.8586,0.3814,0.4412
scaffold_shuffled,2,Dummy (mean),RDKit descriptors,990,CCCCNC(=O)n1c(NC(=O)OC)nc2ccccc12,c1ccc2[nH]cnc2c1,-4.8830,-2.8586,2.0244,0.2830
scaffold_shuffled,2,Dummy (mean),RDKit descriptors,995,CC34CCC1C(CCC2=CC(=O)CCC12O)C3CCC4(O)C#C,O=C1C=C2CCC3C4CCCC4CCC3C2CC1,-4.5700,-2.8586,1.7114,0.4828
scaffold_shuffled,2,Dummy (mean),RDKit descriptors,996,CC(C)OC(=O)C(O)(c1ccc(Br)cc1)c2ccc(Br)cc2 ,c1ccc(Cc2ccccc2)cc1,-4.9300,-2.8586,2.0714,0.3243
scaffold_shuffled,2,Dummy (mean),RDKit descriptors,1002,C1CCC2CCCCC2C1,C1CCC2CCCCC2C1,-5.1900,-2.8586,2.3314,0.3846
scaffold_shuffled,2,Dummy (mean),RDKit descriptors,1010,CCNc1nc(NC(C)(C)C)nc(OC)n1,c1ncncn1,-3.2390,-2.8586,0.3804,0.2162
scaffold_shuffled,2,Dummy (mean),RDKit descriptors,1018,ClC(Cl)CC(=O)NC2=C(Cl)C(=O)c1ccccc1C2=O,O=C1C=CC(=O)c2ccccc21,-5.0300,-2.8586,2.1714,0.3333
scaffold_shuffled,2,Dummy (mean),RDKit descriptors,1019,ClC(Cl)C(c1ccc(Cl)cc1)c2ccc(Cl)cc2 ,c1ccc(Cc2ccccc2)cc1,-7.2000,-2.8586,4.3414,0.4706
scaffold_shuffled,2,Dummy (mean),RDKit descriptors,1026,OC1C(O)C(O)C(O)C(O)C1O,C1CCCCC1,0.3500,-2.8586,3.2086,0.2941
scaffold_shuffled,2,Dummy (mean),RDKit descriptors,1039,CC(=O)SC4CC1=CC(=O)CCC1(C)C5CCC2(C)C(CCC23CCC(=O)O3)C45,O=C1C=C2CCC3C(CCC4C3CCC43CCC(=O)O3)C2CC1,-4.1730,-2.8586,1.3144,0.3768
scaffold_shuffled,2,Dummy (mean),RDKit descriptors,1084,CC(=O)OC3(CCC4C2CCC1=CC(=O)CCC1C2CCC34C)C#C,O=C1C=C2CCC3C4CCCC4CCC3C2CC1,-4.8000,-2.8586,1.9414,0.3611
scaffold_shuffled,2,Dummy (mean),RDKit descriptors,1107,Cc1cc(no1)C(=O)NNCc2ccccc2,O=C(NNCc1ccccc1)c1ccon1,-2.4610,-2.8586,0.3976,0.3571
scaffold_shuffled,2,Dummy (mean),RDKit descriptors,1109,Oc1ccc(Cl)cc1Cc2cc(Cl)ccc2O,c1ccc(Cc2ccccc2)cc1,-3.9530,-2.8586,1.0944,0.5417
scaffold_shuffled,2,Dummy (mean),RDKit descriptors,1115,O=C1NC(=O)C(=O)N1 ,O=C1NC(=O)C(=O)N1,-0.4000,-2.8586,2.4586,0.6923
scaffold_shuffled,2,Dummy (mean),RDKit descriptors,1117,NS(=O)(=O)c1cc(ccc1Cl)C2(O)NC(=O)c3ccccc23,O=C1NC(c2ccccc2)c2ccccc21,-3.4510,-2.8586,0.5924,0.3220
scaffold_shuffled,2,Linear,RDKit descriptors,0,OCC3OC(OCC2OC(OC(C#N)c1ccccc1)C(O)C(O)C2O)C(O)C(O)C3O ,c1ccc(COC2CCCC(COC3CCCCO3)O2)cc1,-0.7700,0.1875,0.9575,0.3676
scaffold_shuffled,2,Linear,RDKit descriptors,5,c2ccc1scnc1c2 ,c1ccc2scnc2c1,-1.5000,-2.4939,0.9939,0.3077
scaffold_shuffled,2,Linear,RDKit descriptors,10,O=C1CCCN1,O=C1CCCN1,1.0700,-0.0606,1.1306,0.3043
scaffold_shuffled,2,Linear,RDKit descriptors,43,CC(C)C1CCC(C)CC1O ,C1CCCCC1,-2.5300,-2.6674,0.1374,0.3030
scaffold_shuffled,2,Linear,RDKit descriptors,49,c2c(C)cc1nc(C)ccc1c2 ,c1ccc2ncccc2c1,-1.9400,-3.0967,1.1567,0.3750
scaffold_shuffled,2,Linear,RDKit descriptors,64,O=C(Cn1ccnc1N(=O)=O)NCc2ccccc2,O=C(Cn1ccnc1)NCc1ccccc1,-2.8100,-2.3121,0.4979,0.3778
scaffold_shuffled,2,Linear,RDKit descriptors,66,CCNc1nc(Cl)nc(n1)N(CC)CC,c1ncncn1,-4.0600,-2.5178,1.5422,0.2222
scaffold_shuffled,2,Linear,RDKit descriptors,100,CC12CCC3C(CCC4=CC(=O)CCC34C)C2CCC1C(=O)CO,O=C1C=C2CCC3C4CCCC4CCC3C2CC1,-3.4500,-4.7594,1.3094,0.5800
scaffold_shuffled,2,Linear,RDKit descriptors,109,OCC1OC(C(O)C1O)n2cnc3c(O)ncnc23,c1ncc2ncn(C3CCCO3)c2n1,-1.2300,0.0571,1.2871,0.5294
scaffold_shuffled,2,Linear,RDKit descriptors,131,CC34CC(O)C1(F)C(CCC2=CC(=O)CCC12C)C3CCC4(O)C(=O)CO ,O=C1C=C2CCC3C4CCCC4CCC3C2CC1,-3.4300,-3.5287,0.0987,0.5152
scaffold_shuffled,2,Linear,RDKit descriptors,135,C1Cc2ccccc2C1,c1ccc2c(c1)CCC2,-3.0400,-2.1628,0.8772,0.8571
scaffold_shuffled,2,Linear,RDKit descriptors,164,O2c1cc(C)ccc1N(C)C(=O)c3cc(N)cnc23 ,O=C1Nc2ccccc2Oc2ncccc21,-3.0430,-3.4633,0.4203,0.2712
scaffold_shuffled,2,Linear,RDKit descriptors,185,CC12CCC(=O)C=C1CCC3C2CCC4(C)C3CCC4(O)C#C ,O=C1C=C2CCC3C4CCCC4CCC3C2CC1,-5.6600,-4.7735,0.8865,0.6042
scaffold_shuffled,2,Linear,RDKit descriptors,188,C1C(O)CCC2(C)CC3CCC4(C)C5(C)CC6OCC(C)CC6OC5CC4C3C=C21,C1=C2CCCCC2CC2CCC3C4CC5OCCCC5OC4CC3C12,-7.3200,-6.7042,0.6158,0.2432
scaffold_shuffled,2,Linear,RDKit descriptors,200,Nc1ccc(cc1)S(=O)(=O)c2ccc(N)cc2,O=S(=O)(c1ccccc1)c1ccccc1,-3.0940,-2.9079,0.1861,0.6500
scaffold_shuffled,2,Linear,RDKit descriptors,207,Oc2ccc1ncccc1c2 ,c1ccc2ncccc2c1,-2.1600,-2.3756,0.2156,0.3571
scaffold_shuffled,2,Linear,RDKit descriptors,220,c1cc2cccc3c4cccc5cccc(c(c1)c23)c54,c1cc2cccc3c4cccc5cccc(c(c1)c23)c54,-8.8040,-6.1160,2.6880,0.7500
scaffold_shuffled,2,Linear,RDKit descriptors,230,OC1CCCCC1,C1CCCCC1,-0.4400,-1.4134,0.9734,1.0000
scaffold_shuffled,2,Linear,RDKit descriptors,235,CCNc1nc(Cl)nc(NC(C)C)n1,c1ncncn1,-3.8500,-2.5747,1.2753,0.2286
scaffold_shuffled,2,Linear,RDKit descriptors,245,CCN(CC)c1nc(Cl)nc(NC(C)C)n1,c1ncncn1,-3.7850,-2.9424,0.8426,0.2105
scaffold_shuffled,2,Linear,RDKit descriptors,261,COc1ccc(cc1)C(c2ccc(OC)cc2)C(Cl)(Cl)Cl,c1ccc(Cc2ccccc2)cc1,-6.8900,-5.9073,0.9827,0.4615
scaffold_shuffled,2,Linear,RDKit descriptors,262,Fc1cccc(F)c1C(=O)NC(=O)Nc2cc(Cl)c(F)c(Cl)c2F ,O=C(NC(=O)c1ccccc1)Nc1ccccc1,-7.2800,-5.7974,1.4826,0.2364
scaffold_shuffled,2,Linear,RDKit descriptors,265,OC(Cn1cncn1)(c2ccc(F)cc2)c3ccccc3F,c1ccc(C(Cn2cncn2)c2ccccc2)cc1,-3.3700,-3.4434,0.0734,0.2679
scaffold_shuffled,2,Linear,RDKit descriptors,270,CCSC(=O)N(CC)C1CCCCC1 ,C1CCCCC1,-3.4000,-3.8476,0.4476,0.3714
scaffold_shuffled,2,Linear,RDKit descriptors,294,CCOC(=O)c1ccccc1S(=O)(=O)NN(C=O)c2nc(Cl)cc(OC)n2,O=S(=O)(NNc1ncccn1)c1ccccc1,-4.5760,-3.1308,1.4452,0.3636
scaffold_shuffled,2,Linear,RDKit descriptors,304,ClC1C(Cl)C(Cl)C(Cl)C(Cl)C1Cl,C1CCCCC1,-4.6400,-4.0839,0.5561,0.1600
scaffold_shuffled,2,Linear,RDKit descriptors,310,CC1(O)CCC2C3CCC4=CC(=O)CCC4(C)C3CCC21C,O=C1C=C2CCC3C4CCCC4CCC3C2CC1,-3.9990,-5.1261,1.1271,0.6744
scaffold_shuffled,2,Linear,RDKit descriptors,312,C/C1CCC(\C)CC1,C1CCCCC1,-4.4700,-2.7438,1.7262,0.6364
scaffold_shuffled,2,Linear,RDKit descriptors,344,CCC(C)C(=O)OC2CC(C)C=C3C=CC(C)C(CCC1CC(O)CC(=O)O1)C23 ,O=C1CCCC(CCC2CC=CC3=CCCCC32)O1,-6.0050,-5.5459,0.4591,0.1774
scaffold_shuffled,2,Linear,RDKit descriptors,364,CC12CC(O)C3C(CCC4=CC(=O)CCC34C)C2CCC1(O)C(=O)CO,O=C1C=C2CCC3C4CCCC4CCC3C2CC1,-3.0900,-3.3835,0.2935,0.6780
scaffold_shuffled,2,Linear,RDKit descriptors,383,COc1nc(NC(C)C)nc(NC(C)C)n1,c1ncncn1,-2.4780,-2.4113,0.0667,0.2500
scaffold_shuffled,2,Linear,RDKit descriptors,399,Oc1cccc2ncccc12 ,c1ccc2ncccc2c1,-2.5400,-2.3756,0.1644,0.3571
scaffold_shuffled,2,Linear,RDKit descriptors,400,CC1=C(SCCO1)C(=O)Nc2ccccc2,O=C(Nc1ccccc1)C1=COCCS1,-3.1400,-3.2706,0.1306,0.5581
scaffold_shuffled,2,Linear,RDKit descriptors,401,CCOc2ccc1nc(sc1c2)S(N)(=O)=O ,c1ccc2scnc2c1,-3.8100,-2.5177,1.2923,0.3125
scaffold_shuffled,2,Linear,RDKit descriptors,405,CC(=O)OCC(=O)C3CCC4C2CCC1=CC(=O)CCC1(C)C2CCC34C ,O=C1C=C2CCC3C4CCCC4CCC3C2CC1,-4.6300,-5.4831,0.8531,0.5294
scaffold_shuffled,2,Linear,RDKit descriptors,420,CC(=O)C1CCC2C3CCC4=CC(=O)CCC4(C)C3CCC12C,O=C1C=C2CCC3C4CCCC4CCC3C2CC1,-4.4200,-5.5479,1.1279,0.6170
scaffold_shuffled,2,Linear,RDKit descriptors,421,CCN(CC)c1nc(Cl)nc(n1)N(CC)CC,c1ncncn1,-4.4110,-2.8861,1.5249,0.2857
scaffold_shuffled,2,Linear,RDKit descriptors,428,Oc1ccc(c(O)c1)c3oc2cc(O)cc(O)c2c(=O)c3O ,O=c1cc(-c2ccccc2)oc2ccccc12,-3.0830,-3.8745,0.7915,0.2407
scaffold_shuffled,2,Linear,RDKit descriptors,429,ClC1(C(=O)C2(Cl)C3(Cl)C14Cl)C5(Cl)C2(Cl)C3(Cl)C(Cl)(Cl)C45Cl,O=C1C2C3C4CC5C3C1C5C42,-5.2590,-5.8260,0.5670,0.4375
scaffold_shuffled,2,Linear,RDKit descriptors,431,C1CCCCC1,C1CCCCC1,-3.1000,-2.1726,0.9274,1.0000
scaffold_shuffled,2,Linear,RDKit descriptors,441,OCC1OC(OC2C(O)C(O)C(O)OC2CO)C(O)C(O)C1O,C1CCC(OC2CCCOC2)OC1,-0.2440,2.8541,3.0981,0.6071
scaffold_shuffled,2,Linear,RDKit descriptors,450,ClC(Cl)C(c1ccc(Cl)cc1)c2ccc(Cl)cc2,c1ccc(Cc2ccccc2)cc1,-7.2000,-6.3914,0.8086,0.4706
scaffold_shuffled,2,Linear,RDKit descriptors,451,CC(=O)OC3CCC4C2CCC1=CC(=O)CCC1(C)C2CCC34C ,O=C1C=C2CCC3C4CCCC4CCC3C2CC1,-5.1840,-5.4216,0.2376,0.5800
scaffold_shuffled,2,Linear,RDKit descriptors,471,c1ccccc1C(O)c2ccccc2,c1ccc(Cc2ccccc2)cc1,-2.5500,-3.1123,0.5623,0.6471
scaffold_shuffled,2,Linear,RDKit descriptors,482,CC(C)C(Nc1ccc(cc1Cl)C(F)(F)F)C(=O)OC(C#N)c2cccc(Oc3ccccc3)c2,O=C(CNc1ccccc1)OCc1cccc(Oc2ccccc2)c1,-8.0030,-8.9707,0.9677,0.4853
scaffold_shuffled,2,Linear,RDKit descriptors,488,O=c2c(C3CCCc4ccccc43)c(O)c1ccccc1o2 ,O=c1oc2ccccc2cc1C1CCCc2ccccc21,-2.8400,-4.9588,2.1188,0.3509
scaffold_shuffled,2,Linear,RDKit descriptors,498,OC(c1ccc(Cl)cc1)(c2ccc(Cl)cc2)C(Cl)(Cl)Cl,c1ccc(Cc2ccccc2)cc1,-5.6660,-6.4535,0.7875,0.4444
scaffold_shuffled,2,Linear,RDKit descriptors,514,CNC(=O)Oc1ccccc1C2OCCO2,c1ccc(C2OCCO2)cc1,-1.5700,-2.2693,0.6993,0.4878
scaffold_shuffled,2,Linear,RDKit descriptors,530,O2c1ccccc1N(C)C(=O)c3cccnc23 ,O=C1Nc2ccccc2Oc2ncccc21,-3.6720,-3.2187,0.4533,0.5000
scaffold_shuffled,2,Linear,RDKit descriptors,532,CC1CCCCC1,C1CCCCC1,-3.8500,-2.4582,1.3918,0.9091
scaffold_shuffled,2,Linear,RDKit descriptors,539,CCNc1nc(NC(C)C)nc(SC)n1,c1ncncn1,-3.0400,-2.6445,0.3955,0.2162
scaffold_shuffled,2,Linear,RDKit descriptors,541,CC(=O)C1(O)CCC2C3CCC4=CC(=O)CCC4(C)C3CCC21C,O=C1C=C2CCC3C4CCCC4CCC3C2CC1,-3.8170,-4.9312,1.1142,0.6170
scaffold_shuffled,2,Linear,RDKit descriptors,543,OC(C(=O)c1ccccc1)c2ccccc2,O=C(Cc1ccccc1)c1ccccc1,-2.8500,-3.1718,0.3218,0.4583
scaffold_shuffled,2,Linear,RDKit descriptors,549,CCNc1nc(NC(C)(C)C)nc(SC)n1,c1ncncn1,-4.0000,-3.1015,0.8985,0.2162
scaffold_shuffled,2,Linear,RDKit descriptors,558,c1ccc2c(c1)sc3ccccc23,c1ccc2c(c1)sc1ccccc12,-4.3800,-4.2466,0.1334,0.4667
scaffold_shuffled,2,Linear,RDKit descriptors,582,Cc1cc(ccc1NS(=O)(=O)C(F)(F)F)S(=O)(=O)c2ccccc2,O=S(=O)(c1ccccc1)c1ccccc1,-3.8000,-4.5539,0.7539,0.4565
scaffold_shuffled,2,Linear,RDKit descriptors,588,Cc3cc2nc1c(=O)[nH]c(=O)nc1n(CC(O)C(O)C(O)CO)c2cc3C,O=c1nc2[nH]c3ccccc3nc-2c(=O)[nH]1,-3.6850,-0.6008,3.0842,0.2128
scaffold_shuffled,2,Linear,RDKit descriptors,592,CN2C(=C(O)c1ccccc1S2(=O)=O)C(=O)Nc3ccccn3 ,O=C(Nc1ccccn1)C1=Cc2ccccc2S(=O)(=O)N1,-4.1600,-3.1815,0.9785,0.2833
scaffold_shuffled,2,Linear,RDKit descriptors,602,Sc2nc1ccccc1s2 ,c1ccc2scnc2c1,-3.1800,-2.8682,0.3118,0.3571
scaffold_shuffled,2,Linear,RDKit descriptors,604,COc2c1occc1cc3ccc(=O)oc23 ,O=c1ccc2cc3ccoc3cc2o1,-3.6640,-3.3548,0.3092,0.4667
scaffold_shuffled,2,Linear,RDKit descriptors,610,CC2=CC(=O)c1ccccc1C2=O ,O=C1C=CC(=O)c2ccccc21,-3.0300,-2.5037,0.5263,0.5000
scaffold_shuffled,2,Linear,RDKit descriptors,636,CCNc1nc(NC(C)C)nc(OC)n1,c1ncncn1,-2.0840,-1.9867,0.0973,0.2162
scaffold_shuffled,2,Linear,RDKit descriptors,637,c1ccc2c(c1)cc3ccc4cccc5ccc2c3c45,c1ccc2c(c1)cc1ccc3cccc4ccc2c1c34,-8.6990,-6.1160,2.5830,0.6522
scaffold_shuffled,2,Linear,RDKit descriptors,642,Oc1cccc2cccnc12 ,c1ccc2ncccc2c1,-2.4200,-2.3756,0.0444,0.3704
scaffold_shuffled,2,Linear,RDKit descriptors,650,c1cc2ccc3cccc4ccc(c1)c2c34,c1cc2ccc3cccc4ccc(c1)c2c34,-6.1760,-4.8246,1.3514,0.6250
scaffold_shuffled,2,Linear,RDKit descriptors,657,c1ccc2ncccc2c1,c1ccc2ncccc2c1,-1.3000,-2.4149,1.1149,0.4783
scaffold_shuffled,2,Linear,RDKit descriptors,672,ClC(Cl)C(c1ccc(Cl)cc1)c2ccccc2Cl ,c1ccc(Cc2ccccc2)cc1,-6.5100,-6.3914,0.1186,0.3750
scaffold_shuffled,2,Linear,RDKit descriptors,686,CCNc1nc(Cl)nc(NCC)n1 ,c1ncncn1,-4.5500,-2.1506,2.3994,0.2857
scaffold_shuffled,2,Linear,RDKit descriptors,688,CSc1nc(nc(n1)N(C)C)N(C)C,c1ncncn1,-2.6760,-1.3745,1.3015,0.1923
scaffold_shuffled,2,Linear,RDKit descriptors,694,c1ccc(Cl)cc1C(c2ccc(Cl)cc2)(O)C(=O)OC(C)C,c1ccc(Cc2ccccc2)cc1,-4.5300,-5.1645,0.6345,0.4565
scaffold_shuffled,2,Linear,RDKit descriptors,695,CC13CCC(=O)C=C1CCC4C2CCC(C(=O)CO)C2(CC(O)C34)C=O ,O=C1C=C2CCC3C4CCCC4CCC3C2CC1,-3.8500,-3.3771,0.4729,0.4225
scaffold_shuffled,2,Linear,RDKit descriptors,707,COCCCNc1nc(NC(C)C)nc(SC)n1,c1ncncn1,-2.9280,-2.7921,0.1359,0.2308
scaffold_shuffled,2,Linear,RDKit descriptors,717,CCC(=O)OC3CCC4C2CCC1=CC(=O)CCC1(C)C2CCC34C ,O=C1C=C2CCC3C4CCCC4CCC3C2CC1,-5.3700,-5.8190,0.4490,0.5472
scaffold_shuffled,2,Linear,RDKit descriptors,721,CN(C)C(=O)C(c1ccccc1)c2ccccc2 ,c1ccc(Cc2ccccc2)cc1,-2.9800,-3.3701,0.3901,0.4194
scaffold_shuffled,2,Linear,RDKit descriptors,750,CC12CCC3C(CCC4=CC(=O)CCC34C)C2CCC1O,O=C1C=C2CCC3C4CCCC4CCC3C2CC1,-4.0200,-4.6979,0.6779,0.6591
scaffold_shuffled,2,Linear,RDKit descriptors,753,C/C1CCCCC1\C,C1CCCCC1,-4.3000,-2.7438,1.5562,0.5385
scaffold_shuffled,2,Linear,RDKit descriptors,765,c1ccc2c(c1)cnc3ccccc23 ,c1ccc2c(c1)cnc1ccccc12,-2.7800,-3.7064,0.9264,0.4545
scaffold_shuffled,2,Linear,RDKit descriptors,828,O=C2NC(=O)C1(CCCCC1)C(=O)N2,O=C1NC(=O)C2(CCCCC2)C(=O)N1,-3.0600,-1.2782,1.7818,1.0000
scaffold_shuffled,2,Linear,RDKit descriptors,845,C1c2ccccc2c3cc4ccccc4cc13,c1ccc2c(c1)Cc1cc3ccccc3cc1-2,-8.0400,-4.6910,3.3490,0.4688
scaffold_shuffled,2,Linear,RDKit descriptors,852,O=c2[nH]c(=O)c1[nH]c(=O)[nH]c1[nH]2 ,O=c1[nH]c(=O)c2[nH]c(=O)[nH]c2[nH]1,-3.9300,0.3888,4.3188,0.1667
scaffold_shuffled,2,Linear,RDKit descriptors,855,Clc1ccc(cc1)C(c2ccc(Cl)cc2)C(Cl)(Cl)Cl,c1ccc(Cc2ccccc2)cc1,-7.1500,-7.0835,0.0665,0.4500
scaffold_shuffled,2,Linear,RDKit descriptors,864,CCNc1nc(Cl)nc(NC(C)(C)C#N)n1,c1ncncn1,-3.1500,-2.7887,0.3613,0.2000
scaffold_shuffled,2,Linear,RDKit descriptors,866,CC=C(C(=CC)c1ccc(O)cc1)c2ccc(O)cc2,C=C(C(=C)c1ccccc1)c1ccccc1,-4.9500,-5.3363,0.3863,0.4706
scaffold_shuffled,2,Linear,RDKit descriptors,872,CN(C)c1nc(nc(n1)N(C)C)N(C)C,c1ncncn1,-3.3640,-0.7480,2.6160,0.2500
scaffold_shuffled,2,Linear,RDKit descriptors,883,CC(=O)OCC(=O)C1(O)CCC2C3CCC4=CC(=O)CCC4(C)C3C(O)CC21C,O=C1C=C2CCC3C4CCCC4CCC3C2CC1,-4.8800,-4.1071,0.7729,0.7031
scaffold_shuffled,2,Linear,RDKit descriptors,891,C(c1ccccc1)c2ccccc2,c1ccc(Cc2ccccc2)cc1,-4.0800,-3.3620,0.7180,0.6000
scaffold_shuffled,2,Linear,RDKit descriptors,893,CCN(Cc1c(F)cccc1Cl)c2c(cc(cc2N(=O)=O)C(F)(F)F)N(=O)=O,c1ccc(CNc2ccccc2)cc1,-6.7800,-6.9379,0.1579,0.5472
scaffold_shuffled,2,Linear,RDKit descriptors,894,CC(C)Nc1nc(Cl)nc(NC(C)C)n1,c1ncncn1,-4.4300,-2.9990,1.4310,0.2000
scaffold_shuffled,2,Linear,RDKit descriptors,904,CSc1nc(NC(C)C)nc(NC(C)C)n1,c1ncncn1,-4.1000,-3.0691,1.0309,0.2083
scaffold_shuffled,2,Linear,RDKit descriptors,917,CC5(C)OC4CC3C2CCC1=CC(=O)C=CC1(C)C2(F)C(O)CC3(C)C4(O5)C(=O)CO ,O=C1C=CC2C(=C1)CCC1C2CCC2C1CC1OCOC12,-4.3100,-4.2120,0.0980,0.2706
scaffold_shuffled,2,Linear,RDKit descriptors,918,Nc2nc1[nH]cnc1c(=O)[nH]2 ,O=c1[nH]cnc2[nH]cnc12,-3.5830,-0.4053,3.1777,0.3158
scaffold_shuffled,2,Linear,RDKit descriptors,947,CCC1CCCCC1,C1CCCCC1,-4.2500,-2.8556,1.3944,0.5263
scaffold_shuffled,2,Linear,RDKit descriptors,961,CC(=O)OC3(C)CCC4C2CCC1=CC(=O)CCC1(C)C2CCC34C ,O=C1C=C2CCC3C4CCCC4CCC3C2CC1,-5.2840,-5.8498,0.5658,0.5918
scaffold_shuffled,2,Linear,RDKit descriptors,963,Fc1cccc(F)c1C(=O)NC(=O)Nc2ccc(Cl)cc2,O=C(NC(=O)c1ccccc1)Nc1ccccc1,-6.0200,-4.6695,1.3505,0.4324
scaffold_shuffled,2,Linear,RDKit descriptors,966,CC12CC(O)C3C(CCC4=CC(=O)CCC34C)C2CCC1C(=O)CO,O=C1C=C2CCC3C4CCCC4CCC3C2CC1,-3.2400,-4.0002,0.7602,0.4412
scaffold_shuffled,2,Linear,RDKit descriptors,990,CCCCNC(=O)n1c(NC(=O)OC)nc2ccccc12,c1ccc2[nH]cnc2c1,-4.8830,-3.8207,1.0623,0.2830
scaffold_shuffled,2,Linear,RDKit descriptors,995,CC34CCC1C(CCC2=CC(=O)CCC12O)C3CCC4(O)C#C,O=C1C=C2CCC3C4CCCC4CCC3C2CC1,-4.5700,-3.7287,0.8413,0.4828
scaffold_shuffled,2,Linear,RDKit descriptors,996,CC(C)OC(=O)C(O)(c1ccc(Br)cc1)c2ccc(Br)cc2 ,c1ccc(Cc2ccccc2)cc1,-4.9300,-5.6476,0.7176,0.3243
scaffold_shuffled,2,Linear,RDKit descriptors,1002,C1CCC2CCCCC2C1,C1CCC2CCCCC2C1,-5.1900,-3.3506,1.8394,0.3846
scaffold_shuffled,2,Linear,RDKit descriptors,1010,CCNc1nc(NC(C)(C)C)nc(OC)n1,c1ncncn1,-3.2390,-2.4436,0.7954,0.2162
scaffold_shuffled,2,Linear,RDKit descriptors,1018,ClC(Cl)CC(=O)NC2=C(Cl)C(=O)c1ccccc1C2=O,O=C1C=CC(=O)c2ccccc21,-5.0300,-3.9899,1.0401,0.3333
scaffold_shuffled,2,Linear,RDKit descriptors,1019,ClC(Cl)C(c1ccc(Cl)cc1)c2ccc(Cl)cc2 ,c1ccc(Cc2ccccc2)cc1,-7.2000,-6.3914,0.8086,0.4706
scaffold_shuffled,2,Linear,RDKit descriptors,1026,OC1C(O)C(O)C(O)C(O)C1O,C1CCCCC1,0.3500,2.3830,2.0330,0.2941
scaffold_shuffled,2,Linear,RDKit descriptors,1039,CC(=O)SC4CC1=CC(=O)CCC1(C)C5CCC2(C)C(CCC23CCC(=O)O3)C45,O=C1C=C2CCC3C(CCC4C3CCC43CCC(=O)O3)C2CC1,-4.1730,-6.2565,2.0835,0.3768
scaffold_shuffled,2,Linear,RDKit descriptors,1084,CC(=O)OC3(CCC4C2CCC1=CC(=O)CCC1C2CCC34C)C#C,O=C1C=C2CCC3C4CCCC4CCC3C2CC1,-4.8000,-5.0690,0.2690,0.3611
scaffold_shuffled,2,Linear,RDKit descriptors,1107,Cc1cc(no1)C(=O)NNCc2ccccc2,O=C(NNCc1ccccc1)c1ccon1,-2.4610,-2.3288,0.1322,0.3571
scaffold_shuffled,2,Linear,RDKit descriptors,1109,Oc1ccc(Cl)cc1Cc2cc(Cl)ccc2O,c1ccc(Cc2ccccc2)cc1,-3.9530,-4.7809,0.8279,0.5417
scaffold_shuffled,2,Linear,RDKit descriptors,1115,O=C1NC(=O)C(=O)N1 ,O=C1NC(=O)C(=O)N1,-0.4000,0.8986,1.2986,0.6923
scaffold_shuffled,2,Linear,RDKit descriptors,1117,NS(=O)(=O)c1cc(ccc1Cl)C2(O)NC(=O)c3ccccc23,O=C1NC(c2ccccc2)c2ccccc21,-3.4510,-2.6589,0.7921,0.3220
scaffold_shuffled,2,MLP,RDKit descriptors,0,OCC3OC(OCC2OC(OC(C#N)c1ccccc1)C(O)C(O)C2O)C(O)C(O)C3O ,c1ccc(COC2CCCC(COC3CCCCO3)O2)cc1,-0.7700,-2.9376,2.1676,0.3676
scaffold_shuffled,2,MLP,RDKit descriptors,5,c2ccc1scnc1c2 ,c1ccc2scnc2c1,-1.5000,-1.9481,0.4481,0.3077
scaffold_shuffled,2,MLP,RDKit descriptors,10,O=C1CCCN1,O=C1CCCN1,1.0700,0.3847,0.6853,0.3043
scaffold_shuffled,2,MLP,RDKit descriptors,43,CC(C)C1CCC(C)CC1O ,C1CCCCC1,-2.5300,-2.1139,0.4161,0.3030
scaffold_shuffled,2,MLP,RDKit descriptors,49,c2c(C)cc1nc(C)ccc1c2 ,c1ccc2ncccc2c1,-1.9400,-2.7864,0.8464,0.3750
scaffold_shuffled,2,MLP,RDKit descriptors,64,O=C(Cn1ccnc1N(=O)=O)NCc2ccccc2,O=C(Cn1ccnc1)NCc1ccccc1,-2.8100,-2.8880,0.0780,0.3778
scaffold_shuffled,2,MLP,RDKit descriptors,66,CCNc1nc(Cl)nc(n1)N(CC)CC,c1ncncn1,-4.0600,-2.1590,1.9010,0.2222
scaffold_shuffled,2,MLP,RDKit descriptors,100,CC12CCC3C(CCC4=CC(=O)CCC34C)C2CCC1C(=O)CO,O=C1C=C2CCC3C4CCCC4CCC3C2CC1,-3.4500,-3.9897,0.5397,0.5800
scaffold_shuffled,2,MLP,RDKit descriptors,109,OCC1OC(C(O)C1O)n2cnc3c(O)ncnc23,c1ncc2ncn(C3CCCO3)c2n1,-1.2300,-2.3928,1.1628,0.5294
scaffold_shuffled,2,MLP,RDKit descriptors,131,CC34CC(O)C1(F)C(CCC2=CC(=O)CCC12C)C3CCC4(O)C(=O)CO ,O=C1C=C2CCC3C4CCCC4CCC3C2CC1,-3.4300,-3.4784,0.0484,0.5152
scaffold_shuffled,2,MLP,RDKit descriptors,135,C1Cc2ccccc2C1,c1ccc2c(c1)CCC2,-3.0400,-2.1511,0.8889,0.8571
scaffold_shuffled,2,MLP,RDKit descriptors,164,O2c1cc(C)ccc1N(C)C(=O)c3cc(N)cnc23 ,O=C1Nc2ccccc2Oc2ncccc21,-3.0430,-3.6117,0.5687,0.2712
scaffold_shuffled,2,MLP,RDKit descriptors,185,CC12CCC(=O)C=C1CCC3C2CCC4(C)C3CCC4(O)C#C ,O=C1C=C2CCC3C4CCCC4CCC3C2CC1,-5.6600,-4.1852,1.4748,0.6042
scaffold_shuffled,2,MLP,RDKit descriptors,188,C1C(O)CCC2(C)CC3CCC4(C)C5(C)CC6OCC(C)CC6OC5CC4C3C=C21,C1=C2CCCCC2CC2CCC3C4CC5OCCCC5OC4CC3C12,-7.3200,-6.2401,1.0799,0.2432
scaffold_shuffled,2,MLP,RDKit descriptors,200,Nc1ccc(cc1)S(=O)(=O)c2ccc(N)cc2,O=S(=O)(c1ccccc1)c1ccccc1,-3.0940,-3.4105,0.3165,0.6500
scaffold_shuffled,2,MLP,RDKit descriptors,207,Oc2ccc1ncccc1c2 ,c1ccc2ncccc2c1,-2.1600,-1.6692,0.4908,0.3571
scaffold_shuffled,2,MLP,RDKit descriptors,220,c1cc2cccc3c4cccc5cccc(c(c1)c23)c54,c1cc2cccc3c4cccc5cccc(c(c1)c23)c54,-8.8040,-7.1697,1.6343,0.7500
scaffold_shuffled,2,MLP,RDKit descriptors,230,OC1CCCCC1,C1CCCCC1,-0.4400,-0.7798,0.3398,1.0000
scaffold_shuffled,2,MLP,RDKit descriptors,235,CCNc1nc(Cl)nc(NC(C)C)n1,c1ncncn1,-3.8500,-2.3204,1.5296,0.2286
scaffold_shuffled,2,MLP,RDKit descriptors,245,CCN(CC)c1nc(Cl)nc(NC(C)C)n1,c1ncncn1,-3.7850,-2.4795,1.3055,0.2105
scaffold_shuffled,2,MLP,RDKit descriptors,261,COc1ccc(cc1)C(c2ccc(OC)cc2)C(Cl)(Cl)Cl,c1ccc(Cc2ccccc2)cc1,-6.8900,-5.9509,0.9391,0.4615
scaffold_shuffled,2,MLP,RDKit descriptors,262,Fc1cccc(F)c1C(=O)NC(=O)Nc2cc(Cl)c(F)c(Cl)c2F ,O=C(NC(=O)c1ccccc1)Nc1ccccc1,-7.2800,-5.4374,1.8426,0.2364
scaffold_shuffled,2,MLP,RDKit descriptors,265,OC(Cn1cncn1)(c2ccc(F)cc2)c3ccccc3F,c1ccc(C(Cn2cncn2)c2ccccc2)cc1,-3.3700,-3.5604,0.1904,0.2679
scaffold_shuffled,2,MLP,RDKit descriptors,270,CCSC(=O)N(CC)C1CCCCC1 ,C1CCCCC1,-3.4000,-3.2810,0.1190,0.3714
scaffold_shuffled,2,MLP,RDKit descriptors,294,CCOC(=O)c1ccccc1S(=O)(=O)NN(C=O)c2nc(Cl)cc(OC)n2,O=S(=O)(NNc1ncccn1)c1ccccc1,-4.5760,-3.8793,0.6967,0.3636
scaffold_shuffled,2,MLP,RDKit descriptors,304,ClC1C(Cl)C(Cl)C(Cl)C(Cl)C1Cl,C1CCCCC1,-4.6400,-4.2481,0.3919,0.1600
scaffold_shuffled,2,MLP,RDKit descriptors,310,CC1(O)CCC2C3CCC4=CC(=O)CCC4(C)C3CCC21C,O=C1C=C2CCC3C4CCCC4CCC3C2CC1,-3.9990,-4.3439,0.3449,0.6744
scaffold_shuffled,2,MLP,RDKit descriptors,312,C/C1CCC(\C)CC1,C1CCCCC1,-4.4700,-3.0057,1.4643,0.6364
scaffold_shuffled,2,MLP,RDKit descriptors,344,CCC(C)C(=O)OC2CC(C)C=C3C=CC(C)C(CCC1CC(O)CC(=O)O1)C23 ,O=C1CCCC(CCC2CC=CC3=CCCCC32)O1,-6.0050,-4.5913,1.4137,0.1774
scaffold_shuffled,2,MLP,RDKit descriptors,364,CC12CC(O)C3C(CCC4=CC(=O)CCC34C)C2CCC1(O)C(=O)CO,O=C1C=C2CCC3C4CCCC4CCC3C2CC1,-3.0900,-3.2935,0.2035,0.6780
scaffold_shuffled,2,MLP,RDKit descriptors,383,COc1nc(NC(C)C)nc(NC(C)C)n1,c1ncncn1,-2.4780,-2.1474,0.3306,0.2500
scaffold_shuffled,2,MLP,RDKit descriptors,399,Oc1cccc2ncccc12 ,c1ccc2ncccc2c1,-2.5400,-1.6692,0.8708,0.3571
scaffold_shuffled,2,MLP,RDKit descriptors,400,CC1=C(SCCO1)C(=O)Nc2ccccc2,O=C(Nc1ccccc1)C1=COCCS1,-3.1400,-2.8487,0.2913,0.5581
scaffold_shuffled,2,MLP,RDKit descriptors,401,CCOc2ccc1nc(sc1c2)S(N)(=O)=O ,c1ccc2scnc2c1,-3.8100,-2.9633,0.8467,0.3125
scaffold_shuffled,2,MLP,RDKit descriptors,405,CC(=O)OCC(=O)C3CCC4C2CCC1=CC(=O)CCC1(C)C2CCC34C ,O=C1C=C2CCC3C4CCCC4CCC3C2CC1,-4.6300,-4.6259,0.0041,0.5294
scaffold_shuffled,2,MLP,RDKit descriptors,420,CC(=O)C1CCC2C3CCC4=CC(=O)CCC4(C)C3CCC12C,O=C1C=C2CCC3C4CCCC4CCC3C2CC1,-4.4200,-4.7079,0.2879,0.6170
scaffold_shuffled,2,MLP,RDKit descriptors,421,CCN(CC)c1nc(Cl)nc(n1)N(CC)CC,c1ncncn1,-4.4110,-2.4719,1.9391,0.2857
scaffold_shuffled,2,MLP,RDKit descriptors,428,Oc1ccc(c(O)c1)c3oc2cc(O)cc(O)c2c(=O)c3O ,O=c1cc(-c2ccccc2)oc2ccccc12,-3.0830,-4.6126,1.5296,0.2407
scaffold_shuffled,2,MLP,RDKit descriptors,429,ClC1(C(=O)C2(Cl)C3(Cl)C14Cl)C5(Cl)C2(Cl)C3(Cl)C(Cl)(Cl)C45Cl,O=C1C2C3C4CC5C3C1C5C42,-5.2590,-6.5055,1.2465,0.4375
scaffold_shuffled,2,MLP,RDKit descriptors,431,C1CCCCC1,C1CCCCC1,-3.1000,-2.4352,0.6648,1.0000
scaffold_shuffled,2,MLP,RDKit descriptors,441,OCC1OC(OC2C(O)C(O)C(O)OC2CO)C(O)C(O)C1O,C1CCC(OC2CCCOC2)OC1,-0.2440,-1.2721,1.0281,0.6071
scaffold_shuffled,2,MLP,RDKit descriptors,450,ClC(Cl)C(c1ccc(Cl)cc1)c2ccc(Cl)cc2,c1ccc(Cc2ccccc2)cc1,-7.2000,-7.0717,0.1283,0.4706
scaffold_shuffled,2,MLP,RDKit descriptors,451,CC(=O)OC3CCC4C2CCC1=CC(=O)CCC1(C)C2CCC34C ,O=C1C=C2CCC3C4CCCC4CCC3C2CC1,-5.1840,-4.5985,0.5855,0.5800
scaffold_shuffled,2,MLP,RDKit descriptors,471,c1ccccc1C(O)c2ccccc2,c1ccc(Cc2ccccc2)cc1,-2.5500,-3.0298,0.4798,0.6471
scaffold_shuffled,2,MLP,RDKit descriptors,482,CC(C)C(Nc1ccc(cc1Cl)C(F)(F)F)C(=O)OC(C#N)c2cccc(Oc3ccccc3)c2,O=C(CNc1ccccc1)OCc1cccc(Oc2ccccc2)c1,-8.0030,-8.0068,0.0038,0.4853
scaffold_shuffled,2,MLP,RDKit descriptors,488,O=c2c(C3CCCc4ccccc43)c(O)c1ccccc1o2 ,O=c1oc2ccccc2cc1C1CCCc2ccccc21,-2.8400,-4.7794,1.9394,0.3509
scaffold_shuffled,2,MLP,RDKit descriptors,498,OC(c1ccc(Cl)cc1)(c2ccc(Cl)cc2)C(Cl)(Cl)Cl,c1ccc(Cc2ccccc2)cc1,-5.6660,-6.4559,0.7899,0.4444
scaffold_shuffled,2,MLP,RDKit descriptors,514,CNC(=O)Oc1ccccc1C2OCCO2,c1ccc(C2OCCO2)cc1,-1.5700,-2.3455,0.7755,0.4878
scaffold_shuffled,2,MLP,RDKit descriptors,530,O2c1ccccc1N(C)C(=O)c3cccnc23 ,O=C1Nc2ccccc2Oc2ncccc21,-3.6720,-3.2784,0.3936,0.5000
scaffold_shuffled,2,MLP,RDKit descriptors,532,CC1CCCCC1,C1CCCCC1,-3.8500,-2.7429,1.1071,0.9091
scaffold_shuffled,2,MLP,RDKit descriptors,539,CCNc1nc(NC(C)C)nc(SC)n1,c1ncncn1,-3.0400,-2.2617,0.7783,0.2162
scaffold_shuffled,2,MLP,RDKit descriptors,541,CC(=O)C1(O)CCC2C3CCC4=CC(=O)CCC4(C)C3CCC21C,O=C1C=C2CCC3C4CCCC4CCC3C2CC1,-3.8170,-4.1863,0.3693,0.6170
scaffold_shuffled,2,MLP,RDKit descriptors,543,OC(C(=O)c1ccccc1)c2ccccc2,O=C(Cc1ccccc1)c1ccccc1,-2.8500,-3.0020,0.1520,0.4583
scaffold_shuffled,2,MLP,RDKit descriptors,549,CCNc1nc(NC(C)(C)C)nc(SC)n1,c1ncncn1,-4.0000,-2.6835,1.3165,0.2162
scaffold_shuffled,2,MLP,RDKit descriptors,558,c1ccc2c(c1)sc3ccccc23,c1ccc2c(c1)sc1ccccc12,-4.3800,-4.7891,0.4091,0.4667
scaffold_shuffled,2,MLP,RDKit descriptors,582,Cc1cc(ccc1NS(=O)(=O)C(F)(F)F)S(=O)(=O)c2ccccc2,O=S(=O)(c1ccccc1)c1ccccc1,-3.8000,-4.4592,0.6592,0.4565
scaffold_shuffled,2,MLP,RDKit descriptors,588,Cc3cc2nc1c(=O)[nH]c(=O)nc1n(CC(O)C(O)C(O)CO)c2cc3C,O=c1nc2[nH]c3ccccc3nc-2c(=O)[nH]1,-3.6850,-3.3346,0.3504,0.2128
scaffold_shuffled,2,MLP,RDKit descriptors,592,CN2C(=C(O)c1ccccc1S2(=O)=O)C(=O)Nc3ccccn3 ,O=C(Nc1ccccn1)C1=Cc2ccccc2S(=O)(=O)N1,-4.1600,-3.7640,0.3960,0.2833
scaffold_shuffled,2,MLP,RDKit descriptors,602,Sc2nc1ccccc1s2 ,c1ccc2scnc2c1,-3.1800,-2.5553,0.6247,0.3571
scaffold_shuffled,2,MLP,RDKit descriptors,604,COc2c1occc1cc3ccc(=O)oc23 ,O=c1ccc2cc3ccoc3cc2o1,-3.6640,-3.3684,0.2956,0.4667
scaffold_shuffled,2,MLP,RDKit descriptors,610,CC2=CC(=O)c1ccccc1C2=O ,O=C1C=CC(=O)c2ccccc21,-3.0300,-2.1799,0.8501,0.5000
scaffold_shuffled,2,MLP,RDKit descriptors,636,CCNc1nc(NC(C)C)nc(OC)n1,c1ncncn1,-2.0840,-1.9547,0.1293,0.2162
scaffold_shuffled,2,MLP,RDKit descriptors,637,c1ccc2c(c1)cc3ccc4cccc5ccc2c3c45,c1ccc2c(c1)cc1ccc3cccc4ccc2c1c34,-8.6990,-7.1697,1.5293,0.6522
scaffold_shuffled,2,MLP,RDKit descriptors,642,Oc1cccc2cccnc12 ,c1ccc2ncccc2c1,-2.4200,-1.6692,0.7508,0.3704
scaffold_shuffled,2,MLP,RDKit descriptors,650,c1cc2ccc3cccc4ccc(c1)c2c34,c1cc2ccc3cccc4ccc(c1)c2c34,-6.1760,-5.5765,0.5995,0.6250
scaffold_shuffled,2,MLP,RDKit descriptors,657,c1ccc2ncccc2c1,c1ccc2ncccc2c1,-1.3000,-1.8212,0.5212,0.4783
scaffold_shuffled,2,MLP,RDKit descriptors,672,ClC(Cl)C(c1ccc(Cl)cc1)c2ccccc2Cl ,c1ccc(Cc2ccccc2)cc1,-6.5100,-7.0717,0.5617,0.3750
scaffold_shuffled,2,MLP,RDKit descriptors,686,CCNc1nc(Cl)nc(NCC)n1 ,c1ncncn1,-4.5500,-2.0680,2.4820,0.2857
scaffold_shuffled,2,MLP,RDKit descriptors,688,CSc1nc(nc(n1)N(C)C)N(C)C,c1ncncn1,-2.6760,-1.4646,1.2114,0.1923
scaffold_shuffled,2,MLP,RDKit descriptors,694,c1ccc(Cl)cc1C(c2ccc(Cl)cc2)(O)C(=O)OC(C)C,c1ccc(Cc2ccccc2)cc1,-4.5300,-4.8025,0.2725,0.4565
scaffold_shuffled,2,MLP,RDKit descriptors,695,CC13CCC(=O)C=C1CCC4C2CCC(C(=O)CO)C2(CC(O)C34)C=O ,O=C1C=C2CCC3C4CCCC4CCC3C2CC1,-3.8500,-3.1599,0.6901,0.4225
scaffold_shuffled,2,MLP,RDKit descriptors,707,COCCCNc1nc(NC(C)C)nc(SC)n1,c1ncncn1,-2.9280,-2.5079,0.4201,0.2308
scaffold_shuffled,2,MLP,RDKit descriptors,717,CCC(=O)OC3CCC4C2CCC1=CC(=O)CCC1(C)C2CCC34C ,O=C1C=C2CCC3C4CCCC4CCC3C2CC1,-5.3700,-4.8993,0.4707,0.5472
scaffold_shuffled,2,MLP,RDKit descriptors,721,CN(C)C(=O)C(c1ccccc1)c2ccccc2 ,c1ccc(Cc2ccccc2)cc1,-2.9800,-3.4860,0.5060,0.4194
scaffold_shuffled,2,MLP,RDKit descriptors,750,CC12CCC3C(CCC4=CC(=O)CCC34C)C2CCC1O,O=C1C=C2CCC3C4CCCC4CCC3C2CC1,-4.0200,-3.9658,0.0542,0.6591
scaffold_shuffled,2,MLP,RDKit descriptors,753,C/C1CCCCC1\C,C1CCCCC1,-4.3000,-3.0057,1.2943,0.5385
scaffold_shuffled,2,MLP,RDKit descriptors,765,c1ccc2c(c1)cnc3ccccc23 ,c1ccc2c(c1)cnc1ccccc12,-2.7800,-3.6778,0.8978,0.4545
scaffold_shuffled,2,MLP,RDKit descriptors,828,O=C2NC(=O)C1(CCCCC1)C(=O)N2,O=C1NC(=O)C2(CCCCC2)C(=O)N1,-3.0600,-1.5663,1.4937,1.0000
scaffold_shuffled,2,MLP,RDKit descriptors,845,C1c2ccccc2c3cc4ccccc4cc13,c1ccc2c(c1)Cc1cc3ccccc3cc1-2,-8.0400,-5.4331,2.6069,0.4688
scaffold_shuffled,2,MLP,RDKit descriptors,852,O=c2[nH]c(=O)c1[nH]c(=O)[nH]c1[nH]2 ,O=c1[nH]c(=O)c2[nH]c(=O)[nH]c2[nH]1,-3.9300,-1.4028,2.5272,0.1667
scaffold_shuffled,2,MLP,RDKit descriptors,855,Clc1ccc(cc1)C(c2ccc(Cl)cc2)C(Cl)(Cl)Cl,c1ccc(Cc2ccccc2)cc1,-7.1500,-7.5411,0.3911,0.4500
scaffold_shuffled,2,MLP,RDKit descriptors,864,CCNc1nc(Cl)nc(NC(C)(C)C#N)n1,c1ncncn1,-3.1500,-2.6506,0.4994,0.2000
scaffold_shuffled,2,MLP,RDKit descriptors,866,CC=C(C(=CC)c1ccc(O)cc1)c2ccc(O)cc2,C=C(C(=C)c1ccccc1)c1ccccc1,-4.9500,-4.6740,0.2760,0.4706
scaffold_shuffled,2,MLP,RDKit descriptors,872,CN(C)c1nc(nc(n1)N(C)C)N(C)C,c1ncncn1,-3.3640,-1.0648,2.2992,0.2500
scaffold_shuffled,2,MLP,RDKit descriptors,883,CC(=O)OCC(=O)C1(O)CCC2C3CCC4=CC(=O)CCC4(C)C3C(O)CC21C,O=C1C=C2CCC3C4CCCC4CCC3C2CC1,-4.8800,-3.8434,1.0366,0.7031
scaffold_shuffled,2,MLP,RDKit descriptors,891,C(c1ccccc1)c2ccccc2,c1ccc(Cc2ccccc2)cc1,-4.0800,-3.8830,0.1970,0.6000
scaffold_shuffled,2,MLP,RDKit descriptors,893,CCN(Cc1c(F)cccc1Cl)c2c(cc(cc2N(=O)=O)C(F)(F)F)N(=O)=O,c1ccc(CNc2ccccc2)cc1,-6.7800,-6.0369,0.7431,0.5472
scaffold_shuffled,2,MLP,RDKit descriptors,894,CC(C)Nc1nc(Cl)nc(NC(C)C)n1,c1ncncn1,-4.4300,-2.6078,1.8222,0.2000
scaffold_shuffled,2,MLP,RDKit descriptors,904,CSc1nc(NC(C)C)nc(NC(C)C)n1,c1ncncn1,-4.1000,-2.5804,1.5196,0.2083
scaffold_shuffled,2,MLP,RDKit descriptors,917,CC5(C)OC4CC3C2CCC1=CC(=O)C=CC1(C)C2(F)C(O)CC3(C)C4(O5)C(=O)CO ,O=C1C=CC2C(=C1)CCC1C2CCC2C1CC1OCOC12,-4.3100,-4.1900,0.1200,0.2706
scaffold_shuffled,2,MLP,RDKit descriptors,918,Nc2nc1[nH]cnc1c(=O)[nH]2 ,O=c1[nH]cnc2[nH]cnc12,-3.5830,-1.4492,2.1338,0.3158
scaffold_shuffled,2,MLP,RDKit descriptors,947,CCC1CCCCC1,C1CCCCC1,-4.2500,-3.3353,0.9147,0.5263
scaffold_shuffled,2,MLP,RDKit descriptors,961,CC(=O)OC3(C)CCC4C2CCC1=CC(=O)CCC1(C)C2CCC34C ,O=C1C=C2CCC3C4CCCC4CCC3C2CC1,-5.2840,-4.9903,0.2937,0.5918
scaffold_shuffled,2,MLP,RDKit descriptors,963,Fc1cccc(F)c1C(=O)NC(=O)Nc2ccc(Cl)cc2,O=C(NC(=O)c1ccccc1)Nc1ccccc1,-6.0200,-4.3612,1.6588,0.4324
scaffold_shuffled,2,MLP,RDKit descriptors,966,CC12CC(O)C3C(CCC4=CC(=O)CCC34C)C2CCC1C(=O)CO,O=C1C=C2CCC3C4CCCC4CCC3C2CC1,-3.2400,-3.5249,0.2849,0.4412
scaffold_shuffled,2,MLP,RDKit descriptors,990,CCCCNC(=O)n1c(NC(=O)OC)nc2ccccc12,c1ccc2[nH]cnc2c1,-4.8830,-3.5464,1.3366,0.2830
scaffold_shuffled,2,MLP,RDKit descriptors,995,CC34CCC1C(CCC2=CC(=O)CCC12O)C3CCC4(O)C#C,O=C1C=C2CCC3C4CCCC4CCC3C2CC1,-4.5700,-3.4855,1.0845,0.4828
scaffold_shuffled,2,MLP,RDKit descriptors,996,CC(C)OC(=O)C(O)(c1ccc(Br)cc1)c2ccc(Br)cc2 ,c1ccc(Cc2ccccc2)cc1,-4.9300,-5.6582,0.7282,0.3243
scaffold_shuffled,2,MLP,RDKit descriptors,1002,C1CCC2CCCCC2C1,C1CCC2CCCCC2C1,-5.1900,-3.5523,1.6377,0.3846
scaffold_shuffled,2,MLP,RDKit descriptors,1010,CCNc1nc(NC(C)(C)C)nc(OC)n1,c1ncncn1,-3.2390,-2.2731,0.9659,0.2162
scaffold_shuffled,2,MLP,RDKit descriptors,1018,ClC(Cl)CC(=O)NC2=C(Cl)C(=O)c1ccccc1C2=O,O=C1C=CC(=O)c2ccccc21,-5.0300,-3.7294,1.3006,0.3333
scaffold_shuffled,2,MLP,RDKit descriptors,1019,ClC(Cl)C(c1ccc(Cl)cc1)c2ccc(Cl)cc2 ,c1ccc(Cc2ccccc2)cc1,-7.2000,-7.0717,0.1283,0.4706
scaffold_shuffled,2,MLP,RDKit descriptors,1026,OC1C(O)C(O)C(O)C(O)C1O,C1CCCCC1,0.3500,-0.2143,0.5643,0.2941
scaffold_shuffled,2,MLP,RDKit descriptors,1039,CC(=O)SC4CC1=CC(=O)CCC1(C)C5CCC2(C)C(CCC23CCC(=O)O3)C45,O=C1C=C2CCC3C(CCC4C3CCC43CCC(=O)O3)C2CC1,-4.1730,-5.5913,1.4183,0.3768
scaffold_shuffled,2,MLP,RDKit descriptors,1084,CC(=O)OC3(CCC4C2CCC1=CC(=O)CCC1C2CCC34C)C#C,O=C1C=C2CCC3C4CCCC4CCC3C2CC1,-4.8000,-4.4467,0.3533,0.3611
scaffold_shuffled,2,MLP,RDKit descriptors,1107,Cc1cc(no1)C(=O)NNCc2ccccc2,O=C(NNCc1ccccc1)c1ccon1,-2.4610,-2.6990,0.2380,0.3571
scaffold_shuffled,2,MLP,RDKit descriptors,1109,Oc1ccc(Cl)cc1Cc2cc(Cl)ccc2O,c1ccc(Cc2ccccc2)cc1,-3.9530,-4.4726,0.5196,0.5417
scaffold_shuffled,2,MLP,RDKit descriptors,1115,O=C1NC(=O)C(=O)N1 ,O=C1NC(=O)C(=O)N1,-0.4000,0.2395,0.6395,0.6923
scaffold_shuffled,2,MLP,RDKit descriptors,1117,NS(=O)(=O)c1cc(ccc1Cl)C2(O)NC(=O)c3ccccc23,O=C1NC(c2ccccc2)c2ccccc21,-3.4510,-3.6135,0.1625,0.3220
scaffold_shuffled,2,GCN,Molecular graph,0,OCC3OC(OCC2OC(OC(C#N)c1ccccc1)C(O)C(O)C2O)C(O)C(O)C3O ,c1ccc(COC2CCCC(COC3CCCCO3)O2)cc1,-0.7700,-1.8155,1.0455,0.3676
scaffold_shuffled,2,GCN,Molecular graph,5,c2ccc1scnc1c2 ,c1ccc2scnc2c1,-1.5000,-2.8167,1.3167,0.3077
scaffold_shuffled,2,GCN,Molecular graph,10,O=C1CCCN1,O=C1CCCN1,1.0700,-1.0835,2.1535,0.3043
scaffold_shuffled,2,GCN,Molecular graph,43,CC(C)C1CCC(C)CC1O ,C1CCCCC1,-2.5300,-3.5787,1.0487,0.3030
scaffold_shuffled,2,GCN,Molecular graph,49,c2c(C)cc1nc(C)ccc1c2 ,c1ccc2ncccc2c1,-1.9400,-4.3739,2.4339,0.3750
scaffold_shuffled,2,GCN,Molecular graph,64,O=C(Cn1ccnc1N(=O)=O)NCc2ccccc2,O=C(Cn1ccnc1)NCc1ccccc1,-2.8100,-2.3243,0.4857,0.3778
scaffold_shuffled,2,GCN,Molecular graph,66,CCNc1nc(Cl)nc(n1)N(CC)CC,c1ncncn1,-4.0600,-2.5133,1.5467,0.2222
scaffold_shuffled,2,GCN,Molecular graph,100,CC12CCC3C(CCC4=CC(=O)CCC34C)C2CCC1C(=O)CO,O=C1C=C2CCC3C4CCCC4CCC3C2CC1,-3.4500,-3.6319,0.1819,0.5800
scaffold_shuffled,2,GCN,Molecular graph,109,OCC1OC(C(O)C1O)n2cnc3c(O)ncnc23,c1ncc2ncn(C3CCCO3)c2n1,-1.2300,-1.4884,0.2584,0.5294
scaffold_shuffled,2,GCN,Molecular graph,131,CC34CC(O)C1(F)C(CCC2=CC(=O)CCC12C)C3CCC4(O)C(=O)CO ,O=C1C=C2CCC3C4CCCC4CCC3C2CC1,-3.4300,-3.2513,0.1787,0.5152
scaffold_shuffled,2,GCN,Molecular graph,135,C1Cc2ccccc2C1,c1ccc2c(c1)CCC2,-3.0400,-4.0966,1.0566,0.8571
scaffold_shuffled,2,GCN,Molecular graph,164,O2c1cc(C)ccc1N(C)C(=O)c3cc(N)cnc23 ,O=C1Nc2ccccc2Oc2ncccc21,-3.0430,-3.1148,0.0718,0.2712
scaffold_shuffled,2,GCN,Molecular graph,185,CC12CCC(=O)C=C1CCC3C2CCC4(C)C3CCC4(O)C#C ,O=C1C=C2CCC3C4CCCC4CCC3C2CC1,-5.6600,-3.9548,1.7052,0.6042
scaffold_shuffled,2,GCN,Molecular graph,188,C1C(O)CCC2(C)CC3CCC4(C)C5(C)CC6OCC(C)CC6OC5CC4C3C=C21,C1=C2CCCCC2CC2CCC3C4CC5OCCCC5OC4CC3C12,-7.3200,-4.2480,3.0720,0.2432
scaffold_shuffled,2,GCN,Molecular graph,200,Nc1ccc(cc1)S(=O)(=O)c2ccc(N)cc2,O=S(=O)(c1ccccc1)c1ccccc1,-3.0940,-2.1663,0.9277,0.6500
scaffold_shuffled,2,GCN,Molecular graph,207,Oc2ccc1ncccc1c2 ,c1ccc2ncccc2c1,-2.1600,-1.9212,0.2388,0.3571
scaffold_shuffled,2,GCN,Molecular graph,220,c1cc2cccc3c4cccc5cccc(c(c1)c23)c54,c1cc2cccc3c4cccc5cccc(c(c1)c23)c54,-8.8040,-7.6752,1.1288,0.7500
scaffold_shuffled,2,GCN,Molecular graph,230,OC1CCCCC1,C1CCCCC1,-0.4400,-2.3365,1.8965,1.0000
scaffold_shuffled,2,GCN,Molecular graph,235,CCNc1nc(Cl)nc(NC(C)C)n1,c1ncncn1,-3.8500,-2.4150,1.4350,0.2286
scaffold_shuffled,2,GCN,Molecular graph,245,CCN(CC)c1nc(Cl)nc(NC(C)C)n1,c1ncncn1,-3.7850,-2.8937,0.8913,0.2105
scaffold_shuffled,2,GCN,Molecular graph,261,COc1ccc(cc1)C(c2ccc(OC)cc2)C(Cl)(Cl)Cl,c1ccc(Cc2ccccc2)cc1,-6.8900,-4.1612,2.7288,0.4615
scaffold_shuffled,2,GCN,Molecular graph,262,Fc1cccc(F)c1C(=O)NC(=O)Nc2cc(Cl)c(F)c(Cl)c2F ,O=C(NC(=O)c1ccccc1)Nc1ccccc1,-7.2800,-4.8833,2.3967,0.2364
scaffold_shuffled,2,GCN,Molecular graph,265,OC(Cn1cncn1)(c2ccc(F)cc2)c3ccccc3F,c1ccc(C(Cn2cncn2)c2ccccc2)cc1,-3.3700,-2.4053,0.9647,0.2679
scaffold_shuffled,2,GCN,Molecular graph,270,CCSC(=O)N(CC)C1CCCCC1 ,C1CCCCC1,-3.4000,-3.2318,0.1682,0.3714
scaffold_shuffled,2,GCN,Molecular graph,294,CCOC(=O)c1ccccc1S(=O)(=O)NN(C=O)c2nc(Cl)cc(OC)n2,O=S(=O)(NNc1ncccn1)c1ccccc1,-4.5760,-2.9327,1.6433,0.3636
scaffold_shuffled,2,GCN,Molecular graph,304,ClC1C(Cl)C(Cl)C(Cl)C(Cl)C1Cl,C1CCCCC1,-4.6400,-4.7397,0.0997,0.1600
scaffold_shuffled,2,GCN,Molecular graph,310,CC1(O)CCC2C3CCC4=CC(=O)CCC4(C)C3CCC21C,O=C1C=C2CCC3C4CCCC4CCC3C2CC1,-3.9990,-3.8232,0.1758,0.6744
scaffold_shuffled,2,GCN,Molecular graph,312,C/C1CCC(\C)CC1,C1CCCCC1,-4.4700,-3.4378,1.0322,0.6364
scaffold_shuffled,2,GCN,Molecular graph,344,CCC(C)C(=O)OC2CC(C)C=C3C=CC(C)C(CCC1CC(O)CC(=O)O1)C23 ,O=C1CCCC(CCC2CC=CC3=CCCCC32)O1,-6.0050,-4.6312,1.3738,0.1774
scaffold_shuffled,2,GCN,Molecular graph,364,CC12CC(O)C3C(CCC4=CC(=O)CCC34C)C2CCC1(O)C(=O)CO,O=C1C=C2CCC3C4CCCC4CCC3C2CC1,-3.0900,-3.2772,0.1872,0.6780
scaffold_shuffled,2,GCN,Molecular graph,383,COc1nc(NC(C)C)nc(NC(C)C)n1,c1ncncn1,-2.4780,-2.5941,0.1161,0.2500
scaffold_shuffled,2,GCN,Molecular graph,399,Oc1cccc2ncccc12 ,c1ccc2ncccc2c1,-2.5400,-1.7414,0.7986,0.3571
scaffold_shuffled,2,GCN,Molecular graph,400,CC1=C(SCCO1)C(=O)Nc2ccccc2,O=C(Nc1ccccc1)C1=COCCS1,-3.1400,-2.6457,0.4943,0.5581
scaffold_shuffled,2,GCN,Molecular graph,401,CCOc2ccc1nc(sc1c2)S(N)(=O)=O ,c1ccc2scnc2c1,-3.8100,-4.6980,0.8880,0.3125
scaffold_shuffled,2,GCN,Molecular graph,405,CC(=O)OCC(=O)C3CCC4C2CCC1=CC(=O)CCC1(C)C2CCC34C ,O=C1C=C2CCC3C4CCCC4CCC3C2CC1,-4.6300,-3.7002,0.9298,0.5294
scaffold_shuffled,2,GCN,Molecular graph,420,CC(=O)C1CCC2C3CCC4=CC(=O)CCC4(C)C3CCC12C,O=C1C=C2CCC3C4CCCC4CCC3C2CC1,-4.4200,-3.8679,0.5521,0.6170
scaffold_shuffled,2,GCN,Molecular graph,421,CCN(CC)c1nc(Cl)nc(n1)N(CC)CC,c1ncncn1,-4.4110,-2.9797,1.4313,0.2857
scaffold_shuffled,2,GCN,Molecular graph,428,Oc1ccc(c(O)c1)c3oc2cc(O)cc(O)c2c(=O)c3O ,O=c1cc(-c2ccccc2)oc2ccccc12,-3.0830,-2.7000,0.3830,0.2407
scaffold_shuffled,2,GCN,Molecular graph,429,ClC1(C(=O)C2(Cl)C3(Cl)C14Cl)C5(Cl)C2(Cl)C3(Cl)C(Cl)(Cl)C45Cl,O=C1C2C3C4CC5C3C1C5C42,-5.2590,-7.2814,2.0224,0.4375
scaffold_shuffled,2,GCN,Molecular graph,431,C1CCCCC1,C1CCCCC1,-3.1000,-3.3222,0.2222,1.0000
scaffold_shuffled,2,GCN,Molecular graph,441,OCC1OC(OC2C(O)C(O)C(O)OC2CO)C(O)C(O)C1O,C1CCC(OC2CCCOC2)OC1,-0.2440,-0.8731,0.6291,0.6071
scaffold_shuffled,2,GCN,Molecular graph,450,ClC(Cl)C(c1ccc(Cl)cc1)c2ccc(Cl)cc2,c1ccc(Cc2ccccc2)cc1,-7.2000,-4.6269,2.5731,0.4706
scaffold_shuffled,2,GCN,Molecular graph,451,CC(=O)OC3CCC4C2CCC1=CC(=O)CCC1(C)C2CCC34C ,O=C1C=C2CCC3C4CCCC4CCC3C2CC1,-5.1840,-3.7302,1.4538,0.5800
scaffold_shuffled,2,GCN,Molecular graph,471,c1ccccc1C(O)c2ccccc2,c1ccc(Cc2ccccc2)cc1,-2.5500,-2.4058,0.1442,0.6471
scaffold_shuffled,2,GCN,Molecular graph,482,CC(C)C(Nc1ccc(cc1Cl)C(F)(F)F)C(=O)OC(C#N)c2cccc(Oc3ccccc3)c2,O=C(CNc1ccccc1)OCc1cccc(Oc2ccccc2)c1,-8.0030,-5.8561,2.1469,0.4853
scaffold_shuffled,2,GCN,Molecular graph,488,O=c2c(C3CCCc4ccccc43)c(O)c1ccccc1o2 ,O=c1oc2ccccc2cc1C1CCCc2ccccc21,-2.8400,-4.5587,1.7187,0.3509
scaffold_shuffled,2,GCN,Molecular graph,498,OC(c1ccc(Cl)cc1)(c2ccc(Cl)cc2)C(Cl)(Cl)Cl,c1ccc(Cc2ccccc2)cc1,-5.6660,-4.8628,0.8032,0.4444
scaffold_shuffled,2,GCN,Molecular graph,514,CNC(=O)Oc1ccccc1C2OCCO2,c1ccc(C2OCCO2)cc1,-1.5700,-2.2965,0.7265,0.4878
scaffold_shuffled,2,GCN,Molecular graph,530,O2c1ccccc1N(C)C(=O)c3cccnc23 ,O=C1Nc2ccccc2Oc2ncccc21,-3.6720,-3.0580,0.6140,0.5000
scaffold_shuffled,2,GCN,Molecular graph,532,CC1CCCCC1,C1CCCCC1,-3.8500,-3.4223,0.4277,0.9091
scaffold_shuffled,2,GCN,Molecular graph,539,CCNc1nc(NC(C)C)nc(SC)n1,c1ncncn1,-3.0400,-2.5888,0.4512,0.2162
scaffold_shuffled,2,GCN,Molecular graph,541,CC(=O)C1(O)CCC2C3CCC4=CC(=O)CCC4(C)C3CCC21C,O=C1C=C2CCC3C4CCCC4CCC3C2CC1,-3.8170,-3.5115,0.3055,0.6170
scaffold_shuffled,2,GCN,Molecular graph,543,OC(C(=O)c1ccccc1)c2ccccc2,O=C(Cc1ccccc1)c1ccccc1,-2.8500,-2.6130,0.2370,0.4583
scaffold_shuffled,2,GCN,Molecular graph,549,CCNc1nc(NC(C)(C)C)nc(SC)n1,c1ncncn1,-4.0000,-2.7372,1.2628,0.2162
scaffold_shuffled,2,GCN,Molecular graph,558,c1ccc2c(c1)sc3ccccc23,c1ccc2c(c1)sc1ccccc12,-4.3800,-7.0017,2.6217,0.4667
scaffold_shuffled,2,GCN,Molecular graph,582,Cc1cc(ccc1NS(=O)(=O)C(F)(F)F)S(=O)(=O)c2ccccc2,O=S(=O)(c1ccccc1)c1ccccc1,-3.8000,-3.6542,0.1458,0.4565
scaffold_shuffled,2,GCN,Molecular graph,588,Cc3cc2nc1c(=O)[nH]c(=O)nc1n(CC(O)C(O)C(O)CO)c2cc3C,O=c1nc2[nH]c3ccccc3nc-2c(=O)[nH]1,-3.6850,-3.1398,0.5452,0.2128
scaffold_shuffled,2,GCN,Molecular graph,592,CN2C(=C(O)c1ccccc1S2(=O)=O)C(=O)Nc3ccccn3 ,O=C(Nc1ccccn1)C1=Cc2ccccc2S(=O)(=O)N1,-4.1600,-2.7045,1.4555,0.2833
scaffold_shuffled,2,GCN,Molecular graph,602,Sc2nc1ccccc1s2 ,c1ccc2scnc2c1,-3.1800,-4.2336,1.0536,0.3571
scaffold_shuffled,2,GCN,Molecular graph,604,COc2c1occc1cc3ccc(=O)oc23 ,O=c1ccc2cc3ccoc3cc2o1,-3.6640,-4.4372,0.7732,0.4667
scaffold_shuffled,2,GCN,Molecular graph,610,CC2=CC(=O)c1ccccc1C2=O ,O=C1C=CC(=O)c2ccccc21,-3.0300,-3.3548,0.3248,0.5000
scaffold_shuffled,2,GCN,Molecular graph,636,CCNc1nc(NC(C)C)nc(OC)n1,c1ncncn1,-2.0840,-2.3051,0.2211,0.2162
scaffold_shuffled,2,GCN,Molecular graph,637,c1ccc2c(c1)cc3ccc4cccc5ccc2c3c45,c1ccc2c(c1)cc1ccc3cccc4ccc2c1c34,-8.6990,-7.8711,0.8279,0.6522
scaffold_shuffled,2,GCN,Molecular graph,642,Oc1cccc2cccnc12 ,c1ccc2ncccc2c1,-2.4200,-1.6881,0.7319,0.3704
scaffold_shuffled,2,GCN,Molecular graph,650,c1cc2ccc3cccc4ccc(c1)c2c34,c1cc2ccc3cccc4ccc(c1)c2c34,-6.1760,-7.0948,0.9188,0.6250
scaffold_shuffled,2,GCN,Molecular graph,657,c1ccc2ncccc2c1,c1ccc2ncccc2c1,-1.3000,-2.5119,1.2119,0.4783
scaffold_shuffled,2,GCN,Molecular graph,672,ClC(Cl)C(c1ccc(Cl)cc1)c2ccccc2Cl ,c1ccc(Cc2ccccc2)cc1,-6.5100,-4.4543,2.0557,0.3750
scaffold_shuffled,2,GCN,Molecular graph,686,CCNc1nc(Cl)nc(NCC)n1 ,c1ncncn1,-4.5500,-2.0953,2.4547,0.2857
scaffold_shuffled,2,GCN,Molecular graph,688,CSc1nc(nc(n1)N(C)C)N(C)C,c1ncncn1,-2.6760,-2.1468,0.5292,0.1923
scaffold_shuffled,2,GCN,Molecular graph,694,c1ccc(Cl)cc1C(c2ccc(Cl)cc2)(O)C(=O)OC(C)C,c1ccc(Cc2ccccc2)cc1,-4.5300,-5.0950,0.5650,0.4565
scaffold_shuffled,2,GCN,Molecular graph,695,CC13CCC(=O)C=C1CCC4C2CCC(C(=O)CO)C2(CC(O)C34)C=O ,O=C1C=C2CCC3C4CCCC4CCC3C2CC1,-3.8500,-3.3829,0.4671,0.4225
scaffold_shuffled,2,GCN,Molecular graph,707,COCCCNc1nc(NC(C)C)nc(SC)n1,c1ncncn1,-2.9280,-2.4699,0.4581,0.2308
scaffold_shuffled,2,GCN,Molecular graph,717,CCC(=O)OC3CCC4C2CCC1=CC(=O)CCC1(C)C2CCC34C ,O=C1C=C2CCC3C4CCCC4CCC3C2CC1,-5.3700,-3.9148,1.4552,0.5472
scaffold_shuffled,2,GCN,Molecular graph,721,CN(C)C(=O)C(c1ccccc1)c2ccccc2 ,c1ccc(Cc2ccccc2)cc1,-2.9800,-3.2578,0.2778,0.4194
scaffold_shuffled,2,GCN,Molecular graph,750,CC12CCC3C(CCC4=CC(=O)CCC34C)C2CCC1O,O=C1C=C2CCC3C4CCCC4CCC3C2CC1,-4.0200,-4.0316,0.0116,0.6591
scaffold_shuffled,2,GCN,Molecular graph,753,C/C1CCCCC1\C,C1CCCCC1,-4.3000,-3.8890,0.4110,0.5385
scaffold_shuffled,2,GCN,Molecular graph,765,c1ccc2c(c1)cnc3ccccc23 ,c1ccc2c(c1)cnc1ccccc12,-2.7800,-4.9350,2.1550,0.4545
scaffold_shuffled,2,GCN,Molecular graph,828,O=C2NC(=O)C1(CCCCC1)C(=O)N2,O=C1NC(=O)C2(CCCCC2)C(=O)N1,-3.0600,-1.9786,1.0814,1.0000
scaffold_shuffled,2,GCN,Molecular graph,845,C1c2ccccc2c3cc4ccccc4cc13,c1ccc2c(c1)Cc1cc3ccccc3cc1-2,-8.0400,-7.1131,0.9269,0.4688
scaffold_shuffled,2,GCN,Molecular graph,852,O=c2[nH]c(=O)c1[nH]c(=O)[nH]c1[nH]2 ,O=c1[nH]c(=O)c2[nH]c(=O)[nH]c2[nH]1,-3.9300,-1.9192,2.0108,0.1667
scaffold_shuffled,2,GCN,Molecular graph,855,Clc1ccc(cc1)C(c2ccc(Cl)cc2)C(Cl)(Cl)Cl,c1ccc(Cc2ccccc2)cc1,-7.1500,-4.9831,2.1669,0.4500
scaffold_shuffled,2,GCN,Molecular graph,864,CCNc1nc(Cl)nc(NC(C)(C)C#N)n1,c1ncncn1,-3.1500,-2.3436,0.8064,0.2000
scaffold_shuffled,2,GCN,Molecular graph,866,CC=C(C(=CC)c1ccc(O)cc1)c2ccc(O)cc2,C=C(C(=C)c1ccccc1)c1ccccc1,-4.9500,-3.1163,1.8337,0.4706
scaffold_shuffled,2,GCN,Molecular graph,872,CN(C)c1nc(nc(n1)N(C)C)N(C)C,c1ncncn1,-3.3640,-1.7032,1.6608,0.2500
scaffold_shuffled,2,GCN,Molecular graph,883,CC(=O)OCC(=O)C1(O)CCC2C3CCC4=CC(=O)CCC4(C)C3C(O)CC21C,O=C1C=C2CCC3C4CCCC4CCC3C2CC1,-4.8800,-3.3957,1.4843,0.7031
scaffold_shuffled,2,GCN,Molecular graph,891,C(c1ccccc1)c2ccccc2,c1ccc(Cc2ccccc2)cc1,-4.0800,-3.9666,0.1134,0.6000
scaffold_shuffled,2,GCN,Molecular graph,893,CCN(Cc1c(F)cccc1Cl)c2c(cc(cc2N(=O)=O)C(F)(F)F)N(=O)=O,c1ccc(CNc2ccccc2)cc1,-6.7800,-5.6553,1.1247,0.5472
scaffold_shuffled,2,GCN,Molecular graph,894,CC(C)Nc1nc(Cl)nc(NC(C)C)n1,c1ncncn1,-4.4300,-2.8075,1.6225,0.2000
scaffold_shuffled,2,GCN,Molecular graph,904,CSc1nc(NC(C)C)nc(NC(C)C)n1,c1ncncn1,-4.1000,-2.9241,1.1759,0.2083
scaffold_shuffled,2,GCN,Molecular graph,917,CC5(C)OC4CC3C2CCC1=CC(=O)C=CC1(C)C2(F)C(O)CC3(C)C4(O5)C(=O)CO ,O=C1C=CC2C(=C1)CCC1C2CCC2C1CC1OCOC12,-4.3100,-3.7030,0.6070,0.2706
scaffold_shuffled,2,GCN,Molecular graph,918,Nc2nc1[nH]cnc1c(=O)[nH]2 ,O=c1[nH]cnc2[nH]cnc12,-3.5830,-1.6387,1.9443,0.3158
scaffold_shuffled,2,GCN,Molecular graph,947,CCC1CCCCC1,C1CCCCC1,-4.2500,-3.8692,0.3808,0.5263
scaffold_shuffled,2,GCN,Molecular graph,961,CC(=O)OC3(C)CCC4C2CCC1=CC(=O)CCC1(C)C2CCC34C ,O=C1C=C2CCC3C4CCCC4CCC3C2CC1,-5.2840,-3.5479,1.7361,0.5918
scaffold_shuffled,2,GCN,Molecular graph,963,Fc1cccc(F)c1C(=O)NC(=O)Nc2ccc(Cl)cc2,O=C(NC(=O)c1ccccc1)Nc1ccccc1,-6.0200,-3.5600,2.4600,0.4324
scaffold_shuffled,2,GCN,Molecular graph,966,CC12CC(O)C3C(CCC4=CC(=O)CCC34C)C2CCC1C(=O)CO,O=C1C=C2CCC3C4CCCC4CCC3C2CC1,-3.2400,-3.5578,0.3178,0.4412
scaffold_shuffled,2,GCN,Molecular graph,990,CCCCNC(=O)n1c(NC(=O)OC)nc2ccccc12,c1ccc2[nH]cnc2c1,-4.8830,-3.6233,1.2597,0.2830
scaffold_shuffled,2,GCN,Molecular graph,995,CC34CCC1C(CCC2=CC(=O)CCC12O)C3CCC4(O)C#C,O=C1C=C2CCC3C4CCCC4CCC3C2CC1,-4.5700,-3.7991,0.7709,0.4828
scaffold_shuffled,2,GCN,Molecular graph,996,CC(C)OC(=O)C(O)(c1ccc(Br)cc1)c2ccc(Br)cc2 ,c1ccc(Cc2ccccc2)cc1,-4.9300,-5.2194,0.2894,0.3243
scaffold_shuffled,2,GCN,Molecular graph,1002,C1CCC2CCCCC2C1,C1CCC2CCCCC2C1,-5.1900,-4.5319,0.6581,0.3846
scaffold_shuffled,2,GCN,Molecular graph,1010,CCNc1nc(NC(C)(C)C)nc(OC)n1,c1ncncn1,-3.2390,-2.4108,0.8282,0.2162
scaffold_shuffled,2,GCN,Molecular graph,1018,ClC(Cl)CC(=O)NC2=C(Cl)C(=O)c1ccccc1C2=O,O=C1C=CC(=O)c2ccccc21,-5.0300,-4.1543,0.8757,0.3333
scaffold_shuffled,2,GCN,Molecular graph,1019,ClC(Cl)C(c1ccc(Cl)cc1)c2ccc(Cl)cc2 ,c1ccc(Cc2ccccc2)cc1,-7.2000,-4.6269,2.5731,0.4706
scaffold_shuffled,2,GCN,Molecular graph,1026,OC1C(O)C(O)C(O)C(O)C1O,C1CCCCC1,0.3500,-0.5888,0.9388,0.2941
scaffold_shuffled,2,GCN,Molecular graph,1039,CC(=O)SC4CC1=CC(=O)CCC1(C)C5CCC2(C)C(CCC23CCC(=O)O3)C45,O=C1C=C2CCC3C(CCC4C3CCC43CCC(=O)O3)C2CC1,-4.1730,-3.7393,0.4337,0.3768
scaffold_shuffled,2,GCN,Molecular graph,1084,CC(=O)OC3(CCC4C2CCC1=CC(=O)CCC1C2CCC34C)C#C,O=C1C=C2CCC3C4CCCC4CCC3C2CC1,-4.8000,-4.0506,0.7494,0.3611
scaffold_shuffled,2,GCN,Molecular graph,1107,Cc1cc(no1)C(=O)NNCc2ccccc2,O=C(NNCc1ccccc1)c1ccon1,-2.4610,-1.7947,0.6663,0.3571
scaffold_shuffled,2,GCN,Molecular graph,1109,Oc1ccc(Cl)cc1Cc2cc(Cl)ccc2O,c1ccc(Cc2ccccc2)cc1,-3.9530,-3.5996,0.3534,0.5417
scaffold_shuffled,2,GCN,Molecular graph,1115,O=C1NC(=O)C(=O)N1 ,O=C1NC(=O)C(=O)N1,-0.4000,-0.9668,0.5668,0.6923
scaffold_shuffled,2,GCN,Molecular graph,1117,NS(=O)(=O)c1cc(ccc1Cl)C2(O)NC(=O)c3ccccc23,O=C1NC(c2ccccc2)c2ccccc21,-3.4510,-3.6772,0.2262,0.3220
scaffold_shuffled,2,GIN,Molecular graph,0,OCC3OC(OCC2OC(OC(C#N)c1ccccc1)C(O)C(O)C2O)C(O)C(O)C3O ,c1ccc(COC2CCCC(COC3CCCCO3)O2)cc1,-0.7700,-1.3838,0.6138,0.3676
scaffold_shuffled,2,GIN,Molecular graph,5,c2ccc1scnc1c2 ,c1ccc2scnc2c1,-1.5000,-2.6485,1.1485,0.3077
scaffold_shuffled,2,GIN,Molecular graph,10,O=C1CCCN1,O=C1CCCN1,1.0700,-0.7325,1.8025,0.3043
scaffold_shuffled,2,GIN,Molecular graph,43,CC(C)C1CCC(C)CC1O ,C1CCCCC1,-2.5300,-2.9778,0.4478,0.3030
scaffold_shuffled,2,GIN,Molecular graph,49,c2c(C)cc1nc(C)ccc1c2 ,c1ccc2ncccc2c1,-1.9400,-3.8164,1.8764,0.3750
scaffold_shuffled,2,GIN,Molecular graph,64,O=C(Cn1ccnc1N(=O)=O)NCc2ccccc2,O=C(Cn1ccnc1)NCc1ccccc1,-2.8100,-2.0304,0.7796,0.3778
scaffold_shuffled,2,GIN,Molecular graph,66,CCNc1nc(Cl)nc(n1)N(CC)CC,c1ncncn1,-4.0600,-2.3980,1.6620,0.2222
scaffold_shuffled,2,GIN,Molecular graph,100,CC12CCC3C(CCC4=CC(=O)CCC34C)C2CCC1C(=O)CO,O=C1C=C2CCC3C4CCCC4CCC3C2CC1,-3.4500,-4.2850,0.8350,0.5800
scaffold_shuffled,2,GIN,Molecular graph,109,OCC1OC(C(O)C1O)n2cnc3c(O)ncnc23,c1ncc2ncn(C3CCCO3)c2n1,-1.2300,-1.0365,0.1935,0.5294
scaffold_shuffled,2,GIN,Molecular graph,131,CC34CC(O)C1(F)C(CCC2=CC(=O)CCC12C)C3CCC4(O)C(=O)CO ,O=C1C=C2CCC3C4CCCC4CCC3C2CC1,-3.4300,-3.5854,0.1554,0.5152
scaffold_shuffled,2,GIN,Molecular graph,135,C1Cc2ccccc2C1,c1ccc2c(c1)CCC2,-3.0400,-3.8742,0.8342,0.8571
scaffold_shuffled,2,GIN,Molecular graph,164,O2c1cc(C)ccc1N(C)C(=O)c3cc(N)cnc23 ,O=C1Nc2ccccc2Oc2ncccc21,-3.0430,-4.0156,0.9726,0.2712
scaffold_shuffled,2,GIN,Molecular graph,185,CC12CCC(=O)C=C1CCC3C2CCC4(C)C3CCC4(O)C#C ,O=C1C=C2CCC3C4CCCC4CCC3C2CC1,-5.6600,-4.5085,1.1515,0.6042
scaffold_shuffled,2,GIN,Molecular graph,188,C1C(O)CCC2(C)CC3CCC4(C)C5(C)CC6OCC(C)CC6OC5CC4C3C=C21,C1=C2CCCCC2CC2CCC3C4CC5OCCCC5OC4CC3C12,-7.3200,-4.8643,2.4557,0.2432
scaffold_shuffled,2,GIN,Molecular graph,200,Nc1ccc(cc1)S(=O)(=O)c2ccc(N)cc2,O=S(=O)(c1ccccc1)c1ccccc1,-3.0940,-2.7668,0.3272,0.6500
scaffold_shuffled,2,GIN,Molecular graph,207,Oc2ccc1ncccc1c2 ,c1ccc2ncccc2c1,-2.1600,-1.3572,0.8028,0.3571
scaffold_shuffled,2,GIN,Molecular graph,220,c1cc2cccc3c4cccc5cccc(c(c1)c23)c54,c1cc2cccc3c4cccc5cccc(c(c1)c23)c54,-8.8040,-7.6411,1.1629,0.7500
scaffold_shuffled,2,GIN,Molecular graph,230,OC1CCCCC1,C1CCCCC1,-0.4400,-1.2397,0.7997,1.0000
scaffold_shuffled,2,GIN,Molecular graph,235,CCNc1nc(Cl)nc(NC(C)C)n1,c1ncncn1,-3.8500,-2.1201,1.7299,0.2286
scaffold_shuffled,2,GIN,Molecular graph,245,CCN(CC)c1nc(Cl)nc(NC(C)C)n1,c1ncncn1,-3.7850,-2.5925,1.1925,0.2105
scaffold_shuffled,2,GIN,Molecular graph,261,COc1ccc(cc1)C(c2ccc(OC)cc2)C(Cl)(Cl)Cl,c1ccc(Cc2ccccc2)cc1,-6.8900,-4.2112,2.6788,0.4615
scaffold_shuffled,2,GIN,Molecular graph,262,Fc1cccc(F)c1C(=O)NC(=O)Nc2cc(Cl)c(F)c(Cl)c2F ,O=C(NC(=O)c1ccccc1)Nc1ccccc1,-7.2800,-5.6480,1.6320,0.2364
scaffold_shuffled,2,GIN,Molecular graph,265,OC(Cn1cncn1)(c2ccc(F)cc2)c3ccccc3F,c1ccc(C(Cn2cncn2)c2ccccc2)cc1,-3.3700,-3.3663,0.0037,0.2679
scaffold_shuffled,2,GIN,Molecular graph,270,CCSC(=O)N(CC)C1CCCCC1 ,C1CCCCC1,-3.4000,-3.6371,0.2371,0.3714
scaffold_shuffled,2,GIN,Molecular graph,294,CCOC(=O)c1ccccc1S(=O)(=O)NN(C=O)c2nc(Cl)cc(OC)n2,O=S(=O)(NNc1ncccn1)c1ccccc1,-4.5760,-3.3859,1.1901,0.3636
scaffold_shuffled,2,GIN,Molecular graph,304,ClC1C(Cl)C(Cl)C(Cl)C(Cl)C1Cl,C1CCCCC1,-4.6400,-4.0502,0.5898,0.1600
scaffold_shuffled,2,GIN,Molecular graph,310,CC1(O)CCC2C3CCC4=CC(=O)CCC4(C)C3CCC21C,O=C1C=C2CCC3C4CCCC4CCC3C2CC1,-3.9990,-4.2941,0.2951,0.6744
scaffold_shuffled,2,GIN,Molecular graph,312,C/C1CCC(\C)CC1,C1CCCCC1,-4.4700,-3.3152,1.1548,0.6364
scaffold_shuffled,2,GIN,Molecular graph,344,CCC(C)C(=O)OC2CC(C)C=C3C=CC(C)C(CCC1CC(O)CC(=O)O1)C23 ,O=C1CCCC(CCC2CC=CC3=CCCCC32)O1,-6.0050,-4.0956,1.9094,0.1774
scaffold_shuffled,2,GIN,Molecular graph,364,CC12CC(O)C3C(CCC4=CC(=O)CCC34C)C2CCC1(O)C(=O)CO,O=C1C=C2CCC3C4CCCC4CCC3C2CC1,-3.0900,-3.5580,0.4680,0.6780
scaffold_shuffled,2,GIN,Molecular graph,383,COc1nc(NC(C)C)nc(NC(C)C)n1,c1ncncn1,-2.4780,-2.1546,0.3234,0.2500
scaffold_shuffled,2,GIN,Molecular graph,399,Oc1cccc2ncccc12 ,c1ccc2ncccc2c1,-2.5400,-1.4257,1.1143,0.3571
scaffold_shuffled,2,GIN,Molecular graph,400,CC1=C(SCCO1)C(=O)Nc2ccccc2,O=C(Nc1ccccc1)C1=COCCS1,-3.1400,-3.0061,0.1339,0.5581
scaffold_shuffled,2,GIN,Molecular graph,401,CCOc2ccc1nc(sc1c2)S(N)(=O)=O ,c1ccc2scnc2c1,-3.8100,-4.2086,0.3986,0.3125
scaffold_shuffled,2,GIN,Molecular graph,405,CC(=O)OCC(=O)C3CCC4C2CCC1=CC(=O)CCC1(C)C2CCC34C ,O=C1C=C2CCC3C4CCCC4CCC3C2CC1,-4.6300,-4.4931,0.1369,0.5294
scaffold_shuffled,2,GIN,Molecular graph,420,CC(=O)C1CCC2C3CCC4=CC(=O)CCC4(C)C3CCC12C,O=C1C=C2CCC3C4CCCC4CCC3C2CC1,-4.4200,-4.6356,0.2156,0.6170
scaffold_shuffled,2,GIN,Molecular graph,421,CCN(CC)c1nc(Cl)nc(n1)N(CC)CC,c1ncncn1,-4.4110,-2.8334,1.5776,0.2857
scaffold_shuffled,2,GIN,Molecular graph,428,Oc1ccc(c(O)c1)c3oc2cc(O)cc(O)c2c(=O)c3O ,O=c1cc(-c2ccccc2)oc2ccccc12,-3.0830,-1.7105,1.3725,0.2407
scaffold_shuffled,2,GIN,Molecular graph,429,ClC1(C(=O)C2(Cl)C3(Cl)C14Cl)C5(Cl)C2(Cl)C3(Cl)C(Cl)(Cl)C45Cl,O=C1C2C3C4CC5C3C1C5C42,-5.2590,-8.0049,2.7459,0.4375
scaffold_shuffled,2,GIN,Molecular graph,431,C1CCCCC1,C1CCCCC1,-3.1000,-2.6569,0.4431,1.0000
scaffold_shuffled,2,GIN,Molecular graph,441,OCC1OC(OC2C(O)C(O)C(O)OC2CO)C(O)C(O)C1O,C1CCC(OC2CCCOC2)OC1,-0.2440,-0.4400,0.1960,0.6071
scaffold_shuffled,2,GIN,Molecular graph,450,ClC(Cl)C(c1ccc(Cl)cc1)c2ccc(Cl)cc2,c1ccc(Cc2ccccc2)cc1,-7.2000,-4.6857,2.5143,0.4706
scaffold_shuffled,2,GIN,Molecular graph,451,CC(=O)OC3CCC4C2CCC1=CC(=O)CCC1(C)C2CCC34C ,O=C1C=C2CCC3C4CCCC4CCC3C2CC1,-5.1840,-4.6533,0.5307,0.5800
scaffold_shuffled,2,GIN,Molecular graph,471,c1ccccc1C(O)c2ccccc2,c1ccc(Cc2ccccc2)cc1,-2.5500,-2.6572,0.1072,0.6471
scaffold_shuffled,2,GIN,Molecular graph,482,CC(C)C(Nc1ccc(cc1Cl)C(F)(F)F)C(=O)OC(C#N)c2cccc(Oc3ccccc3)c2,O=C(CNc1ccccc1)OCc1cccc(Oc2ccccc2)c1,-8.0030,-5.8466,2.1564,0.4853
scaffold_shuffled,2,GIN,Molecular graph,488,O=c2c(C3CCCc4ccccc43)c(O)c1ccccc1o2 ,O=c1oc2ccccc2cc1C1CCCc2ccccc21,-2.8400,-4.4066,1.5666,0.3509
scaffold_shuffled,2,GIN,Molecular graph,498,OC(c1ccc(Cl)cc1)(c2ccc(Cl)cc2)C(Cl)(Cl)Cl,c1ccc(Cc2ccccc2)cc1,-5.6660,-4.9423,0.7237,0.4444
scaffold_shuffled,2,GIN,Molecular graph,514,CNC(=O)Oc1ccccc1C2OCCO2,c1ccc(C2OCCO2)cc1,-1.5700,-2.4536,0.8836,0.4878
scaffold_shuffled,2,GIN,Molecular graph,530,O2c1ccccc1N(C)C(=O)c3cccnc23 ,O=C1Nc2ccccc2Oc2ncccc21,-3.6720,-3.9388,0.2668,0.5000
scaffold_shuffled,2,GIN,Molecular graph,532,CC1CCCCC1,C1CCCCC1,-3.8500,-3.0033,0.8467,0.9091
scaffold_shuffled,2,GIN,Molecular graph,539,CCNc1nc(NC(C)C)nc(SC)n1,c1ncncn1,-3.0400,-2.3108,0.7292,0.2162
scaffold_shuffled,2,GIN,Molecular graph,541,CC(=O)C1(O)CCC2C3CCC4=CC(=O)CCC4(C)C3CCC21C,O=C1C=C2CCC3C4CCCC4CCC3C2CC1,-3.8170,-4.0918,0.2748,0.6170
scaffold_shuffled,2,GIN,Molecular graph,543,OC(C(=O)c1ccccc1)c2ccccc2,O=C(Cc1ccccc1)c1ccccc1,-2.8500,-2.6596,0.1904,0.4583
scaffold_shuffled,2,GIN,Molecular graph,549,CCNc1nc(NC(C)(C)C)nc(SC)n1,c1ncncn1,-4.0000,-2.4770,1.5230,0.2162
scaffold_shuffled,2,GIN,Molecular graph,558,c1ccc2c(c1)sc3ccccc23,c1ccc2c(c1)sc1ccccc12,-4.3800,-5.9586,1.5786,0.4667
scaffold_shuffled,2,GIN,Molecular graph,582,Cc1cc(ccc1NS(=O)(=O)C(F)(F)F)S(=O)(=O)c2ccccc2,O=S(=O)(c1ccccc1)c1ccccc1,-3.8000,-4.1940,0.3940,0.4565
scaffold_shuffled,2,GIN,Molecular graph,588,Cc3cc2nc1c(=O)[nH]c(=O)nc1n(CC(O)C(O)C(O)CO)c2cc3C,O=c1nc2[nH]c3ccccc3nc-2c(=O)[nH]1,-3.6850,-2.0089,1.6761,0.2128
scaffold_shuffled,2,GIN,Molecular graph,592,CN2C(=C(O)c1ccccc1S2(=O)=O)C(=O)Nc3ccccn3 ,O=C(Nc1ccccn1)C1=Cc2ccccc2S(=O)(=O)N1,-4.1600,-3.1183,1.0417,0.2833
scaffold_shuffled,2,GIN,Molecular graph,602,Sc2nc1ccccc1s2 ,c1ccc2scnc2c1,-3.1800,-4.0014,0.8214,0.3571
scaffold_shuffled,2,GIN,Molecular graph,604,COc2c1occc1cc3ccc(=O)oc23 ,O=c1ccc2cc3ccoc3cc2o1,-3.6640,-3.8883,0.2243,0.4667
scaffold_shuffled,2,GIN,Molecular graph,610,CC2=CC(=O)c1ccccc1C2=O ,O=C1C=CC(=O)c2ccccc21,-3.0300,-4.0906,1.0606,0.5000
scaffold_shuffled,2,GIN,Molecular graph,636,CCNc1nc(NC(C)C)nc(OC)n1,c1ncncn1,-2.0840,-1.9852,0.0988,0.2162
scaffold_shuffled,2,GIN,Molecular graph,637,c1ccc2c(c1)cc3ccc4cccc5ccc2c3c45,c1ccc2c(c1)cc1ccc3cccc4ccc2c1c34,-8.6990,-7.7909,0.9081,0.6522
scaffold_shuffled,2,GIN,Molecular graph,642,Oc1cccc2cccnc12 ,c1ccc2ncccc2c1,-2.4200,-1.4561,0.9639,0.3704
scaffold_shuffled,2,GIN,Molecular graph,650,c1cc2ccc3cccc4ccc(c1)c2c34,c1cc2ccc3cccc4ccc(c1)c2c34,-6.1760,-7.1154,0.9394,0.6250
scaffold_shuffled,2,GIN,Molecular graph,657,c1ccc2ncccc2c1,c1ccc2ncccc2c1,-1.3000,-2.2919,0.9919,0.4783
scaffold_shuffled,2,GIN,Molecular graph,672,ClC(Cl)C(c1ccc(Cl)cc1)c2ccccc2Cl ,c1ccc(Cc2ccccc2)cc1,-6.5100,-4.7004,1.8096,0.3750
scaffold_shuffled,2,GIN,Molecular graph,686,CCNc1nc(Cl)nc(NCC)n1 ,c1ncncn1,-4.5500,-1.9341,2.6159,0.2857
scaffold_shuffled,2,GIN,Molecular graph,688,CSc1nc(nc(n1)N(C)C)N(C)C,c1ncncn1,-2.6760,-1.6455,1.0305,0.1923
scaffold_shuffled,2,GIN,Molecular graph,694,c1ccc(Cl)cc1C(c2ccc(Cl)cc2)(O)C(=O)OC(C)C,c1ccc(Cc2ccccc2)cc1,-4.5300,-4.9146,0.3846,0.4565
scaffold_shuffled,2,GIN,Molecular graph,695,CC13CCC(=O)C=C1CCC4C2CCC(C(=O)CO)C2(CC(O)C34)C=O ,O=C1C=C2CCC3C4CCCC4CCC3C2CC1,-3.8500,-3.8867,0.0367,0.4225
scaffold_shuffled,2,GIN,Molecular graph,707,COCCCNc1nc(NC(C)C)nc(SC)n1,c1ncncn1,-2.9280,-1.7644,1.1636,0.2308
scaffold_shuffled,2,GIN,Molecular graph,717,CCC(=O)OC3CCC4C2CCC1=CC(=O)CCC1(C)C2CCC34C ,O=C1C=C2CCC3C4CCCC4CCC3C2CC1,-5.3700,-4.7653,0.6047,0.5472
scaffold_shuffled,2,GIN,Molecular graph,721,CN(C)C(=O)C(c1ccccc1)c2ccccc2 ,c1ccc(Cc2ccccc2)cc1,-2.9800,-3.4824,0.5024,0.4194
scaffold_shuffled,2,GIN,Molecular graph,750,CC12CCC3C(CCC4=CC(=O)CCC34C)C2CCC1O,O=C1C=C2CCC3C4CCCC4CCC3C2CC1,-4.0200,-4.5325,0.5125,0.6591
scaffold_shuffled,2,GIN,Molecular graph,753,C/C1CCCCC1\C,C1CCCCC1,-4.3000,-3.3788,0.9212,0.5385
scaffold_shuffled,2,GIN,Molecular graph,765,c1ccc2c(c1)cnc3ccccc23 ,c1ccc2c(c1)cnc1ccccc12,-2.7800,-4.6078,1.8278,0.4545
scaffold_shuffled,2,GIN,Molecular graph,828,O=C2NC(=O)C1(CCCCC1)C(=O)N2,O=C1NC(=O)C2(CCCCC2)C(=O)N1,-3.0600,-2.2412,0.8188,1.0000
scaffold_shuffled,2,GIN,Molecular graph,845,C1c2ccccc2c3cc4ccccc4cc13,c1ccc2c(c1)Cc1cc3ccccc3cc1-2,-8.0400,-6.9362,1.1038,0.4688
scaffold_shuffled,2,GIN,Molecular graph,852,O=c2[nH]c(=O)c1[nH]c(=O)[nH]c1[nH]2 ,O=c1[nH]c(=O)c2[nH]c(=O)[nH]c2[nH]1,-3.9300,-1.0533,2.8767,0.1667
scaffold_shuffled,2,GIN,Molecular graph,855,Clc1ccc(cc1)C(c2ccc(Cl)cc2)C(Cl)(Cl)Cl,c1ccc(Cc2ccccc2)cc1,-7.1500,-4.8743,2.2757,0.4500
scaffold_shuffled,2,GIN,Molecular graph,864,CCNc1nc(Cl)nc(NC(C)(C)C#N)n1,c1ncncn1,-3.1500,-2.4440,0.7060,0.2000
scaffold_shuffled,2,GIN,Molecular graph,866,CC=C(C(=CC)c1ccc(O)cc1)c2ccc(O)cc2,C=C(C(=C)c1ccccc1)c1ccccc1,-4.9500,-3.2521,1.6979,0.4706
scaffold_shuffled,2,GIN,Molecular graph,872,CN(C)c1nc(nc(n1)N(C)C)N(C)C,c1ncncn1,-3.3640,-1.2273,2.1367,0.2500
scaffold_shuffled,2,GIN,Molecular graph,883,CC(=O)OCC(=O)C1(O)CCC2C3CCC4=CC(=O)CCC4(C)C3C(O)CC21C,O=C1C=C2CCC3C4CCCC4CCC3C2CC1,-4.8800,-3.8696,1.0104,0.7031
scaffold_shuffled,2,GIN,Molecular graph,891,C(c1ccccc1)c2ccccc2,c1ccc(Cc2ccccc2)cc1,-4.0800,-3.6974,0.3826,0.6000
scaffold_shuffled,2,GIN,Molecular graph,893,CCN(Cc1c(F)cccc1Cl)c2c(cc(cc2N(=O)=O)C(F)(F)F)N(=O)=O,c1ccc(CNc2ccccc2)cc1,-6.7800,-5.4203,1.3597,0.5472
scaffold_shuffled,2,GIN,Molecular graph,894,CC(C)Nc1nc(Cl)nc(NC(C)C)n1,c1ncncn1,-4.4300,-2.3077,2.1223,0.2000
scaffold_shuffled,2,GIN,Molecular graph,904,CSc1nc(NC(C)C)nc(NC(C)C)n1,c1ncncn1,-4.1000,-2.5057,1.5943,0.2083
scaffold_shuffled,2,GIN,Molecular graph,917,CC5(C)OC4CC3C2CCC1=CC(=O)C=CC1(C)C2(F)C(O)CC3(C)C4(O5)C(=O)CO ,O=C1C=CC2C(=C1)CCC1C2CCC2C1CC1OCOC12,-4.3100,-4.1859,0.1241,0.2706
scaffold_shuffled,2,GIN,Molecular graph,918,Nc2nc1[nH]cnc1c(=O)[nH]2 ,O=c1[nH]cnc2[nH]cnc12,-3.5830,-0.9933,2.5897,0.3158
scaffold_shuffled,2,GIN,Molecular graph,947,CCC1CCCCC1,C1CCCCC1,-4.2500,-3.4137,0.8363,0.5263
scaffold_shuffled,2,GIN,Molecular graph,961,CC(=O)OC3(C)CCC4C2CCC1=CC(=O)CCC1(C)C2CCC34C ,O=C1C=C2CCC3C4CCCC4CCC3C2CC1,-5.2840,-4.4648,0.8192,0.5918
scaffold_shuffled,2,GIN,Molecular graph,963,Fc1cccc(F)c1C(=O)NC(=O)Nc2ccc(Cl)cc2,O=C(NC(=O)c1ccccc1)Nc1ccccc1,-6.0200,-4.4804,1.5396,0.4324
scaffold_shuffled,2,GIN,Molecular graph,966,CC12CC(O)C3C(CCC4=CC(=O)CCC34C)C2CCC1C(=O)CO,O=C1C=C2CCC3C4CCCC4CCC3C2CC1,-3.2400,-4.0214,0.7814,0.4412
scaffold_shuffled,2,GIN,Molecular graph,990,CCCCNC(=O)n1c(NC(=O)OC)nc2ccccc12,c1ccc2[nH]cnc2c1,-4.8830,-3.5268,1.3562,0.2830
scaffold_shuffled,2,GIN,Molecular graph,995,CC34CCC1C(CCC2=CC(=O)CCC12O)C3CCC4(O)C#C,O=C1C=C2CCC3C4CCCC4CCC3C2CC1,-4.5700,-4.1546,0.4154,0.4828
scaffold_shuffled,2,GIN,Molecular graph,996,CC(C)OC(=O)C(O)(c1ccc(Br)cc1)c2ccc(Br)cc2 ,c1ccc(Cc2ccccc2)cc1,-4.9300,-5.0652,0.1352,0.3243
scaffold_shuffled,2,GIN,Molecular graph,1002,C1CCC2CCCCC2C1,C1CCC2CCCCC2C1,-5.1900,-3.8839,1.3061,0.3846
scaffold_shuffled,2,GIN,Molecular graph,1010,CCNc1nc(NC(C)(C)C)nc(OC)n1,c1ncncn1,-3.2390,-2.1224,1.1166,0.2162
scaffold_shuffled,2,GIN,Molecular graph,1018,ClC(Cl)CC(=O)NC2=C(Cl)C(=O)c1ccccc1C2=O,O=C1C=CC(=O)c2ccccc21,-5.0300,-4.1300,0.9000,0.3333
scaffold_shuffled,2,GIN,Molecular graph,1019,ClC(Cl)C(c1ccc(Cl)cc1)c2ccc(Cl)cc2 ,c1ccc(Cc2ccccc2)cc1,-7.2000,-4.6857,2.5143,0.4706
scaffold_shuffled,2,GIN,Molecular graph,1026,OC1C(O)C(O)C(O)C(O)C1O,C1CCCCC1,0.3500,0.0682,0.2818,0.2941
scaffold_shuffled,2,GIN,Molecular graph,1039,CC(=O)SC4CC1=CC(=O)CCC1(C)C5CCC2(C)C(CCC23CCC(=O)O3)C45,O=C1C=C2CCC3C(CCC4C3CCC43CCC(=O)O3)C2CC1,-4.1730,-4.6295,0.4565,0.3768
scaffold_shuffled,2,GIN,Molecular graph,1084,CC(=O)OC3(CCC4C2CCC1=CC(=O)CCC1C2CCC34C)C#C,O=C1C=C2CCC3C4CCCC4CCC3C2CC1,-4.8000,-4.9856,0.1856,0.3611
scaffold_shuffled,2,GIN,Molecular graph,1107,Cc1cc(no1)C(=O)NNCc2ccccc2,O=C(NNCc1ccccc1)c1ccon1,-2.4610,-2.0968,0.3642,0.3571
scaffold_shuffled,2,GIN,Molecular graph,1109,Oc1ccc(Cl)cc1Cc2cc(Cl)ccc2O,c1ccc(Cc2ccccc2)cc1,-3.9530,-2.7571,1.1959,0.5417
scaffold_shuffled,2,GIN,Molecular graph,1115,O=C1NC(=O)C(=O)N1 ,O=C1NC(=O)C(=O)N1,-0.4000,-1.1008,0.7008,0.6923
scaffold_shuffled,2,GIN,Molecular graph,1117,NS(=O)(=O)c1cc(ccc1Cl)C2(O)NC(=O)c3ccccc23,O=C1NC(c2ccccc2)c2ccccc21,-3.4510,-4.6071,1.1561,0.3220
scaffold_shuffled,3,Dummy (mean),RDKit descriptors,1,Cc1occc1C(=O)Nc2ccccc2,O=C(Nc1ccccc1)c1ccoc1,-3.3000,-2.8356,0.4644,0.5143
scaffold_shuffled,3,Dummy (mean),RDKit descriptors,9,COc5cc4OCC3Oc2c1CC(Oc1ccc2C(=O)C3c4cc5OC)C(C)=C ,O=C1c2ccc3c(c2OC2COc4ccccc4C12)CCO3,-4.4200,-2.8356,1.5844,0.2000
scaffold_shuffled,3,Dummy (mean),RDKit descriptors,28,ClC(Cl)=C(c1ccc(Cl)cc1)c2ccc(Cl)cc2,C=C(c1ccccc1)c1ccccc1,-6.9000,-2.8356,4.0644,0.4706
scaffold_shuffled,3,Dummy (mean),RDKit descriptors,36,N(c1ccccc1)c2ccccc2,c1ccc(Nc2ccccc2)cc1,-3.5040,-2.8356,0.6684,0.6000
scaffold_shuffled,3,Dummy (mean),RDKit descriptors,62,CC34CC(O)C1(F)C(CCC2=CC(=O)C=CC12C)C3CC(O)C4(O)C(=O)CO,O=C1C=CC2C(=C1)CCC1C3CCCC3CCC21,-3.6800,-2.8356,0.8444,0.6818
scaffold_shuffled,3,Dummy (mean),RDKit descriptors,66,CCNc1nc(Cl)nc(n1)N(CC)CC,c1ncncn1,-4.0600,-2.8356,1.2244,0.2692
scaffold_shuffled,3,Dummy (mean),RDKit descriptors,71,Clc2ccc(Oc1ccc(cc1)N(=O)=O)c(Cl)c2,c1ccc(Oc2ccccc2)cc1,-5.4600,-2.8356,2.6244,0.5312
scaffold_shuffled,3,Dummy (mean),RDKit descriptors,88,CC(C)C1CCC(C)CC1=O,O=C1CCCCC1,-2.3500,-2.8356,0.4856,0.3043
scaffold_shuffled,3,Dummy (mean),RDKit descriptors,100,CC12CCC3C(CCC4=CC(=O)CCC34C)C2CCC1C(=O)CO,O=C1C=C2CCC3C4CCCC4CCC3C2CC1,-3.4500,-2.8356,0.6144,0.5800
scaffold_shuffled,3,Dummy (mean),RDKit descriptors,109,OCC1OC(C(O)C1O)n2cnc3c(O)ncnc23,c1ncc2ncn(C3CCCO3)c2n1,-1.2300,-2.8356,1.6056,0.5294
scaffold_shuffled,3,Dummy (mean),RDKit descriptors,127,CC1(C)C(C=C(Cl)Cl)C1C(=O)OC(C#N)c2ccc(F)c(Oc3ccccc3)c2,O=C(OCc1cccc(Oc2ccccc2)c1)C1CC1,-7.3370,-2.8356,4.5014,0.3816
scaffold_shuffled,3,Dummy (mean),RDKit descriptors,131,CC34CC(O)C1(F)C(CCC2=CC(=O)CCC12C)C3CCC4(O)C(=O)CO ,O=C1C=C2CCC3C4CCCC4CCC3C2CC1,-3.4300,-2.8356,0.5944,0.4286
scaffold_shuffled,3,Dummy (mean),RDKit descriptors,135,C1Cc2ccccc2C1,c1ccc2c(c1)CCC2,-3.0400,-2.8356,0.2044,0.8571
scaffold_shuffled,3,Dummy (mean),RDKit descriptors,160,CSc1nnc(c(=O)n1N)C(C)(C)C,O=c1cnnc[nH]1,-2.2530,-2.8356,0.5826,0.1818
scaffold_shuffled,3,Dummy (mean),RDKit descriptors,176,CC1=CC(=O)CC(C)(C)C1 ,O=C1C=CCCC1,-1.0600,-2.8356,1.7756,0.2558
scaffold_shuffled,3,Dummy (mean),RDKit descriptors,185,CC12CCC(=O)C=C1CCC3C2CCC4(C)C3CCC4(O)C#C ,O=C1C=C2CCC3C4CCCC4CCC3C2CC1,-5.6600,-2.8356,2.8244,0.6042
scaffold_shuffled,3,Dummy (mean),RDKit descriptors,217,CC(=C)C1CC=C(C)C(=O)C1,O=C1C=CCCC1,-2.0600,-2.8356,0.7756,0.4706
scaffold_shuffled,3,Dummy (mean),RDKit descriptors,219,COc1cc(cc(OC)c1O)C6C2C(COC2=O)C(OC4OC3COC(C)OC3C(O)C4O)c7cc5OCOc5cc67,O=C1OCC2C(OC3CCC4OCOCC4O3)c3cc4c(cc3C(c3ccccc3)C12)OCO4,-3.5710,-2.8356,0.7354,0.2000
scaffold_shuffled,3,Dummy (mean),RDKit descriptors,220,c1cc2cccc3c4cccc5cccc(c(c1)c23)c54,c1cc2cccc3c4cccc5cccc(c(c1)c23)c54,-8.8040,-2.8356,5.9684,0.7059
scaffold_shuffled,3,Dummy (mean),RDKit descriptors,235,CCNc1nc(Cl)nc(NC(C)C)n1,c1ncncn1,-3.8500,-2.8356,1.0144,0.2500
scaffold_shuffled,3,Dummy (mean),RDKit descriptors,240,O=C1CCCCC1,O=C1CCCCC1,-0.6000,-2.8356,2.2356,0.3000
scaffold_shuffled,3,Dummy (mean),RDKit descriptors,245,CCN(CC)c1nc(Cl)nc(NC(C)C)n1,c1ncncn1,-3.7850,-2.8356,0.9494,0.2105
scaffold_shuffled,3,Dummy (mean),RDKit descriptors,254,CC(=O)OC3(CCC4C2C=C(C)C1=CC(=O)CCC1(C)C2CCC34C)C(C)=O ,O=C1C=C2C=CC3C4CCCC4CCC3C2CC1,-5.3500,-2.8356,2.5144,0.3226
scaffold_shuffled,3,Dummy (mean),RDKit descriptors,262,Fc1cccc(F)c1C(=O)NC(=O)Nc2cc(Cl)c(F)c(Cl)c2F ,O=C(NC(=O)c1ccccc1)Nc1ccccc1,-7.2800,-2.8356,4.4444,0.2459
scaffold_shuffled,3,Dummy (mean),RDKit descriptors,266,CC(=O)OCC(=O)C3(O)C(CC4C2CCC1=CC(=O)C=CC1(C)C2(F)C(O)CC34C)OC(C)=O ,O=C1C=CC2C(=C1)CCC1C3CCCC3CCC21,-4.1300,-2.8356,1.2944,0.5385
scaffold_shuffled,3,Dummy (mean),RDKit descriptors,272,CC1(C)C(C=C(Br)Br)C1C(=O)OC(C#N)c2cccc(Oc3ccccc3)c2,O=C(OCc1cccc(Oc2ccccc2)c1)C1CC1,-8.4020,-2.8356,5.5664,0.4638
scaffold_shuffled,3,Dummy (mean),RDKit descriptors,310,CC1(O)CCC2C3CCC4=CC(=O)CCC4(C)C3CCC21C,O=C1C=C2CCC3C4CCCC4CCC3C2CC1,-3.9990,-2.8356,1.1634,0.6744
scaffold_shuffled,3,Dummy (mean),RDKit descriptors,364,CC12CC(O)C3C(CCC4=CC(=O)CCC34C)C2CCC1(O)C(=O)CO,O=C1C=C2CCC3C4CCCC4CCC3C2CC1,-3.0900,-2.8356,0.2544,0.4483
scaffold_shuffled,3,Dummy (mean),RDKit descriptors,370,CN1CC(O)N(C1=O)c2nnc(s2)C(C)(C)C,O=C1NCCN1c1nncs1,-1.8770,-2.8356,0.9586,0.1552
scaffold_shuffled,3,Dummy (mean),RDKit descriptors,382,CN(C=Nc1ccc(C)cc1C)C=Nc2ccc(C)cc2C,C(=Nc1ccccc1)NC=Nc1ccccc1,-5.4700,-2.8356,2.6344,0.5294
scaffold_shuffled,3,Dummy (mean),RDKit descriptors,383,COc1nc(NC(C)C)nc(NC(C)C)n1,c1ncncn1,-2.4780,-2.8356,0.3576,0.2500
scaffold_shuffled,3,Dummy (mean),RDKit descriptors,394,CN(C(=O)NC(C)(C)c1ccccc1)c2ccccc2,O=C(NCc1ccccc1)Nc1ccccc1,-3.3500,-2.8356,0.5144,0.3784
scaffold_shuffled,3,Dummy (mean),RDKit descriptors,398,CN(C(=O)COc1nc2ccccc2s1)c3ccccc3,O=C(COc1nc2ccccc2s1)Nc1ccccc1,-4.8730,-2.8356,2.0374,0.2941
scaffold_shuffled,3,Dummy (mean),RDKit descriptors,405,CC(=O)OCC(=O)C3CCC4C2CCC1=CC(=O)CCC1(C)C2CCC34C ,O=C1C=C2CCC3C4CCCC4CCC3C2CC1,-4.6300,-2.8356,1.7944,0.5273
scaffold_shuffled,3,Dummy (mean),RDKit descriptors,412,CC(=O)Nc1nnc(s1)S(N)(=O)=O ,c1nncs1,-2.3600,-2.8356,0.4756,0.2703
scaffold_shuffled,3,Dummy (mean),RDKit descriptors,420,CC(=O)C1CCC2C3CCC4=CC(=O)CCC4(C)C3CCC12C,O=C1C=C2CCC3C4CCCC4CCC3C2CC1,-4.4200,-2.8356,1.5844,0.6170
scaffold_shuffled,3,Dummy (mean),RDKit descriptors,421,CCN(CC)c1nc(Cl)nc(n1)N(CC)CC,c1ncncn1,-4.4110,-2.8356,1.5754,0.2857
scaffold_shuffled,3,Dummy (mean),RDKit descriptors,424,OC3N=C(c1ccccc1)c2cc(Cl)ccc2NC3=O ,O=C1CN=C(c2ccccc2)c2ccccc2N1,-3.9520,-2.8356,1.1164,0.3043
scaffold_shuffled,3,Dummy (mean),RDKit descriptors,428,Oc1ccc(c(O)c1)c3oc2cc(O)cc(O)c2c(=O)c3O ,O=c1cc(-c2ccccc2)oc2ccccc12,-3.0830,-2.8356,0.2474,0.2391
scaffold_shuffled,3,Dummy (mean),RDKit descriptors,451,CC(=O)OC3CCC4C2CCC1=CC(=O)CCC1(C)C2CCC34C ,O=C1C=C2CCC3C4CCCC4CCC3C2CC1,-5.1840,-2.8356,2.3484,0.5800
scaffold_shuffled,3,Dummy (mean),RDKit descriptors,453,CCN2c1ccccc1N(C)C(=O)c3ccccc23 ,O=C1Nc2ccccc2Nc2ccccc21,-4.7490,-2.8356,1.9134,0.6579
scaffold_shuffled,3,Dummy (mean),RDKit descriptors,458,CC1(C)C(C=C(Cl)Cl)C1C(=O)OC(C#N)c2cccc(Oc3ccccc3)c2,O=C(OCc1cccc(Oc2ccccc2)c1)C1CC1,-8.0170,-2.8356,5.1814,0.4706
scaffold_shuffled,3,Dummy (mean),RDKit descriptors,481,ON=Cc1ccc(o1)N(=O)=O ,c1ccoc1,-2.1900,-2.8356,0.6456,0.5238
scaffold_shuffled,3,Dummy (mean),RDKit descriptors,493,CN2C(=O)CN=C(c1ccccc1)c3cc(ccc23)N(=O)=O,O=C1CN=C(c2ccccc2)c2ccccc2N1,-3.7960,-2.8356,0.9604,0.3182
scaffold_shuffled,3,Dummy (mean),RDKit descriptors,514,CNC(=O)Oc1ccccc1C2OCCO2,c1ccc(C2OCCO2)cc1,-1.5700,-2.8356,1.2656,0.4878
scaffold_shuffled,3,Dummy (mean),RDKit descriptors,515,C1N(C(=O)NCC(C)C)C(=O)NC1,O=C1NCCN1,-2.1500,-2.8356,0.6856,0.2500
scaffold_shuffled,3,Dummy (mean),RDKit descriptors,517,CCOC(=O)NCCOc2ccc(Oc1ccccc1)cc2,c1ccc(Oc2ccccc2)cc1,-4.7000,-2.8356,1.8644,0.4286
scaffold_shuffled,3,Dummy (mean),RDKit descriptors,523,O=Cc1ccco1,c1ccoc1,-0.1000,-2.8356,2.7356,0.3333
scaffold_shuffled,3,Dummy (mean),RDKit descriptors,539,CCNc1nc(NC(C)C)nc(SC)n1,c1ncncn1,-3.0400,-2.8356,0.2044,0.2407
scaffold_shuffled,3,Dummy (mean),RDKit descriptors,541,CC(=O)C1(O)CCC2C3CCC4=CC(=O)CCC4(C)C3CCC21C,O=C1C=C2CCC3C4CCCC4CCC3C2CC1,-3.8170,-2.8356,0.9814,0.6170
scaffold_shuffled,3,Dummy (mean),RDKit descriptors,549,CCNc1nc(NC(C)(C)C)nc(SC)n1,c1ncncn1,-4.0000,-2.8356,1.1644,0.2407
scaffold_shuffled,3,Dummy (mean),RDKit descriptors,552,CC23Cc1cnoc1C=C2CCC4C3CCC5(C)C4CCC5(O)C#C,C1=C2CCC3C4CCCC4CCC3C2Cc2cnoc21,-5.5070,-2.8356,2.6714,0.3281
scaffold_shuffled,3,Dummy (mean),RDKit descriptors,555,CC1OC(CC(O)C1O)OC2C(O)CC(OC2C)OC8C(O)CC(OC7CCC3(C)C(CCC4C3CC(O)C5(C)C(CCC45O)C6=CC(=O)OC6)C7)OC8C ,O=C1C=C(C2CCC3C2CCC2C4CCC(OC5CCC(OC6CCC(OC7CCCCO7)CO6)CO5)CC4CCC23)CO1,-4.0810,-2.8356,1.2454,0.2353
scaffold_shuffled,3,Dummy (mean),RDKit descriptors,570,CCCCc1c(C)nc(NCC)[nH]c1=O,O=c1ccnc[nH]1,-3.0280,-2.8356,0.1924,0.4286
scaffold_shuffled,3,Dummy (mean),RDKit descriptors,576,CC12CC(O)C3C(CCC4=CC(=O)C=CC34C)C2CCC1(O)C(=O)CO,O=C1C=CC2C(=C1)CCC1C3CCCC3CCC21,-3.1800,-2.8356,0.3444,0.3750
scaffold_shuffled,3,Dummy (mean),RDKit descriptors,591,CC1(C)C(C=C(Cl)Cl)C1C(=O)OCc2cccc(Oc3ccccc3)c2,O=C(OCc1cccc(Oc2ccccc2)c1)C1CC1,-6.2910,-2.8356,3.4554,0.4194
scaffold_shuffled,3,Dummy (mean),RDKit descriptors,615,CC1CC2C3CCC4=CC(=O)C=CC4(C)C3(F)C(O)CC2(C)C1(O)C(=O)CO,O=C1C=CC2C(=C1)CCC1C3CCCC3CCC21,-3.5900,-2.8356,0.7544,0.6618
scaffold_shuffled,3,Dummy (mean),RDKit descriptors,627,O=C3CN=C(c1ccccc1)c2cc(ccc2N3)N(=O)=O,O=C1CN=C(c2ccccc2)c2ccccc2N1,-3.7960,-2.8356,0.9604,0.3333
scaffold_shuffled,3,Dummy (mean),RDKit descriptors,636,CCNc1nc(NC(C)C)nc(OC)n1,c1ncncn1,-2.0840,-2.8356,0.7516,0.2642
scaffold_shuffled,3,Dummy (mean),RDKit descriptors,637,c1ccc2c(c1)cc3ccc4cccc5ccc2c3c45,c1ccc2c(c1)cc1ccc3cccc4ccc2c1c34,-8.6990,-2.8356,5.8634,0.6522
scaffold_shuffled,3,Dummy (mean),RDKit descriptors,640,CC1OC(CC(O)C1O)OC2C(O)CC(OC2C)OC8C(O)CC(OC7CCC3(C)C(CCC4C3CCC5(C)C(CCC45O)C6=CC(=O)OC6)C7)OC8C ,O=C1C=C(C2CCC3C2CCC2C4CCC(OC5CCC(OC6CCC(OC7CCCCO7)CO6)CO5)CC4CCC23)CO1,-5.2930,-2.8356,2.4574,0.2500
scaffold_shuffled,3,Dummy (mean),RDKit descriptors,662,O=C1NC(=O)C(=O)C(=O)N1 ,O=C1NC(=O)C(=O)C(=O)N1,-1.2500,-2.8356,1.5856,0.6923
scaffold_shuffled,3,Dummy (mean),RDKit descriptors,676,c1cc2ccc3ccc4ccc5cccc6c(c1)c2c3c4c56,c1cc2ccc3ccc4ccc5cccc6c(c1)c2c3c4c56,-9.0180,-2.8356,6.1824,0.8235
scaffold_shuffled,3,Dummy (mean),RDKit descriptors,686,CCNc1nc(Cl)nc(NCC)n1 ,c1ncncn1,-4.5500,-2.8356,1.7144,0.2889
scaffold_shuffled,3,Dummy (mean),RDKit descriptors,688,CSc1nc(nc(n1)N(C)C)N(C)C,c1ncncn1,-2.6760,-2.8356,0.1596,0.2778
scaffold_shuffled,3,Dummy (mean),RDKit descriptors,695,CC13CCC(=O)C=C1CCC4C2CCC(C(=O)CO)C2(CC(O)C34)C=O ,O=C1C=C2CCC3C4CCCC4CCC3C2CC1,-3.8500,-2.8356,1.0144,0.4098
scaffold_shuffled,3,Dummy (mean),RDKit descriptors,696,COc2ccc(Oc1ccc(NC(=O)N(C)C)cc1)cc2,c1ccc(Oc2ccccc2)cc1,-4.1600,-2.8356,1.3244,0.5758
scaffold_shuffled,3,Dummy (mean),RDKit descriptors,706,c1ccoc1,c1ccoc1,-0.8200,-2.8356,2.0156,0.2222
scaffold_shuffled,3,Dummy (mean),RDKit descriptors,707,COCCCNc1nc(NC(C)C)nc(SC)n1,c1ncncn1,-2.9280,-2.8356,0.0924,0.2308
scaffold_shuffled,3,Dummy (mean),RDKit descriptors,708,CN(C)C(=O)NC1CC2CC1C3CCCC23,C1CC2C3CCC(C3)C2C1,-3.1710,-2.8356,0.3354,0.4444
scaffold_shuffled,3,Dummy (mean),RDKit descriptors,711,CC(=O)OCC(=O)C3(O)CCC4C2CCC1=CC(=O)C=CC1(C)C2C(O)CC34C ,O=C1C=CC2C(=C1)CCC1C3CCCC3CCC21,-4.3700,-2.8356,1.5344,0.3068
scaffold_shuffled,3,Dummy (mean),RDKit descriptors,717,CCC(=O)OC3CCC4C2CCC1=CC(=O)CCC1(C)C2CCC34C ,O=C1C=C2CCC3C4CCCC4CCC3C2CC1,-5.3700,-2.8356,2.5344,0.5472
scaffold_shuffled,3,Dummy (mean),RDKit descriptors,740,Clc1ccccc1C2=NCC(=O)Nc3ccc(cc23)N(=O)=O,O=C1CN=C(c2ccccc2)c2ccccc2N1,-3.4990,-2.8356,0.6634,0.3617
scaffold_shuffled,3,Dummy (mean),RDKit descriptors,744,CC1(C)C(C=C(Cl)C(F)(F)F)C1C(=O)OC(C#N)c2cccc(Oc3ccccc3)c2,O=C(OCc1cccc(Oc2ccccc2)c1)C1CC1,-8.1760,-2.8356,5.3404,0.4583
scaffold_shuffled,3,Dummy (mean),RDKit descriptors,746,CN2C(=O)CN=C(c1ccccc1)c3cc(Cl)ccc23,O=C1CN=C(c2ccccc2)c2ccccc2N1,-3.7540,-2.8356,0.9184,0.4286
scaffold_shuffled,3,Dummy (mean),RDKit descriptors,750,CC12CCC3C(CCC4=CC(=O)CCC34C)C2CCC1O,O=C1C=C2CCC3C4CCCC4CCC3C2CC1,-4.0200,-2.8356,1.1844,0.6591
scaffold_shuffled,3,Dummy (mean),RDKit descriptors,754,COc2cc1c(N)nc(nc1c(OC)c2OC)N3CCN(CC3)C(=O)OCC(C)(C)O ,c1ccc2nc(N3CCNCC3)ncc2c1,-3.6380,-2.8356,0.8024,0.1972
scaffold_shuffled,3,Dummy (mean),RDKit descriptors,756,CC(=O)C3(C)CCC4C2C=C(C)C1=CC(=O)CCC1(C)C2CCC34C,O=C1C=C2C=CC3C4CCCC4CCC3C2CC1,-5.2700,-2.8356,2.4344,0.3509
scaffold_shuffled,3,Dummy (mean),RDKit descriptors,765,c1ccc2c(c1)cnc3ccccc23 ,c1ccc2c(c1)cnc1ccccc12,-2.7800,-2.8356,0.0556,0.4231
scaffold_shuffled,3,Dummy (mean),RDKit descriptors,774,Sc1nccc(=O)[nH]1 ,O=c1ccnc[nH]1,-2.2730,-2.8356,0.5626,0.3214
scaffold_shuffled,3,Dummy (mean),RDKit descriptors,809,O2c1ccccc1N(CC)C(=O)c3ccccc23 ,O=C1Nc2ccccc2Oc2ccccc21,-3.6800,-2.8356,0.8444,0.4762
scaffold_shuffled,3,Dummy (mean),RDKit descriptors,829,CN(C)C(=O)OC1=CC(=O)CC(C)(C)C1 ,O=C1C=CCCC1,-0.8500,-2.8356,1.9856,0.2826
scaffold_shuffled,3,Dummy (mean),RDKit descriptors,845,C1c2ccccc2c3cc4ccccc4cc13,c1ccc2c(c1)Cc1cc3ccccc3cc1-2,-8.0400,-2.8356,5.2044,0.6364
scaffold_shuffled,3,Dummy (mean),RDKit descriptors,851,CCCCC(=O)OC3(C(C)CC4C2CCC1=CC(=O)C=CC1(C)C2(F)C(O)CC34C)C(=O)CO,O=C1C=CC2C(=C1)CCC1C3CCCC3CCC21,-4.7100,-2.8356,1.8744,0.5769
scaffold_shuffled,3,Dummy (mean),RDKit descriptors,852,O=c2[nH]c(=O)c1[nH]c(=O)[nH]c1[nH]2 ,O=c1[nH]c(=O)c2[nH]c(=O)[nH]c2[nH]1,-3.9300,-2.8356,1.0944,0.2963
scaffold_shuffled,3,Dummy (mean),RDKit descriptors,864,CCNc1nc(Cl)nc(NC(C)(C)C#N)n1,c1ncncn1,-3.1500,-2.8356,0.3144,0.2281
scaffold_shuffled,3,Dummy (mean),RDKit descriptors,865,c1ccc2c(c1)c3ccccc3c4ccccc24,c1ccc2c(c1)c1ccccc1c1ccccc21,-6.7260,-2.8356,3.8904,0.5714
scaffold_shuffled,3,Dummy (mean),RDKit descriptors,872,CN(C)c1nc(nc(n1)N(C)C)N(C)C,c1ncncn1,-3.3640,-2.8356,0.5284,0.3448
scaffold_shuffled,3,Dummy (mean),RDKit descriptors,883,CC(=O)OCC(=O)C1(O)CCC2C3CCC4=CC(=O)CCC4(C)C3C(O)CC21C,O=C1C=C2CCC3C4CCCC4CCC3C2CC1,-4.8800,-2.8356,2.0444,0.4127
scaffold_shuffled,3,Dummy (mean),RDKit descriptors,885,OC3N=C(c1ccccc1Cl)c2cc(Cl)ccc2NC3=O,O=C1CN=C(c2ccccc2)c2ccccc2N1,-3.6040,-2.8356,0.7684,0.3478
scaffold_shuffled,3,Dummy (mean),RDKit descriptors,888,NS(=O)(=O)c2cc1c(N=CNS1(=O)=O)cc2Cl ,O=S1(=O)NC=Nc2ccccc21,-3.0500,-2.8356,0.2144,0.5111
scaffold_shuffled,3,Dummy (mean),RDKit descriptors,894,CC(C)Nc1nc(Cl)nc(NC(C)C)n1,c1ncncn1,-4.4300,-2.8356,1.5944,0.2000
scaffold_shuffled,3,Dummy (mean),RDKit descriptors,901,CC1(C)C(C(=O)OC(C#N)c2cccc(Oc3ccccc3)c2)C1(C)C,O=C(OCc1cccc(Oc2ccccc2)c1)C1CC1,-6.0250,-2.8356,3.1894,0.5333
scaffold_shuffled,3,Dummy (mean),RDKit descriptors,904,CSc1nc(NC(C)C)nc(NC(C)C)n1,c1ncncn1,-4.1000,-2.8356,1.2644,0.2083
scaffold_shuffled,3,Dummy (mean),RDKit descriptors,920,CC34CCC1C(CCC2CC(=O)CCC12C)C3CCC4O ,O=C1CCC2C(CCC3C4CCCC4CCC23)C1,-4.7430,-2.8356,1.9074,0.5319
scaffold_shuffled,3,Dummy (mean),RDKit descriptors,961,CC(=O)OC3(C)CCC4C2CCC1=CC(=O)CCC1(C)C2CCC34C ,O=C1C=C2CCC3C4CCCC4CCC3C2CC1,-5.2840,-2.8356,2.4484,0.5918
scaffold_shuffled,3,Dummy (mean),RDKit descriptors,963,Fc1cccc(F)c1C(=O)NC(=O)Nc2ccc(Cl)cc2,O=C(NC(=O)c1ccccc1)Nc1ccccc1,-6.0200,-2.8356,3.1844,0.4324
scaffold_shuffled,3,Dummy (mean),RDKit descriptors,964,Oc1cc(Cl)ccc1Oc2ccc(Cl)cc2Cl,c1ccc(Oc2ccccc2)cc1,-4.4600,-2.8356,1.6244,0.5185
scaffold_shuffled,3,Dummy (mean),RDKit descriptors,966,CC12CC(O)C3C(CCC4=CC(=O)CCC34C)C2CCC1C(=O)CO,O=C1C=C2CCC3C4CCCC4CCC3C2CC1,-3.2400,-2.8356,0.4044,0.4310
scaffold_shuffled,3,Dummy (mean),RDKit descriptors,986,CC(C)=CC3C(C(=O)OCc2cccc(Oc1ccccc1)c2)C3(C)C ,O=C(OCc1cccc(Oc2ccccc2)c1)C1CC1,-5.2400,-2.8356,2.4044,0.3750
scaffold_shuffled,3,Dummy (mean),RDKit descriptors,995,CC34CCC1C(CCC2=CC(=O)CCC12O)C3CCC4(O)C#C,O=C1C=C2CCC3C4CCCC4CCC3C2CC1,-4.5700,-2.8356,1.7344,0.4528
scaffold_shuffled,3,Dummy (mean),RDKit descriptors,1008,CC1CC2C3CC(F)C4=CC(=O)C=CC4(C)C3(F)C(O)CC2(C)C1(O)C(=O)CO,O=C1C=CC2C(=C1)CCC1C3CCCC3CCC21,-5.6130,-2.8356,2.7774,0.4675
scaffold_shuffled,3,Dummy (mean),RDKit descriptors,1010,CCNc1nc(NC(C)(C)C)nc(OC)n1,c1ncncn1,-3.2390,-2.8356,0.4034,0.2642
scaffold_shuffled,3,Dummy (mean),RDKit descriptors,1021,CN(C)C(=O)Nc2ccc(Oc1ccc(Cl)cc1)cc2,c1ccc(Oc2ccccc2)cc1,-4.8900,-2.8356,2.0544,0.8276
scaffold_shuffled,3,Dummy (mean),RDKit descriptors,1041,O(c1ccccc1)c2ccccc2,c1ccc(Oc2ccccc2)cc1,-3.9600,-2.8356,1.1244,0.5294
scaffold_shuffled,3,Dummy (mean),RDKit descriptors,1067,CC4CC3C2CCC1=CC(=O)C=CC1(C)C2(F)C(O)CC3(C)C4(O)C(=O)COC(C)=O ,O=C1C=CC2C(=C1)CCC1C3CCCC3CCC21,-4.9000,-2.8356,2.0644,0.5526
scaffold_shuffled,3,Dummy (mean),RDKit descriptors,1070,CC1CC2C3CCC(O)(C(=O)C)C3(C)CC(O)C2(F)C4(C)C=CC(=O)C=C14,O=C1C=CC2C(=C1)CCC1C3CCCC3CCC21,-4.0990,-2.8356,1.2634,0.4103
scaffold_shuffled,3,Dummy (mean),RDKit descriptors,1084,CC(=O)OC3(CCC4C2CCC1=CC(=O)CCC1C2CCC34C)C#C,O=C1C=C2CCC3C4CCCC4CCC3C2CC1,-4.8000,-2.8356,1.9644,0.2923
scaffold_shuffled,3,Dummy (mean),RDKit descriptors,1095,Oc2cc(O)c1C(=O)CC(Oc1c2)c3ccc(O)c(O)c3,O=C1CC(c2ccccc2)Oc2ccccc21,-3.6200,-2.8356,0.7844,0.1951
scaffold_shuffled,3,Dummy (mean),RDKit descriptors,1104,O2c1ccc(N)cc1N(C)C(=O)c3cc(C)ccc23 ,O=C1Nc2ccccc2Oc2ccccc21,-3.9280,-2.8356,1.0924,0.3000
scaffold_shuffled,3,Dummy (mean),RDKit descriptors,1107,Cc1cc(no1)C(=O)NNCc2ccccc2,O=C(NNCc1ccccc1)c1ccon1,-2.4610,-2.8356,0.3746,0.3571
scaffold_shuffled,3,Dummy (mean),RDKit descriptors,1116,COP(=S)(OC)Oc1ccc(Sc2ccc(OP(=S)(OC)OC)cc2)cc1,c1ccc(Sc2ccccc2)cc1,-6.2370,-2.8356,3.4014,0.5000
scaffold_shuffled,3,Dummy (mean),RDKit descriptors,1117,NS(=O)(=O)c1cc(ccc1Cl)C2(O)NC(=O)c3ccccc23,O=C1NC(c2ccccc2)c2ccccc21,-3.4510,-2.8356,0.6154,0.3220
scaffold_shuffled,3,Linear,RDKit descriptors,1,Cc1occc1C(=O)Nc2ccccc2,O=C(Nc1ccccc1)c1ccoc1,-3.3000,-3.4742,0.1742,0.5143
scaffold_shuffled,3,Linear,RDKit descriptors,9,COc5cc4OCC3Oc2c1CC(Oc1ccc2C(=O)C3c4cc5OC)C(C)=C ,O=C1c2ccc3c(c2OC2COc4ccccc4C12)CCO3,-4.4200,-5.1612,0.7412,0.2000
scaffold_shuffled,3,Linear,RDKit descriptors,28,ClC(Cl)=C(c1ccc(Cl)cc1)c2ccc(Cl)cc2,C=C(c1ccccc1)c1ccccc1,-6.9000,-6.7458,0.1542,0.4706
scaffold_shuffled,3,Linear,RDKit descriptors,36,N(c1ccccc1)c2ccccc2,c1ccc(Nc2ccccc2)cc1,-3.5040,-3.6318,0.1278,0.6000
scaffold_shuffled,3,Linear,RDKit descriptors,62,CC34CC(O)C1(F)C(CCC2=CC(=O)C=CC12C)C3CC(O)C4(O)C(=O)CO,O=C1C=CC2C(=C1)CCC1C3CCCC3CCC21,-3.6800,-2.6767,1.0033,0.6818
scaffold_shuffled,3,Linear,RDKit descriptors,66,CCNc1nc(Cl)nc(n1)N(CC)CC,c1ncncn1,-4.0600,-2.5243,1.5357,0.2692
scaffold_shuffled,3,Linear,RDKit descriptors,71,Clc2ccc(Oc1ccc(cc1)N(=O)=O)c(Cl)c2,c1ccc(Oc2ccccc2)cc1,-5.4600,-5.6710,0.2110,0.5312
scaffold_shuffled,3,Linear,RDKit descriptors,88,CC(C)C1CCC(C)CC1=O,O=C1CCCCC1,-2.3500,-2.8660,0.5160,0.3043
scaffold_shuffled,3,Linear,RDKit descriptors,100,CC12CCC3C(CCC4=CC(=O)CCC34C)C2CCC1C(=O)CO,O=C1C=C2CCC3C4CCCC4CCC3C2CC1,-3.4500,-4.8707,1.4207,0.5800
scaffold_shuffled,3,Linear,RDKit descriptors,109,OCC1OC(C(O)C1O)n2cnc3c(O)ncnc23,c1ncc2ncn(C3CCCO3)c2n1,-1.2300,0.0010,1.2310,0.5294
scaffold_shuffled,3,Linear,RDKit descriptors,127,CC1(C)C(C=C(Cl)Cl)C1C(=O)OC(C#N)c2ccc(F)c(Oc3ccccc3)c2,O=C(OCc1cccc(Oc2ccccc2)c1)C1CC1,-7.3370,-7.7383,0.4013,0.3816
scaffold_shuffled,3,Linear,RDKit descriptors,131,CC34CC(O)C1(F)C(CCC2=CC(=O)CCC12C)C3CCC4(O)C(=O)CO ,O=C1C=C2CCC3C4CCCC4CCC3C2CC1,-3.4300,-3.6605,0.2305,0.4286
scaffold_shuffled,3,Linear,RDKit descriptors,135,C1Cc2ccccc2C1,c1ccc2c(c1)CCC2,-3.0400,-2.1502,0.8898,0.8571
scaffold_shuffled,3,Linear,RDKit descriptors,160,CSc1nnc(c(=O)n1N)C(C)(C)C,O=c1cnnc[nH]1,-2.2530,-1.4284,0.8246,0.1818
scaffold_shuffled,3,Linear,RDKit descriptors,176,CC1=CC(=O)CC(C)(C)C1 ,O=C1C=CCCC1,-1.0600,-2.5285,1.4685,0.2558
scaffold_shuffled,3,Linear,RDKit descriptors,185,CC12CCC(=O)C=C1CCC3C2CCC4(C)C3CCC4(O)C#C ,O=C1C=C2CCC3C4CCCC4CCC3C2CC1,-5.6600,-4.8937,0.7663,0.6042
scaffold_shuffled,3,Linear,RDKit descriptors,217,CC(=C)C1CC=C(C)C(=O)C1,O=C1C=CCCC1,-2.0600,-2.6928,0.6328,0.4706
scaffold_shuffled,3,Linear,RDKit descriptors,219,COc1cc(cc(OC)c1O)C6C2C(COC2=O)C(OC4OC3COC(C)OC3C(O)C4O)c7cc5OCOc5cc67,O=C1OCC2C(OC3CCC4OCOCC4O3)c3cc4c(cc3C(c3ccccc3)C12)OCO4,-3.5710,-4.4300,0.8590,0.2000
scaffold_shuffled,3,Linear,RDKit descriptors,220,c1cc2cccc3c4cccc5cccc(c(c1)c23)c54,c1cc2cccc3c4cccc5cccc(c(c1)c23)c54,-8.8040,-6.1702,2.6338,0.7059
scaffold_shuffled,3,Linear,RDKit descriptors,235,CCNc1nc(Cl)nc(NC(C)C)n1,c1ncncn1,-3.8500,-2.5906,1.2594,0.2500
scaffold_shuffled,3,Linear,RDKit descriptors,240,O=C1CCCCC1,O=C1CCCCC1,-0.6000,-1.5926,0.9926,0.3000
scaffold_shuffled,3,Linear,RDKit descriptors,245,CCN(CC)c1nc(Cl)nc(NC(C)C)n1,c1ncncn1,-3.7850,-2.9587,0.8263,0.2105
scaffold_shuffled,3,Linear,RDKit descriptors,254,CC(=O)OC3(CCC4C2C=C(C)C1=CC(=O)CCC1(C)C2CCC34C)C(C)=O ,O=C1C=C2C=CC3C4CCCC4CCC3C2CC1,-5.3500,-5.9971,0.6471,0.3226
scaffold_shuffled,3,Linear,RDKit descriptors,262,Fc1cccc(F)c1C(=O)NC(=O)Nc2cc(Cl)c(F)c(Cl)c2F ,O=C(NC(=O)c1ccccc1)Nc1ccccc1,-7.2800,-5.9142,1.3658,0.2459
scaffold_shuffled,3,Linear,RDKit descriptors,266,CC(=O)OCC(=O)C3(O)C(CC4C2CCC1=CC(=O)C=CC1(C)C2(F)C(O)CC34C)OC(C)=O ,O=C1C=CC2C(=C1)CCC1C3CCCC3CCC21,-4.1300,-4.1484,0.0184,0.5385
scaffold_shuffled,3,Linear,RDKit descriptors,272,CC1(C)C(C=C(Br)Br)C1C(=O)OC(C#N)c2cccc(Oc3ccccc3)c2,O=C(OCc1cccc(Oc2ccccc2)c1)C1CC1,-8.4020,-8.1494,0.2526,0.4638
scaffold_shuffled,3,Linear,RDKit descriptors,310,CC1(O)CCC2C3CCC4=CC(=O)CCC4(C)C3CCC21C,O=C1C=C2CCC3C4CCCC4CCC3C2CC1,-3.9990,-5.2467,1.2477,0.6744
scaffold_shuffled,3,Linear,RDKit descriptors,364,CC12CC(O)C3C(CCC4=CC(=O)CCC34C)C2CCC1(O)C(=O)CO,O=C1C=C2CCC3C4CCCC4CCC3C2CC1,-3.0900,-3.5082,0.4182,0.4483
scaffold_shuffled,3,Linear,RDKit descriptors,370,CN1CC(O)N(C1=O)c2nnc(s2)C(C)(C)C,O=C1NCCN1c1nncs1,-1.8770,-2.1722,0.2952,0.1552
scaffold_shuffled,3,Linear,RDKit descriptors,382,CN(C=Nc1ccc(C)cc1C)C=Nc2ccc(C)cc2C,C(=Nc1ccccc1)NC=Nc1ccccc1,-5.4700,-5.5667,0.0967,0.5294
scaffold_shuffled,3,Linear,RDKit descriptors,383,COc1nc(NC(C)C)nc(NC(C)C)n1,c1ncncn1,-2.4780,-2.4241,0.0539,0.2500
scaffold_shuffled,3,Linear,RDKit descriptors,394,CN(C(=O)NC(C)(C)c1ccccc1)c2ccccc2,O=C(NCc1ccccc1)Nc1ccccc1,-3.3500,-4.4710,1.1210,0.3784
scaffold_shuffled,3,Linear,RDKit descriptors,398,CN(C(=O)COc1nc2ccccc2s1)c3ccccc3,O=C(COc1nc2ccccc2s1)Nc1ccccc1,-4.8730,-4.2147,0.6583,0.2941
scaffold_shuffled,3,Linear,RDKit descriptors,405,CC(=O)OCC(=O)C3CCC4C2CCC1=CC(=O)CCC1(C)C2CCC34C ,O=C1C=C2CCC3C4CCCC4CCC3C2CC1,-4.6300,-5.6065,0.9765,0.5273
scaffold_shuffled,3,Linear,RDKit descriptors,412,CC(=O)Nc1nnc(s1)S(N)(=O)=O ,c1nncs1,-2.3600,-0.6367,1.7233,0.2703
scaffold_shuffled,3,Linear,RDKit descriptors,420,CC(=O)C1CCC2C3CCC4=CC(=O)CCC4(C)C3CCC12C,O=C1C=C2CCC3C4CCCC4CCC3C2CC1,-4.4200,-5.6642,1.2442,0.6170
scaffold_shuffled,3,Linear,RDKit descriptors,421,CCN(CC)c1nc(Cl)nc(n1)N(CC)CC,c1ncncn1,-4.4110,-2.8927,1.5183,0.2857
scaffold_shuffled,3,Linear,RDKit descriptors,424,OC3N=C(c1ccccc1)c2cc(Cl)ccc2NC3=O ,O=C1CN=C(c2ccccc2)c2ccccc2N1,-3.9520,-3.6191,0.3329,0.3043
scaffold_shuffled,3,Linear,RDKit descriptors,428,Oc1ccc(c(O)c1)c3oc2cc(O)cc(O)c2c(=O)c3O ,O=c1cc(-c2ccccc2)oc2ccccc12,-3.0830,-3.9791,0.8961,0.2391
scaffold_shuffled,3,Linear,RDKit descriptors,451,CC(=O)OC3CCC4C2CCC1=CC(=O)CCC1(C)C2CCC34C ,O=C1C=C2CCC3C4CCCC4CCC3C2CC1,-5.1840,-5.5457,0.3617,0.5800
scaffold_shuffled,3,Linear,RDKit descriptors,453,CCN2c1ccccc1N(C)C(=O)c3ccccc23 ,O=C1Nc2ccccc2Nc2ccccc21,-4.7490,-4.0730,0.6760,0.6579
scaffold_shuffled,3,Linear,RDKit descriptors,458,CC1(C)C(C=C(Cl)Cl)C1C(=O)OC(C#N)c2cccc(Oc3ccccc3)c2,O=C(OCc1cccc(Oc2ccccc2)c1)C1CC1,-8.0170,-7.5395,0.4775,0.4706
scaffold_shuffled,3,Linear,RDKit descriptors,481,ON=Cc1ccc(o1)N(=O)=O ,c1ccoc1,-2.1900,-1.9814,0.2086,0.5238
scaffold_shuffled,3,Linear,RDKit descriptors,493,CN2C(=O)CN=C(c1ccccc1)c3cc(ccc23)N(=O)=O,O=C1CN=C(c2ccccc2)c2ccccc2N1,-3.7960,-3.7195,0.0765,0.3182
scaffold_shuffled,3,Linear,RDKit descriptors,514,CNC(=O)Oc1ccccc1C2OCCO2,c1ccc(C2OCCO2)cc1,-1.5700,-2.3062,0.7362,0.4878
scaffold_shuffled,3,Linear,RDKit descriptors,515,C1N(C(=O)NCC(C)C)C(=O)NC1,O=C1NCCN1,-2.1500,-1.1451,1.0049,0.2500
scaffold_shuffled,3,Linear,RDKit descriptors,517,CCOC(=O)NCCOc2ccc(Oc1ccccc1)cc2,c1ccc(Oc2ccccc2)cc1,-4.7000,-4.5161,0.1839,0.4286
scaffold_shuffled,3,Linear,RDKit descriptors,523,O=Cc1ccco1,c1ccoc1,-0.1000,-1.2844,1.1844,0.3333
scaffold_shuffled,3,Linear,RDKit descriptors,539,CCNc1nc(NC(C)C)nc(SC)n1,c1ncncn1,-3.0400,-2.6553,0.3847,0.2407
scaffold_shuffled,3,Linear,RDKit descriptors,541,CC(=O)C1(O)CCC2C3CCC4=CC(=O)CCC4(C)C3CCC21C,O=C1C=C2CCC3C4CCCC4CCC3C2CC1,-3.8170,-5.0550,1.2380,0.6170
scaffold_shuffled,3,Linear,RDKit descriptors,549,CCNc1nc(NC(C)(C)C)nc(SC)n1,c1ncncn1,-4.0000,-3.1332,0.8668,0.2407
scaffold_shuffled,3,Linear,RDKit descriptors,552,CC23Cc1cnoc1C=C2CCC4C3CCC5(C)C4CCC5(O)C#C,C1=C2CCC3C4CCCC4CCC3C2Cc2cnoc21,-5.5070,-5.4205,0.0865,0.3281
scaffold_shuffled,3,Linear,RDKit descriptors,555,CC1OC(CC(O)C1O)OC2C(O)CC(OC2C)OC8C(O)CC(OC7CCC3(C)C(CCC4C3CC(O)C5(C)C(CCC45O)C6=CC(=O)OC6)C7)OC8C ,O=C1C=C(C2CCC3C2CCC2C4CCC(OC5CCC(OC6CCC(OC7CCCCO7)CO6)CO5)CC4CCC23)CO1,-4.0810,-6.3228,2.2418,0.2353
scaffold_shuffled,3,Linear,RDKit descriptors,570,CCCCc1c(C)nc(NCC)[nH]c1=O,O=c1ccnc[nH]1,-3.0280,-2.5477,0.4803,0.4286
scaffold_shuffled,3,Linear,RDKit descriptors,576,CC12CC(O)C3C(CCC4=CC(=O)C=CC34C)C2CCC1(O)C(=O)CO,O=C1C=CC2C(=C1)CCC1C3CCCC3CCC21,-3.1800,-3.2776,0.0976,0.3750
scaffold_shuffled,3,Linear,RDKit descriptors,591,CC1(C)C(C=C(Cl)Cl)C1C(=O)OCc2cccc(Oc3ccccc3)c2,O=C(OCc1cccc(Oc2ccccc2)c1)C1CC1,-6.2910,-7.1315,0.8405,0.4194
scaffold_shuffled,3,Linear,RDKit descriptors,615,CC1CC2C3CCC4=CC(=O)C=CC4(C)C3(F)C(O)CC2(C)C1(O)C(=O)CO,O=C1C=CC2C(=C1)CCC1C3CCCC3CCC21,-3.5900,-3.7228,0.1328,0.6618
scaffold_shuffled,3,Linear,RDKit descriptors,627,O=C3CN=C(c1ccccc1)c2cc(ccc2N3)N(=O)=O,O=C1CN=C(c2ccccc2)c2ccccc2N1,-3.7960,-3.7454,0.0506,0.3333
scaffold_shuffled,3,Linear,RDKit descriptors,636,CCNc1nc(NC(C)C)nc(OC)n1,c1ncncn1,-2.0840,-1.9897,0.0943,0.2642
scaffold_shuffled,3,Linear,RDKit descriptors,637,c1ccc2c(c1)cc3ccc4cccc5ccc2c3c45,c1ccc2c(c1)cc1ccc3cccc4ccc2c1c34,-8.6990,-6.1702,2.5288,0.6522
scaffold_shuffled,3,Linear,RDKit descriptors,640,CC1OC(CC(O)C1O)OC2C(O)CC(OC2C)OC8C(O)CC(OC7CCC3(C)C(CCC4C3CCC5(C)C(CCC45O)C6=CC(=O)OC6)C7)OC8C ,O=C1C=C(C2CCC3C2CCC2C4CCC(OC5CCC(OC6CCC(OC7CCCCO7)CO6)CO5)CC4CCC23)CO1,-5.2930,-7.0760,1.7830,0.2500
scaffold_shuffled,3,Linear,RDKit descriptors,662,O=C1NC(=O)C(=O)C(=O)N1 ,O=C1NC(=O)C(=O)C(=O)N1,-1.2500,1.0312,2.2812,0.6923
scaffold_shuffled,3,Linear,RDKit descriptors,676,c1cc2ccc3ccc4ccc5cccc6c(c1)c2c3c4c56,c1cc2ccc3ccc4ccc5cccc6c(c1)c2c3c4c56,-9.0180,-6.8413,2.1767,0.8235
scaffold_shuffled,3,Linear,RDKit descriptors,686,CCNc1nc(Cl)nc(NCC)n1 ,c1ncncn1,-4.5500,-2.1565,2.3935,0.2889
scaffold_shuffled,3,Linear,RDKit descriptors,688,CSc1nc(nc(n1)N(C)C)N(C)C,c1ncncn1,-2.6760,-1.3811,1.2949,0.2778
scaffold_shuffled,3,Linear,RDKit descriptors,695,CC13CCC(=O)C=C1CCC4C2CCC(C(=O)CO)C2(CC(O)C34)C=O ,O=C1C=C2CCC3C4CCCC4CCC3C2CC1,-3.8500,-3.4890,0.3610,0.4098
scaffold_shuffled,3,Linear,RDKit descriptors,696,COc2ccc(Oc1ccc(NC(=O)N(C)C)cc1)cc2,c1ccc(Oc2ccccc2)cc1,-4.1600,-4.5041,0.3441,0.5758
scaffold_shuffled,3,Linear,RDKit descriptors,706,c1ccoc1,c1ccoc1,-0.8200,-1.2423,0.4223,0.2222
scaffold_shuffled,3,Linear,RDKit descriptors,707,COCCCNc1nc(NC(C)C)nc(SC)n1,c1ncncn1,-2.9280,-2.7926,0.1354,0.2308
scaffold_shuffled,3,Linear,RDKit descriptors,708,CN(C)C(=O)NC1CC2CC1C3CCCC23,C1CC2C3CCC(C3)C2C1,-3.1710,-2.6964,0.4746,0.4444
scaffold_shuffled,3,Linear,RDKit descriptors,711,CC(=O)OCC(=O)C3(O)CCC4C2CCC1=CC(=O)C=CC1(C)C2C(O)CC34C ,O=C1C=CC2C(=C1)CCC1C3CCCC3CCC21,-4.3700,-4.0135,0.3565,0.3068
scaffold_shuffled,3,Linear,RDKit descriptors,717,CCC(=O)OC3CCC4C2CCC1=CC(=O)CCC1(C)C2CCC34C ,O=C1C=C2CCC3C4CCCC4CCC3C2CC1,-5.3700,-5.9406,0.5706,0.5472
scaffold_shuffled,3,Linear,RDKit descriptors,740,Clc1ccccc1C2=NCC(=O)Nc3ccc(cc23)N(=O)=O,O=C1CN=C(c2ccccc2)c2ccccc2N1,-3.4990,-4.5129,1.0139,0.3617
scaffold_shuffled,3,Linear,RDKit descriptors,744,CC1(C)C(C=C(Cl)C(F)(F)F)C1C(=O)OC(C#N)c2cccc(Oc3ccccc3)c2,O=C(OCc1cccc(Oc2ccccc2)c1)C1CC1,-8.1760,-8.0163,0.1597,0.4583
scaffold_shuffled,3,Linear,RDKit descriptors,746,CN2C(=O)CN=C(c1ccccc1)c3cc(Cl)ccc23,O=C1CN=C(c2ccccc2)c2ccccc2N1,-3.7540,-3.9999,0.2459,0.4286
scaffold_shuffled,3,Linear,RDKit descriptors,750,CC12CCC3C(CCC4=CC(=O)CCC34C)C2CCC1O,O=C1C=C2CCC3C4CCCC4CCC3C2CC1,-4.0200,-4.8098,0.7898,0.6591
scaffold_shuffled,3,Linear,RDKit descriptors,754,COc2cc1c(N)nc(nc1c(OC)c2OC)N3CCN(CC3)C(=O)OCC(C)(C)O ,c1ccc2nc(N3CCNCC3)ncc2c1,-3.6380,-3.4947,0.1433,0.1972
scaffold_shuffled,3,Linear,RDKit descriptors,756,CC(=O)C3(C)CCC4C2C=C(C)C1=CC(=O)CCC1(C)C2CCC34C,O=C1C=C2C=CC3C4CCCC4CCC3C2CC1,-5.2700,-6.3073,1.0373,0.3509
scaffold_shuffled,3,Linear,RDKit descriptors,765,c1ccc2c(c1)cnc3ccccc23 ,c1ccc2c(c1)cnc1ccccc12,-2.7800,-3.7189,0.9389,0.4231
scaffold_shuffled,3,Linear,RDKit descriptors,774,Sc1nccc(=O)[nH]1 ,O=c1ccnc[nH]1,-2.2730,-0.5724,1.7006,0.3214
scaffold_shuffled,3,Linear,RDKit descriptors,809,O2c1ccccc1N(CC)C(=O)c3ccccc23 ,O=C1Nc2ccccc2Oc2ccccc21,-3.6800,-4.1205,0.4405,0.4762
scaffold_shuffled,3,Linear,RDKit descriptors,829,CN(C)C(=O)OC1=CC(=O)CC(C)(C)C1 ,O=C1C=CCCC1,-0.8500,-2.6911,1.8411,0.2826
scaffold_shuffled,3,Linear,RDKit descriptors,845,C1c2ccccc2c3cc4ccccc4cc13,c1ccc2c(c1)Cc1cc3ccccc3cc1-2,-8.0400,-4.7222,3.3178,0.6364
scaffold_shuffled,3,Linear,RDKit descriptors,851,CCCCC(=O)OC3(C(C)CC4C2CCC1=CC(=O)C=CC1(C)C2(F)C(O)CC34C)C(=O)CO,O=C1C=CC2C(=C1)CCC1C3CCCC3CCC21,-4.7100,-5.6433,0.9333,0.5769
scaffold_shuffled,3,Linear,RDKit descriptors,852,O=c2[nH]c(=O)c1[nH]c(=O)[nH]c1[nH]2 ,O=c1[nH]c(=O)c2[nH]c(=O)[nH]c2[nH]1,-3.9300,0.3664,4.2964,0.2963
scaffold_shuffled,3,Linear,RDKit descriptors,864,CCNc1nc(Cl)nc(NC(C)(C)C#N)n1,c1ncncn1,-3.1500,-2.8272,0.3228,0.2281
scaffold_shuffled,3,Linear,RDKit descriptors,865,c1ccc2c(c1)c3ccccc3c4ccccc24,c1ccc2c(c1)c1ccccc1c1ccccc21,-6.7260,-5.4991,1.2269,0.5714
scaffold_shuffled,3,Linear,RDKit descriptors,872,CN(C)c1nc(nc(n1)N(C)C)N(C)C,c1ncncn1,-3.3640,-0.7501,2.6139,0.3448
scaffold_shuffled,3,Linear,RDKit descriptors,883,CC(=O)OCC(=O)C1(O)CCC2C3CCC4=CC(=O)CCC4(C)C3C(O)CC21C,O=C1C=C2CCC3C4CCCC4CCC3C2CC1,-4.8800,-4.2441,0.6359,0.4127
scaffold_shuffled,3,Linear,RDKit descriptors,885,OC3N=C(c1ccccc1Cl)c2cc(Cl)ccc2NC3=O,O=C1CN=C(c2ccccc2)c2ccccc2N1,-3.6040,-4.3865,0.7825,0.3478
scaffold_shuffled,3,Linear,RDKit descriptors,888,NS(=O)(=O)c2cc1c(N=CNS1(=O)=O)cc2Cl ,O=S1(=O)NC=Nc2ccccc21,-3.0500,-1.7585,1.2915,0.5111
scaffold_shuffled,3,Linear,RDKit descriptors,894,CC(C)Nc1nc(Cl)nc(NC(C)C)n1,c1ncncn1,-4.4300,-3.0249,1.4051,0.2000
scaffold_shuffled,3,Linear,RDKit descriptors,901,CC1(C)C(C(=O)OC(C#N)c2cccc(Oc3ccccc3)c2)C1(C)C,O=C(OCc1cccc(Oc2ccccc2)c1)C1CC1,-6.0250,-6.4501,0.4251,0.5333
scaffold_shuffled,3,Linear,RDKit descriptors,904,CSc1nc(NC(C)C)nc(NC(C)C)n1,c1ncncn1,-4.1000,-3.0897,1.0103,0.2083
scaffold_shuffled,3,Linear,RDKit descriptors,920,CC34CCC1C(CCC2CC(=O)CCC12C)C3CCC4O ,O=C1CCC2C(CCC3C4CCCC4CCC23)C1,-4.7430,-4.8964,0.1534,0.5319
scaffold_shuffled,3,Linear,RDKit descriptors,961,CC(=O)OC3(C)CCC4C2CCC1=CC(=O)CCC1(C)C2CCC34C ,O=C1C=C2CCC3C4CCCC4CCC3C2CC1,-5.2840,-5.9825,0.6985,0.5918
scaffold_shuffled,3,Linear,RDKit descriptors,963,Fc1cccc(F)c1C(=O)NC(=O)Nc2ccc(Cl)cc2,O=C(NC(=O)c1ccccc1)Nc1ccccc1,-6.0200,-4.7497,1.2703,0.4324
scaffold_shuffled,3,Linear,RDKit descriptors,964,Oc1cc(Cl)ccc1Oc2ccc(Cl)cc2Cl,c1ccc(Oc2ccccc2)cc1,-4.4600,-5.9320,1.4720,0.5185
scaffold_shuffled,3,Linear,RDKit descriptors,966,CC12CC(O)C3C(CCC4=CC(=O)CCC34C)C2CCC1C(=O)CO,O=C1C=C2CCC3C4CCCC4CCC3C2CC1,-3.2400,-4.1174,0.8774,0.4310
scaffold_shuffled,3,Linear,RDKit descriptors,986,CC(C)=CC3C(C(=O)OCc2cccc(Oc1ccccc1)c2)C3(C)C ,O=C(OCc1cccc(Oc2ccccc2)c1)C1CC1,-5.2400,-6.6421,1.4021,0.3750
scaffold_shuffled,3,Linear,RDKit descriptors,995,CC34CCC1C(CCC2=CC(=O)CCC12O)C3CCC4(O)C#C,O=C1C=C2CCC3C4CCCC4CCC3C2CC1,-4.5700,-3.8476,0.7224,0.4528
scaffold_shuffled,3,Linear,RDKit descriptors,1008,CC1CC2C3CC(F)C4=CC(=O)C=CC4(C)C3(F)C(O)CC2(C)C1(O)C(=O)CO,O=C1C=CC2C(=C1)CCC1C3CCCC3CCC21,-5.6130,-3.7311,1.8819,0.4675
scaffold_shuffled,3,Linear,RDKit descriptors,1010,CCNc1nc(NC(C)(C)C)nc(OC)n1,c1ncncn1,-3.2390,-2.4677,0.7713,0.2642
scaffold_shuffled,3,Linear,RDKit descriptors,1021,CN(C)C(=O)Nc2ccc(Oc1ccc(Cl)cc1)cc2,c1ccc(Oc2ccccc2)cc1,-4.8900,-5.1050,0.2150,0.8276
scaffold_shuffled,3,Linear,RDKit descriptors,1041,O(c1ccccc1)c2ccccc2,c1ccc(Oc2ccccc2)cc1,-3.9600,-3.6531,0.3069,0.5294
scaffold_shuffled,3,Linear,RDKit descriptors,1067,CC4CC3C2CCC1=CC(=O)C=CC1(C)C2(F)C(O)CC3(C)C4(O)C(=O)COC(C)=O ,O=C1C=CC2C(=C1)CCC1C3CCCC3CCC21,-4.9000,-4.4586,0.4414,0.5526
scaffold_shuffled,3,Linear,RDKit descriptors,1070,CC1CC2C3CCC(O)(C(=O)C)C3(C)CC(O)C2(F)C4(C)C=CC(=O)C=C14,O=C1C=CC2C(=C1)CCC1C3CCCC3CCC21,-4.0990,-4.5163,0.4173,0.4103
scaffold_shuffled,3,Linear,RDKit descriptors,1084,CC(=O)OC3(CCC4C2CCC1=CC(=O)CCC1C2CCC34C)C#C,O=C1C=C2CCC3C4CCCC4CCC3C2CC1,-4.8000,-5.1927,0.3927,0.2923
scaffold_shuffled,3,Linear,RDKit descriptors,1095,Oc2cc(O)c1C(=O)CC(Oc1c2)c3ccc(O)c(O)c3,O=C1CC(c2ccccc2)Oc2ccccc21,-3.6200,-3.8899,0.2699,0.1951
scaffold_shuffled,3,Linear,RDKit descriptors,1104,O2c1ccc(N)cc1N(C)C(=O)c3cc(C)ccc23 ,O=C1Nc2ccccc2Oc2ccccc21,-3.9280,-3.9975,0.0695,0.3000
scaffold_shuffled,3,Linear,RDKit descriptors,1107,Cc1cc(no1)C(=O)NNCc2ccccc2,O=C(NNCc1ccccc1)c1ccon1,-2.4610,-2.3394,0.1216,0.3571
scaffold_shuffled,3,Linear,RDKit descriptors,1116,COP(=S)(OC)Oc1ccc(Sc2ccc(OP(=S)(OC)OC)cc2)cc1,c1ccc(Sc2ccccc2)cc1,-6.2370,-6.9497,0.7127,0.5000
scaffold_shuffled,3,Linear,RDKit descriptors,1117,NS(=O)(=O)c1cc(ccc1Cl)C2(O)NC(=O)c3ccccc23,O=C1NC(c2ccccc2)c2ccccc21,-3.4510,-2.7508,0.7002,0.3220
scaffold_shuffled,3,MLP,RDKit descriptors,1,Cc1occc1C(=O)Nc2ccccc2,O=C(Nc1ccccc1)c1ccoc1,-3.3000,-3.0199,0.2801,0.5143
scaffold_shuffled,3,MLP,RDKit descriptors,9,COc5cc4OCC3Oc2c1CC(Oc1ccc2C(=O)C3c4cc5OC)C(C)=C ,O=C1c2ccc3c(c2OC2COc4ccccc4C12)CCO3,-4.4200,-4.7056,0.2856,0.2000
scaffold_shuffled,3,MLP,RDKit descriptors,28,ClC(Cl)=C(c1ccc(Cl)cc1)c2ccc(Cl)cc2,C=C(c1ccccc1)c1ccccc1,-6.9000,-7.0264,0.1264,0.4706
scaffold_shuffled,3,MLP,RDKit descriptors,36,N(c1ccccc1)c2ccccc2,c1ccc(Nc2ccccc2)cc1,-3.5040,-3.9678,0.4638,0.6000
scaffold_shuffled,3,MLP,RDKit descriptors,62,CC34CC(O)C1(F)C(CCC2=CC(=O)C=CC12C)C3CC(O)C4(O)C(=O)CO,O=C1C=CC2C(=C1)CCC1C3CCCC3CCC21,-3.6800,-3.0753,0.6047,0.6818
scaffold_shuffled,3,MLP,RDKit descriptors,66,CCNc1nc(Cl)nc(n1)N(CC)CC,c1ncncn1,-4.0600,-2.3125,1.7475,0.2692
scaffold_shuffled,3,MLP,RDKit descriptors,71,Clc2ccc(Oc1ccc(cc1)N(=O)=O)c(Cl)c2,c1ccc(Oc2ccccc2)cc1,-5.4600,-4.9857,0.4743,0.5312
scaffold_shuffled,3,MLP,RDKit descriptors,88,CC(C)C1CCC(C)CC1=O,O=C1CCCCC1,-2.3500,-2.4442,0.0942,0.3043
scaffold_shuffled,3,MLP,RDKit descriptors,100,CC12CCC3C(CCC4=CC(=O)CCC34C)C2CCC1C(=O)CO,O=C1C=C2CCC3C4CCCC4CCC3C2CC1,-3.4500,-4.3438,0.8938,0.5800
scaffold_shuffled,3,MLP,RDKit descriptors,109,OCC1OC(C(O)C1O)n2cnc3c(O)ncnc23,c1ncc2ncn(C3CCCO3)c2n1,-1.2300,-2.1359,0.9059,0.5294
scaffold_shuffled,3,MLP,RDKit descriptors,127,CC1(C)C(C=C(Cl)Cl)C1C(=O)OC(C#N)c2ccc(F)c(Oc3ccccc3)c2,O=C(OCc1cccc(Oc2ccccc2)c1)C1CC1,-7.3370,-6.3769,0.9601,0.3816
scaffold_shuffled,3,MLP,RDKit descriptors,131,CC34CC(O)C1(F)C(CCC2=CC(=O)CCC12C)C3CCC4(O)C(=O)CO ,O=C1C=C2CCC3C4CCCC4CCC3C2CC1,-3.4300,-3.6464,0.2164,0.4286
scaffold_shuffled,3,MLP,RDKit descriptors,135,C1Cc2ccccc2C1,c1ccc2c(c1)CCC2,-3.0400,-2.3468,0.6932,0.8571
scaffold_shuffled,3,MLP,RDKit descriptors,160,CSc1nnc(c(=O)n1N)C(C)(C)C,O=c1cnnc[nH]1,-2.2530,-2.2038,0.0492,0.1818
scaffold_shuffled,3,MLP,RDKit descriptors,176,CC1=CC(=O)CC(C)(C)C1 ,O=C1C=CCCC1,-1.0600,-2.0894,1.0294,0.2558
scaffold_shuffled,3,MLP,RDKit descriptors,185,CC12CCC(=O)C=C1CCC3C2CCC4(C)C3CCC4(O)C#C ,O=C1C=C2CCC3C4CCCC4CCC3C2CC1,-5.6600,-4.5778,1.0822,0.6042
scaffold_shuffled,3,MLP,RDKit descriptors,217,CC(=C)C1CC=C(C)C(=O)C1,O=C1C=CCCC1,-2.0600,-2.2368,0.1768,0.4706
scaffold_shuffled,3,MLP,RDKit descriptors,219,COc1cc(cc(OC)c1O)C6C2C(COC2=O)C(OC4OC3COC(C)OC3C(O)C4O)c7cc5OCOc5cc67,O=C1OCC2C(OC3CCC4OCOCC4O3)c3cc4c(cc3C(c3ccccc3)C12)OCO4,-3.5710,-5.1207,1.5497,0.2000
scaffold_shuffled,3,MLP,RDKit descriptors,220,c1cc2cccc3c4cccc5cccc(c(c1)c23)c54,c1cc2cccc3c4cccc5cccc(c(c1)c23)c54,-8.8040,-7.3017,1.5023,0.7059
scaffold_shuffled,3,MLP,RDKit descriptors,235,CCNc1nc(Cl)nc(NC(C)C)n1,c1ncncn1,-3.8500,-2.4580,1.3920,0.2500
scaffold_shuffled,3,MLP,RDKit descriptors,240,O=C1CCCCC1,O=C1CCCCC1,-0.6000,-0.9881,0.3881,0.3000
scaffold_shuffled,3,MLP,RDKit descriptors,245,CCN(CC)c1nc(Cl)nc(NC(C)C)n1,c1ncncn1,-3.7850,-2.6843,1.1007,0.2105
scaffold_shuffled,3,MLP,RDKit descriptors,254,CC(=O)OC3(CCC4C2C=C(C)C1=CC(=O)CCC1(C)C2CCC34C)C(C)=O ,O=C1C=C2C=CC3C4CCCC4CCC3C2CC1,-5.3500,-5.3867,0.0367,0.3226
scaffold_shuffled,3,MLP,RDKit descriptors,262,Fc1cccc(F)c1C(=O)NC(=O)Nc2cc(Cl)c(F)c(Cl)c2F ,O=C(NC(=O)c1ccccc1)Nc1ccccc1,-7.2800,-5.4217,1.8583,0.2459
scaffold_shuffled,3,MLP,RDKit descriptors,266,CC(=O)OCC(=O)C3(O)C(CC4C2CCC1=CC(=O)C=CC1(C)C2(F)C(O)CC34C)OC(C)=O ,O=C1C=CC2C(=C1)CCC1C3CCCC3CCC21,-4.1300,-4.3481,0.2181,0.5385
scaffold_shuffled,3,MLP,RDKit descriptors,272,CC1(C)C(C=C(Br)Br)C1C(=O)OC(C#N)c2cccc(Oc3ccccc3)c2,O=C(OCc1cccc(Oc2ccccc2)c1)C1CC1,-8.4020,-6.8829,1.5191,0.4638
scaffold_shuffled,3,MLP,RDKit descriptors,310,CC1(O)CCC2C3CCC4=CC(=O)CCC4(C)C3CCC21C,O=C1C=C2CCC3C4CCCC4CCC3C2CC1,-3.9990,-4.9163,0.9173,0.6744
scaffold_shuffled,3,MLP,RDKit descriptors,364,CC12CC(O)C3C(CCC4=CC(=O)CCC34C)C2CCC1(O)C(=O)CO,O=C1C=C2CCC3C4CCCC4CCC3C2CC1,-3.0900,-3.4946,0.4046,0.4483
scaffold_shuffled,3,MLP,RDKit descriptors,370,CN1CC(O)N(C1=O)c2nnc(s2)C(C)(C)C,O=C1NCCN1c1nncs1,-1.8770,-2.4845,0.6075,0.1552
scaffold_shuffled,3,MLP,RDKit descriptors,382,CN(C=Nc1ccc(C)cc1C)C=Nc2ccc(C)cc2C,C(=Nc1ccccc1)NC=Nc1ccccc1,-5.4700,-5.0120,0.4580,0.5294
scaffold_shuffled,3,MLP,RDKit descriptors,383,COc1nc(NC(C)C)nc(NC(C)C)n1,c1ncncn1,-2.4780,-2.2651,0.2129,0.2500
scaffold_shuffled,3,MLP,RDKit descriptors,394,CN(C(=O)NC(C)(C)c1ccccc1)c2ccccc2,O=C(NCc1ccccc1)Nc1ccccc1,-3.3500,-4.1079,0.7579,0.3784
scaffold_shuffled,3,MLP,RDKit descriptors,398,CN(C(=O)COc1nc2ccccc2s1)c3ccccc3,O=C(COc1nc2ccccc2s1)Nc1ccccc1,-4.8730,-3.9497,0.9233,0.2941
scaffold_shuffled,3,MLP,RDKit descriptors,405,CC(=O)OCC(=O)C3CCC4C2CCC1=CC(=O)CCC1(C)C2CCC34C ,O=C1C=C2CCC3C4CCCC4CCC3C2CC1,-4.6300,-4.8812,0.2512,0.5273
scaffold_shuffled,3,MLP,RDKit descriptors,412,CC(=O)Nc1nnc(s1)S(N)(=O)=O ,c1nncs1,-2.3600,-2.2033,0.1567,0.2703
scaffold_shuffled,3,MLP,RDKit descriptors,420,CC(=O)C1CCC2C3CCC4=CC(=O)CCC4(C)C3CCC12C,O=C1C=C2CCC3C4CCCC4CCC3C2CC1,-4.4200,-5.1915,0.7715,0.6170
scaffold_shuffled,3,MLP,RDKit descriptors,421,CCN(CC)c1nc(Cl)nc(n1)N(CC)CC,c1ncncn1,-4.4110,-2.6591,1.7519,0.2857
scaffold_shuffled,3,MLP,RDKit descriptors,424,OC3N=C(c1ccccc1)c2cc(Cl)ccc2NC3=O ,O=C1CN=C(c2ccccc2)c2ccccc2N1,-3.9520,-3.7791,0.1729,0.3043
scaffold_shuffled,3,MLP,RDKit descriptors,428,Oc1ccc(c(O)c1)c3oc2cc(O)cc(O)c2c(=O)c3O ,O=c1cc(-c2ccccc2)oc2ccccc12,-3.0830,-4.8210,1.7380,0.2391
scaffold_shuffled,3,MLP,RDKit descriptors,451,CC(=O)OC3CCC4C2CCC1=CC(=O)CCC1(C)C2CCC34C ,O=C1C=C2CCC3C4CCCC4CCC3C2CC1,-5.1840,-5.0718,0.1122,0.5800
scaffold_shuffled,3,MLP,RDKit descriptors,453,CCN2c1ccccc1N(C)C(=O)c3ccccc23 ,O=C1Nc2ccccc2Nc2ccccc21,-4.7490,-3.8612,0.8878,0.6579
scaffold_shuffled,3,MLP,RDKit descriptors,458,CC1(C)C(C=C(Cl)Cl)C1C(=O)OC(C#N)c2cccc(Oc3ccccc3)c2,O=C(OCc1cccc(Oc2ccccc2)c1)C1CC1,-8.0170,-6.1908,1.8262,0.4706
scaffold_shuffled,3,MLP,RDKit descriptors,481,ON=Cc1ccc(o1)N(=O)=O ,c1ccoc1,-2.1900,-2.6258,0.4358,0.5238
scaffold_shuffled,3,MLP,RDKit descriptors,493,CN2C(=O)CN=C(c1ccccc1)c3cc(ccc23)N(=O)=O,O=C1CN=C(c2ccccc2)c2ccccc2N1,-3.7960,-3.7219,0.0741,0.3182
scaffold_shuffled,3,MLP,RDKit descriptors,514,CNC(=O)Oc1ccccc1C2OCCO2,c1ccc(C2OCCO2)cc1,-1.5700,-2.2687,0.6987,0.4878
scaffold_shuffled,3,MLP,RDKit descriptors,515,C1N(C(=O)NCC(C)C)C(=O)NC1,O=C1NCCN1,-2.1500,-1.1077,1.0423,0.2500
scaffold_shuffled,3,MLP,RDKit descriptors,517,CCOC(=O)NCCOc2ccc(Oc1ccccc1)cc2,c1ccc(Oc2ccccc2)cc1,-4.7000,-3.9142,0.7858,0.4286
scaffold_shuffled,3,MLP,RDKit descriptors,523,O=Cc1ccco1,c1ccoc1,-0.1000,-0.2372,0.1372,0.3333
scaffold_shuffled,3,MLP,RDKit descriptors,539,CCNc1nc(NC(C)C)nc(SC)n1,c1ncncn1,-3.0400,-2.4828,0.5572,0.2407
scaffold_shuffled,3,MLP,RDKit descriptors,541,CC(=O)C1(O)CCC2C3CCC4=CC(=O)CCC4(C)C3CCC21C,O=C1C=C2CCC3C4CCCC4CCC3C2CC1,-3.8170,-4.6448,0.8278,0.6170
scaffold_shuffled,3,MLP,RDKit descriptors,549,CCNc1nc(NC(C)(C)C)nc(SC)n1,c1ncncn1,-4.0000,-2.8796,1.1204,0.2407
scaffold_shuffled,3,MLP,RDKit descriptors,552,CC23Cc1cnoc1C=C2CCC4C3CCC5(C)C4CCC5(O)C#C,C1=C2CCC3C4CCCC4CCC3C2Cc2cnoc21,-5.5070,-5.1721,0.3349,0.3281
scaffold_shuffled,3,MLP,RDKit descriptors,555,CC1OC(CC(O)C1O)OC2C(O)CC(OC2C)OC8C(O)CC(OC7CCC3(C)C(CCC4C3CC(O)C5(C)C(CCC45O)C6=CC(=O)OC6)C7)OC8C ,O=C1C=C(C2CCC3C2CCC2C4CCC(OC5CCC(OC6CCC(OC7CCCCO7)CO6)CO5)CC4CCC23)CO1,-4.0810,-7.1540,3.0730,0.2353
scaffold_shuffled,3,MLP,RDKit descriptors,570,CCCCc1c(C)nc(NCC)[nH]c1=O,O=c1ccnc[nH]1,-3.0280,-2.3266,0.7014,0.4286
scaffold_shuffled,3,MLP,RDKit descriptors,576,CC12CC(O)C3C(CCC4=CC(=O)C=CC34C)C2CCC1(O)C(=O)CO,O=C1C=CC2C(=C1)CCC1C3CCCC3CCC21,-3.1800,-3.2773,0.0973,0.3750
scaffold_shuffled,3,MLP,RDKit descriptors,591,CC1(C)C(C=C(Cl)Cl)C1C(=O)OCc2cccc(Oc3ccccc3)c2,O=C(OCc1cccc(Oc2ccccc2)c1)C1CC1,-6.2910,-6.1172,0.1738,0.4194
scaffold_shuffled,3,MLP,RDKit descriptors,615,CC1CC2C3CCC4=CC(=O)C=CC4(C)C3(F)C(O)CC2(C)C1(O)C(=O)CO,O=C1C=CC2C(=C1)CCC1C3CCCC3CCC21,-3.5900,-3.7112,0.1212,0.6618
scaffold_shuffled,3,MLP,RDKit descriptors,627,O=C3CN=C(c1ccccc1)c2cc(ccc2N3)N(=O)=O,O=C1CN=C(c2ccccc2)c2ccccc2N1,-3.7960,-3.8248,0.0288,0.3333
scaffold_shuffled,3,MLP,RDKit descriptors,636,CCNc1nc(NC(C)C)nc(OC)n1,c1ncncn1,-2.0840,-1.8896,0.1944,0.2642
scaffold_shuffled,3,MLP,RDKit descriptors,637,c1ccc2c(c1)cc3ccc4cccc5ccc2c3c45,c1ccc2c(c1)cc1ccc3cccc4ccc2c1c34,-8.6990,-7.3017,1.3973,0.6522
scaffold_shuffled,3,MLP,RDKit descriptors,640,CC1OC(CC(O)C1O)OC2C(O)CC(OC2C)OC8C(O)CC(OC7CCC3(C)C(CCC4C3CCC5(C)C(CCC45O)C6=CC(=O)OC6)C7)OC8C ,O=C1C=C(C2CCC3C2CCC2C4CCC(OC5CCC(OC6CCC(OC7CCCCO7)CO6)CO5)CC4CCC23)CO1,-5.2930,-7.6534,2.3604,0.2500
scaffold_shuffled,3,MLP,RDKit descriptors,662,O=C1NC(=O)C(=O)C(=O)N1 ,O=C1NC(=O)C(=O)C(=O)N1,-1.2500,-0.4595,0.7905,0.6923
scaffold_shuffled,3,MLP,RDKit descriptors,676,c1cc2ccc3ccc4ccc5cccc6c(c1)c2c3c4c56,c1cc2ccc3ccc4ccc5cccc6c(c1)c2c3c4c56,-9.0180,-7.8610,1.1570,0.8235
scaffold_shuffled,3,MLP,RDKit descriptors,686,CCNc1nc(Cl)nc(NCC)n1 ,c1ncncn1,-4.5500,-2.0929,2.4571,0.2889
scaffold_shuffled,3,MLP,RDKit descriptors,688,CSc1nc(nc(n1)N(C)C)N(C)C,c1ncncn1,-2.6760,-1.3926,1.2834,0.2778
scaffold_shuffled,3,MLP,RDKit descriptors,695,CC13CCC(=O)C=C1CCC4C2CCC(C(=O)CO)C2(CC(O)C34)C=O ,O=C1C=C2CCC3C4CCCC4CCC3C2CC1,-3.8500,-3.3080,0.5420,0.4098
scaffold_shuffled,3,MLP,RDKit descriptors,696,COc2ccc(Oc1ccc(NC(=O)N(C)C)cc1)cc2,c1ccc(Oc2ccccc2)cc1,-4.1600,-4.0128,0.1472,0.5758
scaffold_shuffled,3,MLP,RDKit descriptors,706,c1ccoc1,c1ccoc1,-0.8200,-0.6464,0.1736,0.2222
scaffold_shuffled,3,MLP,RDKit descriptors,707,COCCCNc1nc(NC(C)C)nc(SC)n1,c1ncncn1,-2.9280,-2.5871,0.3409,0.2308
scaffold_shuffled,3,MLP,RDKit descriptors,708,CN(C)C(=O)NC1CC2CC1C3CCCC23,C1CC2C3CCC(C3)C2C1,-3.1710,-2.1621,1.0089,0.4444
scaffold_shuffled,3,MLP,RDKit descriptors,711,CC(=O)OCC(=O)C3(O)CCC4C2CCC1=CC(=O)C=CC1(C)C2C(O)CC34C ,O=C1C=CC2C(=C1)CCC1C3CCCC3CCC21,-4.3700,-3.9528,0.4172,0.3068
scaffold_shuffled,3,MLP,RDKit descriptors,717,CCC(=O)OC3CCC4C2CCC1=CC(=O)CCC1(C)C2CCC34C ,O=C1C=C2CCC3C4CCCC4CCC3C2CC1,-5.3700,-5.3174,0.0526,0.5472
scaffold_shuffled,3,MLP,RDKit descriptors,740,Clc1ccccc1C2=NCC(=O)Nc3ccc(cc23)N(=O)=O,O=C1CN=C(c2ccccc2)c2ccccc2N1,-3.4990,-4.3833,0.8843,0.3617
scaffold_shuffled,3,MLP,RDKit descriptors,744,CC1(C)C(C=C(Cl)C(F)(F)F)C1C(=O)OC(C#N)c2cccc(Oc3ccccc3)c2,O=C(OCc1cccc(Oc2ccccc2)c1)C1CC1,-8.1760,-6.6173,1.5587,0.4583
scaffold_shuffled,3,MLP,RDKit descriptors,746,CN2C(=O)CN=C(c1ccccc1)c3cc(Cl)ccc23,O=C1CN=C(c2ccccc2)c2ccccc2N1,-3.7540,-3.9702,0.2162,0.4286
scaffold_shuffled,3,MLP,RDKit descriptors,750,CC12CCC3C(CCC4=CC(=O)CCC34C)C2CCC1O,O=C1C=C2CCC3C4CCCC4CCC3C2CC1,-4.0200,-4.5029,0.4829,0.6591
scaffold_shuffled,3,MLP,RDKit descriptors,754,COc2cc1c(N)nc(nc1c(OC)c2OC)N3CCN(CC3)C(=O)OCC(C)(C)O ,c1ccc2nc(N3CCNCC3)ncc2c1,-3.6380,-3.8300,0.1920,0.1972
scaffold_shuffled,3,MLP,RDKit descriptors,756,CC(=O)C3(C)CCC4C2C=C(C)C1=CC(=O)CCC1(C)C2CCC34C,O=C1C=C2C=CC3C4CCCC4CCC3C2CC1,-5.2700,-5.7560,0.4860,0.3509
scaffold_shuffled,3,MLP,RDKit descriptors,765,c1ccc2c(c1)cnc3ccccc23 ,c1ccc2c(c1)cnc1ccccc12,-2.7800,-3.5750,0.7950,0.4231
scaffold_shuffled,3,MLP,RDKit descriptors,774,Sc1nccc(=O)[nH]1 ,O=c1ccnc[nH]1,-2.2730,-0.4194,1.8536,0.3214
scaffold_shuffled,3,MLP,RDKit descriptors,809,O2c1ccccc1N(CC)C(=O)c3ccccc23 ,O=C1Nc2ccccc2Oc2ccccc21,-3.6800,-3.8669,0.1869,0.4762
scaffold_shuffled,3,MLP,RDKit descriptors,829,CN(C)C(=O)OC1=CC(=O)CC(C)(C)C1 ,O=C1C=CCCC1,-0.8500,-2.3487,1.4987,0.2826
scaffold_shuffled,3,MLP,RDKit descriptors,845,C1c2ccccc2c3cc4ccccc4cc13,c1ccc2c(c1)Cc1cc3ccccc3cc1-2,-8.0400,-5.6423,2.3977,0.6364
scaffold_shuffled,3,MLP,RDKit descriptors,851,CCCCC(=O)OC3(C(C)CC4C2CCC1=CC(=O)C=CC1(C)C2(F)C(O)CC34C)C(=O)CO,O=C1C=CC2C(=C1)CCC1C3CCCC3CCC21,-4.7100,-5.2501,0.5401,0.5769
scaffold_shuffled,3,MLP,RDKit descriptors,852,O=c2[nH]c(=O)c1[nH]c(=O)[nH]c1[nH]2 ,O=c1[nH]c(=O)c2[nH]c(=O)[nH]c2[nH]1,-3.9300,-2.3409,1.5891,0.2963
scaffold_shuffled,3,MLP,RDKit descriptors,864,CCNc1nc(Cl)nc(NC(C)(C)C#N)n1,c1ncncn1,-3.1500,-2.9214,0.2286,0.2281
scaffold_shuffled,3,MLP,RDKit descriptors,865,c1ccc2c(c1)c3ccccc3c4ccccc24,c1ccc2c(c1)c1ccccc1c1ccccc21,-6.7260,-6.6905,0.0355,0.5714
scaffold_shuffled,3,MLP,RDKit descriptors,872,CN(C)c1nc(nc(n1)N(C)C)N(C)C,c1ncncn1,-3.3640,-0.9208,2.4432,0.3448
scaffold_shuffled,3,MLP,RDKit descriptors,883,CC(=O)OCC(=O)C1(O)CCC2C3CCC4=CC(=O)CCC4(C)C3C(O)CC21C,O=C1C=C2CCC3C4CCCC4CCC3C2CC1,-4.8800,-4.1728,0.7072,0.4127
scaffold_shuffled,3,MLP,RDKit descriptors,885,OC3N=C(c1ccccc1Cl)c2cc(Cl)ccc2NC3=O,O=C1CN=C(c2ccccc2)c2ccccc2N1,-3.6040,-4.3343,0.7303,0.3478
scaffold_shuffled,3,MLP,RDKit descriptors,888,NS(=O)(=O)c2cc1c(N=CNS1(=O)=O)cc2Cl ,O=S1(=O)NC=Nc2ccccc21,-3.0500,-3.1470,0.0970,0.5111
scaffold_shuffled,3,MLP,RDKit descriptors,894,CC(C)Nc1nc(Cl)nc(NC(C)C)n1,c1ncncn1,-4.4300,-2.7835,1.6465,0.2000
scaffold_shuffled,3,MLP,RDKit descriptors,901,CC1(C)C(C(=O)OC(C#N)c2cccc(Oc3ccccc3)c2)C1(C)C,O=C(OCc1cccc(Oc2ccccc2)c1)C1CC1,-6.0250,-5.4022,0.6228,0.5333
scaffold_shuffled,3,MLP,RDKit descriptors,904,CSc1nc(NC(C)C)nc(NC(C)C)n1,c1ncncn1,-4.1000,-2.8219,1.2781,0.2083
scaffold_shuffled,3,MLP,RDKit descriptors,920,CC34CCC1C(CCC2CC(=O)CCC12C)C3CCC4O ,O=C1CCC2C(CCC3C4CCCC4CCC23)C1,-4.7430,-4.5877,0.1553,0.5319
scaffold_shuffled,3,MLP,RDKit descriptors,961,CC(=O)OC3(C)CCC4C2CCC1=CC(=O)CCC1(C)C2CCC34C ,O=C1C=C2CCC3C4CCCC4CCC3C2CC1,-5.2840,-5.4684,0.1844,0.5918
scaffold_shuffled,3,MLP,RDKit descriptors,963,Fc1cccc(F)c1C(=O)NC(=O)Nc2ccc(Cl)cc2,O=C(NC(=O)c1ccccc1)Nc1ccccc1,-6.0200,-4.4515,1.5685,0.4324
scaffold_shuffled,3,MLP,RDKit descriptors,964,Oc1cc(Cl)ccc1Oc2ccc(Cl)cc2Cl,c1ccc(Oc2ccccc2)cc1,-4.4600,-5.5439,1.0839,0.5185
scaffold_shuffled,3,MLP,RDKit descriptors,966,CC12CC(O)C3C(CCC4=CC(=O)CCC34C)C2CCC1C(=O)CO,O=C1C=C2CCC3C4CCCC4CCC3C2CC1,-3.2400,-3.6918,0.4518,0.4310
scaffold_shuffled,3,MLP,RDKit descriptors,986,CC(C)=CC3C(C(=O)OCc2cccc(Oc1ccccc1)c2)C3(C)C ,O=C(OCc1cccc(Oc2ccccc2)c1)C1CC1,-5.2400,-5.6580,0.4180,0.3750
scaffold_shuffled,3,MLP,RDKit descriptors,995,CC34CCC1C(CCC2=CC(=O)CCC12O)C3CCC4(O)C#C,O=C1C=C2CCC3C4CCCC4CCC3C2CC1,-4.5700,-3.6374,0.9326,0.4528
scaffold_shuffled,3,MLP,RDKit descriptors,1008,CC1CC2C3CC(F)C4=CC(=O)C=CC4(C)C3(F)C(O)CC2(C)C1(O)C(=O)CO,O=C1C=CC2C(=C1)CCC1C3CCCC3CCC21,-5.6130,-3.7230,1.8900,0.4675
scaffold_shuffled,3,MLP,RDKit descriptors,1010,CCNc1nc(NC(C)(C)C)nc(OC)n1,c1ncncn1,-3.2390,-2.3788,0.8602,0.2642
scaffold_shuffled,3,MLP,RDKit descriptors,1021,CN(C)C(=O)Nc2ccc(Oc1ccc(Cl)cc1)cc2,c1ccc(Oc2ccccc2)cc1,-4.8900,-4.6067,0.2833,0.8276
scaffold_shuffled,3,MLP,RDKit descriptors,1041,O(c1ccccc1)c2ccccc2,c1ccc(Oc2ccccc2)cc1,-3.9600,-4.1297,0.1697,0.5294
scaffold_shuffled,3,MLP,RDKit descriptors,1067,CC4CC3C2CCC1=CC(=O)C=CC1(C)C2(F)C(O)CC3(C)C4(O)C(=O)COC(C)=O ,O=C1C=CC2C(=C1)CCC1C3CCCC3CCC21,-4.9000,-4.3796,0.5204,0.5526
scaffold_shuffled,3,MLP,RDKit descriptors,1070,CC1CC2C3CCC(O)(C(=O)C)C3(C)CC(O)C2(F)C4(C)C=CC(=O)C=C14,O=C1C=CC2C(=C1)CCC1C3CCCC3CCC21,-4.0990,-4.1580,0.0590,0.4103
scaffold_shuffled,3,MLP,RDKit descriptors,1084,CC(=O)OC3(CCC4C2CCC1=CC(=O)CCC1C2CCC34C)C#C,O=C1C=C2CCC3C4CCCC4CCC3C2CC1,-4.8000,-4.7464,0.0536,0.2923
scaffold_shuffled,3,MLP,RDKit descriptors,1095,Oc2cc(O)c1C(=O)CC(Oc1c2)c3ccc(O)c(O)c3,O=C1CC(c2ccccc2)Oc2ccccc21,-3.6200,-4.2847,0.6647,0.1951
scaffold_shuffled,3,MLP,RDKit descriptors,1104,O2c1ccc(N)cc1N(C)C(=O)c3cc(C)ccc23 ,O=C1Nc2ccccc2Oc2ccccc21,-3.9280,-4.0815,0.1535,0.3000
scaffold_shuffled,3,MLP,RDKit descriptors,1107,Cc1cc(no1)C(=O)NNCc2ccccc2,O=C(NNCc1ccccc1)c1ccon1,-2.4610,-2.5156,0.0546,0.3571
scaffold_shuffled,3,MLP,RDKit descriptors,1116,COP(=S)(OC)Oc1ccc(Sc2ccc(OP(=S)(OC)OC)cc2)cc1,c1ccc(Sc2ccccc2)cc1,-6.2370,-6.1079,0.1291,0.5000
scaffold_shuffled,3,MLP,RDKit descriptors,1117,NS(=O)(=O)c1cc(ccc1Cl)C2(O)NC(=O)c3ccccc23,O=C1NC(c2ccccc2)c2ccccc21,-3.4510,-3.5388,0.0878,0.3220
scaffold_shuffled,3,GCN,Molecular graph,1,Cc1occc1C(=O)Nc2ccccc2,O=C(Nc1ccccc1)c1ccoc1,-3.3000,-2.6334,0.6666,0.5143
scaffold_shuffled,3,GCN,Molecular graph,9,COc5cc4OCC3Oc2c1CC(Oc1ccc2C(=O)C3c4cc5OC)C(C)=C ,O=C1c2ccc3c(c2OC2COc4ccccc4C12)CCO3,-4.4200,-5.1330,0.7130,0.2000
scaffold_shuffled,3,GCN,Molecular graph,28,ClC(Cl)=C(c1ccc(Cl)cc1)c2ccc(Cl)cc2,C=C(c1ccccc1)c1ccccc1,-6.9000,-6.6931,0.2069,0.4706
scaffold_shuffled,3,GCN,Molecular graph,36,N(c1ccccc1)c2ccccc2,c1ccc(Nc2ccccc2)cc1,-3.5040,-2.6415,0.8625,0.6000
scaffold_shuffled,3,GCN,Molecular graph,62,CC34CC(O)C1(F)C(CCC2=CC(=O)C=CC12C)C3CC(O)C4(O)C(=O)CO,O=C1C=CC2C(=C1)CCC1C3CCCC3CCC21,-3.6800,-3.7688,0.0888,0.6818
scaffold_shuffled,3,GCN,Molecular graph,66,CCNc1nc(Cl)nc(n1)N(CC)CC,c1ncncn1,-4.0600,-2.4074,1.6526,0.2692
scaffold_shuffled,3,GCN,Molecular graph,71,Clc2ccc(Oc1ccc(cc1)N(=O)=O)c(Cl)c2,c1ccc(Oc2ccccc2)cc1,-5.4600,-4.8605,0.5995,0.5312
scaffold_shuffled,3,GCN,Molecular graph,88,CC(C)C1CCC(C)CC1=O,O=C1CCCCC1,-2.3500,-2.9976,0.6476,0.3043
scaffold_shuffled,3,GCN,Molecular graph,100,CC12CCC3C(CCC4=CC(=O)CCC34C)C2CCC1C(=O)CO,O=C1C=C2CCC3C4CCCC4CCC3C2CC1,-3.4500,-4.0992,0.6492,0.5800
scaffold_shuffled,3,GCN,Molecular graph,109,OCC1OC(C(O)C1O)n2cnc3c(O)ncnc23,c1ncc2ncn(C3CCCO3)c2n1,-1.2300,-1.0858,0.1442,0.5294
scaffold_shuffled,3,GCN,Molecular graph,127,CC1(C)C(C=C(Cl)Cl)C1C(=O)OC(C#N)c2ccc(F)c(Oc3ccccc3)c2,O=C(OCc1cccc(Oc2ccccc2)c1)C1CC1,-7.3370,-5.2772,2.0598,0.3816
scaffold_shuffled,3,GCN,Molecular graph,131,CC34CC(O)C1(F)C(CCC2=CC(=O)CCC12C)C3CCC4(O)C(=O)CO ,O=C1C=C2CCC3C4CCCC4CCC3C2CC1,-3.4300,-3.3953,0.0347,0.4286
scaffold_shuffled,3,GCN,Molecular graph,135,C1Cc2ccccc2C1,c1ccc2c(c1)CCC2,-3.0400,-4.0808,1.0408,0.8571
scaffold_shuffled,3,GCN,Molecular graph,160,CSc1nnc(c(=O)n1N)C(C)(C)C,O=c1cnnc[nH]1,-2.2530,-2.1901,0.0629,0.1818
scaffold_shuffled,3,GCN,Molecular graph,176,CC1=CC(=O)CC(C)(C)C1 ,O=C1C=CCCC1,-1.0600,-2.1463,1.0863,0.2558
scaffold_shuffled,3,GCN,Molecular graph,185,CC12CCC(=O)C=C1CCC3C2CCC4(C)C3CCC4(O)C#C ,O=C1C=C2CCC3C4CCCC4CCC3C2CC1,-5.6600,-4.3424,1.3176,0.6042
scaffold_shuffled,3,GCN,Molecular graph,217,CC(=C)C1CC=C(C)C(=O)C1,O=C1C=CCCC1,-2.0600,-2.5795,0.5195,0.4706
scaffold_shuffled,3,GCN,Molecular graph,219,COc1cc(cc(OC)c1O)C6C2C(COC2=O)C(OC4OC3COC(C)OC3C(O)C4O)c7cc5OCOc5cc67,O=C1OCC2C(OC3CCC4OCOCC4O3)c3cc4c(cc3C(c3ccccc3)C12)OCO4,-3.5710,-3.5313,0.0397,0.2000
scaffold_shuffled,3,GCN,Molecular graph,220,c1cc2cccc3c4cccc5cccc(c(c1)c23)c54,c1cc2cccc3c4cccc5cccc(c(c1)c23)c54,-8.8040,-7.8805,0.9235,0.7059
scaffold_shuffled,3,GCN,Molecular graph,235,CCNc1nc(Cl)nc(NC(C)C)n1,c1ncncn1,-3.8500,-2.4816,1.3684,0.2500
scaffold_shuffled,3,GCN,Molecular graph,240,O=C1CCCCC1,O=C1CCCCC1,-0.6000,-1.6805,1.0805,0.3000
scaffold_shuffled,3,GCN,Molecular graph,245,CCN(CC)c1nc(Cl)nc(NC(C)C)n1,c1ncncn1,-3.7850,-2.9116,0.8734,0.2105
scaffold_shuffled,3,GCN,Molecular graph,254,CC(=O)OC3(CCC4C2C=C(C)C1=CC(=O)CCC1(C)C2CCC34C)C(C)=O ,O=C1C=C2C=CC3C4CCCC4CCC3C2CC1,-5.3500,-4.1834,1.1666,0.3226
scaffold_shuffled,3,GCN,Molecular graph,262,Fc1cccc(F)c1C(=O)NC(=O)Nc2cc(Cl)c(F)c(Cl)c2F ,O=C(NC(=O)c1ccccc1)Nc1ccccc1,-7.2800,-6.0283,1.2517,0.2459
scaffold_shuffled,3,GCN,Molecular graph,266,CC(=O)OCC(=O)C3(O)C(CC4C2CCC1=CC(=O)C=CC1(C)C2(F)C(O)CC34C)OC(C)=O ,O=C1C=CC2C(=C1)CCC1C3CCCC3CCC21,-4.1300,-3.7534,0.3766,0.5385
scaffold_shuffled,3,GCN,Molecular graph,272,CC1(C)C(C=C(Br)Br)C1C(=O)OC(C#N)c2cccc(Oc3ccccc3)c2,O=C(OCc1cccc(Oc2ccccc2)c1)C1CC1,-8.4020,-4.8929,3.5091,0.4638
scaffold_shuffled,3,GCN,Molecular graph,310,CC1(O)CCC2C3CCC4=CC(=O)CCC4(C)C3CCC21C,O=C1C=C2CCC3C4CCCC4CCC3C2CC1,-3.9990,-4.2058,0.2068,0.6744
scaffold_shuffled,3,GCN,Molecular graph,364,CC12CC(O)C3C(CCC4=CC(=O)CCC34C)C2CCC1(O)C(=O)CO,O=C1C=C2CCC3C4CCCC4CCC3C2CC1,-3.0900,-3.4346,0.3446,0.4483
scaffold_shuffled,3,GCN,Molecular graph,370,CN1CC(O)N(C1=O)c2nnc(s2)C(C)(C)C,O=C1NCCN1c1nncs1,-1.8770,-2.3588,0.4818,0.1552
scaffold_shuffled,3,GCN,Molecular graph,382,CN(C=Nc1ccc(C)cc1C)C=Nc2ccc(C)cc2C,C(=Nc1ccccc1)NC=Nc1ccccc1,-5.4700,-5.0391,0.4309,0.5294
scaffold_shuffled,3,GCN,Molecular graph,383,COc1nc(NC(C)C)nc(NC(C)C)n1,c1ncncn1,-2.4780,-2.6763,0.1983,0.2500
scaffold_shuffled,3,GCN,Molecular graph,394,CN(C(=O)NC(C)(C)c1ccccc1)c2ccccc2,O=C(NCc1ccccc1)Nc1ccccc1,-3.3500,-3.1618,0.1882,0.3784
scaffold_shuffled,3,GCN,Molecular graph,398,CN(C(=O)COc1nc2ccccc2s1)c3ccccc3,O=C(COc1nc2ccccc2s1)Nc1ccccc1,-4.8730,-3.4464,1.4266,0.2941
scaffold_shuffled,3,GCN,Molecular graph,405,CC(=O)OCC(=O)C3CCC4C2CCC1=CC(=O)CCC1(C)C2CCC34C ,O=C1C=C2CCC3C4CCCC4CCC3C2CC1,-4.6300,-4.0828,0.5472,0.5273
scaffold_shuffled,3,GCN,Molecular graph,412,CC(=O)Nc1nnc(s1)S(N)(=O)=O ,c1nncs1,-2.3600,-1.4346,0.9254,0.2703
scaffold_shuffled,3,GCN,Molecular graph,420,CC(=O)C1CCC2C3CCC4=CC(=O)CCC4(C)C3CCC12C,O=C1C=C2CCC3C4CCCC4CCC3C2CC1,-4.4200,-4.3198,0.1002,0.6170
scaffold_shuffled,3,GCN,Molecular graph,421,CCN(CC)c1nc(Cl)nc(n1)N(CC)CC,c1ncncn1,-4.4110,-2.8803,1.5307,0.2857
scaffold_shuffled,3,GCN,Molecular graph,424,OC3N=C(c1ccccc1)c2cc(Cl)ccc2NC3=O ,O=C1CN=C(c2ccccc2)c2ccccc2N1,-3.9520,-4.4995,0.5475,0.3043
scaffold_shuffled,3,GCN,Molecular graph,428,Oc1ccc(c(O)c1)c3oc2cc(O)cc(O)c2c(=O)c3O ,O=c1cc(-c2ccccc2)oc2ccccc12,-3.0830,-1.8174,1.2656,0.2391
scaffold_shuffled,3,GCN,Molecular graph,451,CC(=O)OC3CCC4C2CCC1=CC(=O)CCC1(C)C2CCC34C ,O=C1C=C2CCC3C4CCCC4CCC3C2CC1,-5.1840,-4.0961,1.0879,0.5800
scaffold_shuffled,3,GCN,Molecular graph,453,CCN2c1ccccc1N(C)C(=O)c3ccccc23 ,O=C1Nc2ccccc2Nc2ccccc21,-4.7490,-4.4446,0.3044,0.6579
scaffold_shuffled,3,GCN,Molecular graph,458,CC1(C)C(C=C(Cl)Cl)C1C(=O)OC(C#N)c2cccc(Oc3ccccc3)c2,O=C(OCc1cccc(Oc2ccccc2)c1)C1CC1,-8.0170,-4.8257,3.1913,0.4706
scaffold_shuffled,3,GCN,Molecular graph,481,ON=Cc1ccc(o1)N(=O)=O ,c1ccoc1,-2.1900,-2.6345,0.4445,0.5238
scaffold_shuffled,3,GCN,Molecular graph,493,CN2C(=O)CN=C(c1ccccc1)c3cc(ccc23)N(=O)=O,O=C1CN=C(c2ccccc2)c2ccccc2N1,-3.7960,-4.3644,0.5684,0.3182
scaffold_shuffled,3,GCN,Molecular graph,514,CNC(=O)Oc1ccccc1C2OCCO2,c1ccc(C2OCCO2)cc1,-1.5700,-1.9939,0.4239,0.4878
scaffold_shuffled,3,GCN,Molecular graph,515,C1N(C(=O)NCC(C)C)C(=O)NC1,O=C1NCCN1,-2.1500,-2.1047,0.0453,0.2500
scaffold_shuffled,3,GCN,Molecular graph,517,CCOC(=O)NCCOc2ccc(Oc1ccccc1)cc2,c1ccc(Oc2ccccc2)cc1,-4.7000,-2.8593,1.8407,0.4286
scaffold_shuffled,3,GCN,Molecular graph,523,O=Cc1ccco1,c1ccoc1,-0.1000,-0.3364,0.2364,0.3333
scaffold_shuffled,3,GCN,Molecular graph,539,CCNc1nc(NC(C)C)nc(SC)n1,c1ncncn1,-3.0400,-2.5516,0.4884,0.2407
scaffold_shuffled,3,GCN,Molecular graph,541,CC(=O)C1(O)CCC2C3CCC4=CC(=O)CCC4(C)C3CCC21C,O=C1C=C2CCC3C4CCCC4CCC3C2CC1,-3.8170,-3.9463,0.1293,0.6170
scaffold_shuffled,3,GCN,Molecular graph,549,CCNc1nc(NC(C)(C)C)nc(SC)n1,c1ncncn1,-4.0000,-2.6105,1.3895,0.2407
scaffold_shuffled,3,GCN,Molecular graph,552,CC23Cc1cnoc1C=C2CCC4C3CCC5(C)C4CCC5(O)C#C,C1=C2CCC3C4CCCC4CCC3C2Cc2cnoc21,-5.5070,-4.5662,0.9408,0.3281
scaffold_shuffled,3,GCN,Molecular graph,555,CC1OC(CC(O)C1O)OC2C(O)CC(OC2C)OC8C(O)CC(OC7CCC3(C)C(CCC4C3CC(O)C5(C)C(CCC45O)C6=CC(=O)OC6)C7)OC8C ,O=C1C=C(C2CCC3C2CCC2C4CCC(OC5CCC(OC6CCC(OC7CCCCO7)CO6)CO5)CC4CCC23)CO1,-4.0810,-2.2954,1.7856,0.2353
scaffold_shuffled,3,GCN,Molecular graph,570,CCCCc1c(C)nc(NCC)[nH]c1=O,O=c1ccnc[nH]1,-3.0280,-2.8392,0.1888,0.4286
scaffold_shuffled,3,GCN,Molecular graph,576,CC12CC(O)C3C(CCC4=CC(=O)C=CC34C)C2CCC1(O)C(=O)CO,O=C1C=CC2C(=C1)CCC1C3CCCC3CCC21,-3.1800,-3.9821,0.8021,0.3750
scaffold_shuffled,3,GCN,Molecular graph,591,CC1(C)C(C=C(Cl)Cl)C1C(=O)OCc2cccc(Oc3ccccc3)c2,O=C(OCc1cccc(Oc2ccccc2)c1)C1CC1,-6.2910,-4.8375,1.4535,0.4194
scaffold_shuffled,3,GCN,Molecular graph,615,CC1CC2C3CCC4=CC(=O)C=CC4(C)C3(F)C(O)CC2(C)C1(O)C(=O)CO,O=C1C=CC2C(=C1)CCC1C3CCCC3CCC21,-3.5900,-4.1729,0.5829,0.6618
scaffold_shuffled,3,GCN,Molecular graph,627,O=C3CN=C(c1ccccc1)c2cc(ccc2N3)N(=O)=O,O=C1CN=C(c2ccccc2)c2ccccc2N1,-3.7960,-4.3812,0.5852,0.3333
scaffold_shuffled,3,GCN,Molecular graph,636,CCNc1nc(NC(C)C)nc(OC)n1,c1ncncn1,-2.0840,-2.2162,0.1322,0.2642
scaffold_shuffled,3,GCN,Molecular graph,637,c1ccc2c(c1)cc3ccc4cccc5ccc2c3c45,c1ccc2c(c1)cc1ccc3cccc4ccc2c1c34,-8.6990,-8.2868,0.4122,0.6522
scaffold_shuffled,3,GCN,Molecular graph,640,CC1OC(CC(O)C1O)OC2C(O)CC(OC2C)OC8C(O)CC(OC7CCC3(C)C(CCC4C3CCC5(C)C(CCC45O)C6=CC(=O)OC6)C7)OC8C ,O=C1C=C(C2CCC3C2CCC2C4CCC(OC5CCC(OC6CCC(OC7CCCCO7)CO6)CO5)CC4CCC23)CO1,-5.2930,-2.3679,2.9251,0.2500
scaffold_shuffled,3,GCN,Molecular graph,662,O=C1NC(=O)C(=O)C(=O)N1 ,O=C1NC(=O)C(=O)C(=O)N1,-1.2500,-0.9041,0.3459,0.6923
scaffold_shuffled,3,GCN,Molecular graph,676,c1cc2ccc3ccc4ccc5cccc6c(c1)c2c3c4c56,c1cc2ccc3ccc4ccc5cccc6c(c1)c2c3c4c56,-9.0180,-9.3846,0.3666,0.8235
scaffold_shuffled,3,GCN,Molecular graph,686,CCNc1nc(Cl)nc(NCC)n1 ,c1ncncn1,-4.5500,-1.9554,2.5946,0.2889
scaffold_shuffled,3,GCN,Molecular graph,688,CSc1nc(nc(n1)N(C)C)N(C)C,c1ncncn1,-2.6760,-1.7140,0.9620,0.2778
scaffold_shuffled,3,GCN,Molecular graph,695,CC13CCC(=O)C=C1CCC4C2CCC(C(=O)CO)C2(CC(O)C34)C=O ,O=C1C=C2CCC3C4CCCC4CCC3C2CC1,-3.8500,-3.7262,0.1238,0.4098
scaffold_shuffled,3,GCN,Molecular graph,696,COc2ccc(Oc1ccc(NC(=O)N(C)C)cc1)cc2,c1ccc(Oc2ccccc2)cc1,-4.1600,-3.0219,1.1381,0.5758
scaffold_shuffled,3,GCN,Molecular graph,706,c1ccoc1,c1ccoc1,-0.8200,0.7929,1.6129,0.2222
scaffold_shuffled,3,GCN,Molecular graph,707,COCCCNc1nc(NC(C)C)nc(SC)n1,c1ncncn1,-2.9280,-2.3657,0.5623,0.2308
scaffold_shuffled,3,GCN,Molecular graph,708,CN(C)C(=O)NC1CC2CC1C3CCCC23,C1CC2C3CCC(C3)C2C1,-3.1710,-4.9786,1.8076,0.4444
scaffold_shuffled,3,GCN,Molecular graph,711,CC(=O)OCC(=O)C3(O)CCC4C2CCC1=CC(=O)C=CC1(C)C2C(O)CC34C ,O=C1C=CC2C(=C1)CCC1C3CCCC3CCC21,-4.3700,-3.9619,0.4081,0.3068
scaffold_shuffled,3,GCN,Molecular graph,717,CCC(=O)OC3CCC4C2CCC1=CC(=O)CCC1(C)C2CCC34C ,O=C1C=C2CCC3C4CCCC4CCC3C2CC1,-5.3700,-4.2276,1.1424,0.5472
scaffold_shuffled,3,GCN,Molecular graph,740,Clc1ccccc1C2=NCC(=O)Nc3ccc(cc23)N(=O)=O,O=C1CN=C(c2ccccc2)c2ccccc2N1,-3.4990,-4.8263,1.3273,0.3617
scaffold_shuffled,3,GCN,Molecular graph,744,CC1(C)C(C=C(Cl)C(F)(F)F)C1C(=O)OC(C#N)c2cccc(Oc3ccccc3)c2,O=C(OCc1cccc(Oc2ccccc2)c1)C1CC1,-8.1760,-5.0487,3.1273,0.4583
scaffold_shuffled,3,GCN,Molecular graph,746,CN2C(=O)CN=C(c1ccccc1)c3cc(Cl)ccc23,O=C1CN=C(c2ccccc2)c2ccccc2N1,-3.7540,-4.6687,0.9147,0.4286
scaffold_shuffled,3,GCN,Molecular graph,750,CC12CCC3C(CCC4=CC(=O)CCC34C)C2CCC1O,O=C1C=C2CCC3C4CCCC4CCC3C2CC1,-4.0200,-4.2809,0.2609,0.6591
scaffold_shuffled,3,GCN,Molecular graph,754,COc2cc1c(N)nc(nc1c(OC)c2OC)N3CCN(CC3)C(=O)OCC(C)(C)O ,c1ccc2nc(N3CCNCC3)ncc2c1,-3.6380,-3.1160,0.5220,0.1972
scaffold_shuffled,3,GCN,Molecular graph,756,CC(=O)C3(C)CCC4C2C=C(C)C1=CC(=O)CCC1(C)C2CCC34C,O=C1C=C2C=CC3C4CCCC4CCC3C2CC1,-5.2700,-4.5266,0.7434,0.3509
scaffold_shuffled,3,GCN,Molecular graph,765,c1ccc2c(c1)cnc3ccccc23 ,c1ccc2c(c1)cnc1ccccc12,-2.7800,-4.4483,1.6683,0.4231
scaffold_shuffled,3,GCN,Molecular graph,774,Sc1nccc(=O)[nH]1 ,O=c1ccnc[nH]1,-2.2730,-0.5899,1.6831,0.3214
scaffold_shuffled,3,GCN,Molecular graph,809,O2c1ccccc1N(CC)C(=O)c3ccccc23 ,O=C1Nc2ccccc2Oc2ccccc21,-3.6800,-4.1306,0.4506,0.4762
scaffold_shuffled,3,GCN,Molecular graph,829,CN(C)C(=O)OC1=CC(=O)CC(C)(C)C1 ,O=C1C=CCCC1,-0.8500,-1.8217,0.9717,0.2826
scaffold_shuffled,3,GCN,Molecular graph,845,C1c2ccccc2c3cc4ccccc4cc13,c1ccc2c(c1)Cc1cc3ccccc3cc1-2,-8.0400,-7.0692,0.9708,0.6364
scaffold_shuffled,3,GCN,Molecular graph,851,CCCCC(=O)OC3(C(C)CC4C2CCC1=CC(=O)C=CC1(C)C2(F)C(O)CC34C)C(=O)CO,O=C1C=CC2C(=C1)CCC1C3CCCC3CCC21,-4.7100,-4.4834,0.2266,0.5769
scaffold_shuffled,3,GCN,Molecular graph,852,O=c2[nH]c(=O)c1[nH]c(=O)[nH]c1[nH]2 ,O=c1[nH]c(=O)c2[nH]c(=O)[nH]c2[nH]1,-3.9300,-1.4032,2.5268,0.2963
scaffold_shuffled,3,GCN,Molecular graph,864,CCNc1nc(Cl)nc(NC(C)(C)C#N)n1,c1ncncn1,-3.1500,-2.3938,0.7562,0.2281
scaffold_shuffled,3,GCN,Molecular graph,865,c1ccc2c(c1)c3ccccc3c4ccccc24,c1ccc2c(c1)c1ccccc1c1ccccc21,-6.7260,-6.5231,0.2029,0.5714
scaffold_shuffled,3,GCN,Molecular graph,872,CN(C)c1nc(nc(n1)N(C)C)N(C)C,c1ncncn1,-3.3640,-1.5027,1.8613,0.3448
scaffold_shuffled,3,GCN,Molecular graph,883,CC(=O)OCC(=O)C1(O)CCC2C3CCC4=CC(=O)CCC4(C)C3C(O)CC21C,O=C1C=C2CCC3C4CCCC4CCC3C2CC1,-4.8800,-3.4878,1.3922,0.4127
scaffold_shuffled,3,GCN,Molecular graph,885,OC3N=C(c1ccccc1Cl)c2cc(Cl)ccc2NC3=O,O=C1CN=C(c2ccccc2)c2ccccc2N1,-3.6040,-4.9735,1.3695,0.3478
scaffold_shuffled,3,GCN,Molecular graph,888,NS(=O)(=O)c2cc1c(N=CNS1(=O)=O)cc2Cl ,O=S1(=O)NC=Nc2ccccc21,-3.0500,-3.5161,0.4661,0.5111
scaffold_shuffled,3,GCN,Molecular graph,894,CC(C)Nc1nc(Cl)nc(NC(C)C)n1,c1ncncn1,-4.4300,-2.9935,1.4365,0.2000
scaffold_shuffled,3,GCN,Molecular graph,901,CC1(C)C(C(=O)OC(C#N)c2cccc(Oc3ccccc3)c2)C1(C)C,O=C(OCc1cccc(Oc2ccccc2)c1)C1CC1,-6.0250,-4.0897,1.9353,0.5333
scaffold_shuffled,3,GCN,Molecular graph,904,CSc1nc(NC(C)C)nc(NC(C)C)n1,c1ncncn1,-4.1000,-3.0376,1.0624,0.2083
scaffold_shuffled,3,GCN,Molecular graph,920,CC34CCC1C(CCC2CC(=O)CCC12C)C3CCC4O ,O=C1CCC2C(CCC3C4CCCC4CCC23)C1,-4.7430,-4.1906,0.5524,0.5319
scaffold_shuffled,3,GCN,Molecular graph,961,CC(=O)OC3(C)CCC4C2CCC1=CC(=O)CCC1(C)C2CCC34C ,O=C1C=C2CCC3C4CCCC4CCC3C2CC1,-5.2840,-3.9607,1.3233,0.5918
scaffold_shuffled,3,GCN,Molecular graph,963,Fc1cccc(F)c1C(=O)NC(=O)Nc2ccc(Cl)cc2,O=C(NC(=O)c1ccccc1)Nc1ccccc1,-6.0200,-4.7281,1.2919,0.4324
scaffold_shuffled,3,GCN,Molecular graph,964,Oc1cc(Cl)ccc1Oc2ccc(Cl)cc2Cl,c1ccc(Oc2ccccc2)cc1,-4.4600,-4.3752,0.0848,0.5185
scaffold_shuffled,3,GCN,Molecular graph,966,CC12CC(O)C3C(CCC4=CC(=O)CCC34C)C2CCC1C(=O)CO,O=C1C=C2CCC3C4CCCC4CCC3C2CC1,-3.2400,-3.8246,0.5846,0.4310
scaffold_shuffled,3,GCN,Molecular graph,986,CC(C)=CC3C(C(=O)OCc2cccc(Oc1ccccc1)c2)C3(C)C ,O=C(OCc1cccc(Oc2ccccc2)c1)C1CC1,-5.2400,-4.4888,0.7512,0.3750
scaffold_shuffled,3,GCN,Molecular graph,995,CC34CCC1C(CCC2=CC(=O)CCC12O)C3CCC4(O)C#C,O=C1C=C2CCC3C4CCCC4CCC3C2CC1,-4.5700,-4.1049,0.4651,0.4528
scaffold_shuffled,3,GCN,Molecular graph,1008,CC1CC2C3CC(F)C4=CC(=O)C=CC4(C)C3(F)C(O)CC2(C)C1(O)C(=O)CO,O=C1C=CC2C(=C1)CCC1C3CCCC3CCC21,-5.6130,-4.4025,1.2105,0.4675
scaffold_shuffled,3,GCN,Molecular graph,1010,CCNc1nc(NC(C)(C)C)nc(OC)n1,c1ncncn1,-3.2390,-2.2942,0.9448,0.2642
scaffold_shuffled,3,GCN,Molecular graph,1021,CN(C)C(=O)Nc2ccc(Oc1ccc(Cl)cc1)cc2,c1ccc(Oc2ccccc2)cc1,-4.8900,-3.5148,1.3752,0.8276
scaffold_shuffled,3,GCN,Molecular graph,1041,O(c1ccccc1)c2ccccc2,c1ccc(Oc2ccccc2)cc1,-3.9600,-2.5058,1.4542,0.5294
scaffold_shuffled,3,GCN,Molecular graph,1067,CC4CC3C2CCC1=CC(=O)C=CC1(C)C2(F)C(O)CC3(C)C4(O)C(=O)COC(C)=O ,O=C1C=CC2C(=C1)CCC1C3CCCC3CCC21,-4.9000,-4.1446,0.7554,0.5526
scaffold_shuffled,3,GCN,Molecular graph,1070,CC1CC2C3CCC(O)(C(=O)C)C3(C)CC(O)C2(F)C4(C)C=CC(=O)C=C14,O=C1C=CC2C(=C1)CCC1C3CCCC3CCC21,-4.0990,-4.3453,0.2463,0.4103
scaffold_shuffled,3,GCN,Molecular graph,1084,CC(=O)OC3(CCC4C2CCC1=CC(=O)CCC1C2CCC34C)C#C,O=C1C=C2CCC3C4CCCC4CCC3C2CC1,-4.8000,-4.3367,0.4633,0.2923
scaffold_shuffled,3,GCN,Molecular graph,1095,Oc2cc(O)c1C(=O)CC(Oc1c2)c3ccc(O)c(O)c3,O=C1CC(c2ccccc2)Oc2ccccc21,-3.6200,-1.6092,2.0108,0.1951
scaffold_shuffled,3,GCN,Molecular graph,1104,O2c1ccc(N)cc1N(C)C(=O)c3cc(C)ccc23 ,O=C1Nc2ccccc2Oc2ccccc21,-3.9280,-4.5929,0.6649,0.3000
scaffold_shuffled,3,GCN,Molecular graph,1107,Cc1cc(no1)C(=O)NNCc2ccccc2,O=C(NNCc1ccccc1)c1ccon1,-2.4610,-2.2136,0.2474,0.3571
scaffold_shuffled,3,GCN,Molecular graph,1116,COP(=S)(OC)Oc1ccc(Sc2ccc(OP(=S)(OC)OC)cc2)cc1,c1ccc(Sc2ccccc2)cc1,-6.2370,-5.0153,1.2217,0.5000
scaffold_shuffled,3,GCN,Molecular graph,1117,NS(=O)(=O)c1cc(ccc1Cl)C2(O)NC(=O)c3ccccc23,O=C1NC(c2ccccc2)c2ccccc21,-3.4510,-4.1643,0.7133,0.3220
scaffold_shuffled,3,GIN,Molecular graph,1,Cc1occc1C(=O)Nc2ccccc2,O=C(Nc1ccccc1)c1ccoc1,-3.3000,-2.5535,0.7465,0.5143
scaffold_shuffled,3,GIN,Molecular graph,9,COc5cc4OCC3Oc2c1CC(Oc1ccc2C(=O)C3c4cc5OC)C(C)=C ,O=C1c2ccc3c(c2OC2COc4ccccc4C12)CCO3,-4.4200,-5.3814,0.9614,0.2000
scaffold_shuffled,3,GIN,Molecular graph,28,ClC(Cl)=C(c1ccc(Cl)cc1)c2ccc(Cl)cc2,C=C(c1ccccc1)c1ccccc1,-6.9000,-6.8278,0.0722,0.4706
scaffold_shuffled,3,GIN,Molecular graph,36,N(c1ccccc1)c2ccccc2,c1ccc(Nc2ccccc2)cc1,-3.5040,-4.0463,0.5423,0.6000
scaffold_shuffled,3,GIN,Molecular graph,62,CC34CC(O)C1(F)C(CCC2=CC(=O)C=CC12C)C3CC(O)C4(O)C(=O)CO,O=C1C=CC2C(=C1)CCC1C3CCCC3CCC21,-3.6800,-3.2749,0.4051,0.6818
scaffold_shuffled,3,GIN,Molecular graph,66,CCNc1nc(Cl)nc(n1)N(CC)CC,c1ncncn1,-4.0600,-2.9915,1.0685,0.2692
scaffold_shuffled,3,GIN,Molecular graph,71,Clc2ccc(Oc1ccc(cc1)N(=O)=O)c(Cl)c2,c1ccc(Oc2ccccc2)cc1,-5.4600,-5.1926,0.2674,0.5312
scaffold_shuffled,3,GIN,Molecular graph,88,CC(C)C1CCC(C)CC1=O,O=C1CCCCC1,-2.3500,-3.4727,1.1227,0.3043
scaffold_shuffled,3,GIN,Molecular graph,100,CC12CCC3C(CCC4=CC(=O)CCC34C)C2CCC1C(=O)CO,O=C1C=C2CCC3C4CCCC4CCC3C2CC1,-3.4500,-4.6328,1.1828,0.5800
scaffold_shuffled,3,GIN,Molecular graph,109,OCC1OC(C(O)C1O)n2cnc3c(O)ncnc23,c1ncc2ncn(C3CCCO3)c2n1,-1.2300,-1.4465,0.2165,0.5294
scaffold_shuffled,3,GIN,Molecular graph,127,CC1(C)C(C=C(Cl)Cl)C1C(=O)OC(C#N)c2ccc(F)c(Oc3ccccc3)c2,O=C(OCc1cccc(Oc2ccccc2)c1)C1CC1,-7.3370,-6.0026,1.3344,0.3816
scaffold_shuffled,3,GIN,Molecular graph,131,CC34CC(O)C1(F)C(CCC2=CC(=O)CCC12C)C3CCC4(O)C(=O)CO ,O=C1C=C2CCC3C4CCCC4CCC3C2CC1,-3.4300,-3.4052,0.0248,0.4286
scaffold_shuffled,3,GIN,Molecular graph,135,C1Cc2ccccc2C1,c1ccc2c(c1)CCC2,-3.0400,-4.4807,1.4407,0.8571
scaffold_shuffled,3,GIN,Molecular graph,160,CSc1nnc(c(=O)n1N)C(C)(C)C,O=c1cnnc[nH]1,-2.2530,-1.9729,0.2801,0.1818
scaffold_shuffled,3,GIN,Molecular graph,176,CC1=CC(=O)CC(C)(C)C1 ,O=C1C=CCCC1,-1.0600,-2.2939,1.2339,0.2558
scaffold_shuffled,3,GIN,Molecular graph,185,CC12CCC(=O)C=C1CCC3C2CCC4(C)C3CCC4(O)C#C ,O=C1C=C2CCC3C4CCCC4CCC3C2CC1,-5.6600,-4.7663,0.8937,0.6042
scaffold_shuffled,3,GIN,Molecular graph,217,CC(=C)C1CC=C(C)C(=O)C1,O=C1C=CCCC1,-2.0600,-3.3108,1.2508,0.4706
scaffold_shuffled,3,GIN,Molecular graph,219,COc1cc(cc(OC)c1O)C6C2C(COC2=O)C(OC4OC3COC(C)OC3C(O)C4O)c7cc5OCOc5cc67,O=C1OCC2C(OC3CCC4OCOCC4O3)c3cc4c(cc3C(c3ccccc3)C12)OCO4,-3.5710,-3.7297,0.1587,0.2000
scaffold_shuffled,3,GIN,Molecular graph,220,c1cc2cccc3c4cccc5cccc(c(c1)c23)c54,c1cc2cccc3c4cccc5cccc(c(c1)c23)c54,-8.8040,-6.9966,1.8074,0.7059
scaffold_shuffled,3,GIN,Molecular graph,235,CCNc1nc(Cl)nc(NC(C)C)n1,c1ncncn1,-3.8500,-2.8405,1.0095,0.2500
scaffold_shuffled,3,GIN,Molecular graph,240,O=C1CCCCC1,O=C1CCCCC1,-0.6000,-1.0950,0.4950,0.3000
scaffold_shuffled,3,GIN,Molecular graph,245,CCN(CC)c1nc(Cl)nc(NC(C)C)n1,c1ncncn1,-3.7850,-3.4278,0.3572,0.2105
scaffold_shuffled,3,GIN,Molecular graph,254,CC(=O)OC3(CCC4C2C=C(C)C1=CC(=O)CCC1(C)C2CCC34C)C(C)=O ,O=C1C=C2C=CC3C4CCCC4CCC3C2CC1,-5.3500,-4.3116,1.0384,0.3226
scaffold_shuffled,3,GIN,Molecular graph,262,Fc1cccc(F)c1C(=O)NC(=O)Nc2cc(Cl)c(F)c(Cl)c2F ,O=C(NC(=O)c1ccccc1)Nc1ccccc1,-7.2800,-5.7553,1.5247,0.2459
scaffold_shuffled,3,GIN,Molecular graph,266,CC(=O)OCC(=O)C3(O)C(CC4C2CCC1=CC(=O)C=CC1(C)C2(F)C(O)CC34C)OC(C)=O ,O=C1C=CC2C(=C1)CCC1C3CCCC3CCC21,-4.1300,-3.4287,0.7013,0.5385
scaffold_shuffled,3,GIN,Molecular graph,272,CC1(C)C(C=C(Br)Br)C1C(=O)OC(C#N)c2cccc(Oc3ccccc3)c2,O=C(OCc1cccc(Oc2ccccc2)c1)C1CC1,-8.4020,-5.8396,2.5624,0.4638
scaffold_shuffled,3,GIN,Molecular graph,310,CC1(O)CCC2C3CCC4=CC(=O)CCC4(C)C3CCC21C,O=C1C=C2CCC3C4CCCC4CCC3C2CC1,-3.9990,-4.4564,0.4574,0.6744
scaffold_shuffled,3,GIN,Molecular graph,364,CC12CC(O)C3C(CCC4=CC(=O)CCC34C)C2CCC1(O)C(=O)CO,O=C1C=C2CCC3C4CCCC4CCC3C2CC1,-3.0900,-3.6182,0.5282,0.4483
scaffold_shuffled,3,GIN,Molecular graph,370,CN1CC(O)N(C1=O)c2nnc(s2)C(C)(C)C,O=C1NCCN1c1nncs1,-1.8770,-2.5989,0.7219,0.1552
scaffold_shuffled,3,GIN,Molecular graph,382,CN(C=Nc1ccc(C)cc1C)C=Nc2ccc(C)cc2C,C(=Nc1ccccc1)NC=Nc1ccccc1,-5.4700,-3.9958,1.4742,0.5294
scaffold_shuffled,3,GIN,Molecular graph,383,COc1nc(NC(C)C)nc(NC(C)C)n1,c1ncncn1,-2.4780,-3.2858,0.8078,0.2500
scaffold_shuffled,3,GIN,Molecular graph,394,CN(C(=O)NC(C)(C)c1ccccc1)c2ccccc2,O=C(NCc1ccccc1)Nc1ccccc1,-3.3500,-4.0438,0.6938,0.3784
scaffold_shuffled,3,GIN,Molecular graph,398,CN(C(=O)COc1nc2ccccc2s1)c3ccccc3,O=C(COc1nc2ccccc2s1)Nc1ccccc1,-4.8730,-4.4743,0.3987,0.2941
scaffold_shuffled,3,GIN,Molecular graph,405,CC(=O)OCC(=O)C3CCC4C2CCC1=CC(=O)CCC1(C)C2CCC34C ,O=C1C=C2CCC3C4CCCC4CCC3C2CC1,-4.6300,-4.5780,0.0520,0.5273
scaffold_shuffled,3,GIN,Molecular graph,412,CC(=O)Nc1nnc(s1)S(N)(=O)=O ,c1nncs1,-2.3600,-1.6433,0.7167,0.2703
scaffold_shuffled,3,GIN,Molecular graph,420,CC(=O)C1CCC2C3CCC4=CC(=O)CCC4(C)C3CCC12C,O=C1C=C2CCC3C4CCCC4CCC3C2CC1,-4.4200,-4.8213,0.4013,0.6170
scaffold_shuffled,3,GIN,Molecular graph,421,CCN(CC)c1nc(Cl)nc(n1)N(CC)CC,c1ncncn1,-4.4110,-3.5399,0.8711,0.2857
scaffold_shuffled,3,GIN,Molecular graph,424,OC3N=C(c1ccccc1)c2cc(Cl)ccc2NC3=O ,O=C1CN=C(c2ccccc2)c2ccccc2N1,-3.9520,-4.1093,0.1573,0.3043
scaffold_shuffled,3,GIN,Molecular graph,428,Oc1ccc(c(O)c1)c3oc2cc(O)cc(O)c2c(=O)c3O ,O=c1cc(-c2ccccc2)oc2ccccc12,-3.0830,-1.8626,1.2204,0.2391
scaffold_shuffled,3,GIN,Molecular graph,451,CC(=O)OC3CCC4C2CCC1=CC(=O)CCC1(C)C2CCC34C ,O=C1C=C2CCC3C4CCCC4CCC3C2CC1,-5.1840,-4.7321,0.4519,0.5800
scaffold_shuffled,3,GIN,Molecular graph,453,CCN2c1ccccc1N(C)C(=O)c3ccccc23 ,O=C1Nc2ccccc2Nc2ccccc21,-4.7490,-4.8650,0.1160,0.6579
scaffold_shuffled,3,GIN,Molecular graph,458,CC1(C)C(C=C(Cl)Cl)C1C(=O)OC(C#N)c2cccc(Oc3ccccc3)c2,O=C(OCc1cccc(Oc2ccccc2)c1)C1CC1,-8.0170,-5.7727,2.2443,0.4706
scaffold_shuffled,3,GIN,Molecular graph,481,ON=Cc1ccc(o1)N(=O)=O ,c1ccoc1,-2.1900,-2.1896,0.0004,0.5238
scaffold_shuffled,3,GIN,Molecular graph,493,CN2C(=O)CN=C(c1ccccc1)c3cc(ccc23)N(=O)=O,O=C1CN=C(c2ccccc2)c2ccccc2N1,-3.7960,-3.9133,0.1173,0.3182
scaffold_shuffled,3,GIN,Molecular graph,514,CNC(=O)Oc1ccccc1C2OCCO2,c1ccc(C2OCCO2)cc1,-1.5700,-2.1136,0.5436,0.4878
scaffold_shuffled,3,GIN,Molecular graph,515,C1N(C(=O)NCC(C)C)C(=O)NC1,O=C1NCCN1,-2.1500,-2.1064,0.0436,0.2500
scaffold_shuffled,3,GIN,Molecular graph,517,CCOC(=O)NCCOc2ccc(Oc1ccccc1)cc2,c1ccc(Oc2ccccc2)cc1,-4.7000,-4.2160,0.4840,0.4286
scaffold_shuffled,3,GIN,Molecular graph,523,O=Cc1ccco1,c1ccoc1,-0.1000,0.1341,0.2341,0.3333
scaffold_shuffled,3,GIN,Molecular graph,539,CCNc1nc(NC(C)C)nc(SC)n1,c1ncncn1,-3.0400,-3.1733,0.1333,0.2407
scaffold_shuffled,3,GIN,Molecular graph,541,CC(=O)C1(O)CCC2C3CCC4=CC(=O)CCC4(C)C3CCC21C,O=C1C=C2CCC3C4CCCC4CCC3C2CC1,-3.8170,-4.1453,0.3283,0.6170
scaffold_shuffled,3,GIN,Molecular graph,549,CCNc1nc(NC(C)(C)C)nc(SC)n1,c1ncncn1,-4.0000,-3.2769,0.7231,0.2407
scaffold_shuffled,3,GIN,Molecular graph,552,CC23Cc1cnoc1C=C2CCC4C3CCC5(C)C4CCC5(O)C#C,C1=C2CCC3C4CCCC4CCC3C2Cc2cnoc21,-5.5070,-4.3515,1.1555,0.3281
scaffold_shuffled,3,GIN,Molecular graph,555,CC1OC(CC(O)C1O)OC2C(O)CC(OC2C)OC8C(O)CC(OC7CCC3(C)C(CCC4C3CC(O)C5(C)C(CCC45O)C6=CC(=O)OC6)C7)OC8C ,O=C1C=C(C2CCC3C2CCC2C4CCC(OC5CCC(OC6CCC(OC7CCCCO7)CO6)CO5)CC4CCC23)CO1,-4.0810,-2.6990,1.3820,0.2353
scaffold_shuffled,3,GIN,Molecular graph,570,CCCCc1c(C)nc(NCC)[nH]c1=O,O=c1ccnc[nH]1,-3.0280,-2.7930,0.2350,0.4286
scaffold_shuffled,3,GIN,Molecular graph,576,CC12CC(O)C3C(CCC4=CC(=O)C=CC34C)C2CCC1(O)C(=O)CO,O=C1C=CC2C(=C1)CCC1C3CCCC3CCC21,-3.1800,-3.7787,0.5987,0.3750
scaffold_shuffled,3,GIN,Molecular graph,591,CC1(C)C(C=C(Cl)Cl)C1C(=O)OCc2cccc(Oc3ccccc3)c2,O=C(OCc1cccc(Oc2ccccc2)c1)C1CC1,-6.2910,-5.4801,0.8109,0.4194
scaffold_shuffled,3,GIN,Molecular graph,615,CC1CC2C3CCC4=CC(=O)C=CC4(C)C3(F)C(O)CC2(C)C1(O)C(=O)CO,O=C1C=CC2C(=C1)CCC1C3CCCC3CCC21,-3.5900,-3.7354,0.1454,0.6618
scaffold_shuffled,3,GIN,Molecular graph,627,O=C3CN=C(c1ccccc1)c2cc(ccc2N3)N(=O)=O,O=C1CN=C(c2ccccc2)c2ccccc2N1,-3.7960,-3.9694,0.1734,0.3333
scaffold_shuffled,3,GIN,Molecular graph,636,CCNc1nc(NC(C)C)nc(OC)n1,c1ncncn1,-2.0840,-2.8689,0.7849,0.2642
scaffold_shuffled,3,GIN,Molecular graph,637,c1ccc2c(c1)cc3ccc4cccc5ccc2c3c45,c1ccc2c(c1)cc1ccc3cccc4ccc2c1c34,-8.6990,-7.4787,1.2203,0.6522
scaffold_shuffled,3,GIN,Molecular graph,640,CC1OC(CC(O)C1O)OC2C(O)CC(OC2C)OC8C(O)CC(OC7CCC3(C)C(CCC4C3CCC5(C)C(CCC45O)C6=CC(=O)OC6)C7)OC8C ,O=C1C=C(C2CCC3C2CCC2C4CCC(OC5CCC(OC6CCC(OC7CCCCO7)CO6)CO5)CC4CCC23)CO1,-5.2930,-2.9201,2.3729,0.2500
scaffold_shuffled,3,GIN,Molecular graph,662,O=C1NC(=O)C(=O)C(=O)N1 ,O=C1NC(=O)C(=O)C(=O)N1,-1.2500,-1.7770,0.5270,0.6923
scaffold_shuffled,3,GIN,Molecular graph,676,c1cc2ccc3ccc4ccc5cccc6c(c1)c2c3c4c56,c1cc2ccc3ccc4ccc5cccc6c(c1)c2c3c4c56,-9.0180,-8.3461,0.6719,0.8235
scaffold_shuffled,3,GIN,Molecular graph,686,CCNc1nc(Cl)nc(NCC)n1 ,c1ncncn1,-4.5500,-2.4262,2.1238,0.2889
scaffold_shuffled,3,GIN,Molecular graph,688,CSc1nc(nc(n1)N(C)C)N(C)C,c1ncncn1,-2.6760,-1.8650,0.8110,0.2778
scaffold_shuffled,3,GIN,Molecular graph,695,CC13CCC(=O)C=C1CCC4C2CCC(C(=O)CO)C2(CC(O)C34)C=O ,O=C1C=C2CCC3C4CCCC4CCC3C2CC1,-3.8500,-3.9112,0.0612,0.4098
scaffold_shuffled,3,GIN,Molecular graph,696,COc2ccc(Oc1ccc(NC(=O)N(C)C)cc1)cc2,c1ccc(Oc2ccccc2)cc1,-4.1600,-4.0616,0.0984,0.5758
scaffold_shuffled,3,GIN,Molecular graph,706,c1ccoc1,c1ccoc1,-0.8200,1.2786,2.0986,0.2222
scaffold_shuffled,3,GIN,Molecular graph,707,COCCCNc1nc(NC(C)C)nc(SC)n1,c1ncncn1,-2.9280,-3.3223,0.3943,0.2308
scaffold_shuffled,3,GIN,Molecular graph,708,CN(C)C(=O)NC1CC2CC1C3CCCC23,C1CC2C3CCC(C3)C2C1,-3.1710,-5.2636,2.0926,0.4444
scaffold_shuffled,3,GIN,Molecular graph,711,CC(=O)OCC(=O)C3(O)CCC4C2CCC1=CC(=O)C=CC1(C)C2C(O)CC34C ,O=C1C=CC2C(=C1)CCC1C3CCCC3CCC21,-4.3700,-3.7699,0.6001,0.3068
scaffold_shuffled,3,GIN,Molecular graph,717,CCC(=O)OC3CCC4C2CCC1=CC(=O)CCC1(C)C2CCC34C ,O=C1C=C2CCC3C4CCCC4CCC3C2CC1,-5.3700,-4.8132,0.5568,0.5472
scaffold_shuffled,3,GIN,Molecular graph,740,Clc1ccccc1C2=NCC(=O)Nc3ccc(cc23)N(=O)=O,O=C1CN=C(c2ccccc2)c2ccccc2N1,-3.4990,-4.3202,0.8212,0.3617
scaffold_shuffled,3,GIN,Molecular graph,744,CC1(C)C(C=C(Cl)C(F)(F)F)C1C(=O)OC(C#N)c2cccc(Oc3ccccc3)c2,O=C(OCc1cccc(Oc2ccccc2)c1)C1CC1,-8.1760,-5.6866,2.4894,0.4583
scaffold_shuffled,3,GIN,Molecular graph,746,CN2C(=O)CN=C(c1ccccc1)c3cc(Cl)ccc23,O=C1CN=C(c2ccccc2)c2ccccc2N1,-3.7540,-4.2779,0.5239,0.4286
scaffold_shuffled,3,GIN,Molecular graph,750,CC12CCC3C(CCC4=CC(=O)CCC34C)C2CCC1O,O=C1C=C2CCC3C4CCCC4CCC3C2CC1,-4.0200,-4.7512,0.7312,0.6591
scaffold_shuffled,3,GIN,Molecular graph,754,COc2cc1c(N)nc(nc1c(OC)c2OC)N3CCN(CC3)C(=O)OCC(C)(C)O ,c1ccc2nc(N3CCNCC3)ncc2c1,-3.6380,-3.1424,0.4956,0.1972
scaffold_shuffled,3,GIN,Molecular graph,756,CC(=O)C3(C)CCC4C2C=C(C)C1=CC(=O)CCC1(C)C2CCC34C,O=C1C=C2C=CC3C4CCCC4CCC3C2CC1,-5.2700,-4.7554,0.5146,0.3509
scaffold_shuffled,3,GIN,Molecular graph,765,c1ccc2c(c1)cnc3ccccc23 ,c1ccc2c(c1)cnc1ccccc12,-2.7800,-3.9546,1.1746,0.4231
scaffold_shuffled,3,GIN,Molecular graph,774,Sc1nccc(=O)[nH]1 ,O=c1ccnc[nH]1,-2.2730,-1.1513,1.1217,0.3214
scaffold_shuffled,3,GIN,Molecular graph,809,O2c1ccccc1N(CC)C(=O)c3ccccc23 ,O=C1Nc2ccccc2Oc2ccccc21,-3.6800,-4.6592,0.9792,0.4762
scaffold_shuffled,3,GIN,Molecular graph,829,CN(C)C(=O)OC1=CC(=O)CC(C)(C)C1 ,O=C1C=CCCC1,-0.8500,-1.8841,1.0341,0.2826
scaffold_shuffled,3,GIN,Molecular graph,845,C1c2ccccc2c3cc4ccccc4cc13,c1ccc2c(c1)Cc1cc3ccccc3cc1-2,-8.0400,-7.0816,0.9584,0.6364
scaffold_shuffled,3,GIN,Molecular graph,851,CCCCC(=O)OC3(C(C)CC4C2CCC1=CC(=O)C=CC1(C)C2(F)C(O)CC34C)C(=O)CO,O=C1C=CC2C(=C1)CCC1C3CCCC3CCC21,-4.7100,-4.1746,0.5354,0.5769
scaffold_shuffled,3,GIN,Molecular graph,852,O=c2[nH]c(=O)c1[nH]c(=O)[nH]c1[nH]2 ,O=c1[nH]c(=O)c2[nH]c(=O)[nH]c2[nH]1,-3.9300,-1.7161,2.2139,0.2963
scaffold_shuffled,3,GIN,Molecular graph,864,CCNc1nc(Cl)nc(NC(C)(C)C#N)n1,c1ncncn1,-3.1500,-2.7365,0.4135,0.2281
scaffold_shuffled,3,GIN,Molecular graph,865,c1ccc2c(c1)c3ccccc3c4ccccc24,c1ccc2c(c1)c1ccccc1c1ccccc21,-6.7260,-6.0137,0.7123,0.5714
scaffold_shuffled,3,GIN,Molecular graph,872,CN(C)c1nc(nc(n1)N(C)C)N(C)C,c1ncncn1,-3.3640,-1.5046,1.8594,0.3448
scaffold_shuffled,3,GIN,Molecular graph,883,CC(=O)OCC(=O)C1(O)CCC2C3CCC4=CC(=O)CCC4(C)C3C(O)CC21C,O=C1C=C2CCC3C4CCCC4CCC3C2CC1,-4.8800,-3.6241,1.2559,0.4127
scaffold_shuffled,3,GIN,Molecular graph,885,OC3N=C(c1ccccc1Cl)c2cc(Cl)ccc2NC3=O,O=C1CN=C(c2ccccc2)c2ccccc2N1,-3.6040,-4.4804,0.8764,0.3478
scaffold_shuffled,3,GIN,Molecular graph,888,NS(=O)(=O)c2cc1c(N=CNS1(=O)=O)cc2Cl ,O=S1(=O)NC=Nc2ccccc21,-3.0500,-2.0996,0.9504,0.5111
scaffold_shuffled,3,GIN,Molecular graph,894,CC(C)Nc1nc(Cl)nc(NC(C)C)n1,c1ncncn1,-4.4300,-3.3120,1.1180,0.2000
scaffold_shuffled,3,GIN,Molecular graph,901,CC1(C)C(C(=O)OC(C#N)c2cccc(Oc3ccccc3)c2)C1(C)C,O=C(OCc1cccc(Oc2ccccc2)c1)C1CC1,-6.0250,-5.3633,0.6617,0.5333
scaffold_shuffled,3,GIN,Molecular graph,904,CSc1nc(NC(C)C)nc(NC(C)C)n1,c1ncncn1,-4.1000,-3.6129,0.4871,0.2083
scaffold_shuffled,3,GIN,Molecular graph,920,CC34CCC1C(CCC2CC(=O)CCC12C)C3CCC4O ,O=C1CCC2C(CCC3C4CCCC4CCC23)C1,-4.7430,-4.8251,0.0821,0.5319
scaffold_shuffled,3,GIN,Molecular graph,961,CC(=O)OC3(C)CCC4C2CCC1=CC(=O)CCC1(C)C2CCC34C ,O=C1C=C2CCC3C4CCCC4CCC3C2CC1,-5.2840,-4.4800,0.8040,0.5918
scaffold_shuffled,3,GIN,Molecular graph,963,Fc1cccc(F)c1C(=O)NC(=O)Nc2ccc(Cl)cc2,O=C(NC(=O)c1ccccc1)Nc1ccccc1,-6.0200,-5.1212,0.8988,0.4324
scaffold_shuffled,3,GIN,Molecular graph,964,Oc1cc(Cl)ccc1Oc2ccc(Cl)cc2Cl,c1ccc(Oc2ccccc2)cc1,-4.4600,-4.7529,0.2929,0.5185
scaffold_shuffled,3,GIN,Molecular graph,966,CC12CC(O)C3C(CCC4=CC(=O)CCC34C)C2CCC1C(=O)CO,O=C1C=C2CCC3C4CCCC4CCC3C2CC1,-3.2400,-4.1971,0.9571,0.4310
scaffold_shuffled,3,GIN,Molecular graph,986,CC(C)=CC3C(C(=O)OCc2cccc(Oc1ccccc1)c2)C3(C)C ,O=C(OCc1cccc(Oc2ccccc2)c1)C1CC1,-5.2400,-5.4072,0.1672,0.3750
scaffold_shuffled,3,GIN,Molecular graph,995,CC34CCC1C(CCC2=CC(=O)CCC12O)C3CCC4(O)C#C,O=C1C=C2CCC3C4CCCC4CCC3C2CC1,-4.5700,-4.2339,0.3361,0.4528
scaffold_shuffled,3,GIN,Molecular graph,1008,CC1CC2C3CC(F)C4=CC(=O)C=CC4(C)C3(F)C(O)CC2(C)C1(O)C(=O)CO,O=C1C=CC2C(=C1)CCC1C3CCCC3CCC21,-5.6130,-3.8146,1.7984,0.4675
scaffold_shuffled,3,GIN,Molecular graph,1010,CCNc1nc(NC(C)(C)C)nc(OC)n1,c1ncncn1,-3.2390,-2.9673,0.2717,0.2642
scaffold_shuffled,3,GIN,Molecular graph,1021,CN(C)C(=O)Nc2ccc(Oc1ccc(Cl)cc1)cc2,c1ccc(Oc2ccccc2)cc1,-4.8900,-4.5136,0.3764,0.8276
scaffold_shuffled,3,GIN,Molecular graph,1041,O(c1ccccc1)c2ccccc2,c1ccc(Oc2ccccc2)cc1,-3.9600,-3.8722,0.0878,0.5294
scaffold_shuffled,3,GIN,Molecular graph,1067,CC4CC3C2CCC1=CC(=O)C=CC1(C)C2(F)C(O)CC3(C)C4(O)C(=O)COC(C)=O ,O=C1C=CC2C(=C1)CCC1C3CCCC3CCC21,-4.9000,-3.7450,1.1550,0.5526
scaffold_shuffled,3,GIN,Molecular graph,1070,CC1CC2C3CCC(O)(C(=O)C)C3(C)CC(O)C2(F)C4(C)C=CC(=O)C=C14,O=C1C=CC2C(=C1)CCC1C3CCCC3CCC21,-4.0990,-3.8253,0.2737,0.4103
scaffold_shuffled,3,GIN,Molecular graph,1084,CC(=O)OC3(CCC4C2CCC1=CC(=O)CCC1C2CCC34C)C#C,O=C1C=C2CCC3C4CCCC4CCC3C2CC1,-4.8000,-5.0187,0.2187,0.2923
scaffold_shuffled,3,GIN,Molecular graph,1095,Oc2cc(O)c1C(=O)CC(Oc1c2)c3ccc(O)c(O)c3,O=C1CC(c2ccccc2)Oc2ccccc21,-3.6200,-2.0896,1.5304,0.1951
scaffold_shuffled,3,GIN,Molecular graph,1104,O2c1ccc(N)cc1N(C)C(=O)c3cc(C)ccc23 ,O=C1Nc2ccccc2Oc2ccccc21,-3.9280,-4.3218,0.3938,0.3000
scaffold_shuffled,3,GIN,Molecular graph,1107,Cc1cc(no1)C(=O)NNCc2ccccc2,O=C(NNCc1ccccc1)c1ccon1,-2.4610,-1.8818,0.5792,0.3571
scaffold_shuffled,3,GIN,Molecular graph,1116,COP(=S)(OC)Oc1ccc(Sc2ccc(OP(=S)(OC)OC)cc2)cc1,c1ccc(Sc2ccccc2)cc1,-6.2370,-5.4329,0.8041,0.5000
scaffold_shuffled,3,GIN,Molecular graph,1117,NS(=O)(=O)c1cc(ccc1Cl)C2(O)NC(=O)c3ccccc23,O=C1NC(c2ccccc2)c2ccccc21,-3.4510,-4.0910,0.6400,0.3220
scaffold_shuffled,4,Dummy (mean),RDKit descriptors,1,Cc1occc1C(=O)Nc2ccccc2,O=C(Nc1ccccc1)c1ccoc1,-3.3000,-2.7532,0.5468,0.4545
scaffold_shuffled,4,Dummy (mean),RDKit descriptors,3,c1ccc2c(c1)ccc3c2ccc4c5ccccc5ccc43,c1ccc2c(c1)ccc1c2ccc2c3ccccc3ccc21,-7.8700,-2.7532,5.1168,0.5789
scaffold_shuffled,4,Dummy (mean),RDKit descriptors,6,Clc1cc(Cl)c(c(Cl)c1)c2c(Cl)cccc2Cl,c1ccc(-c2ccccc2)cc1,-7.3200,-2.7532,4.5668,0.5000
scaffold_shuffled,4,Dummy (mean),RDKit descriptors,11,Clc1ccc2ccccc2c1,c1ccc2ccccc2c1,-4.1400,-2.7532,1.3868,0.5000
scaffold_shuffled,4,Dummy (mean),RDKit descriptors,20,Clc1ccc(c(Cl)c1)c2c(Cl)ccc(Cl)c2Cl ,c1ccc(-c2ccccc2)cc1,-7.4300,-2.7532,4.6768,0.5000
scaffold_shuffled,4,Dummy (mean),RDKit descriptors,40,c1c(Cl)cccc1c2ccccc2,c1ccc(-c2ccccc2)cc1,-4.8800,-2.7532,2.1268,0.5789
scaffold_shuffled,4,Dummy (mean),RDKit descriptors,54,Clc1cccc(c1Cl)c2c(Cl)c(Cl)cc(Cl)c2Cl ,c1ccc(-c2ccccc2)cc1,-8.6000,-2.7532,5.8468,0.5000
scaffold_shuffled,4,Dummy (mean),RDKit descriptors,57,Cc1ccc(C)c2ccccc12,c1ccc2ccccc2c1,-4.1400,-2.7532,1.3868,0.5625
scaffold_shuffled,4,Dummy (mean),RDKit descriptors,60,Clc1cc(Cl)c(Cl)c(c1Cl)c2c(Cl)c(Cl)cc(Cl)c2Cl ,c1ccc(-c2ccccc2)cc1,-9.1500,-2.7532,6.3968,0.6429
scaffold_shuffled,4,Dummy (mean),RDKit descriptors,69,Clc1ccccc1c2ccccc2Cl ,c1ccc(-c2ccccc2)cc1,-5.2700,-2.7532,2.5168,0.6429
scaffold_shuffled,4,Dummy (mean),RDKit descriptors,77,Clc1cccc(c1)c2cc(Cl)ccc2Cl ,c1ccc(-c2ccccc2)cc1,-6.0100,-2.7532,3.2568,0.4783
scaffold_shuffled,4,Dummy (mean),RDKit descriptors,88,CC(C)C1CCC(C)CC1=O,O=C1CCCCC1,-2.3500,-2.7532,0.4032,0.3043
scaffold_shuffled,4,Dummy (mean),RDKit descriptors,94,Cc1cc(C)c2ccccc2c1,c1ccc2ccccc2c1,-4.2900,-2.7532,1.5368,0.5417
scaffold_shuffled,4,Dummy (mean),RDKit descriptors,97,Clc1ccc(Cl)c(c1)c2ccc(Cl)c(Cl)c2,c1ccc(-c2ccccc2)cc1,-7.2500,-2.7532,4.4968,0.5909
scaffold_shuffled,4,Dummy (mean),RDKit descriptors,104,CCc1cccc2ccccc12,c1ccc2ccccc2c1,-4.1700,-2.7532,1.4168,0.5714
scaffold_shuffled,4,Dummy (mean),RDKit descriptors,116,c1ccc2cnccc2c1,c1ccc2cnccc2c1,-1.4500,-2.7532,1.3032,0.3750
scaffold_shuffled,4,Dummy (mean),RDKit descriptors,119,Clc1ccccc1c2ccccc2,c1ccc(-c2ccccc2)cc1,-4.5400,-2.7532,1.7868,0.5000
scaffold_shuffled,4,Dummy (mean),RDKit descriptors,139,Brc1cccc2ccccc12,c1ccc2ccccc2c1,-4.3500,-2.7532,1.5968,0.5000
scaffold_shuffled,4,Dummy (mean),RDKit descriptors,143,Nc1cccc2ccccc12,c1ccc2ccccc2c1,-1.9200,-2.7532,0.8332,0.4348
scaffold_shuffled,4,Dummy (mean),RDKit descriptors,166,Clc1ccc(cc1)c2ccccc2Cl ,c1ccc(-c2ccccc2)cc1,-5.2800,-2.7532,2.5268,0.4500
scaffold_shuffled,4,Dummy (mean),RDKit descriptors,186,c1ccnnc1,c1ccnnc1,1.1000,-2.7532,3.8532,0.4167
scaffold_shuffled,4,Dummy (mean),RDKit descriptors,194,Oc1ccc2ccccc2c1,c1ccc2ccccc2c1,-2.2800,-2.7532,0.4732,0.5000
scaffold_shuffled,4,Dummy (mean),RDKit descriptors,215,Clc1ccc(cc1)c2ccc(Cl)cc2 ,c1ccc(-c2ccccc2)cc1,-6.5600,-2.7532,3.8068,0.7273
scaffold_shuffled,4,Dummy (mean),RDKit descriptors,220,c1cc2cccc3c4cccc5cccc(c(c1)c23)c54,c1cc2cccc3c4cccc5cccc(c(c1)c23)c54,-8.8040,-2.7532,6.0508,0.7500
scaffold_shuffled,4,Dummy (mean),RDKit descriptors,222,c1c(Br)ccc2ccccc12 ,c1ccc2ccccc2c1,-4.4000,-2.7532,1.6468,0.5000
scaffold_shuffled,4,Dummy (mean),RDKit descriptors,234,Cc1ccc(cc1)c2ccccc2,c1ccc(-c2ccccc2)cc1,-4.6200,-2.7532,1.8668,0.6250
scaffold_shuffled,4,Dummy (mean),RDKit descriptors,240,O=C1CCCCC1,O=C1CCCCC1,-0.6000,-2.7532,2.1532,0.3000
scaffold_shuffled,4,Dummy (mean),RDKit descriptors,256,c1ccc2ccccc2c1,c1ccc2ccccc2c1,-3.6000,-2.7532,0.8468,0.6364
scaffold_shuffled,4,Dummy (mean),RDKit descriptors,275,Ic1cccc2ccccc12,c1ccc2ccccc2c1,-4.5500,-2.7532,1.7968,0.4348
scaffold_shuffled,4,Dummy (mean),RDKit descriptors,289,Cc1ccc2c(ccc3ccccc32)c1,c1ccc2c(c1)ccc1ccccc12,-5.8400,-2.7532,3.0868,0.6250
scaffold_shuffled,4,Dummy (mean),RDKit descriptors,294,CCOC(=O)c1ccccc1S(=O)(=O)NN(C=O)c2nc(Cl)cc(OC)n2,O=S(=O)(NNc1ncccn1)c1ccccc1,-4.5760,-2.7532,1.8228,0.3636
scaffold_shuffled,4,Dummy (mean),RDKit descriptors,297,Clc1cc(c(Cl)c(Cl)c1Cl)c2cc(Cl)c(Cl)c(Cl)c2Cl,c1ccc(-c2ccccc2)cc1,-9.1600,-2.7532,6.4068,0.6667
scaffold_shuffled,4,Dummy (mean),RDKit descriptors,319,Clc1cc(Cl)c(cc1Cl)c2cccc(Cl)c2Cl ,c1ccc(-c2ccccc2)cc1,-7.2100,-2.7532,4.4568,0.5000
scaffold_shuffled,4,Dummy (mean),RDKit descriptors,322,O=C(Nc1ccccc1)Nc2ccccc2,O=C(Nc1ccccc1)Nc1ccccc1,-3.1500,-2.7532,0.3968,0.6364
scaffold_shuffled,4,Dummy (mean),RDKit descriptors,324,Clc1ccc(cc1)c2cccc(Cl)c2Cl ,c1ccc(-c2ccccc2)cc1,-6.2900,-2.7532,3.5368,0.5000
scaffold_shuffled,4,Dummy (mean),RDKit descriptors,326,CCN(CC)C(=O)CSc1ccc(Cl)nn1,c1ccnnc1,-1.7160,-2.7532,1.0372,0.2414
scaffold_shuffled,4,Dummy (mean),RDKit descriptors,339,c3ccc2nc1ccccc1cc2c3,c1ccc2nc3ccccc3cc2c1,-3.6700,-2.7532,0.9168,0.5625
scaffold_shuffled,4,Dummy (mean),RDKit descriptors,344,CCC(C)C(=O)OC2CC(C)C=C3C=CC(C)C(CCC1CC(O)CC(=O)O1)C23 ,O=C1CCCC(CCC2CC=CC3=CCCCC32)O1,-6.0050,-2.7532,3.2518,0.1774
scaffold_shuffled,4,Dummy (mean),RDKit descriptors,351,Cc1ccc2ccccc2c1,c1ccc2ccccc2c1,-3.7700,-2.7532,1.0168,0.8421
scaffold_shuffled,4,Dummy (mean),RDKit descriptors,397,Clc1ccc(cc1Cl)c2ccccc2 ,c1ccc(-c2ccccc2)cc1,-6.3900,-2.7532,3.6368,0.4500
scaffold_shuffled,4,Dummy (mean),RDKit descriptors,412,CC(=O)Nc1nnc(s1)S(N)(=O)=O ,c1nncs1,-2.3600,-2.7532,0.3932,0.2703
scaffold_shuffled,4,Dummy (mean),RDKit descriptors,417,Clc1cccc(c1Cl)c2cccc(Cl)c2Cl,c1ccc(-c2ccccc2)cc1,-7.2800,-2.7532,4.5268,0.6875
scaffold_shuffled,4,Dummy (mean),RDKit descriptors,434,CC34CCc1c(ccc2cc(O)ccc12)C3CCC4=O,O=C1CCC2c3ccc4ccccc4c3CCC12,-5.2400,-2.7532,2.4868,0.5185
scaffold_shuffled,4,Dummy (mean),RDKit descriptors,448,NC(=O)NC1NC(=O)NC1=O ,O=C1CNC(=O)N1,-1.6000,-2.7532,1.1532,0.2258
scaffold_shuffled,4,Dummy (mean),RDKit descriptors,452,Clc1cccc2ccccc12,c1ccc2ccccc2c1,-3.9300,-2.7532,1.1768,0.5000
scaffold_shuffled,4,Dummy (mean),RDKit descriptors,455,CCCC1CCCC1,C1CCCC1,-4.7400,-2.7532,1.9868,0.5263
scaffold_shuffled,4,Dummy (mean),RDKit descriptors,486,CCOP(=S)(OCC)SCn1c(=O)oc2cc(Cl)ccc12,O=c1[nH]c2ccccc2o1,-5.2330,-2.7532,2.4798,0.4231
scaffold_shuffled,4,Dummy (mean),RDKit descriptors,496,Nc2cccc3nc1ccccc1cc23 ,c1ccc2nc3ccccc3cc2c1,-4.2200,-2.7532,1.4668,0.3333
scaffold_shuffled,4,Dummy (mean),RDKit descriptors,502,Cn2c(=O)on(c1ccc(Cl)c(Cl)c1)c2=O,O=c1[nH]c(=O)n(-c2ccccc2)o1,-2.8200,-2.7532,0.0668,0.2955
scaffold_shuffled,4,Dummy (mean),RDKit descriptors,503,Oc1ccc(cc1)c2ccccc2,c1ccc(-c2ccccc2)cc1,-3.4800,-2.7532,0.7268,0.6250
scaffold_shuffled,4,Dummy (mean),RDKit descriptors,514,CNC(=O)Oc1ccccc1C2OCCO2,c1ccc(C2OCCO2)cc1,-1.5700,-2.7532,1.1832,0.4878
scaffold_shuffled,4,Dummy (mean),RDKit descriptors,525,O=Cc2ccc1OCOc1c2 ,c1ccc2c(c1)OCO2,-1.6300,-2.7532,1.1232,0.3448
scaffold_shuffled,4,Dummy (mean),RDKit descriptors,537,OCC2OC(Oc1ccccc1CO)C(O)C(O)C2O,c1ccc(OC2CCCCO2)cc1,-0.8500,-2.7532,1.9032,0.4186
scaffold_shuffled,4,Dummy (mean),RDKit descriptors,547,Clc1ccc(c(Cl)c1)c2cc(Cl)ccc2Cl ,c1ccc(-c2ccccc2)cc1,-6.5700,-2.7532,3.8168,0.5714
scaffold_shuffled,4,Dummy (mean),RDKit descriptors,552,CC23Cc1cnoc1C=C2CCC4C3CCC5(C)C4CCC5(O)C#C,C1=C2CCC3C4CCCC4CCC3C2Cc2cnoc21,-5.5070,-2.7532,2.7538,0.5932
scaffold_shuffled,4,Dummy (mean),RDKit descriptors,554,Brc1ccc2ccccc2c1,c1ccc2ccccc2c1,-4.4000,-2.7532,1.6468,0.5000
scaffold_shuffled,4,Dummy (mean),RDKit descriptors,559,Clc1ccc(c(Cl)c1)c2ccc(Cl)c(Cl)c2Cl ,c1ccc(-c2ccccc2)cc1,-7.8000,-2.7532,5.0468,0.5217
scaffold_shuffled,4,Dummy (mean),RDKit descriptors,560,Clc1ccc(c(Cl)c1Cl)c2ccc(Cl)c(Cl)c2Cl ,c1ccc(-c2ccccc2)cc1,-8.0100,-2.7532,5.2568,0.7143
scaffold_shuffled,4,Dummy (mean),RDKit descriptors,561,CC(=O)CC(c1ccccc1)c3c(O)c2ccccc2oc3=O ,O=c1oc2ccccc2cc1Cc1ccccc1,-3.8930,-2.7532,1.1398,0.3509
scaffold_shuffled,4,Dummy (mean),RDKit descriptors,568,Nc1ccc(cc1)c2ccc(N)cc2,c1ccc(-c2ccccc2)cc1,-2.7000,-2.7532,0.0532,0.5000
scaffold_shuffled,4,Dummy (mean),RDKit descriptors,570,CCCCc1c(C)nc(NCC)[nH]c1=O,O=c1ccnc[nH]1,-3.0280,-2.7532,0.2748,0.2273
scaffold_shuffled,4,Dummy (mean),RDKit descriptors,583,CC(=O)CC(c1ccc(Cl)cc1)c2c(O)c3ccccc3oc2=O,O=c1oc2ccccc2cc1Cc1ccccc1,-5.8390,-2.7532,3.0858,0.3226
scaffold_shuffled,4,Dummy (mean),RDKit descriptors,584,CCc1ccc2ccccc2c1,c1ccc2ccccc2c1,-4.2900,-2.7532,1.5368,0.4783
scaffold_shuffled,4,Dummy (mean),RDKit descriptors,586,Clc2c(Cl)c(Cl)c(c1ccccc1)c(Cl)c2Cl ,c1ccc(-c2ccccc2)cc1,-7.9200,-2.7532,5.1668,0.4211
scaffold_shuffled,4,Dummy (mean),RDKit descriptors,592,CN2C(=C(O)c1ccccc1S2(=O)=O)C(=O)Nc3ccccn3 ,O=C(Nc1ccccn1)C1=Cc2ccccc2S(=O)(=O)N1,-4.1600,-2.7532,1.4068,0.2833
scaffold_shuffled,4,Dummy (mean),RDKit descriptors,594,C1CCCC1,C1CCCC1,-2.6400,-2.7532,0.1132,1.0000
scaffold_shuffled,4,Dummy (mean),RDKit descriptors,603,Clc1c(Cl)c(Cl)c(c(Cl)c1Cl)c2c(Cl)c(Cl)c(Cl)c(Cl)c2Cl ,c1ccc(-c2ccccc2)cc1,-11.6000,-2.7532,8.8468,0.3846
scaffold_shuffled,4,Dummy (mean),RDKit descriptors,606,Cc1cccc2ccccc12,c1ccc2ccccc2c1,-3.7000,-2.7532,0.9468,0.5000
scaffold_shuffled,4,Dummy (mean),RDKit descriptors,607,CCN(CC)C(=O)C(C)Oc1cccc2ccccc12 ,c1ccc2ccccc2c1,-3.5700,-2.7532,0.8168,0.3125
scaffold_shuffled,4,Dummy (mean),RDKit descriptors,610,CC2=CC(=O)c1ccccc1C2=O ,O=C1C=CC(=O)c2ccccc21,-3.0300,-2.7532,0.2768,0.5000
scaffold_shuffled,4,Dummy (mean),RDKit descriptors,611,c1ccc2c(c1)ccc3ccccc32,c1ccc2c(c1)ccc1ccccc12,-5.2600,-2.7532,2.5068,0.5556
scaffold_shuffled,4,Dummy (mean),RDKit descriptors,616,Cc1ccc2cc(C)ccc2c1,c1ccc2ccccc2c1,-4.8900,-2.7532,2.1368,0.7222
scaffold_shuffled,4,Dummy (mean),RDKit descriptors,622,Cn2cc(c1ccccc1)c(=O)c(c2)c3cccc(c3)C(F)(F)F,O=c1c(-c2ccccc2)c[nH]cc1-c1ccccc1,-4.4450,-2.7532,1.6918,0.3714
scaffold_shuffled,4,Dummy (mean),RDKit descriptors,632,Cc1cccc2c(C)cccc12,c1ccc2ccccc2c1,-4.6790,-2.7532,1.9258,0.5625
scaffold_shuffled,4,Dummy (mean),RDKit descriptors,650,c1cc2ccc3cccc4ccc(c1)c2c34,c1cc2ccc3cccc4ccc(c1)c2c34,-6.1760,-2.7532,3.4228,0.6250
scaffold_shuffled,4,Dummy (mean),RDKit descriptors,660,Clc2ccc1oc(=O)[nH]c1c2,O=c1[nH]c2ccccc2o1,-2.8310,-2.7532,0.0778,0.3000
scaffold_shuffled,4,Dummy (mean),RDKit descriptors,661,Clc1ccc(c(Cl)c1)c2c(Cl)c(Cl)c(Cl)c(Cl)c2Cl,c1ccc(-c2ccccc2)cc1,-7.9200,-2.7532,5.1668,0.4783
scaffold_shuffled,4,Dummy (mean),RDKit descriptors,668,Clc1ccc(Cl)c(c1)c2cc(Cl)c(Cl)c(Cl)c2Cl,c1ccc(-c2ccccc2)cc1,-7.6800,-2.7532,4.9268,0.4400
scaffold_shuffled,4,Dummy (mean),RDKit descriptors,729,Clc1ccc(Cl)c(c1)c2cccc(Cl)c2Cl ,c1ccc(-c2ccccc2)cc1,-6.4700,-2.7532,3.7168,0.4583
scaffold_shuffled,4,Dummy (mean),RDKit descriptors,752,Oc1cccc2ccccc12,c1ccc2ccccc2c1,-2.2200,-2.7532,0.5332,0.5000
scaffold_shuffled,4,Dummy (mean),RDKit descriptors,774,Sc1nccc(=O)[nH]1 ,O=c1ccnc[nH]1,-2.2730,-2.7532,0.4802,0.3214
scaffold_shuffled,4,Dummy (mean),RDKit descriptors,778,COc2c1occc1c(OC)c3c(=O)cc(C)oc23 ,O=c1ccoc2cc3occc3cc12,-3.0210,-2.7532,0.2678,0.4667
scaffold_shuffled,4,Dummy (mean),RDKit descriptors,812,c1cc2ccc(OC)c(CC=C(C)(C))c2oc1=O ,O=c1ccc2ccccc2o1,-4.3140,-2.7532,1.5608,0.3673
scaffold_shuffled,4,Dummy (mean),RDKit descriptors,823,CCCCCC1CCCC1,C1CCCC1,-6.0800,-2.7532,3.3268,0.4545
scaffold_shuffled,4,Dummy (mean),RDKit descriptors,824,Clc1ccc(Cl)c(c1)c2c(Cl)c(Cl)cc(Cl)c2Cl ,c1ccc(-c2ccccc2)cc1,-7.4200,-2.7532,4.6668,0.4583
scaffold_shuffled,4,Dummy (mean),RDKit descriptors,846,O=C1CNC(=O)N1 ,O=C1CNC(=O)N1,-0.4000,-2.7532,2.3532,0.3684
scaffold_shuffled,4,Dummy (mean),RDKit descriptors,849,CCOP(=S)(OCC)Oc2ccc1oc(=O)c(Cl)c(C)c1c2,O=c1ccc2ccccc2o1,-5.3820,-2.7532,2.6288,0.4118
scaffold_shuffled,4,Dummy (mean),RDKit descriptors,862,Clc1ccc(cc1Cl)c2cc(Cl)c(Cl)c(Cl)c2Cl ,c1ccc(-c2ccccc2)cc1,-7.8200,-2.7532,5.0668,0.4348
scaffold_shuffled,4,Dummy (mean),RDKit descriptors,863,CC1(OC(=O)N(C1=O)c2cc(Cl)cc(Cl)c2)C=C,O=C1COC(=O)N1c1ccccc1,-4.9250,-2.7532,2.1718,0.4615
scaffold_shuffled,4,Dummy (mean),RDKit descriptors,870,c1ccc(cc1)c2ccccc2,c1ccc(-c2ccccc2)cc1,-4.3450,-2.7532,1.5918,0.4286
scaffold_shuffled,4,Dummy (mean),RDKit descriptors,871,Clc1cc(Cl)c(c(Cl)c1)c2c(Cl)cc(Cl)cc2Cl ,c1ccc(-c2ccccc2)cc1,-8.7100,-2.7532,5.9568,0.6667
scaffold_shuffled,4,Dummy (mean),RDKit descriptors,879,Clc1ccc(Cl)c(c1)c2c(Cl)c(Cl)c(Cl)c(Cl)c2Cl,c1ccc(-c2ccccc2)cc1,-8.9400,-2.7532,6.1868,0.4783
scaffold_shuffled,4,Dummy (mean),RDKit descriptors,906,Cc1cc2ccccc2cc1C,c1ccc2ccccc2c1,-4.7200,-2.7532,1.9668,0.6000
scaffold_shuffled,4,Dummy (mean),RDKit descriptors,907,Clc1ccc(cc1)c2cc(Cl)ccc2Cl ,c1ccc(-c2ccccc2)cc1,-6.2500,-2.7532,3.4968,0.5000
scaffold_shuffled,4,Dummy (mean),RDKit descriptors,908,Clc1ccc(c(Cl)c1)c2cc(Cl)c(Cl)c(Cl)c2Cl ,c1ccc(-c2ccccc2)cc1,-7.3900,-2.7532,4.6368,0.4400
scaffold_shuffled,4,Dummy (mean),RDKit descriptors,911,Clc1cccc(Cl)c1c2ccccc2 ,c1ccc(-c2ccccc2)cc1,-5.2100,-2.7532,2.4568,0.5000
scaffold_shuffled,4,Dummy (mean),RDKit descriptors,916,c2ccc1[nH]ncc1c2 ,c1ccc2[nH]ncc2c1,-2.1600,-2.7532,0.5932,0.3846
scaffold_shuffled,4,Dummy (mean),RDKit descriptors,918,Nc2nc1[nH]cnc1c(=O)[nH]2 ,O=c1[nH]cnc2[nH]cnc12,-3.5830,-2.7532,0.8298,0.3333
scaffold_shuffled,4,Dummy (mean),RDKit descriptors,936,O=N(=O)c1cccc2ccccc12,c1ccc2ccccc2c1,-3.5400,-2.7532,0.7868,0.6087
scaffold_shuffled,4,Dummy (mean),RDKit descriptors,939,OC(CC(c1ccccc1)c3c(O)c2ccccc2oc3=O)c4ccc(cc4)c5ccc(Br)cc5 ,O=c1oc2ccccc2cc1C(CCc1ccc(-c2ccccc2)cc1)c1ccccc1,-4.4450,-2.7532,1.6918,0.3281
scaffold_shuffled,4,Dummy (mean),RDKit descriptors,952,CNC(=O)Oc1cccc2ccccc12,c1ccc2ccccc2c1,-3.2240,-2.7532,0.4708,0.5556
scaffold_shuffled,4,Dummy (mean),RDKit descriptors,962,Clc1ccc(cc1)c2c(Cl)cccc2Cl ,c1ccc(-c2ccccc2)cc1,-6.1400,-2.7532,3.3868,0.4444
scaffold_shuffled,4,Dummy (mean),RDKit descriptors,970,Clc1cccc(Cl)c1c2c(Cl)cccc2Cl ,c1ccc(-c2ccccc2)cc1,-7.3900,-2.7532,4.6368,0.6250
scaffold_shuffled,4,Dummy (mean),RDKit descriptors,1018,ClC(Cl)CC(=O)NC2=C(Cl)C(=O)c1ccccc1C2=O,O=C1C=CC(=O)c2ccccc21,-5.0300,-2.7532,2.2768,0.3333
scaffold_shuffled,4,Dummy (mean),RDKit descriptors,1039,CC(=O)SC4CC1=CC(=O)CCC1(C)C5CCC2(C)C(CCC23CCC(=O)O3)C45,O=C1C=C2CCC3C(CCC4C3CCC43CCC(=O)O3)C2CC1,-4.1730,-2.7532,1.4198,0.4242
scaffold_shuffled,4,Dummy (mean),RDKit descriptors,1042,Clc1cc(Cl)c(cc1Cl)c2cc(Cl)c(Cl)cc2Cl ,c1ccc(-c2ccccc2)cc1,-8.5600,-2.7532,5.8068,0.6667
scaffold_shuffled,4,Dummy (mean),RDKit descriptors,1054,Cc1cccc2c1ccc3ccccc32,c1ccc2c(c1)ccc1ccccc12,-5.8500,-2.7532,3.0968,0.4828
scaffold_shuffled,4,Dummy (mean),RDKit descriptors,1102,CC1CCCC1,C1CCCC1,-3.3000,-2.7532,0.5468,0.9091
scaffold_shuffled,4,Dummy (mean),RDKit descriptors,1120,Clc1ccc(c(Cl)c1Cl)c2c(Cl)cc(Cl)c(Cl)c2Cl ,c1ccc(-c2ccccc2)cc1,-7.6600,-2.7532,4.9068,0.4762
scaffold_shuffled,4,Linear,RDKit descriptors,1,Cc1occc1C(=O)Nc2ccccc2,O=C(Nc1ccccc1)c1ccoc1,-3.3000,-3.4975,0.1975,0.4545
scaffold_shuffled,4,Linear,RDKit descriptors,3,c1ccc2c(c1)ccc3c2ccc4c5ccccc5ccc43,c1ccc2c(c1)ccc1c2ccc2c3ccccc3ccc21,-7.8700,-6.6927,1.1773,0.5789
scaffold_shuffled,4,Linear,RDKit descriptors,6,Clc1cc(Cl)c(c(Cl)c1)c2c(Cl)cccc2Cl,c1ccc(-c2ccccc2)cc1,-7.3200,-7.0728,0.2472,0.5000
scaffold_shuffled,4,Linear,RDKit descriptors,11,Clc1ccc2ccccc2c1,c1ccc2ccccc2c1,-4.1400,-3.6526,0.4874,0.5000
scaffold_shuffled,4,Linear,RDKit descriptors,20,Clc1ccc(c(Cl)c1)c2c(Cl)ccc(Cl)c2Cl ,c1ccc(-c2ccccc2)cc1,-7.4300,-7.0728,0.3572,0.5000
scaffold_shuffled,4,Linear,RDKit descriptors,40,c1c(Cl)cccc1c2ccccc2,c1ccc(-c2ccccc2)cc1,-4.8800,-4.1962,0.6838,0.5789
scaffold_shuffled,4,Linear,RDKit descriptors,54,Clc1cccc(c1Cl)c2c(Cl)c(Cl)cc(Cl)c2Cl ,c1ccc(-c2ccccc2)cc1,-8.6000,-7.7950,0.8050,0.5000
scaffold_shuffled,4,Linear,RDKit descriptors,57,Cc1ccc(C)c2ccccc12,c1ccc2ccccc2c1,-4.1400,-3.5806,0.5594,0.5625
scaffold_shuffled,4,Linear,RDKit descriptors,60,Clc1cc(Cl)c(Cl)c(c1Cl)c2c(Cl)c(Cl)cc(Cl)c2Cl ,c1ccc(-c2ccccc2)cc1,-9.1500,-9.2418,0.0918,0.6429
scaffold_shuffled,4,Linear,RDKit descriptors,69,Clc1ccccc1c2ccccc2Cl ,c1ccc(-c2ccccc2)cc1,-5.2700,-4.9130,0.3570,0.6429
scaffold_shuffled,4,Linear,RDKit descriptors,77,Clc1cccc(c1)c2cc(Cl)ccc2Cl ,c1ccc(-c2ccccc2)cc1,-6.0100,-5.6316,0.3784,0.4783
scaffold_shuffled,4,Linear,RDKit descriptors,88,CC(C)C1CCC(C)CC1=O,O=C1CCCCC1,-2.3500,-2.7885,0.4385,0.3043
scaffold_shuffled,4,Linear,RDKit descriptors,94,Cc1cc(C)c2ccccc2c1,c1ccc2ccccc2c1,-4.2900,-3.5806,0.7094,0.5417
scaffold_shuffled,4,Linear,RDKit descriptors,97,Clc1ccc(Cl)c(c1)c2ccc(Cl)c(Cl)c2,c1ccc(-c2ccccc2)cc1,-7.2500,-6.3516,0.8984,0.5909
scaffold_shuffled,4,Linear,RDKit descriptors,104,CCc1cccc2ccccc12,c1ccc2ccccc2c1,-4.1700,-3.5002,0.6698,0.5714
scaffold_shuffled,4,Linear,RDKit descriptors,116,c1ccc2cnccc2c1,c1ccc2cnccc2c1,-1.4500,-2.5067,1.0567,0.3750
scaffold_shuffled,4,Linear,RDKit descriptors,119,Clc1ccccc1c2ccccc2,c1ccc(-c2ccccc2)cc1,-4.5400,-4.1962,0.3438,0.5000
scaffold_shuffled,4,Linear,RDKit descriptors,139,Brc1cccc2ccccc12,c1ccc2ccccc2c1,-4.3500,-3.9117,0.4383,0.5000
scaffold_shuffled,4,Linear,RDKit descriptors,143,Nc1cccc2ccccc12,c1ccc2ccccc2c1,-1.9200,-2.8398,0.9198,0.4348
scaffold_shuffled,4,Linear,RDKit descriptors,166,Clc1ccc(cc1)c2ccccc2Cl ,c1ccc(-c2ccccc2)cc1,-5.2800,-4.9130,0.3670,0.4500
scaffold_shuffled,4,Linear,RDKit descriptors,186,c1ccnnc1,c1ccnnc1,1.1000,-0.8218,1.9218,0.4167
scaffold_shuffled,4,Linear,RDKit descriptors,194,Oc1ccc2ccccc2c1,c1ccc2ccccc2c1,-2.2800,-2.9019,0.6219,0.5000
scaffold_shuffled,4,Linear,RDKit descriptors,215,Clc1ccc(cc1)c2ccc(Cl)cc2 ,c1ccc(-c2ccccc2)cc1,-6.5600,-4.9130,1.6470,0.7273
scaffold_shuffled,4,Linear,RDKit descriptors,220,c1cc2cccc3c4cccc5cccc(c(c1)c23)c54,c1cc2cccc3c4cccc5cccc(c(c1)c23)c54,-8.8040,-6.0772,2.7268,0.7500
scaffold_shuffled,4,Linear,RDKit descriptors,222,c1c(Br)ccc2ccccc12 ,c1ccc2ccccc2c1,-4.4000,-3.9117,0.4883,0.5000
scaffold_shuffled,4,Linear,RDKit descriptors,234,Cc1ccc(cc1)c2ccccc2,c1ccc(-c2ccccc2)cc1,-4.6200,-3.8028,0.8172,0.6250
scaffold_shuffled,4,Linear,RDKit descriptors,240,O=C1CCCCC1,O=C1CCCCC1,-0.6000,-1.5696,0.9696,0.3000
scaffold_shuffled,4,Linear,RDKit descriptors,256,c1ccc2ccccc2c1,c1ccc2ccccc2c1,-3.6000,-2.9409,0.6591,0.6364
scaffold_shuffled,4,Linear,RDKit descriptors,275,Ic1cccc2ccccc12,c1ccc2ccccc2c1,-4.5500,-3.9313,0.6187,0.4348
scaffold_shuffled,4,Linear,RDKit descriptors,289,Cc1ccc2c(ccc3ccccc32)c1,c1ccc2c(c1)ccc1ccccc12,-5.8400,-4.5147,1.3253,0.6250
scaffold_shuffled,4,Linear,RDKit descriptors,294,CCOC(=O)c1ccccc1S(=O)(=O)NN(C=O)c2nc(Cl)cc(OC)n2,O=S(=O)(NNc1ncccn1)c1ccccc1,-4.5760,-3.2964,1.2796,0.3636
scaffold_shuffled,4,Linear,RDKit descriptors,297,Clc1cc(c(Cl)c(Cl)c1Cl)c2cc(Cl)c(Cl)c(Cl)c2Cl,c1ccc(-c2ccccc2)cc1,-9.1600,-9.2418,0.0818,0.6667
scaffold_shuffled,4,Linear,RDKit descriptors,319,Clc1cc(Cl)c(cc1Cl)c2cccc(Cl)c2Cl ,c1ccc(-c2ccccc2)cc1,-7.2100,-7.0728,0.1372,0.5000
scaffold_shuffled,4,Linear,RDKit descriptors,322,O=C(Nc1ccccc1)Nc2ccccc2,O=C(Nc1ccccc1)Nc1ccccc1,-3.1500,-3.9854,0.8354,0.6364
scaffold_shuffled,4,Linear,RDKit descriptors,324,Clc1ccc(cc1)c2cccc(Cl)c2Cl ,c1ccc(-c2ccccc2)cc1,-6.2900,-5.6316,0.6584,0.5000
scaffold_shuffled,4,Linear,RDKit descriptors,326,CCN(CC)C(=O)CSc1ccc(Cl)nn1,c1ccnnc1,-1.7160,-2.8829,1.1669,0.2414
scaffold_shuffled,4,Linear,RDKit descriptors,339,c3ccc2nc1ccccc1cc2c3,c1ccc2nc3ccccc3cc2c1,-3.6700,-3.7573,0.0873,0.5625
scaffold_shuffled,4,Linear,RDKit descriptors,344,CCC(C)C(=O)OC2CC(C)C=C3C=CC(C)C(CCC1CC(O)CC(=O)O1)C23 ,O=C1CCCC(CCC2CC=CC3=CCCCC32)O1,-6.0050,-5.5094,0.4956,0.1774
scaffold_shuffled,4,Linear,RDKit descriptors,351,Cc1ccc2ccccc2c1,c1ccc2ccccc2c1,-3.7700,-3.2592,0.5108,0.8421
scaffold_shuffled,4,Linear,RDKit descriptors,397,Clc1ccc(cc1Cl)c2ccccc2 ,c1ccc(-c2ccccc2)cc1,-6.3900,-4.9130,1.4770,0.4500
scaffold_shuffled,4,Linear,RDKit descriptors,412,CC(=O)Nc1nnc(s1)S(N)(=O)=O ,c1nncs1,-2.3600,-0.7692,1.5908,0.2703
scaffold_shuffled,4,Linear,RDKit descriptors,417,Clc1cccc(c1Cl)c2cccc(Cl)c2Cl,c1ccc(-c2ccccc2)cc1,-7.2800,-6.3516,0.9284,0.6875
scaffold_shuffled,4,Linear,RDKit descriptors,434,CC34CCc1c(ccc2cc(O)ccc12)C3CCC4=O,O=C1CCC2c3ccc4ccccc4c3CCC12,-5.2400,-4.7200,0.5200,0.5185
scaffold_shuffled,4,Linear,RDKit descriptors,448,NC(=O)NC1NC(=O)NC1=O ,O=C1CNC(=O)N1,-1.6000,0.7547,2.3547,0.2258
scaffold_shuffled,4,Linear,RDKit descriptors,452,Clc1cccc2ccccc12,c1ccc2ccccc2c1,-3.9300,-3.6526,0.2774,0.5000
scaffold_shuffled,4,Linear,RDKit descriptors,455,CCCC1CCCC1,C1CCCC1,-4.7400,-2.7500,1.9900,0.5263
scaffold_shuffled,4,Linear,RDKit descriptors,486,CCOP(=S)(OCC)SCn1c(=O)oc2cc(Cl)ccc12,O=c1[nH]c2ccccc2o1,-5.2330,-5.2870,0.0540,0.4231
scaffold_shuffled,4,Linear,RDKit descriptors,496,Nc2cccc3nc1ccccc1cc23 ,c1ccc2nc3ccccc3cc2c1,-4.2200,-3.6611,0.5589,0.3333
scaffold_shuffled,4,Linear,RDKit descriptors,502,Cn2c(=O)on(c1ccc(Cl)c(Cl)c1)c2=O,O=c1[nH]c(=O)n(-c2ccccc2)o1,-2.8200,-2.5680,0.2520,0.2955
scaffold_shuffled,4,Linear,RDKit descriptors,503,Oc1ccc(cc1)c2ccccc2,c1ccc(-c2ccccc2)cc1,-3.4800,-3.4454,0.0346,0.6250
scaffold_shuffled,4,Linear,RDKit descriptors,514,CNC(=O)Oc1ccccc1C2OCCO2,c1ccc(C2OCCO2)cc1,-1.5700,-2.3508,0.7808,0.4878
scaffold_shuffled,4,Linear,RDKit descriptors,525,O=Cc2ccc1OCOc1c2 ,c1ccc2c(c1)OCO2,-1.6300,-1.7423,0.1123,0.3448
scaffold_shuffled,4,Linear,RDKit descriptors,537,OCC2OC(Oc1ccccc1CO)C(O)C(O)C2O,c1ccc(OC2CCCCO2)cc1,-0.8500,-0.2323,0.6177,0.4186
scaffold_shuffled,4,Linear,RDKit descriptors,547,Clc1ccc(c(Cl)c1)c2cc(Cl)ccc2Cl ,c1ccc(-c2ccccc2)cc1,-6.5700,-6.3516,0.2184,0.5714
scaffold_shuffled,4,Linear,RDKit descriptors,552,CC23Cc1cnoc1C=C2CCC4C3CCC5(C)C4CCC5(O)C#C,C1=C2CCC3C4CCCC4CCC3C2Cc2cnoc21,-5.5070,-5.2559,0.2511,0.5932
scaffold_shuffled,4,Linear,RDKit descriptors,554,Brc1ccc2ccccc2c1,c1ccc2ccccc2c1,-4.4000,-3.9117,0.4883,0.5000
scaffold_shuffled,4,Linear,RDKit descriptors,559,Clc1ccc(c(Cl)c1)c2ccc(Cl)c(Cl)c2Cl ,c1ccc(-c2ccccc2)cc1,-7.8000,-7.0728,0.7272,0.5217
scaffold_shuffled,4,Linear,RDKit descriptors,560,Clc1ccc(c(Cl)c1Cl)c2ccc(Cl)c(Cl)c2Cl ,c1ccc(-c2ccccc2)cc1,-8.0100,-7.7950,0.2150,0.7143
scaffold_shuffled,4,Linear,RDKit descriptors,561,CC(=O)CC(c1ccccc1)c3c(O)c2ccccc2oc3=O ,O=c1oc2ccccc2cc1Cc1ccccc1,-3.8930,-4.7716,0.8786,0.3509
scaffold_shuffled,4,Linear,RDKit descriptors,568,Nc1ccc(cc1)c2ccc(N)cc2,c1ccc(-c2ccccc2)cc1,-2.7000,-3.2874,0.5874,0.5000
scaffold_shuffled,4,Linear,RDKit descriptors,570,CCCCc1c(C)nc(NCC)[nH]c1=O,O=c1ccnc[nH]1,-3.0280,-2.6015,0.4265,0.2273
scaffold_shuffled,4,Linear,RDKit descriptors,583,CC(=O)CC(c1ccc(Cl)cc1)c2c(O)c3ccccc3oc2=O,O=c1oc2ccccc2cc1Cc1ccccc1,-5.8390,-5.4959,0.3431,0.3226
scaffold_shuffled,4,Linear,RDKit descriptors,584,CCc1ccc2ccccc2c1,c1ccc2ccccc2c1,-4.2900,-3.5002,0.7898,0.4783
scaffold_shuffled,4,Linear,RDKit descriptors,586,Clc2c(Cl)c(Cl)c(c1ccccc1)c(Cl)c2Cl ,c1ccc(-c2ccccc2)cc1,-7.9200,-7.0728,0.8472,0.4211
scaffold_shuffled,4,Linear,RDKit descriptors,592,CN2C(=C(O)c1ccccc1S2(=O)=O)C(=O)Nc3ccccn3 ,O=C(Nc1ccccn1)C1=Cc2ccccc2S(=O)(=O)N1,-4.1600,-3.3016,0.8584,0.2833
scaffold_shuffled,4,Linear,RDKit descriptors,594,C1CCCC1,C1CCCC1,-2.6400,-1.7053,0.9347,1.0000
scaffold_shuffled,4,Linear,RDKit descriptors,603,Clc1c(Cl)c(Cl)c(c(Cl)c1Cl)c2c(Cl)c(Cl)c(Cl)c(Cl)c2Cl ,c1ccc(-c2ccccc2)cc1,-11.6000,-10.6911,0.9089,0.3846
scaffold_shuffled,4,Linear,RDKit descriptors,606,Cc1cccc2ccccc12,c1ccc2ccccc2c1,-3.7000,-3.2592,0.4408,0.5000
scaffold_shuffled,4,Linear,RDKit descriptors,607,CCN(CC)C(=O)C(C)Oc1cccc2ccccc12 ,c1ccc2ccccc2c1,-3.5700,-4.0773,0.5073,0.3125
scaffold_shuffled,4,Linear,RDKit descriptors,610,CC2=CC(=O)c1ccccc1C2=O ,O=C1C=CC(=O)c2ccccc21,-3.0300,-2.5494,0.4806,0.5000
scaffold_shuffled,4,Linear,RDKit descriptors,611,c1ccc2c(c1)ccc3ccccc32,c1ccc2c(c1)ccc1ccccc12,-5.2600,-4.1915,1.0685,0.5556
scaffold_shuffled,4,Linear,RDKit descriptors,616,Cc1ccc2cc(C)ccc2c1,c1ccc2ccccc2c1,-4.8900,-3.5806,1.3094,0.7222
scaffold_shuffled,4,Linear,RDKit descriptors,622,Cn2cc(c1ccccc1)c(=O)c(c2)c3cccc(c3)C(F)(F)F,O=c1c(-c2ccccc2)c[nH]cc1-c1ccccc1,-4.4450,-5.5242,1.0792,0.3714
scaffold_shuffled,4,Linear,RDKit descriptors,632,Cc1cccc2c(C)cccc12,c1ccc2ccccc2c1,-4.6790,-3.5806,1.0984,0.5625
scaffold_shuffled,4,Linear,RDKit descriptors,650,c1cc2ccc3cccc4ccc(c1)c2c34,c1cc2ccc3cccc4ccc(c1)c2c34,-6.1760,-4.8266,1.3494,0.6250
scaffold_shuffled,4,Linear,RDKit descriptors,660,Clc2ccc1oc(=O)[nH]c1c2,O=c1[nH]c2ccccc2o1,-2.8310,-2.5066,0.3244,0.3000
scaffold_shuffled,4,Linear,RDKit descriptors,661,Clc1ccc(c(Cl)c1)c2c(Cl)c(Cl)c(Cl)c(Cl)c2Cl,c1ccc(-c2ccccc2)cc1,-7.9200,-8.5181,0.5981,0.4783
scaffold_shuffled,4,Linear,RDKit descriptors,668,Clc1ccc(Cl)c(c1)c2cc(Cl)c(Cl)c(Cl)c2Cl,c1ccc(-c2ccccc2)cc1,-7.6800,-7.7950,0.1150,0.4400
scaffold_shuffled,4,Linear,RDKit descriptors,729,Clc1ccc(Cl)c(c1)c2cccc(Cl)c2Cl ,c1ccc(-c2ccccc2)cc1,-6.4700,-6.3516,0.1184,0.4583
scaffold_shuffled,4,Linear,RDKit descriptors,752,Oc1cccc2ccccc12,c1ccc2ccccc2c1,-2.2200,-2.9019,0.6819,0.5000
scaffold_shuffled,4,Linear,RDKit descriptors,774,Sc1nccc(=O)[nH]1 ,O=c1ccnc[nH]1,-2.2730,-0.7468,1.5262,0.3214
scaffold_shuffled,4,Linear,RDKit descriptors,778,COc2c1occc1c(OC)c3c(=O)cc(C)oc23 ,O=c1ccoc2cc3occc3cc12,-3.0210,-3.9098,0.8888,0.4667
scaffold_shuffled,4,Linear,RDKit descriptors,812,c1cc2ccc(OC)c(CC=C(C)(C))c2oc1=O ,O=c1ccc2ccccc2o1,-4.3140,-3.9946,0.3194,0.3673
scaffold_shuffled,4,Linear,RDKit descriptors,823,CCCCCC1CCCC1,C1CCCC1,-6.0800,-3.5161,2.5639,0.4545
scaffold_shuffled,4,Linear,RDKit descriptors,824,Clc1ccc(Cl)c(c1)c2c(Cl)c(Cl)cc(Cl)c2Cl ,c1ccc(-c2ccccc2)cc1,-7.4200,-7.7950,0.3750,0.4583
scaffold_shuffled,4,Linear,RDKit descriptors,846,O=C1CNC(=O)N1 ,O=C1CNC(=O)N1,-0.4000,0.5307,0.9307,0.3684
scaffold_shuffled,4,Linear,RDKit descriptors,849,CCOP(=S)(OCC)Oc2ccc1oc(=O)c(Cl)c(C)c1c2,O=c1ccc2ccccc2o1,-5.3820,-5.5274,0.1454,0.4118
scaffold_shuffled,4,Linear,RDKit descriptors,862,Clc1ccc(cc1Cl)c2cc(Cl)c(Cl)c(Cl)c2Cl ,c1ccc(-c2ccccc2)cc1,-7.8200,-7.7950,0.0250,0.4348
scaffold_shuffled,4,Linear,RDKit descriptors,863,CC1(OC(=O)N(C1=O)c2cc(Cl)cc(Cl)c2)C=C,O=C1COC(=O)N1c1ccccc1,-4.9250,-4.3006,0.6244,0.4615
scaffold_shuffled,4,Linear,RDKit descriptors,870,c1ccc(cc1)c2ccccc2,c1ccc(-c2ccccc2)cc1,-4.3450,-3.4816,0.8634,0.4286
scaffold_shuffled,4,Linear,RDKit descriptors,871,Clc1cc(Cl)c(c(Cl)c1)c2c(Cl)cc(Cl)cc2Cl ,c1ccc(-c2ccccc2)cc1,-8.7100,-7.7950,0.9150,0.6667
scaffold_shuffled,4,Linear,RDKit descriptors,879,Clc1ccc(Cl)c(c1)c2c(Cl)c(Cl)c(Cl)c(Cl)c2Cl,c1ccc(-c2ccccc2)cc1,-8.9400,-8.5181,0.4219,0.4783
scaffold_shuffled,4,Linear,RDKit descriptors,906,Cc1cc2ccccc2cc1C,c1ccc2ccccc2c1,-4.7200,-3.5806,1.1394,0.6000
scaffold_shuffled,4,Linear,RDKit descriptors,907,Clc1ccc(cc1)c2cc(Cl)ccc2Cl ,c1ccc(-c2ccccc2)cc1,-6.2500,-5.6316,0.6184,0.5000
scaffold_shuffled,4,Linear,RDKit descriptors,908,Clc1ccc(c(Cl)c1)c2cc(Cl)c(Cl)c(Cl)c2Cl ,c1ccc(-c2ccccc2)cc1,-7.3900,-7.7950,0.4050,0.4400
scaffold_shuffled,4,Linear,RDKit descriptors,911,Clc1cccc(Cl)c1c2ccccc2 ,c1ccc(-c2ccccc2)cc1,-5.2100,-4.9130,0.2970,0.5000
scaffold_shuffled,4,Linear,RDKit descriptors,916,c2ccc1[nH]ncc1c2 ,c1ccc2[nH]ncc2c1,-2.1600,-1.9958,0.1642,0.3846
scaffold_shuffled,4,Linear,RDKit descriptors,918,Nc2nc1[nH]cnc1c(=O)[nH]2 ,O=c1[nH]cnc2[nH]cnc12,-3.5830,-0.6011,2.9819,0.3333
scaffold_shuffled,4,Linear,RDKit descriptors,936,O=N(=O)c1cccc2ccccc12,c1ccc2ccccc2c1,-3.5400,-3.3579,0.1821,0.6087
scaffold_shuffled,4,Linear,RDKit descriptors,939,OC(CC(c1ccccc1)c3c(O)c2ccccc2oc3=O)c4ccc(cc4)c5ccc(Br)cc5 ,O=c1oc2ccccc2cc1C(CCc1ccc(-c2ccccc2)cc1)c1ccccc1,-4.4450,-8.8665,4.4215,0.3281
scaffold_shuffled,4,Linear,RDKit descriptors,952,CNC(=O)Oc1cccc2ccccc12,c1ccc2ccccc2c1,-3.2240,-3.2130,0.0110,0.5556
scaffold_shuffled,4,Linear,RDKit descriptors,962,Clc1ccc(cc1)c2c(Cl)cccc2Cl ,c1ccc(-c2ccccc2)cc1,-6.1400,-5.6316,0.5084,0.4444
scaffold_shuffled,4,Linear,RDKit descriptors,970,Clc1cccc(Cl)c1c2c(Cl)cccc2Cl ,c1ccc(-c2ccccc2)cc1,-7.3900,-6.3516,1.0384,0.6250
scaffold_shuffled,4,Linear,RDKit descriptors,1018,ClC(Cl)CC(=O)NC2=C(Cl)C(=O)c1ccccc1C2=O,O=C1C=CC(=O)c2ccccc21,-5.0300,-4.0365,0.9935,0.3333
scaffold_shuffled,4,Linear,RDKit descriptors,1039,CC(=O)SC4CC1=CC(=O)CCC1(C)C5CCC2(C)C(CCC23CCC(=O)O3)C45,O=C1C=C2CCC3C(CCC4C3CCC43CCC(=O)O3)C2CC1,-4.1730,-6.1915,2.0185,0.4242
scaffold_shuffled,4,Linear,RDKit descriptors,1042,Clc1cc(Cl)c(cc1Cl)c2cc(Cl)c(Cl)cc2Cl ,c1ccc(-c2ccccc2)cc1,-8.5600,-7.7950,0.7650,0.6667
scaffold_shuffled,4,Linear,RDKit descriptors,1054,Cc1cccc2c1ccc3ccccc32,c1ccc2c(c1)ccc1ccccc12,-5.8500,-4.5147,1.3353,0.4828
scaffold_shuffled,4,Linear,RDKit descriptors,1102,CC1CCCC1,C1CCCC1,-3.3000,-1.9840,1.3160,0.9091
scaffold_shuffled,4,Linear,RDKit descriptors,1120,Clc1ccc(c(Cl)c1Cl)c2c(Cl)cc(Cl)c(Cl)c2Cl ,c1ccc(-c2ccccc2)cc1,-7.6600,-8.5181,0.8581,0.4762
scaffold_shuffled,4,MLP,RDKit descriptors,1,Cc1occc1C(=O)Nc2ccccc2,O=C(Nc1ccccc1)c1ccoc1,-3.3000,-3.3309,0.0309,0.4545
scaffold_shuffled,4,MLP,RDKit descriptors,3,c1ccc2c(c1)ccc3c2ccc4c5ccccc5ccc43,c1ccc2c(c1)ccc1c2ccc2c3ccccc3ccc21,-7.8700,-8.1937,0.3237,0.5789
scaffold_shuffled,4,MLP,RDKit descriptors,6,Clc1cc(Cl)c(c(Cl)c1)c2c(Cl)cccc2Cl,c1ccc(-c2ccccc2)cc1,-7.3200,-8.0762,0.7562,0.5000
scaffold_shuffled,4,MLP,RDKit descriptors,11,Clc1ccc2ccccc2c1,c1ccc2ccccc2c1,-4.1400,-4.3906,0.2506,0.5000
scaffold_shuffled,4,MLP,RDKit descriptors,20,Clc1ccc(c(Cl)c1)c2c(Cl)ccc(Cl)c2Cl ,c1ccc(-c2ccccc2)cc1,-7.4300,-8.0762,0.6462,0.5000
scaffold_shuffled,4,MLP,RDKit descriptors,40,c1c(Cl)cccc1c2ccccc2,c1ccc(-c2ccccc2)cc1,-4.8800,-5.2216,0.3416,0.5789
scaffold_shuffled,4,MLP,RDKit descriptors,54,Clc1cccc(c1Cl)c2c(Cl)c(Cl)cc(Cl)c2Cl ,c1ccc(-c2ccccc2)cc1,-8.6000,-8.8165,0.2165,0.5000
scaffold_shuffled,4,MLP,RDKit descriptors,57,Cc1ccc(C)c2ccccc12,c1ccc2ccccc2c1,-4.1400,-4.1868,0.0468,0.5625
scaffold_shuffled,4,MLP,RDKit descriptors,60,Clc1cc(Cl)c(Cl)c(c1Cl)c2c(Cl)c(Cl)cc(Cl)c2Cl ,c1ccc(-c2ccccc2)cc1,-9.1500,-10.3468,1.1968,0.6429
scaffold_shuffled,4,MLP,RDKit descriptors,69,Clc1ccccc1c2ccccc2Cl ,c1ccc(-c2ccccc2)cc1,-5.2700,-5.9470,0.6770,0.6429
scaffold_shuffled,4,MLP,RDKit descriptors,77,Clc1cccc(c1)c2cc(Cl)ccc2Cl ,c1ccc(-c2ccccc2)cc1,-6.0100,-6.6461,0.6361,0.4783
scaffold_shuffled,4,MLP,RDKit descriptors,88,CC(C)C1CCC(C)CC1=O,O=C1CCCCC1,-2.3500,-2.6627,0.3127,0.3043
scaffold_shuffled,4,MLP,RDKit descriptors,94,Cc1cc(C)c2ccccc2c1,c1ccc2ccccc2c1,-4.2900,-4.1868,0.1032,0.5417
scaffold_shuffled,4,MLP,RDKit descriptors,97,Clc1ccc(Cl)c(c1)c2ccc(Cl)c(Cl)c2,c1ccc(-c2ccccc2)cc1,-7.2500,-7.3448,0.0948,0.5909
scaffold_shuffled,4,MLP,RDKit descriptors,104,CCc1cccc2ccccc12,c1ccc2ccccc2c1,-4.1700,-4.1731,0.0031,0.5714
scaffold_shuffled,4,MLP,RDKit descriptors,116,c1ccc2cnccc2c1,c1ccc2cnccc2c1,-1.4500,-2.3559,0.9059,0.3750
scaffold_shuffled,4,MLP,RDKit descriptors,119,Clc1ccccc1c2ccccc2,c1ccc(-c2ccccc2)cc1,-4.5400,-5.2216,0.6816,0.5000
scaffold_shuffled,4,MLP,RDKit descriptors,139,Brc1cccc2ccccc12,c1ccc2ccccc2c1,-4.3500,-4.8691,0.5191,0.5000
scaffold_shuffled,4,MLP,RDKit descriptors,143,Nc1cccc2ccccc12,c1ccc2ccccc2c1,-1.9200,-2.5618,0.6418,0.4348
scaffold_shuffled,4,MLP,RDKit descriptors,166,Clc1ccc(cc1)c2ccccc2Cl ,c1ccc(-c2ccccc2)cc1,-5.2800,-5.9470,0.6670,0.4500
scaffold_shuffled,4,MLP,RDKit descriptors,186,c1ccnnc1,c1ccnnc1,1.1000,-0.2509,1.3509,0.4167
scaffold_shuffled,4,MLP,RDKit descriptors,194,Oc1ccc2ccccc2c1,c1ccc2ccccc2c1,-2.2800,-2.7192,0.4392,0.5000
scaffold_shuffled,4,MLP,RDKit descriptors,215,Clc1ccc(cc1)c2ccc(Cl)cc2 ,c1ccc(-c2ccccc2)cc1,-6.5600,-5.9470,0.6130,0.7273
scaffold_shuffled,4,MLP,RDKit descriptors,220,c1cc2cccc3c4cccc5cccc(c(c1)c23)c54,c1cc2cccc3c4cccc5cccc(c(c1)c23)c54,-8.8040,-7.5159,1.2881,0.7500
scaffold_shuffled,4,MLP,RDKit descriptors,222,c1c(Br)ccc2ccccc12 ,c1ccc2ccccc2c1,-4.4000,-4.8691,0.4691,0.5000
scaffold_shuffled,4,MLP,RDKit descriptors,234,Cc1ccc(cc1)c2ccccc2,c1ccc(-c2ccccc2)cc1,-4.6200,-4.6794,0.0594,0.6250
scaffold_shuffled,4,MLP,RDKit descriptors,240,O=C1CCCCC1,O=C1CCCCC1,-0.6000,-1.1148,0.5148,0.3000
scaffold_shuffled,4,MLP,RDKit descriptors,256,c1ccc2ccccc2c1,c1ccc2ccccc2c1,-3.6000,-3.3298,0.2702,0.6364
scaffold_shuffled,4,MLP,RDKit descriptors,275,Ic1cccc2ccccc12,c1ccc2ccccc2c1,-4.5500,-5.0171,0.4671,0.4348
scaffold_shuffled,4,MLP,RDKit descriptors,289,Cc1ccc2c(ccc3ccccc32)c1,c1ccc2c(c1)ccc1ccccc12,-5.8400,-5.6303,0.2097,0.6250
scaffold_shuffled,4,MLP,RDKit descriptors,294,CCOC(=O)c1ccccc1S(=O)(=O)NN(C=O)c2nc(Cl)cc(OC)n2,O=S(=O)(NNc1ncccn1)c1ccccc1,-4.5760,-3.5324,1.0436,0.3636
scaffold_shuffled,4,MLP,RDKit descriptors,297,Clc1cc(c(Cl)c(Cl)c1Cl)c2cc(Cl)c(Cl)c(Cl)c2Cl,c1ccc(-c2ccccc2)cc1,-9.1600,-10.3468,1.1868,0.6667
scaffold_shuffled,4,MLP,RDKit descriptors,319,Clc1cc(Cl)c(cc1Cl)c2cccc(Cl)c2Cl ,c1ccc(-c2ccccc2)cc1,-7.2100,-8.0762,0.8662,0.5000
scaffold_shuffled,4,MLP,RDKit descriptors,322,O=C(Nc1ccccc1)Nc2ccccc2,O=C(Nc1ccccc1)Nc1ccccc1,-3.1500,-3.8827,0.7327,0.6364
scaffold_shuffled,4,MLP,RDKit descriptors,324,Clc1ccc(cc1)c2cccc(Cl)c2Cl ,c1ccc(-c2ccccc2)cc1,-6.2900,-6.6461,0.3561,0.5000
scaffold_shuffled,4,MLP,RDKit descriptors,326,CCN(CC)C(=O)CSc1ccc(Cl)nn1,c1ccnnc1,-1.7160,-2.1731,0.4571,0.2414
scaffold_shuffled,4,MLP,RDKit descriptors,339,c3ccc2nc1ccccc1cc2c3,c1ccc2nc3ccccc3cc2c1,-3.6700,-4.3127,0.6427,0.5625
scaffold_shuffled,4,MLP,RDKit descriptors,344,CCC(C)C(=O)OC2CC(C)C=C3C=CC(C)C(CCC1CC(O)CC(=O)O1)C23 ,O=C1CCCC(CCC2CC=CC3=CCCCC32)O1,-6.0050,-4.4379,1.5671,0.1774
scaffold_shuffled,4,MLP,RDKit descriptors,351,Cc1ccc2ccccc2c1,c1ccc2ccccc2c1,-3.7700,-3.7546,0.0154,0.8421
scaffold_shuffled,4,MLP,RDKit descriptors,397,Clc1ccc(cc1Cl)c2ccccc2 ,c1ccc(-c2ccccc2)cc1,-6.3900,-5.9470,0.4430,0.4500
scaffold_shuffled,4,MLP,RDKit descriptors,412,CC(=O)Nc1nnc(s1)S(N)(=O)=O ,c1nncs1,-2.3600,-2.0438,0.3162,0.2703
scaffold_shuffled,4,MLP,RDKit descriptors,417,Clc1cccc(c1Cl)c2cccc(Cl)c2Cl,c1ccc(-c2ccccc2)cc1,-7.2800,-7.3448,0.0648,0.6875
scaffold_shuffled,4,MLP,RDKit descriptors,434,CC34CCc1c(ccc2cc(O)ccc12)C3CCC4=O,O=C1CCC2c3ccc4ccccc4c3CCC12,-5.2400,-4.7486,0.4914,0.5185
scaffold_shuffled,4,MLP,RDKit descriptors,448,NC(=O)NC1NC(=O)NC1=O ,O=C1CNC(=O)N1,-1.6000,-0.8265,0.7735,0.2258
scaffold_shuffled,4,MLP,RDKit descriptors,452,Clc1cccc2ccccc12,c1ccc2ccccc2c1,-3.9300,-4.3906,0.4606,0.5000
scaffold_shuffled,4,MLP,RDKit descriptors,455,CCCC1CCCC1,C1CCCC1,-4.7400,-3.6103,1.1297,0.5263
scaffold_shuffled,4,MLP,RDKit descriptors,486,CCOP(=S)(OCC)SCn1c(=O)oc2cc(Cl)ccc12,O=c1[nH]c2ccccc2o1,-5.2330,-4.6817,0.5513,0.4231
scaffold_shuffled,4,MLP,RDKit descriptors,496,Nc2cccc3nc1ccccc1cc23 ,c1ccc2nc3ccccc3cc2c1,-4.2200,-3.7569,0.4631,0.3333
scaffold_shuffled,4,MLP,RDKit descriptors,502,Cn2c(=O)on(c1ccc(Cl)c(Cl)c1)c2=O,O=c1[nH]c(=O)n(-c2ccccc2)o1,-2.8200,-2.7805,0.0395,0.2955
scaffold_shuffled,4,MLP,RDKit descriptors,503,Oc1ccc(cc1)c2ccccc2,c1ccc(-c2ccccc2)cc1,-3.4800,-3.6805,0.2005,0.6250
scaffold_shuffled,4,MLP,RDKit descriptors,514,CNC(=O)Oc1ccccc1C2OCCO2,c1ccc(C2OCCO2)cc1,-1.5700,-2.0874,0.5174,0.4878
scaffold_shuffled,4,MLP,RDKit descriptors,525,O=Cc2ccc1OCOc1c2 ,c1ccc2c(c1)OCO2,-1.6300,-0.9346,0.6954,0.3448
scaffold_shuffled,4,MLP,RDKit descriptors,537,OCC2OC(Oc1ccccc1CO)C(O)C(O)C2O,c1ccc(OC2CCCCO2)cc1,-0.8500,-1.5356,0.6856,0.4186
scaffold_shuffled,4,MLP,RDKit descriptors,547,Clc1ccc(c(Cl)c1)c2cc(Cl)ccc2Cl ,c1ccc(-c2ccccc2)cc1,-6.5700,-7.3448,0.7748,0.5714
scaffold_shuffled,4,MLP,RDKit descriptors,552,CC23Cc1cnoc1C=C2CCC4C3CCC5(C)C4CCC5(O)C#C,C1=C2CCC3C4CCCC4CCC3C2Cc2cnoc21,-5.5070,-5.0664,0.4406,0.5932
scaffold_shuffled,4,MLP,RDKit descriptors,554,Brc1ccc2ccccc2c1,c1ccc2ccccc2c1,-4.4000,-4.8691,0.4691,0.5000
scaffold_shuffled,4,MLP,RDKit descriptors,559,Clc1ccc(c(Cl)c1)c2ccc(Cl)c(Cl)c2Cl ,c1ccc(-c2ccccc2)cc1,-7.8000,-8.0762,0.2762,0.5217
scaffold_shuffled,4,MLP,RDKit descriptors,560,Clc1ccc(c(Cl)c1Cl)c2ccc(Cl)c(Cl)c2Cl ,c1ccc(-c2ccccc2)cc1,-8.0100,-8.8165,0.8065,0.7143
scaffold_shuffled,4,MLP,RDKit descriptors,561,CC(=O)CC(c1ccccc1)c3c(O)c2ccccc2oc3=O ,O=c1oc2ccccc2cc1Cc1ccccc1,-3.8930,-4.5359,0.6429,0.3509
scaffold_shuffled,4,MLP,RDKit descriptors,568,Nc1ccc(cc1)c2ccc(N)cc2,c1ccc(-c2ccccc2)cc1,-2.7000,-3.2657,0.5657,0.5000
scaffold_shuffled,4,MLP,RDKit descriptors,570,CCCCc1c(C)nc(NCC)[nH]c1=O,O=c1ccnc[nH]1,-3.0280,-2.1468,0.8812,0.2273
scaffold_shuffled,4,MLP,RDKit descriptors,583,CC(=O)CC(c1ccc(Cl)cc1)c2c(O)c3ccccc3oc2=O,O=c1oc2ccccc2cc1Cc1ccccc1,-5.8390,-5.2323,0.6067,0.3226
scaffold_shuffled,4,MLP,RDKit descriptors,584,CCc1ccc2ccccc2c1,c1ccc2ccccc2c1,-4.2900,-4.1731,0.1169,0.4783
scaffold_shuffled,4,MLP,RDKit descriptors,586,Clc2c(Cl)c(Cl)c(c1ccccc1)c(Cl)c2Cl ,c1ccc(-c2ccccc2)cc1,-7.9200,-8.0762,0.1562,0.4211
scaffold_shuffled,4,MLP,RDKit descriptors,592,CN2C(=C(O)c1ccccc1S2(=O)=O)C(=O)Nc3ccccn3 ,O=C(Nc1ccccn1)C1=Cc2ccccc2S(=O)(=O)N1,-4.1600,-3.7867,0.3733,0.2833
scaffold_shuffled,4,MLP,RDKit descriptors,594,C1CCCC1,C1CCCC1,-2.6400,-1.9958,0.6442,1.0000
scaffold_shuffled,4,MLP,RDKit descriptors,603,Clc1c(Cl)c(Cl)c(c(Cl)c1Cl)c2c(Cl)c(Cl)c(Cl)c(Cl)c2Cl ,c1ccc(-c2ccccc2)cc1,-11.6000,-11.9078,0.3078,0.3846
scaffold_shuffled,4,MLP,RDKit descriptors,606,Cc1cccc2ccccc12,c1ccc2ccccc2c1,-3.7000,-3.7546,0.0546,0.5000
scaffold_shuffled,4,MLP,RDKit descriptors,607,CCN(CC)C(=O)C(C)Oc1cccc2ccccc12 ,c1ccc2ccccc2c1,-3.5700,-3.7709,0.2009,0.3125
scaffold_shuffled,4,MLP,RDKit descriptors,610,CC2=CC(=O)c1ccccc1C2=O ,O=C1C=CC(=O)c2ccccc21,-3.0300,-1.9197,1.1103,0.5000
scaffold_shuffled,4,MLP,RDKit descriptors,611,c1ccc2c(c1)ccc3ccccc32,c1ccc2c(c1)ccc1ccccc12,-5.2600,-5.2412,0.0188,0.5556
scaffold_shuffled,4,MLP,RDKit descriptors,616,Cc1ccc2cc(C)ccc2c1,c1ccc2ccccc2c1,-4.8900,-4.1868,0.7032,0.7222
scaffold_shuffled,4,MLP,RDKit descriptors,622,Cn2cc(c1ccccc1)c(=O)c(c2)c3cccc(c3)C(F)(F)F,O=c1c(-c2ccccc2)c[nH]cc1-c1ccccc1,-4.4450,-6.0411,1.5961,0.3714
scaffold_shuffled,4,MLP,RDKit descriptors,632,Cc1cccc2c(C)cccc12,c1ccc2ccccc2c1,-4.6790,-4.1868,0.4922,0.5625
scaffold_shuffled,4,MLP,RDKit descriptors,650,c1cc2ccc3cccc4ccc(c1)c2c34,c1cc2ccc3cccc4ccc(c1)c2c34,-6.1760,-6.0987,0.0773,0.6250
scaffold_shuffled,4,MLP,RDKit descriptors,660,Clc2ccc1oc(=O)[nH]c1c2,O=c1[nH]c2ccccc2o1,-2.8310,-2.3173,0.5137,0.3000
scaffold_shuffled,4,MLP,RDKit descriptors,661,Clc1ccc(c(Cl)c1)c2c(Cl)c(Cl)c(Cl)c(Cl)c2Cl,c1ccc(-c2ccccc2)cc1,-7.9200,-9.5730,1.6530,0.4783
scaffold_shuffled,4,MLP,RDKit descriptors,668,Clc1ccc(Cl)c(c1)c2cc(Cl)c(Cl)c(Cl)c2Cl,c1ccc(-c2ccccc2)cc1,-7.6800,-8.8165,1.1365,0.4400
scaffold_shuffled,4,MLP,RDKit descriptors,729,Clc1ccc(Cl)c(c1)c2cccc(Cl)c2Cl ,c1ccc(-c2ccccc2)cc1,-6.4700,-7.3448,0.8748,0.4583
scaffold_shuffled,4,MLP,RDKit descriptors,752,Oc1cccc2ccccc12,c1ccc2ccccc2c1,-2.2200,-2.7192,0.4992,0.5000
scaffold_shuffled,4,MLP,RDKit descriptors,774,Sc1nccc(=O)[nH]1 ,O=c1ccnc[nH]1,-2.2730,-0.3594,1.9136,0.3214
scaffold_shuffled,4,MLP,RDKit descriptors,778,COc2c1occc1c(OC)c3c(=O)cc(C)oc23 ,O=c1ccoc2cc3occc3cc12,-3.0210,-3.8097,0.7887,0.4667
scaffold_shuffled,4,MLP,RDKit descriptors,812,c1cc2ccc(OC)c(CC=C(C)(C))c2oc1=O ,O=c1ccc2ccccc2o1,-4.3140,-3.5729,0.7411,0.3673
scaffold_shuffled,4,MLP,RDKit descriptors,823,CCCCCC1CCCC1,C1CCCC1,-6.0800,-4.4712,1.6088,0.4545
scaffold_shuffled,4,MLP,RDKit descriptors,824,Clc1ccc(Cl)c(c1)c2c(Cl)c(Cl)cc(Cl)c2Cl ,c1ccc(-c2ccccc2)cc1,-7.4200,-8.8165,1.3965,0.4583
scaffold_shuffled,4,MLP,RDKit descriptors,846,O=C1CNC(=O)N1 ,O=C1CNC(=O)N1,-0.4000,0.2711,0.6711,0.3684
scaffold_shuffled,4,MLP,RDKit descriptors,849,CCOP(=S)(OCC)Oc2ccc1oc(=O)c(Cl)c(C)c1c2,O=c1ccc2ccccc2o1,-5.3820,-4.9318,0.4502,0.4118
scaffold_shuffled,4,MLP,RDKit descriptors,862,Clc1ccc(cc1Cl)c2cc(Cl)c(Cl)c(Cl)c2Cl ,c1ccc(-c2ccccc2)cc1,-7.8200,-8.8165,0.9965,0.4348
scaffold_shuffled,4,MLP,RDKit descriptors,863,CC1(OC(=O)N(C1=O)c2cc(Cl)cc(Cl)c2)C=C,O=C1COC(=O)N1c1ccccc1,-4.9250,-3.8651,1.0599,0.4615
scaffold_shuffled,4,MLP,RDKit descriptors,870,c1ccc(cc1)c2ccccc2,c1ccc(-c2ccccc2)cc1,-4.3450,-4.2758,0.0692,0.4286
scaffold_shuffled,4,MLP,RDKit descriptors,871,Clc1cc(Cl)c(c(Cl)c1)c2c(Cl)cc(Cl)cc2Cl ,c1ccc(-c2ccccc2)cc1,-8.7100,-8.8165,0.1065,0.6667
scaffold_shuffled,4,MLP,RDKit descriptors,879,Clc1ccc(Cl)c(c1)c2c(Cl)c(Cl)c(Cl)c(Cl)c2Cl,c1ccc(-c2ccccc2)cc1,-8.9400,-9.5730,0.6330,0.4783
scaffold_shuffled,4,MLP,RDKit descriptors,906,Cc1cc2ccccc2cc1C,c1ccc2ccccc2c1,-4.7200,-4.1868,0.5332,0.6000
scaffold_shuffled,4,MLP,RDKit descriptors,907,Clc1ccc(cc1)c2cc(Cl)ccc2Cl ,c1ccc(-c2ccccc2)cc1,-6.2500,-6.6461,0.3961,0.5000
scaffold_shuffled,4,MLP,RDKit descriptors,908,Clc1ccc(c(Cl)c1)c2cc(Cl)c(Cl)c(Cl)c2Cl ,c1ccc(-c2ccccc2)cc1,-7.3900,-8.8165,1.4265,0.4400
scaffold_shuffled,4,MLP,RDKit descriptors,911,Clc1cccc(Cl)c1c2ccccc2 ,c1ccc(-c2ccccc2)cc1,-5.2100,-5.9470,0.7370,0.5000
scaffold_shuffled,4,MLP,RDKit descriptors,916,c2ccc1[nH]ncc1c2 ,c1ccc2[nH]ncc2c1,-2.1600,-1.5495,0.6105,0.3846
scaffold_shuffled,4,MLP,RDKit descriptors,918,Nc2nc1[nH]cnc1c(=O)[nH]2 ,O=c1[nH]cnc2[nH]cnc12,-3.5830,-2.0490,1.5340,0.3333
scaffold_shuffled,4,MLP,RDKit descriptors,936,O=N(=O)c1cccc2ccccc12,c1ccc2ccccc2c1,-3.5400,-3.1286,0.4114,0.6087
scaffold_shuffled,4,MLP,RDKit descriptors,939,OC(CC(c1ccccc1)c3c(O)c2ccccc2oc3=O)c4ccc(cc4)c5ccc(Br)cc5 ,O=c1oc2ccccc2cc1C(CCc1ccc(-c2ccccc2)cc1)c1ccccc1,-4.4450,-8.8049,4.3599,0.3281
scaffold_shuffled,4,MLP,RDKit descriptors,952,CNC(=O)Oc1cccc2ccccc12,c1ccc2ccccc2c1,-3.2240,-2.9070,0.3170,0.5556
scaffold_shuffled,4,MLP,RDKit descriptors,962,Clc1ccc(cc1)c2c(Cl)cccc2Cl ,c1ccc(-c2ccccc2)cc1,-6.1400,-6.6461,0.5061,0.4444
scaffold_shuffled,4,MLP,RDKit descriptors,970,Clc1cccc(Cl)c1c2c(Cl)cccc2Cl ,c1ccc(-c2ccccc2)cc1,-7.3900,-7.3448,0.0452,0.6250
scaffold_shuffled,4,MLP,RDKit descriptors,1018,ClC(Cl)CC(=O)NC2=C(Cl)C(=O)c1ccccc1C2=O,O=C1C=CC(=O)c2ccccc21,-5.0300,-3.5702,1.4598,0.3333
scaffold_shuffled,4,MLP,RDKit descriptors,1039,CC(=O)SC4CC1=CC(=O)CCC1(C)C5CCC2(C)C(CCC23CCC(=O)O3)C45,O=C1C=C2CCC3C(CCC4C3CCC43CCC(=O)O3)C2CC1,-4.1730,-5.7656,1.5926,0.4242
scaffold_shuffled,4,MLP,RDKit descriptors,1042,Clc1cc(Cl)c(cc1Cl)c2cc(Cl)c(Cl)cc2Cl ,c1ccc(-c2ccccc2)cc1,-8.5600,-8.8165,0.2565,0.6667
scaffold_shuffled,4,MLP,RDKit descriptors,1054,Cc1cccc2c1ccc3ccccc32,c1ccc2c(c1)ccc1ccccc12,-5.8500,-5.6303,0.2197,0.4828
scaffold_shuffled,4,MLP,RDKit descriptors,1102,CC1CCCC1,C1CCCC1,-3.3000,-2.3497,0.9503,0.9091
scaffold_shuffled,4,MLP,RDKit descriptors,1120,Clc1ccc(c(Cl)c1Cl)c2c(Cl)cc(Cl)c(Cl)c2Cl ,c1ccc(-c2ccccc2)cc1,-7.6600,-9.5730,1.9130,0.4762
scaffold_shuffled,4,GCN,Molecular graph,1,Cc1occc1C(=O)Nc2ccccc2,O=C(Nc1ccccc1)c1ccoc1,-3.3000,-3.0054,0.2946,0.4545
scaffold_shuffled,4,GCN,Molecular graph,3,c1ccc2c(c1)ccc3c2ccc4c5ccccc5ccc43,c1ccc2c(c1)ccc1c2ccc2c3ccccc3ccc21,-7.8700,-7.2903,0.5797,0.5789
scaffold_shuffled,4,GCN,Molecular graph,6,Clc1cc(Cl)c(c(Cl)c1)c2c(Cl)cccc2Cl,c1ccc(-c2ccccc2)cc1,-7.3200,-5.7154,1.6046,0.5000
scaffold_shuffled,4,GCN,Molecular graph,11,Clc1ccc2ccccc2c1,c1ccc2ccccc2c1,-4.1400,-4.7584,0.6184,0.5000
scaffold_shuffled,4,GCN,Molecular graph,20,Clc1ccc(c(Cl)c1)c2c(Cl)ccc(Cl)c2Cl ,c1ccc(-c2ccccc2)cc1,-7.4300,-5.8788,1.5512,0.5000
scaffold_shuffled,4,GCN,Molecular graph,40,c1c(Cl)cccc1c2ccccc2,c1ccc(-c2ccccc2)cc1,-4.8800,-4.0487,0.8313,0.5789
scaffold_shuffled,4,GCN,Molecular graph,54,Clc1cccc(c1Cl)c2c(Cl)c(Cl)cc(Cl)c2Cl ,c1ccc(-c2ccccc2)cc1,-8.6000,-6.0035,2.5965,0.5000
scaffold_shuffled,4,GCN,Molecular graph,57,Cc1ccc(C)c2ccccc12,c1ccc2ccccc2c1,-4.1400,-4.4135,0.2735,0.5625
scaffold_shuffled,4,GCN,Molecular graph,60,Clc1cc(Cl)c(Cl)c(c1Cl)c2c(Cl)c(Cl)cc(Cl)c2Cl ,c1ccc(-c2ccccc2)cc1,-9.1500,-6.5228,2.6272,0.6429
scaffold_shuffled,4,GCN,Molecular graph,69,Clc1ccccc1c2ccccc2Cl ,c1ccc(-c2ccccc2)cc1,-5.2700,-4.1934,1.0766,0.6429
scaffold_shuffled,4,GCN,Molecular graph,77,Clc1cccc(c1)c2cc(Cl)ccc2Cl ,c1ccc(-c2ccccc2)cc1,-6.0100,-5.3987,0.6113,0.4783
scaffold_shuffled,4,GCN,Molecular graph,88,CC(C)C1CCC(C)CC1=O,O=C1CCCCC1,-2.3500,-3.2320,0.8820,0.3043
scaffold_shuffled,4,GCN,Molecular graph,94,Cc1cc(C)c2ccccc2c1,c1ccc2ccccc2c1,-4.2900,-4.9862,0.6962,0.5417
scaffold_shuffled,4,GCN,Molecular graph,97,Clc1ccc(Cl)c(c1)c2ccc(Cl)c(Cl)c2,c1ccc(-c2ccccc2)cc1,-7.2500,-5.9334,1.3166,0.5909
scaffold_shuffled,4,GCN,Molecular graph,104,CCc1cccc2ccccc12,c1ccc2ccccc2c1,-4.1700,-4.3065,0.1365,0.5714
scaffold_shuffled,4,GCN,Molecular graph,116,c1ccc2cnccc2c1,c1ccc2cnccc2c1,-1.4500,-1.9372,0.4872,0.3750
scaffold_shuffled,4,GCN,Molecular graph,119,Clc1ccccc1c2ccccc2,c1ccc(-c2ccccc2)cc1,-4.5400,-3.7161,0.8239,0.5000
scaffold_shuffled,4,GCN,Molecular graph,139,Brc1cccc2ccccc12,c1ccc2ccccc2c1,-4.3500,-4.3245,0.0255,0.5000
scaffold_shuffled,4,GCN,Molecular graph,143,Nc1cccc2ccccc12,c1ccc2ccccc2c1,-1.9200,-3.3784,1.4584,0.4348
scaffold_shuffled,4,GCN,Molecular graph,166,Clc1ccc(cc1)c2ccccc2Cl ,c1ccc(-c2ccccc2)cc1,-5.2800,-4.5507,0.7293,0.4500
scaffold_shuffled,4,GCN,Molecular graph,186,c1ccnnc1,c1ccnnc1,1.1000,0.0901,1.0099,0.4167
scaffold_shuffled,4,GCN,Molecular graph,194,Oc1ccc2ccccc2c1,c1ccc2ccccc2c1,-2.2800,-2.6739,0.3939,0.5000
scaffold_shuffled,4,GCN,Molecular graph,215,Clc1ccc(cc1)c2ccc(Cl)cc2 ,c1ccc(-c2ccccc2)cc1,-6.5600,-4.8624,1.6976,0.7273
scaffold_shuffled,4,GCN,Molecular graph,220,c1cc2cccc3c4cccc5cccc(c(c1)c23)c54,c1cc2cccc3c4cccc5cccc(c(c1)c23)c54,-8.8040,-7.2586,1.5454,0.7500
scaffold_shuffled,4,GCN,Molecular graph,222,c1c(Br)ccc2ccccc12 ,c1ccc2ccccc2c1,-4.4000,-5.0104,0.6104,0.5000
scaffold_shuffled,4,GCN,Molecular graph,234,Cc1ccc(cc1)c2ccccc2,c1ccc(-c2ccccc2)cc1,-4.6200,-3.7123,0.9077,0.6250
scaffold_shuffled,4,GCN,Molecular graph,240,O=C1CCCCC1,O=C1CCCCC1,-0.6000,-1.7652,1.1652,0.3000
scaffold_shuffled,4,GCN,Molecular graph,256,c1ccc2ccccc2c1,c1ccc2ccccc2c1,-3.6000,-3.4242,0.1758,0.6364
scaffold_shuffled,4,GCN,Molecular graph,275,Ic1cccc2ccccc12,c1ccc2ccccc2c1,-4.5500,-4.3965,0.1535,0.4348
scaffold_shuffled,4,GCN,Molecular graph,289,Cc1ccc2c(ccc3ccccc32)c1,c1ccc2c(c1)ccc1ccccc12,-5.8400,-6.0150,0.1750,0.6250
scaffold_shuffled,4,GCN,Molecular graph,294,CCOC(=O)c1ccccc1S(=O)(=O)NN(C=O)c2nc(Cl)cc(OC)n2,O=S(=O)(NNc1ncccn1)c1ccccc1,-4.5760,-2.8636,1.7124,0.3636
scaffold_shuffled,4,GCN,Molecular graph,297,Clc1cc(c(Cl)c(Cl)c1Cl)c2cc(Cl)c(Cl)c(Cl)c2Cl,c1ccc(-c2ccccc2)cc1,-9.1600,-6.9296,2.2304,0.6667
scaffold_shuffled,4,GCN,Molecular graph,319,Clc1cc(Cl)c(cc1Cl)c2cccc(Cl)c2Cl ,c1ccc(-c2ccccc2)cc1,-7.2100,-5.9306,1.2794,0.5000
scaffold_shuffled,4,GCN,Molecular graph,322,O=C(Nc1ccccc1)Nc2ccccc2,O=C(Nc1ccccc1)Nc1ccccc1,-3.1500,-3.3588,0.2088,0.6364
scaffold_shuffled,4,GCN,Molecular graph,324,Clc1ccc(cc1)c2cccc(Cl)c2Cl ,c1ccc(-c2ccccc2)cc1,-6.2900,-5.0440,1.2460,0.5000
scaffold_shuffled,4,GCN,Molecular graph,326,CCN(CC)C(=O)CSc1ccc(Cl)nn1,c1ccnnc1,-1.7160,-2.9226,1.2066,0.2414
scaffold_shuffled,4,GCN,Molecular graph,339,c3ccc2nc1ccccc1cc2c3,c1ccc2nc3ccccc3cc2c1,-3.6700,-5.2282,1.5582,0.5625
scaffold_shuffled,4,GCN,Molecular graph,344,CCC(C)C(=O)OC2CC(C)C=C3C=CC(C)C(CCC1CC(O)CC(=O)O1)C23 ,O=C1CCCC(CCC2CC=CC3=CCCCC32)O1,-6.0050,-4.2742,1.7308,0.1774
scaffold_shuffled,4,GCN,Molecular graph,351,Cc1ccc2ccccc2c1,c1ccc2ccccc2c1,-3.7700,-4.3592,0.5892,0.8421
scaffold_shuffled,4,GCN,Molecular graph,397,Clc1ccc(cc1Cl)c2ccccc2 ,c1ccc(-c2ccccc2)cc1,-6.3900,-4.8019,1.5881,0.4500
scaffold_shuffled,4,GCN,Molecular graph,412,CC(=O)Nc1nnc(s1)S(N)(=O)=O ,c1nncs1,-2.3600,-1.6724,0.6876,0.2703
scaffold_shuffled,4,GCN,Molecular graph,417,Clc1cccc(c1Cl)c2cccc(Cl)c2Cl,c1ccc(-c2ccccc2)cc1,-7.2800,-5.1778,2.1022,0.6875
scaffold_shuffled,4,GCN,Molecular graph,434,CC34CCc1c(ccc2cc(O)ccc12)C3CCC4=O,O=C1CCC2c3ccc4ccccc4c3CCC12,-5.2400,-4.9877,0.2523,0.5185
scaffold_shuffled,4,GCN,Molecular graph,448,NC(=O)NC1NC(=O)NC1=O ,O=C1CNC(=O)N1,-1.6000,-1.2983,0.3017,0.2258
scaffold_shuffled,4,GCN,Molecular graph,452,Clc1cccc2ccccc12,c1ccc2ccccc2c1,-3.9300,-4.0924,0.1624,0.5000
scaffold_shuffled,4,GCN,Molecular graph,455,CCCC1CCCC1,C1CCCC1,-4.7400,-3.9959,0.7441,0.5263
scaffold_shuffled,4,GCN,Molecular graph,486,CCOP(=S)(OCC)SCn1c(=O)oc2cc(Cl)ccc12,O=c1[nH]c2ccccc2o1,-5.2330,-5.5590,0.3260,0.4231
scaffold_shuffled,4,GCN,Molecular graph,496,Nc2cccc3nc1ccccc1cc23 ,c1ccc2nc3ccccc3cc2c1,-4.2200,-5.1240,0.9040,0.3333
scaffold_shuffled,4,GCN,Molecular graph,502,Cn2c(=O)on(c1ccc(Cl)c(Cl)c1)c2=O,O=c1[nH]c(=O)n(-c2ccccc2)o1,-2.8200,-3.1269,0.3069,0.2955
scaffold_shuffled,4,GCN,Molecular graph,503,Oc1ccc(cc1)c2ccccc2,c1ccc(-c2ccccc2)cc1,-3.4800,-2.4364,1.0436,0.6250
scaffold_shuffled,4,GCN,Molecular graph,514,CNC(=O)Oc1ccccc1C2OCCO2,c1ccc(C2OCCO2)cc1,-1.5700,-1.9871,0.4171,0.4878
scaffold_shuffled,4,GCN,Molecular graph,525,O=Cc2ccc1OCOc1c2 ,c1ccc2c(c1)OCO2,-1.6300,-2.3653,0.7353,0.3448
scaffold_shuffled,4,GCN,Molecular graph,537,OCC2OC(Oc1ccccc1CO)C(O)C(O)C2O,c1ccc(OC2CCCCO2)cc1,-0.8500,-1.1539,0.3039,0.4186
scaffold_shuffled,4,GCN,Molecular graph,547,Clc1ccc(c(Cl)c1)c2cc(Cl)ccc2Cl ,c1ccc(-c2ccccc2)cc1,-6.5700,-5.7922,0.7778,0.5714
scaffold_shuffled,4,GCN,Molecular graph,552,CC23Cc1cnoc1C=C2CCC4C3CCC5(C)C4CCC5(O)C#C,C1=C2CCC3C4CCCC4CCC3C2Cc2cnoc21,-5.5070,-4.7294,0.7776,0.5932
scaffold_shuffled,4,GCN,Molecular graph,554,Brc1ccc2ccccc2c1,c1ccc2ccccc2c1,-4.4000,-5.0104,0.6104,0.5000
scaffold_shuffled,4,GCN,Molecular graph,559,Clc1ccc(c(Cl)c1)c2ccc(Cl)c(Cl)c2Cl ,c1ccc(-c2ccccc2)cc1,-7.8000,-6.0520,1.7480,0.5217
scaffold_shuffled,4,GCN,Molecular graph,560,Clc1ccc(c(Cl)c1Cl)c2ccc(Cl)c(Cl)c2Cl ,c1ccc(-c2ccccc2)cc1,-8.0100,-6.3052,1.7048,0.7143
scaffold_shuffled,4,GCN,Molecular graph,561,CC(=O)CC(c1ccccc1)c3c(O)c2ccccc2oc3=O ,O=c1oc2ccccc2cc1Cc1ccccc1,-3.8930,-4.1723,0.2793,0.3509
scaffold_shuffled,4,GCN,Molecular graph,568,Nc1ccc(cc1)c2ccc(N)cc2,c1ccc(-c2ccccc2)cc1,-2.7000,-3.1446,0.4446,0.5000
scaffold_shuffled,4,GCN,Molecular graph,570,CCCCc1c(C)nc(NCC)[nH]c1=O,O=c1ccnc[nH]1,-3.0280,-2.9193,0.1087,0.2273
scaffold_shuffled,4,GCN,Molecular graph,583,CC(=O)CC(c1ccc(Cl)cc1)c2c(O)c3ccccc3oc2=O,O=c1oc2ccccc2cc1Cc1ccccc1,-5.8390,-4.6975,1.1415,0.3226
scaffold_shuffled,4,GCN,Molecular graph,584,CCc1ccc2ccccc2c1,c1ccc2ccccc2c1,-4.2900,-5.1566,0.8666,0.4783
scaffold_shuffled,4,GCN,Molecular graph,586,Clc2c(Cl)c(Cl)c(c1ccccc1)c(Cl)c2Cl ,c1ccc(-c2ccccc2)cc1,-7.9200,-5.9076,2.0124,0.4211
scaffold_shuffled,4,GCN,Molecular graph,592,CN2C(=C(O)c1ccccc1S2(=O)=O)C(=O)Nc3ccccn3 ,O=C(Nc1ccccn1)C1=Cc2ccccc2S(=O)(=O)N1,-4.1600,-2.9927,1.1673,0.2833
scaffold_shuffled,4,GCN,Molecular graph,594,C1CCCC1,C1CCCC1,-2.6400,-3.2379,0.5979,1.0000
scaffold_shuffled,4,GCN,Molecular graph,603,Clc1c(Cl)c(Cl)c(c(Cl)c1Cl)c2c(Cl)c(Cl)c(Cl)c(Cl)c2Cl ,c1ccc(-c2ccccc2)cc1,-11.6000,-6.9410,4.6590,0.3846
scaffold_shuffled,4,GCN,Molecular graph,606,Cc1cccc2ccccc12,c1ccc2ccccc2c1,-3.7000,-3.8175,0.1175,0.5000
scaffold_shuffled,4,GCN,Molecular graph,607,CCN(CC)C(=O)C(C)Oc1cccc2ccccc12 ,c1ccc2ccccc2c1,-3.5700,-4.6897,1.1197,0.3125
scaffold_shuffled,4,GCN,Molecular graph,610,CC2=CC(=O)c1ccccc1C2=O ,O=C1C=CC(=O)c2ccccc21,-3.0300,-3.8103,0.7803,0.5000
scaffold_shuffled,4,GCN,Molecular graph,611,c1ccc2c(c1)ccc3ccccc32,c1ccc2c(c1)ccc1ccccc12,-5.2600,-5.3616,0.1016,0.5556
scaffold_shuffled,4,GCN,Molecular graph,616,Cc1ccc2cc(C)ccc2c1,c1ccc2ccccc2c1,-4.8900,-5.2156,0.3256,0.7222
scaffold_shuffled,4,GCN,Molecular graph,622,Cn2cc(c1ccccc1)c(=O)c(c2)c3cccc(c3)C(F)(F)F,O=c1c(-c2ccccc2)c[nH]cc1-c1ccccc1,-4.4450,-5.0793,0.6343,0.3714
scaffold_shuffled,4,GCN,Molecular graph,632,Cc1cccc2c(C)cccc12,c1ccc2ccccc2c1,-4.6790,-4.1964,0.4826,0.5625
scaffold_shuffled,4,GCN,Molecular graph,650,c1cc2ccc3cccc4ccc(c1)c2c34,c1cc2ccc3cccc4ccc(c1)c2c34,-6.1760,-7.1078,0.9318,0.6250
scaffold_shuffled,4,GCN,Molecular graph,660,Clc2ccc1oc(=O)[nH]c1c2,O=c1[nH]c2ccccc2o1,-2.8310,-3.4203,0.5893,0.3000
scaffold_shuffled,4,GCN,Molecular graph,661,Clc1ccc(c(Cl)c1)c2c(Cl)c(Cl)c(Cl)c(Cl)c2Cl,c1ccc(-c2ccccc2)cc1,-7.9200,-6.5438,1.3762,0.4783
scaffold_shuffled,4,GCN,Molecular graph,668,Clc1ccc(Cl)c(c1)c2cc(Cl)c(Cl)c(Cl)c2Cl,c1ccc(-c2ccccc2)cc1,-7.6800,-6.5339,1.1461,0.4400
scaffold_shuffled,4,GCN,Molecular graph,729,Clc1ccc(Cl)c(c1)c2cccc(Cl)c2Cl ,c1ccc(-c2ccccc2)cc1,-6.4700,-5.5291,0.9409,0.4583
scaffold_shuffled,4,GCN,Molecular graph,752,Oc1cccc2ccccc12,c1ccc2ccccc2c1,-2.2200,-2.3974,0.1774,0.5000
scaffold_shuffled,4,GCN,Molecular graph,774,Sc1nccc(=O)[nH]1 ,O=c1ccnc[nH]1,-2.2730,-0.8284,1.4446,0.3214
scaffold_shuffled,4,GCN,Molecular graph,778,COc2c1occc1c(OC)c3c(=O)cc(C)oc23 ,O=c1ccoc2cc3occc3cc12,-3.0210,-4.2311,1.2101,0.4667
scaffold_shuffled,4,GCN,Molecular graph,812,c1cc2ccc(OC)c(CC=C(C)(C))c2oc1=O ,O=c1ccc2ccccc2o1,-4.3140,-5.0027,0.6887,0.3673
scaffold_shuffled,4,GCN,Molecular graph,823,CCCCCC1CCCC1,C1CCCC1,-6.0800,-5.3266,0.7534,0.4545
scaffold_shuffled,4,GCN,Molecular graph,824,Clc1ccc(Cl)c(c1)c2c(Cl)c(Cl)cc(Cl)c2Cl ,c1ccc(-c2ccccc2)cc1,-7.4200,-6.2899,1.1301,0.4583
scaffold_shuffled,4,GCN,Molecular graph,846,O=C1CNC(=O)N1 ,O=C1CNC(=O)N1,-0.4000,-0.7829,0.3829,0.3684
scaffold_shuffled,4,GCN,Molecular graph,849,CCOP(=S)(OCC)Oc2ccc1oc(=O)c(Cl)c(C)c1c2,O=c1ccc2ccccc2o1,-5.3820,-5.8501,0.4681,0.4118
scaffold_shuffled,4,GCN,Molecular graph,862,Clc1ccc(cc1Cl)c2cc(Cl)c(Cl)c(Cl)c2Cl ,c1ccc(-c2ccccc2)cc1,-7.8200,-6.5867,1.2333,0.4348
scaffold_shuffled,4,GCN,Molecular graph,863,CC1(OC(=O)N(C1=O)c2cc(Cl)cc(Cl)c2)C=C,O=C1COC(=O)N1c1ccccc1,-4.9250,-4.0439,0.8811,0.4615
scaffold_shuffled,4,GCN,Molecular graph,870,c1ccc(cc1)c2ccccc2,c1ccc(-c2ccccc2)cc1,-4.3450,-3.1781,1.1669,0.4286
scaffold_shuffled,4,GCN,Molecular graph,871,Clc1cc(Cl)c(c(Cl)c1)c2c(Cl)cc(Cl)cc2Cl ,c1ccc(-c2ccccc2)cc1,-8.7100,-6.2981,2.4119,0.6667
scaffold_shuffled,4,GCN,Molecular graph,879,Clc1ccc(Cl)c(c1)c2c(Cl)c(Cl)c(Cl)c(Cl)c2Cl,c1ccc(-c2ccccc2)cc1,-8.9400,-6.5911,2.3489,0.4783
scaffold_shuffled,4,GCN,Molecular graph,906,Cc1cc2ccccc2cc1C,c1ccc2ccccc2c1,-4.7200,-5.1477,0.4277,0.6000
scaffold_shuffled,4,GCN,Molecular graph,907,Clc1ccc(cc1)c2cc(Cl)ccc2Cl ,c1ccc(-c2ccccc2)cc1,-6.2500,-5.4281,0.8219,0.5000
scaffold_shuffled,4,GCN,Molecular graph,908,Clc1ccc(c(Cl)c1)c2cc(Cl)c(Cl)c(Cl)c2Cl ,c1ccc(-c2ccccc2)cc1,-7.3900,-6.4813,0.9087,0.4400
scaffold_shuffled,4,GCN,Molecular graph,911,Clc1cccc(Cl)c1c2ccccc2 ,c1ccc(-c2ccccc2)cc1,-5.2100,-4.2008,1.0092,0.5000
scaffold_shuffled,4,GCN,Molecular graph,916,c2ccc1[nH]ncc1c2 ,c1ccc2[nH]ncc2c1,-2.1600,-1.3101,0.8499,0.3846
scaffold_shuffled,4,GCN,Molecular graph,918,Nc2nc1[nH]cnc1c(=O)[nH]2 ,O=c1[nH]cnc2[nH]cnc12,-3.5830,-1.7928,1.7902,0.3333
scaffold_shuffled,4,GCN,Molecular graph,936,O=N(=O)c1cccc2ccccc12,c1ccc2ccccc2c1,-3.5400,-3.7347,0.1947,0.6087
scaffold_shuffled,4,GCN,Molecular graph,939,OC(CC(c1ccccc1)c3c(O)c2ccccc2oc3=O)c4ccc(cc4)c5ccc(Br)cc5 ,O=c1oc2ccccc2cc1C(CCc1ccc(-c2ccccc2)cc1)c1ccccc1,-4.4450,-5.0360,0.5910,0.3281
scaffold_shuffled,4,GCN,Molecular graph,952,CNC(=O)Oc1cccc2ccccc12,c1ccc2ccccc2c1,-3.2240,-3.6008,0.3768,0.5556
scaffold_shuffled,4,GCN,Molecular graph,962,Clc1ccc(cc1)c2c(Cl)cccc2Cl ,c1ccc(-c2ccccc2)cc1,-6.1400,-4.9655,1.1745,0.4444
scaffold_shuffled,4,GCN,Molecular graph,970,Clc1cccc(Cl)c1c2c(Cl)cccc2Cl ,c1ccc(-c2ccccc2)cc1,-7.3900,-4.9999,2.3901,0.6250
scaffold_shuffled,4,GCN,Molecular graph,1018,ClC(Cl)CC(=O)NC2=C(Cl)C(=O)c1ccccc1C2=O,O=C1C=CC(=O)c2ccccc21,-5.0300,-4.8965,0.1335,0.3333
scaffold_shuffled,4,GCN,Molecular graph,1039,CC(=O)SC4CC1=CC(=O)CCC1(C)C5CCC2(C)C(CCC23CCC(=O)O3)C45,O=C1C=C2CCC3C(CCC4C3CCC43CCC(=O)O3)C2CC1,-4.1730,-4.2451,0.0721,0.4242
scaffold_shuffled,4,GCN,Molecular graph,1042,Clc1cc(Cl)c(cc1Cl)c2cc(Cl)c(Cl)cc2Cl ,c1ccc(-c2ccccc2)cc1,-8.5600,-6.5333,2.0267,0.6667
scaffold_shuffled,4,GCN,Molecular graph,1054,Cc1cccc2c1ccc3ccccc32,c1ccc2c(c1)ccc1ccccc12,-5.8500,-5.6063,0.2437,0.4828
scaffold_shuffled,4,GCN,Molecular graph,1102,CC1CCCC1,C1CCCC1,-3.3000,-3.5224,0.2224,0.9091
scaffold_shuffled,4,GCN,Molecular graph,1120,Clc1ccc(c(Cl)c1Cl)c2c(Cl)cc(Cl)c(Cl)c2Cl ,c1ccc(-c2ccccc2)cc1,-7.6600,-6.4851,1.1749,0.4762
scaffold_shuffled,4,GIN,Molecular graph,1,Cc1occc1C(=O)Nc2ccccc2,O=C(Nc1ccccc1)c1ccoc1,-3.3000,-2.3406,0.9594,0.4545
scaffold_shuffled,4,GIN,Molecular graph,3,c1ccc2c(c1)ccc3c2ccc4c5ccccc5ccc43,c1ccc2c(c1)ccc1c2ccc2c3ccccc3ccc21,-7.8700,-7.4850,0.3850,0.5789
scaffold_shuffled,4,GIN,Molecular graph,6,Clc1cc(Cl)c(c(Cl)c1)c2c(Cl)cccc2Cl,c1ccc(-c2ccccc2)cc1,-7.3200,-6.4725,0.8475,0.5000
scaffold_shuffled,4,GIN,Molecular graph,11,Clc1ccc2ccccc2c1,c1ccc2ccccc2c1,-4.1400,-5.2383,1.0983,0.5000
scaffold_shuffled,4,GIN,Molecular graph,20,Clc1ccc(c(Cl)c1)c2c(Cl)ccc(Cl)c2Cl ,c1ccc(-c2ccccc2)cc1,-7.4300,-6.4235,1.0065,0.5000
scaffold_shuffled,4,GIN,Molecular graph,40,c1c(Cl)cccc1c2ccccc2,c1ccc(-c2ccccc2)cc1,-4.8800,-4.4047,0.4753,0.5789
scaffold_shuffled,4,GIN,Molecular graph,54,Clc1cccc(c1Cl)c2c(Cl)c(Cl)cc(Cl)c2Cl ,c1ccc(-c2ccccc2)cc1,-8.6000,-6.4619,2.1381,0.5000
scaffold_shuffled,4,GIN,Molecular graph,57,Cc1ccc(C)c2ccccc12,c1ccc2ccccc2c1,-4.1400,-4.5373,0.3973,0.5625
scaffold_shuffled,4,GIN,Molecular graph,60,Clc1cc(Cl)c(Cl)c(c1Cl)c2c(Cl)c(Cl)cc(Cl)c2Cl ,c1ccc(-c2ccccc2)cc1,-9.1500,-7.2109,1.9391,0.6429
scaffold_shuffled,4,GIN,Molecular graph,69,Clc1ccccc1c2ccccc2Cl ,c1ccc(-c2ccccc2)cc1,-5.2700,-4.6404,0.6296,0.6429
scaffold_shuffled,4,GIN,Molecular graph,77,Clc1cccc(c1)c2cc(Cl)ccc2Cl ,c1ccc(-c2ccccc2)cc1,-6.0100,-5.8707,0.1393,0.4783
scaffold_shuffled,4,GIN,Molecular graph,88,CC(C)C1CCC(C)CC1=O,O=C1CCCCC1,-2.3500,-3.2359,0.8859,0.3043
scaffold_shuffled,4,GIN,Molecular graph,94,Cc1cc(C)c2ccccc2c1,c1ccc2ccccc2c1,-4.2900,-5.4803,1.1903,0.5417
scaffold_shuffled,4,GIN,Molecular graph,97,Clc1ccc(Cl)c(c1)c2ccc(Cl)c(Cl)c2,c1ccc(-c2ccccc2)cc1,-7.2500,-6.3531,0.8969,0.5909
scaffold_shuffled,4,GIN,Molecular graph,104,CCc1cccc2ccccc12,c1ccc2ccccc2c1,-4.1700,-4.4407,0.2707,0.5714
scaffold_shuffled,4,GIN,Molecular graph,116,c1ccc2cnccc2c1,c1ccc2cnccc2c1,-1.4500,-1.7489,0.2989,0.3750
scaffold_shuffled,4,GIN,Molecular graph,119,Clc1ccccc1c2ccccc2,c1ccc(-c2ccccc2)cc1,-4.5400,-4.0372,0.5028,0.5000
scaffold_shuffled,4,GIN,Molecular graph,139,Brc1cccc2ccccc12,c1ccc2ccccc2c1,-4.3500,-4.4730,0.1230,0.5000
scaffold_shuffled,4,GIN,Molecular graph,143,Nc1cccc2ccccc12,c1ccc2ccccc2c1,-1.9200,-2.6770,0.7570,0.4348
scaffold_shuffled,4,GIN,Molecular graph,166,Clc1ccc(cc1)c2ccccc2Cl ,c1ccc(-c2ccccc2)cc1,-5.2800,-4.9746,0.3054,0.4500
scaffold_shuffled,4,GIN,Molecular graph,186,c1ccnnc1,c1ccnnc1,1.1000,-0.1213,1.2213,0.4167
scaffold_shuffled,4,GIN,Molecular graph,194,Oc1ccc2ccccc2c1,c1ccc2ccccc2c1,-2.2800,-2.5708,0.2908,0.5000
scaffold_shuffled,4,GIN,Molecular graph,215,Clc1ccc(cc1)c2ccc(Cl)cc2 ,c1ccc(-c2ccccc2)cc1,-6.5600,-5.3280,1.2320,0.7273
scaffold_shuffled,4,GIN,Molecular graph,220,c1cc2cccc3c4cccc5cccc(c(c1)c23)c54,c1cc2cccc3c4cccc5cccc(c(c1)c23)c54,-8.8040,-7.1728,1.6312,0.7500
scaffold_shuffled,4,GIN,Molecular graph,222,c1c(Br)ccc2ccccc12 ,c1ccc2ccccc2c1,-4.4000,-5.4806,1.0806,0.5000
scaffold_shuffled,4,GIN,Molecular graph,234,Cc1ccc(cc1)c2ccccc2,c1ccc(-c2ccccc2)cc1,-4.6200,-4.2212,0.3988,0.6250
scaffold_shuffled,4,GIN,Molecular graph,240,O=C1CCCCC1,O=C1CCCCC1,-0.6000,-1.5981,0.9981,0.3000
scaffold_shuffled,4,GIN,Molecular graph,256,c1ccc2ccccc2c1,c1ccc2ccccc2c1,-3.6000,-3.4089,0.1911,0.6364
scaffold_shuffled,4,GIN,Molecular graph,275,Ic1cccc2ccccc12,c1ccc2ccccc2c1,-4.5500,-4.6646,0.1146,0.4348
scaffold_shuffled,4,GIN,Molecular graph,289,Cc1ccc2c(ccc3ccccc32)c1,c1ccc2c(c1)ccc1ccccc12,-5.8400,-6.5838,0.7438,0.6250
scaffold_shuffled,4,GIN,Molecular graph,294,CCOC(=O)c1ccccc1S(=O)(=O)NN(C=O)c2nc(Cl)cc(OC)n2,O=S(=O)(NNc1ncccn1)c1ccccc1,-4.5760,-2.9163,1.6597,0.3636
scaffold_shuffled,4,GIN,Molecular graph,297,Clc1cc(c(Cl)c(Cl)c1Cl)c2cc(Cl)c(Cl)c(Cl)c2Cl,c1ccc(-c2ccccc2)cc1,-9.1600,-7.2066,1.9534,0.6667
scaffold_shuffled,4,GIN,Molecular graph,319,Clc1cc(Cl)c(cc1Cl)c2cccc(Cl)c2Cl ,c1ccc(-c2ccccc2)cc1,-7.2100,-6.3434,0.8666,0.5000
scaffold_shuffled,4,GIN,Molecular graph,322,O=C(Nc1ccccc1)Nc2ccccc2,O=C(Nc1ccccc1)Nc1ccccc1,-3.1500,-3.4083,0.2583,0.6364
scaffold_shuffled,4,GIN,Molecular graph,324,Clc1ccc(cc1)c2cccc(Cl)c2Cl ,c1ccc(-c2ccccc2)cc1,-6.2900,-5.3855,0.9045,0.5000
scaffold_shuffled,4,GIN,Molecular graph,326,CCN(CC)C(=O)CSc1ccc(Cl)nn1,c1ccnnc1,-1.7160,-2.8073,1.0913,0.2414
scaffold_shuffled,4,GIN,Molecular graph,339,c3ccc2nc1ccccc1cc2c3,c1ccc2nc3ccccc3cc2c1,-3.6700,-5.3666,1.6966,0.5625
scaffold_shuffled,4,GIN,Molecular graph,344,CCC(C)C(=O)OC2CC(C)C=C3C=CC(C)C(CCC1CC(O)CC(=O)O1)C23 ,O=C1CCCC(CCC2CC=CC3=CCCCC32)O1,-6.0050,-4.1883,1.8167,0.1774
scaffold_shuffled,4,GIN,Molecular graph,351,Cc1ccc2ccccc2c1,c1ccc2ccccc2c1,-3.7700,-4.8736,1.1036,0.8421
scaffold_shuffled,4,GIN,Molecular graph,397,Clc1ccc(cc1Cl)c2ccccc2 ,c1ccc(-c2ccccc2)cc1,-6.3900,-5.2627,1.1273,0.4500
scaffold_shuffled,4,GIN,Molecular graph,412,CC(=O)Nc1nnc(s1)S(N)(=O)=O ,c1nncs1,-2.3600,-1.6335,0.7265,0.2703
scaffold_shuffled,4,GIN,Molecular graph,417,Clc1cccc(c1Cl)c2cccc(Cl)c2Cl,c1ccc(-c2ccccc2)cc1,-7.2800,-5.4565,1.8235,0.6875
scaffold_shuffled,4,GIN,Molecular graph,434,CC34CCc1c(ccc2cc(O)ccc12)C3CCC4=O,O=C1CCC2c3ccc4ccccc4c3CCC12,-5.2400,-4.5954,0.6446,0.5185
scaffold_shuffled,4,GIN,Molecular graph,448,NC(=O)NC1NC(=O)NC1=O ,O=C1CNC(=O)N1,-1.6000,-0.7333,0.8667,0.2258
scaffold_shuffled,4,GIN,Molecular graph,452,Clc1cccc2ccccc12,c1ccc2ccccc2c1,-3.9300,-4.2474,0.3174,0.5000
scaffold_shuffled,4,GIN,Molecular graph,455,CCCC1CCCC1,C1CCCC1,-4.7400,-4.1916,0.5483,0.5263
scaffold_shuffled,4,GIN,Molecular graph,486,CCOP(=S)(OCC)SCn1c(=O)oc2cc(Cl)ccc12,O=c1[nH]c2ccccc2o1,-5.2330,-4.8578,0.3752,0.4231
scaffold_shuffled,4,GIN,Molecular graph,496,Nc2cccc3nc1ccccc1cc23 ,c1ccc2nc3ccccc3cc2c1,-4.2200,-4.5294,0.3094,0.3333
scaffold_shuffled,4,GIN,Molecular graph,502,Cn2c(=O)on(c1ccc(Cl)c(Cl)c1)c2=O,O=c1[nH]c(=O)n(-c2ccccc2)o1,-2.8200,-3.0307,0.2107,0.2955
scaffold_shuffled,4,GIN,Molecular graph,503,Oc1ccc(cc1)c2ccccc2,c1ccc(-c2ccccc2)cc1,-3.4800,-2.5078,0.9722,0.6250
scaffold_shuffled,4,GIN,Molecular graph,514,CNC(=O)Oc1ccccc1C2OCCO2,c1ccc(C2OCCO2)cc1,-1.5700,-1.8947,0.3247,0.4878
scaffold_shuffled,4,GIN,Molecular graph,525,O=Cc2ccc1OCOc1c2 ,c1ccc2c(c1)OCO2,-1.6300,-2.1624,0.5324,0.3448
scaffold_shuffled,4,GIN,Molecular graph,537,OCC2OC(Oc1ccccc1CO)C(O)C(O)C2O,c1ccc(OC2CCCCO2)cc1,-0.8500,-1.2817,0.4317,0.4186
scaffold_shuffled,4,GIN,Molecular graph,547,Clc1ccc(c(Cl)c1)c2cc(Cl)ccc2Cl ,c1ccc(-c2ccccc2)cc1,-6.5700,-6.3506,0.2194,0.5714
scaffold_shuffled,4,GIN,Molecular graph,552,CC23Cc1cnoc1C=C2CCC4C3CCC5(C)C4CCC5(O)C#C,C1=C2CCC3C4CCCC4CCC3C2Cc2cnoc21,-5.5070,-4.0712,1.4358,0.5932
scaffold_shuffled,4,GIN,Molecular graph,554,Brc1ccc2ccccc2c1,c1ccc2ccccc2c1,-4.4000,-5.4806,1.0806,0.5000
scaffold_shuffled,4,GIN,Molecular graph,559,Clc1ccc(c(Cl)c1)c2ccc(Cl)c(Cl)c2Cl ,c1ccc(-c2ccccc2)cc1,-7.8000,-6.4465,1.3535,0.5217
scaffold_shuffled,4,GIN,Molecular graph,560,Clc1ccc(c(Cl)c1Cl)c2ccc(Cl)c(Cl)c2Cl ,c1ccc(-c2ccccc2)cc1,-8.0100,-6.5141,1.4959,0.7143
scaffold_shuffled,4,GIN,Molecular graph,561,CC(=O)CC(c1ccccc1)c3c(O)c2ccccc2oc3=O ,O=c1oc2ccccc2cc1Cc1ccccc1,-3.8930,-3.0135,0.8795,0.3509
scaffold_shuffled,4,GIN,Molecular graph,568,Nc1ccc(cc1)c2ccc(N)cc2,c1ccc(-c2ccccc2)cc1,-2.7000,-2.9663,0.2663,0.5000
scaffold_shuffled,4,GIN,Molecular graph,570,CCCCc1c(C)nc(NCC)[nH]c1=O,O=c1ccnc[nH]1,-3.0280,-2.2695,0.7585,0.2273
scaffold_shuffled,4,GIN,Molecular graph,583,CC(=O)CC(c1ccc(Cl)cc1)c2c(O)c3ccccc3oc2=O,O=c1oc2ccccc2cc1Cc1ccccc1,-5.8390,-3.4288,2.4102,0.3226
scaffold_shuffled,4,GIN,Molecular graph,584,CCc1ccc2ccccc2c1,c1ccc2ccccc2c1,-4.2900,-5.5790,1.2890,0.4783
scaffold_shuffled,4,GIN,Molecular graph,586,Clc2c(Cl)c(Cl)c(c1ccccc1)c(Cl)c2Cl ,c1ccc(-c2ccccc2)cc1,-7.9200,-6.2187,1.7013,0.4211
scaffold_shuffled,4,GIN,Molecular graph,592,CN2C(=C(O)c1ccccc1S2(=O)=O)C(=O)Nc3ccccn3 ,O=C(Nc1ccccn1)C1=Cc2ccccc2S(=O)(=O)N1,-4.1600,-2.5140,1.6460,0.2833
scaffold_shuffled,4,GIN,Molecular graph,594,C1CCCC1,C1CCCC1,-2.6400,-3.5044,0.8644,1.0000
scaffold_shuffled,4,GIN,Molecular graph,603,Clc1c(Cl)c(Cl)c(c(Cl)c1Cl)c2c(Cl)c(Cl)c(Cl)c(Cl)c2Cl ,c1ccc(-c2ccccc2)cc1,-11.6000,-7.3186,4.2814,0.3846
scaffold_shuffled,4,GIN,Molecular graph,606,Cc1cccc2ccccc12,c1ccc2ccccc2c1,-3.7000,-3.8473,0.1473,0.5000
scaffold_shuffled,4,GIN,Molecular graph,607,CCN(CC)C(=O)C(C)Oc1cccc2ccccc12 ,c1ccc2ccccc2c1,-3.5700,-4.0697,0.4997,0.3125
scaffold_shuffled,4,GIN,Molecular graph,610,CC2=CC(=O)c1ccccc1C2=O ,O=C1C=CC(=O)c2ccccc21,-3.0300,-3.0035,0.0265,0.5000
scaffold_shuffled,4,GIN,Molecular graph,611,c1ccc2c(c1)ccc3ccccc32,c1ccc2c(c1)ccc1ccccc12,-5.2600,-5.8298,0.5698,0.5556
scaffold_shuffled,4,GIN,Molecular graph,616,Cc1ccc2cc(C)ccc2c1,c1ccc2ccccc2c1,-4.8900,-6.0199,1.1299,0.7222
scaffold_shuffled,4,GIN,Molecular graph,622,Cn2cc(c1ccccc1)c(=O)c(c2)c3cccc(c3)C(F)(F)F,O=c1c(-c2ccccc2)c[nH]cc1-c1ccccc1,-4.4450,-4.1726,0.2724,0.3714
scaffold_shuffled,4,GIN,Molecular graph,632,Cc1cccc2c(C)cccc12,c1ccc2ccccc2c1,-4.6790,-4.2410,0.4380,0.5625
scaffold_shuffled,4,GIN,Molecular graph,650,c1cc2ccc3cccc4ccc(c1)c2c34,c1cc2ccc3cccc4ccc(c1)c2c34,-6.1760,-7.2017,1.0257,0.6250
scaffold_shuffled,4,GIN,Molecular graph,660,Clc2ccc1oc(=O)[nH]c1c2,O=c1[nH]c2ccccc2o1,-2.8310,-2.7938,0.0372,0.3000
scaffold_shuffled,4,GIN,Molecular graph,661,Clc1ccc(c(Cl)c1)c2c(Cl)c(Cl)c(Cl)c(Cl)c2Cl,c1ccc(-c2ccccc2)cc1,-7.9200,-6.9582,0.9618,0.4783
scaffold_shuffled,4,GIN,Molecular graph,668,Clc1ccc(Cl)c(c1)c2cc(Cl)c(Cl)c(Cl)c2Cl,c1ccc(-c2ccccc2)cc1,-7.6800,-6.8415,0.8385,0.4400
scaffold_shuffled,4,GIN,Molecular graph,729,Clc1ccc(Cl)c(c1)c2cccc(Cl)c2Cl ,c1ccc(-c2ccccc2)cc1,-6.4700,-5.9043,0.5657,0.4583
scaffold_shuffled,4,GIN,Molecular graph,752,Oc1cccc2ccccc12,c1ccc2ccccc2c1,-2.2200,-2.1626,0.0574,0.5000
scaffold_shuffled,4,GIN,Molecular graph,774,Sc1nccc(=O)[nH]1 ,O=c1ccnc[nH]1,-2.2730,-1.0372,1.2358,0.3214
scaffold_shuffled,4,GIN,Molecular graph,778,COc2c1occc1c(OC)c3c(=O)cc(C)oc23 ,O=c1ccoc2cc3occc3cc12,-3.0210,-3.3406,0.3196,0.4667
scaffold_shuffled,4,GIN,Molecular graph,812,c1cc2ccc(OC)c(CC=C(C)(C))c2oc1=O ,O=c1ccc2ccccc2o1,-4.3140,-4.1937,0.1203,0.3673
scaffold_shuffled,4,GIN,Molecular graph,823,CCCCCC1CCCC1,C1CCCC1,-6.0800,-5.1924,0.8876,0.4545
scaffold_shuffled,4,GIN,Molecular graph,824,Clc1ccc(Cl)c(c1)c2c(Cl)c(Cl)cc(Cl)c2Cl ,c1ccc(-c2ccccc2)cc1,-7.4200,-6.8444,0.5756,0.4583
scaffold_shuffled,4,GIN,Molecular graph,846,O=C1CNC(=O)N1 ,O=C1CNC(=O)N1,-0.4000,-0.6850,0.2850,0.3684
scaffold_shuffled,4,GIN,Molecular graph,849,CCOP(=S)(OCC)Oc2ccc1oc(=O)c(Cl)c(C)c1c2,O=c1ccc2ccccc2o1,-5.3820,-5.1551,0.2269,0.4118
scaffold_shuffled,4,GIN,Molecular graph,862,Clc1ccc(cc1Cl)c2cc(Cl)c(Cl)c(Cl)c2Cl ,c1ccc(-c2ccccc2)cc1,-7.8200,-6.8620,0.9580,0.4348
scaffold_shuffled,4,GIN,Molecular graph,863,CC1(OC(=O)N(C1=O)c2cc(Cl)cc(Cl)c2)C=C,O=C1COC(=O)N1c1ccccc1,-4.9250,-4.1276,0.7974,0.4615
scaffold_shuffled,4,GIN,Molecular graph,870,c1ccc(cc1)c2ccccc2,c1ccc(-c2ccccc2)cc1,-4.3450,-3.3785,0.9665,0.4286
scaffold_shuffled,4,GIN,Molecular graph,871,Clc1cc(Cl)c(c(Cl)c1)c2c(Cl)cc(Cl)cc2Cl ,c1ccc(-c2ccccc2)cc1,-8.7100,-7.2217,1.4883,0.6667
scaffold_shuffled,4,GIN,Molecular graph,879,Clc1ccc(Cl)c(c1)c2c(Cl)c(Cl)c(Cl)c(Cl)c2Cl,c1ccc(-c2ccccc2)cc1,-8.9400,-6.9370,2.0030,0.4783
scaffold_shuffled,4,GIN,Molecular graph,906,Cc1cc2ccccc2cc1C,c1ccc2ccccc2c1,-4.7200,-5.4547,0.7347,0.6000
scaffold_shuffled,4,GIN,Molecular graph,907,Clc1ccc(cc1)c2cc(Cl)ccc2Cl ,c1ccc(-c2ccccc2)cc1,-6.2500,-5.9082,0.3418,0.5000
scaffold_shuffled,4,GIN,Molecular graph,908,Clc1ccc(c(Cl)c1)c2cc(Cl)c(Cl)c(Cl)c2Cl ,c1ccc(-c2ccccc2)cc1,-7.3900,-6.8604,0.5296,0.4400
scaffold_shuffled,4,GIN,Molecular graph,911,Clc1cccc(Cl)c1c2ccccc2 ,c1ccc(-c2ccccc2)cc1,-5.2100,-4.6584,0.5516,0.5000
scaffold_shuffled,4,GIN,Molecular graph,916,c2ccc1[nH]ncc1c2 ,c1ccc2[nH]ncc2c1,-2.1600,-1.7463,0.4137,0.3846
scaffold_shuffled,4,GIN,Molecular graph,918,Nc2nc1[nH]cnc1c(=O)[nH]2 ,O=c1[nH]cnc2[nH]cnc12,-3.5830,-1.8381,1.7449,0.3333
scaffold_shuffled,4,GIN,Molecular graph,936,O=N(=O)c1cccc2ccccc12,c1ccc2ccccc2c1,-3.5400,-3.7491,0.2091,0.6087
scaffold_shuffled,4,GIN,Molecular graph,939,OC(CC(c1ccccc1)c3c(O)c2ccccc2oc3=O)c4ccc(cc4)c5ccc(Br)cc5 ,O=c1oc2ccccc2cc1C(CCc1ccc(-c2ccccc2)cc1)c1ccccc1,-4.4450,-4.4939,0.0489,0.3281
scaffold_shuffled,4,GIN,Molecular graph,952,CNC(=O)Oc1cccc2ccccc12,c1ccc2ccccc2c1,-3.2240,-3.0999,0.1241,0.5556
scaffold_shuffled,4,GIN,Molecular graph,962,Clc1ccc(cc1)c2c(Cl)cccc2Cl ,c1ccc(-c2ccccc2)cc1,-6.1400,-5.4481,0.6919,0.4444
scaffold_shuffled,4,GIN,Molecular graph,970,Clc1cccc(Cl)c1c2c(Cl)cccc2Cl ,c1ccc(-c2ccccc2)cc1,-7.3900,-5.5927,1.7973,0.6250
scaffold_shuffled,4,GIN,Molecular graph,1018,ClC(Cl)CC(=O)NC2=C(Cl)C(=O)c1ccccc1C2=O,O=C1C=CC(=O)c2ccccc21,-5.0300,-3.5493,1.4808,0.3333
scaffold_shuffled,4,GIN,Molecular graph,1039,CC(=O)SC4CC1=CC(=O)CCC1(C)C5CCC2(C)C(CCC23CCC(=O)O3)C45,O=C1C=C2CCC3C(CCC4C3CCC43CCC(=O)O3)C2CC1,-4.1730,-4.2572,0.0842,0.4242
scaffold_shuffled,4,GIN,Molecular graph,1042,Clc1cc(Cl)c(cc1Cl)c2cc(Cl)c(Cl)cc2Cl ,c1ccc(-c2ccccc2)cc1,-8.5600,-7.0988,1.4612,0.6667
scaffold_shuffled,4,GIN,Molecular graph,1054,Cc1cccc2c1ccc3ccccc32,c1ccc2c(c1)ccc1ccccc12,-5.8500,-5.9119,0.0619,0.4828
scaffold_shuffled,4,GIN,Molecular graph,1102,CC1CCCC1,C1CCCC1,-3.3000,-4.0085,0.7085,0.9091
scaffold_shuffled,4,GIN,Molecular graph,1120,Clc1ccc(c(Cl)c1Cl)c2c(Cl)cc(Cl)c(Cl)c2Cl ,c1ccc(-c2ccccc2)cc1,-7.6600,-6.8878,0.7722,0.4762
