dataset_index,smiles,MolWt,MolLogP,TPSA,NumRotatableBonds,AromaticAtomFraction,HeavyAtomCount,NumRings,NumAromaticRings,NumAliphaticRings,NumHeteroatoms,FractionCSP3,NumHDonors,NumHAcceptors
0,OCC3OC(OCC2OC(OC(C#N)c1ccccc1)C(O)C(O)C2O)C(O)C(O)C3O ,457.432000,-3.108020,202.320000,7.000000,0.187500,32.000000,3.000000,1.000000,2.000000,12.000000,0.650000,7.000000,12.000000
1,Cc1occc1C(=O)Nc2ccccc2,201.225000,2.840320,42.240000,2.000000,0.733333,15.000000,2.000000,2.000000,0.000000,3.000000,0.083333,1.000000,2.000000
2,CC(C)=CCCC(C)=CC(=O),152.237000,2.878000,17.070000,4.000000,0.000000,11.000000,0.000000,0.000000,0.000000,1.000000,0.500000,0.000000,1.000000
3,c1ccc2c(c1)ccc3c2ccc4c5ccccc5ccc43,278.354000,6.299400,0.000000,0.000000,1.000000,22.000000,5.000000,5.000000,0.000000,0.000000,0.000000,0.000000,0.000000
4,c1ccsc1,84.143000,1.748100,0.000000,0.000000,1.000000,5.000000,1.000000,1.000000,0.000000,1.000000,0.000000,0.000000,1.000000
5,c2ccc1scnc1c2 ,135.191000,2.296300,12.890000,0.000000,1.000000,9.000000,2.000000,2.000000,0.000000,2.000000,0.000000,0.000000,2.000000
6,Clc1cc(Cl)c(c(Cl)c1)c2c(Cl)cccc2Cl,326.437000,6.620600,0.000000,1.000000,0.705882,17.000000,2.000000,2.000000,0.000000,5.000000,0.000000,0.000000,0.000000
7,CC12CCC3C(CCc4cc(O)ccc34)C2CCC1O,272.388000,3.609200,40.460000,0.000000,0.300000,20.000000,4.000000,1.000000,3.000000,2.000000,0.666667,2.000000,2.000000
9,COc5cc4OCC3Oc2c1CC(Oc1ccc2C(=O)C3c4cc5OC)C(C)=C ,394.423000,3.703300,63.220000,3.000000,0.413793,29.000000,5.000000,2.000000,3.000000,6.000000,0.347826,0.000000,6.000000
10,O=C1CCCN1,85.106000,-0.103600,29.100000,0.000000,0.000000,6.000000,1.000000,0.000000,1.000000,2.000000,0.750000,1.000000,1.000000
11,Clc1ccc2ccccc2c1,162.619000,3.493200,0.000000,0.000000,0.909091,11.000000,2.000000,2.000000,0.000000,1.000000,0.000000,0.000000,0.000000
12,CCCC=C,70.135000,1.972500,0.000000,2.000000,0.000000,5.000000,0.000000,0.000000,0.000000,0.000000,0.600000,0.000000,0.000000
13,CCC1(C(=O)NCNC1=O)c2ccccc2,218.256000,0.537900,58.200000,2.000000,0.375000,16.000000,2.000000,1.000000,1.000000,4.000000,0.333333,2.000000,2.000000
14,CCCCCCCCCCCCCC,198.394000,5.707400,0.000000,11.000000,0.000000,14.000000,0.000000,0.000000,0.000000,0.000000,1.000000,0.000000,0.000000
15,CC(C)Cl,78.542000,1.633600,0.000000,0.000000,0.000000,4.000000,0.000000,0.000000,0.000000,1.000000,1.000000,0.000000,0.000000
16,CCC(C)CO,88.150000,1.024800,20.230000,2.000000,0.000000,6.000000,0.000000,0.000000,0.000000,1.000000,1.000000,1.000000,1.000000
18,CCOP(=S)(OCC)Oc1cc(C)nc(n1)C(C)C,304.352000,3.584720,53.470000,7.000000,0.315789,19.000000,1.000000,1.000000,0.000000,7.000000,0.666667,0.000000,6.000000
20,Clc1ccc(c(Cl)c1)c2c(Cl)ccc(Cl)c2Cl ,326.437000,6.620600,0.000000,1.000000,0.705882,17.000000,2.000000,2.000000,0.000000,5.000000,0.000000,0.000000,0.000000
21,O=c2[nH]c1CCCc1c(=O)n2C3CCCCC3,234.299000,1.530500,54.860000,1.000000,0.352941,17.000000,3.000000,1.000000,2.000000,4.000000,0.692308,1.000000,2.000000
22,CCOP(=S)(OCC)SCSCC,260.386000,3.727700,18.460000,8.000000,0.000000,13.000000,0.000000,0.000000,0.000000,6.000000,1.000000,0.000000,5.000000
26,Cn1c(=O)n(C)c2nc[nH]c2c1=O,180.167000,-1.039700,72.680000,0.000000,0.692308,13.000000,2.000000,2.000000,0.000000,6.000000,0.285714,1.000000,3.000000
28,ClC(Cl)=C(c1ccc(Cl)cc1)c2ccc(Cl)cc2,318.030000,6.187900,0.000000,2.000000,0.666667,18.000000,2.000000,2.000000,0.000000,4.000000,0.000000,0.000000,0.000000
29,CCCCCCCC(=O)OC,158.241000,2.519900,26.300000,6.000000,0.000000,11.000000,0.000000,0.000000,0.000000,2.000000,0.888889,0.000000,2.000000
30,CCc1ccc(CC)cc1,134.222000,2.811400,0.000000,2.000000,0.600000,10.000000,1.000000,1.000000,0.000000,0.000000,0.400000,0.000000,0.000000
32,COC(=O)Nc1cccc(OC(=O)Nc2cccc(C)c2)c1,300.314000,3.784220,76.660000,3.000000,0.545455,22.000000,2.000000,2.000000,0.000000,6.000000,0.125000,2.000000,4.000000
34,Cc1cccc2c1Cc3ccccc32,180.250000,3.566220,0.000000,0.000000,0.857143,14.000000,3.000000,2.000000,1.000000,0.000000,0.142857,0.000000,0.000000
36,N(c1ccccc1)c2ccccc2,169.227000,3.430200,12.030000,2.000000,0.923077,13.000000,2.000000,2.000000,0.000000,1.000000,0.000000,1.000000,1.000000
37,CN(C)C(=O)SCCCCOc1ccccc1,253.367000,3.260400,29.540000,6.000000,0.352941,17.000000,1.000000,1.000000,0.000000,4.000000,0.461538,0.000000,3.000000
38,CCCOP(=S)(OCCC)SCC(=O)N1CCCCC1C,353.490000,4.198300,38.770000,9.000000,0.000000,21.000000,1.000000,0.000000,1.000000,7.000000,0.928571,0.000000,5.000000
40,c1c(Cl)cccc1c2ccccc2,188.657000,4.007000,0.000000,1.000000,0.923077,13.000000,2.000000,2.000000,0.000000,1.000000,0.000000,0.000000,0.000000
41,OCCCC=C,86.134000,0.944900,20.230000,3.000000,0.000000,6.000000,0.000000,0.000000,0.000000,1.000000,0.600000,1.000000,1.000000
42,O=C2NC(=O)C1(CCC1)C(=O)N2,168.152000,-0.477300,75.270000,0.000000,0.000000,12.000000,2.000000,0.000000,2.000000,5.000000,0.571429,2.000000,3.000000
43,CC(C)C1CCC(C)CC1O ,156.269000,2.439500,20.230000,1.000000,0.000000,11.000000,1.000000,0.000000,1.000000,1.000000,1.000000,1.000000,1.000000
46,CC(=O)Nc1ccc(Br)cc1,214.062000,2.407500,29.100000,1.000000,0.545455,11.000000,1.000000,1.000000,0.000000,3.000000,0.125000,1.000000,1.000000
47,c1ccccc1n2ncc(N)c(Br)c2(=O),266.098000,1.577200,60.910000,1.000000,0.800000,15.000000,2.000000,2.000000,0.000000,5.000000,0.000000,1.000000,3.000000
48,COC(=O)C1=C(C)NC(=C(C1c2ccccc2N(=O)=O)C(=O)OC)C ,346.339000,2.175600,107.770000,4.000000,0.240000,25.000000,2.000000,1.000000,1.000000,8.000000,0.294118,1.000000,7.000000
49,c2c(C)cc1nc(C)ccc1c2 ,157.216000,2.851640,12.890000,0.000000,0.833333,12.000000,2.000000,2.000000,0.000000,1.000000,0.181818,0.000000,1.000000
51,CCC1(C(=O)NC(=O)NC1=O)C2=CCCCC2 ,236.271000,1.249200,75.270000,2.000000,0.000000,17.000000,2.000000,0.000000,2.000000,5.000000,0.583333,2.000000,3.000000
54,Clc1cccc(c1Cl)c2c(Cl)c(Cl)cc(Cl)c2Cl ,360.882000,7.274000,0.000000,1.000000,0.666667,18.000000,2.000000,2.000000,0.000000,6.000000,0.000000,0.000000,0.000000
55,Cc1ccccc1O,108.140000,1.700620,20.230000,0.000000,0.750000,8.000000,1.000000,1.000000,0.000000,1.000000,0.142857,1.000000,1.000000
56,CC(C)CCC(C)(C)C,128.259000,3.468700,0.000000,2.000000,0.000000,9.000000,0.000000,0.000000,0.000000,0.000000,1.000000,0.000000,0.000000
57,Cc1ccc(C)c2ccccc12,156.228000,3.456640,0.000000,0.000000,0.833333,12.000000,2.000000,2.000000,0.000000,0.000000,0.166667,0.000000,0.000000
58,Cc1cc2c3ccccc3ccc2c4ccccc14,242.321000,5.454620,0.000000,0.000000,0.947368,19.000000,4.000000,4.000000,0.000000,0.000000,0.052632,0.000000,0.000000
59,CCCC(=O)C,86.134000,1.375500,17.070000,2.000000,0.000000,6.000000,0.000000,0.000000,0.000000,1.000000,0.800000,0.000000,1.000000
60,Clc1cc(Cl)c(Cl)c(c1Cl)c2c(Cl)c(Cl)cc(Cl)c2Cl ,429.772000,8.580800,0.000000,1.000000,0.600000,20.000000,2.000000,2.000000,0.000000,8.000000,0.000000,0.000000,0.000000
62,CC34CC(O)C1(F)C(CCC2=CC(=O)C=CC12C)C3CC(O)C4(O)C(=O)CO,394.439000,0.620500,115.060000,2.000000,0.000000,28.000000,4.000000,0.000000,4.000000,7.000000,0.714286,4.000000,6.000000
64,O=C(Cn1ccnc1N(=O)=O)NCc2ccccc2,260.253000,1.107700,90.060000,5.000000,0.578947,19.000000,2.000000,2.000000,0.000000,7.000000,0.166667,1.000000,4.000000
65,OC4=C(C1CCC(CC1)c2ccc(Cl)cc2)C(=O)c3ccccc3C4=O,366.844000,5.505100,54.370000,2.000000,0.461538,26.000000,4.000000,2.000000,2.000000,4.000000,0.272727,1.000000,3.000000
66,CCNc1nc(Cl)nc(n1)N(CC)CC,229.715000,1.803000,53.940000,5.000000,0.400000,15.000000,1.000000,1.000000,0.000000,6.000000,0.666667,1.000000,5.000000
69,Clc1ccccc1c2ccccc2Cl ,223.102000,4.660400,0.000000,1.000000,0.857143,14.000000,2.000000,2.000000,0.000000,2.000000,0.000000,0.000000,0.000000
71,Clc2ccc(Oc1ccc(cc1)N(=O)=O)c(Cl)c2,284.098000,4.693900,52.370000,3.000000,0.666667,18.000000,2.000000,2.000000,0.000000,6.000000,0.000000,0.000000,3.000000
72,CC1(C)C2CCC1(C)C(=O)C2,152.237000,2.401700,17.070000,0.000000,0.000000,11.000000,2.000000,0.000000,2.000000,1.000000,0.900000,0.000000,1.000000
73,O=C1NC(=O)NC(=O)C1(CC=C)c1ccccc1,244.250000,0.866500,75.270000,3.000000,0.333333,18.000000,2.000000,1.000000,1.000000,5.000000,0.153846,2.000000,3.000000
76,O=C1N(COC(=O)CCCCC)C(=O)C(N1)(c2ccccc2)c3ccccc3,380.444000,3.563000,75.710000,8.000000,0.428571,28.000000,3.000000,2.000000,1.000000,6.000000,0.318182,1.000000,4.000000
77,Clc1cccc(c1)c2cc(Cl)ccc2Cl ,257.547000,5.313800,0.000000,1.000000,0.800000,15.000000,2.000000,2.000000,0.000000,3.000000,0.000000,0.000000,0.000000
79,CCCC1COC(Cn2cncn2)(O1)c3ccc(Cl)cc3Cl,342.226000,3.653400,49.170000,5.000000,0.500000,22.000000,3.000000,2.000000,1.000000,7.000000,0.466667,0.000000,4.000000
81,Cc1ncnc2nccnc12,146.153000,0.728220,51.560000,0.000000,0.909091,11.000000,2.000000,2.000000,0.000000,4.000000,0.142857,0.000000,4.000000
85,ClC(Cl)(Cl)C(Cl)(Cl)Cl,236.740000,3.726800,0.000000,0.000000,0.000000,8.000000,0.000000,0.000000,0.000000,6.000000,1.000000,0.000000,0.000000
86,CC(C)C(C(=O)OC(C#N)c1cccc(Oc2ccccc2)c1)c3ccc(OC(F)F)cc3,451.469000,6.627980,68.550000,9.000000,0.545455,33.000000,3.000000,3.000000,0.000000,7.000000,0.230769,0.000000,5.000000
87,CCCN(=O)=O,89.094000,0.673100,43.140000,2.000000,0.000000,6.000000,0.000000,0.000000,0.000000,3.000000,1.000000,0.000000,2.000000
88,CC(C)C1CCC(C)CC1=O,154.253000,2.647700,17.070000,1.000000,0.000000,11.000000,1.000000,0.000000,1.000000,1.000000,0.900000,0.000000,1.000000
91,CCCC(C)C1(CC=C)C(=O)NC(=S)NC1=O ,254.355000,1.516000,58.200000,5.000000,0.000000,17.000000,1.000000,0.000000,1.000000,5.000000,0.583333,2.000000,3.000000
92,c1ccc2c(c1)c3cccc4cccc2c34,202.256000,4.487200,0.000000,0.000000,1.000000,16.000000,4.000000,3.000000,1.000000,0.000000,0.000000,0.000000,0.000000
94,Cc1cc(C)c2ccccc2c1,156.228000,3.456640,0.000000,0.000000,0.833333,12.000000,2.000000,2.000000,0.000000,0.000000,0.166667,0.000000,0.000000
95,CCC(=C(CC)c1ccc(O)cc1)c2ccc(O)cc2 ,268.356000,4.828600,40.460000,4.000000,0.600000,20.000000,2.000000,2.000000,0.000000,2.000000,0.222222,2.000000,2.000000
97,Clc1ccc(Cl)c(c1)c2ccc(Cl)c(Cl)c2,291.992000,5.967200,0.000000,1.000000,0.750000,16.000000,2.000000,2.000000,0.000000,4.000000,0.000000,0.000000,0.000000
98,C1OC1c2ccccc2 ,120.151000,1.757900,12.530000,1.000000,0.666667,9.000000,2.000000,1.000000,1.000000,1.000000,0.250000,0.000000,1.000000
99,CC(C)c1ccccc1,120.195000,2.810000,0.000000,1.000000,0.666667,9.000000,1.000000,1.000000,0.000000,0.000000,0.333333,0.000000,0.000000
100,CC12CCC3C(CCC4=CC(=O)CCC34C)C2CCC1C(=O)CO,330.468000,3.695900,54.370000,2.000000,0.000000,24.000000,4.000000,0.000000,4.000000,3.000000,0.809524,1.000000,3.000000
101,c2(Cl)c(Cl)c(Cl)c1nccnc1c2(Cl) ,267.930000,4.243400,25.780000,0.000000,0.714286,14.000000,2.000000,2.000000,0.000000,6.000000,0.000000,0.000000,2.000000
102,C1OC(O)C(O)C(O)C1O,150.130000,-2.582300,90.150000,0.000000,0.000000,10.000000,1.000000,0.000000,1.000000,5.000000,1.000000,4.000000,5.000000
104,CCc1cccc2ccccc12,156.228000,3.402200,0.000000,1.000000,0.833333,12.000000,2.000000,2.000000,0.000000,0.000000,0.166667,0.000000,0.000000
109,OCC1OC(C(O)C1O)n2cnc3c(O)ncnc23,268.229000,-1.856600,133.750000,2.000000,0.473684,19.000000,3.000000,2.000000,1.000000,9.000000,0.500000,4.000000,8.000000
110,Oc1c(I)cc(C#N)cc1I,370.915000,2.473080,44.020000,0.000000,0.545455,11.000000,1.000000,1.000000,0.000000,4.000000,0.000000,1.000000,2.000000
111,Oc1ccc(Cl)cc1C(=O)Nc2ccc(cc2Cl)N(=O)=O,327.123000,3.859500,92.470000,3.000000,0.571429,21.000000,2.000000,2.000000,0.000000,8.000000,0.000000,2.000000,4.000000
112,CCCCC,72.151000,2.196500,0.000000,2.000000,0.000000,5.000000,0.000000,0.000000,0.000000,0.000000,1.000000,0.000000,0.000000
113,c1ccccc1O,94.113000,1.392200,20.230000,0.000000,0.857143,7.000000,1.000000,1.000000,0.000000,1.000000,0.000000,1.000000,1.000000
114,Nc3ccc2cc1ccccc1cc2c3 ,193.249000,3.575200,26.020000,0.000000,0.933333,15.000000,3.000000,3.000000,0.000000,1.000000,0.000000,1.000000,1.000000
115,Cn1cnc2n(C)c(=O)[nH]c(=O)c12 ,180.167000,-1.039700,72.680000,0.000000,0.692308,13.000000,2.000000,2.000000,0.000000,6.000000,0.285714,1.000000,3.000000
116,c1ccc2cnccc2c1,129.162000,2.234800,12.890000,0.000000,1.000000,10.000000,2.000000,2.000000,0.000000,1.000000,0.000000,0.000000,1.000000
118,CCCCCCc1ccccc1,162.276000,3.809400,0.000000,5.000000,0.500000,12.000000,1.000000,1.000000,0.000000,0.000000,0.500000,0.000000,0.000000
119,Clc1ccccc1c2ccccc2,188.657000,4.007000,0.000000,1.000000,0.923077,13.000000,2.000000,2.000000,0.000000,1.000000,0.000000,0.000000,0.000000
122,Clc1cc(Cl)c(Cl)c(Cl)c1Cl,250.339000,4.953600,0.000000,0.000000,0.545455,11.000000,1.000000,1.000000,0.000000,5.000000,0.000000,0.000000,0.000000
125,CC(=O)OCC(COC(=O)C)OC(=O)C,218.205000,0.044300,78.900000,5.000000,0.000000,15.000000,0.000000,0.000000,0.000000,6.000000,0.666667,0.000000,6.000000
126,CCCCc1c(C)nc(nc1O)N(C)C ,209.293000,1.899220,49.250000,4.000000,0.400000,15.000000,1.000000,1.000000,0.000000,4.000000,0.636364,1.000000,4.000000
127,CC1(C)C(C=C(Cl)Cl)C1C(=O)OC(C#N)c2ccc(F)c(Oc3ccccc3)c2,434.294000,6.317080,59.320000,6.000000,0.413793,29.000000,3.000000,2.000000,1.000000,7.000000,0.272727,0.000000,4.000000
129,CCCCCCCBr,179.101000,3.351700,0.000000,5.000000,0.000000,8.000000,0.000000,0.000000,0.000000,1.000000,1.000000,0.000000,0.000000
131,CC34CC(O)C1(F)C(CCC2=CC(=O)CCC12C)C3CCC4(O)C(=O)CO ,380.456000,1.873700,94.830000,2.000000,0.000000,27.000000,4.000000,0.000000,4.000000,6.000000,0.809524,3.000000,5.000000
134,CC1=CCC(CC1)C(C)=C,136.238000,3.308900,0.000000,1.000000,0.000000,10.000000,1.000000,0.000000,1.000000,0.000000,0.600000,0.000000,0.000000
135,C1Cc2ccccc2C1,118.179000,2.175300,0.000000,0.000000,0.666667,9.000000,2.000000,1.000000,1.000000,0.000000,0.333333,0.000000,0.000000
136,CC(C)(C)c1ccc(O)cc1,150.221000,2.689700,20.230000,0.000000,0.545455,11.000000,1.000000,1.000000,0.000000,1.000000,0.400000,1.000000,1.000000
138,Clc1cccc(I)c1,238.455000,2.944600,0.000000,0.000000,0.750000,8.000000,1.000000,1.000000,0.000000,2.000000,0.000000,0.000000,0.000000
139,Brc1cccc2ccccc12,207.070000,3.602300,0.000000,0.000000,0.909091,11.000000,2.000000,2.000000,0.000000,1.000000,0.000000,0.000000,0.000000
140,CC/C=C/C,70.135000,1.972500,0.000000,1.000000,0.000000,5.000000,0.000000,0.000000,0.000000,0.000000,0.600000,0.000000,0.000000
141,Cc1cccc(C)n1,107.156000,1.698440,12.890000,0.000000,0.750000,8.000000,1.000000,1.000000,0.000000,1.000000,0.285714,0.000000,1.000000
143,Nc1cccc2ccccc12,143.189000,2.422000,26.020000,0.000000,0.909091,11.000000,2.000000,2.000000,0.000000,1.000000,0.000000,1.000000,1.000000
144,Cc1cccc(C)c1,106.168000,2.303440,0.000000,0.000000,0.750000,8.000000,1.000000,1.000000,0.000000,0.000000,0.250000,0.000000,0.000000
146,CO,32.042000,-0.391500,20.230000,0.000000,0.000000,2.000000,0.000000,0.000000,0.000000,1.000000,1.000000,1.000000,1.000000
147,CCC1(CCC(C)C)C(=O)NC(=O)NC1=O,226.276000,1.185000,75.270000,4.000000,0.000000,16.000000,1.000000,0.000000,1.000000,5.000000,0.727273,2.000000,3.000000
148,CCC(=O)C,72.107000,0.985400,17.070000,1.000000,0.000000,5.000000,0.000000,0.000000,0.000000,1.000000,0.750000,0.000000,1.000000
149,Fc1c[nH]c(=O)[nH]c1=O ,130.078000,-0.797700,65.720000,0.000000,0.666667,9.000000,1.000000,1.000000,0.000000,5.000000,0.000000,2.000000,2.000000
150,Nc1ncnc2n(ccc12)C3OC(CO)C(O)C3O ,266.257000,-1.375000,126.650000,2.000000,0.473684,19.000000,3.000000,2.000000,1.000000,8.000000,0.454545,4.000000,7.000000
152,CCCCCCO,102.177000,1.559000,20.230000,4.000000,0.000000,7.000000,0.000000,0.000000,0.000000,1.000000,1.000000,1.000000,1.000000
155,CCCOC(=O)C,102.133000,0.959500,26.300000,2.000000,0.000000,7.000000,0.000000,0.000000,0.000000,2.000000,0.800000,0.000000,2.000000
156,Oc2ccc1CCCCc1c2 ,148.205000,2.271000,20.230000,0.000000,0.545455,11.000000,2.000000,1.000000,1.000000,1.000000,0.400000,1.000000,1.000000
157,NC(=O)CCl ,93.513000,-0.289500,43.090000,1.000000,0.000000,5.000000,0.000000,0.000000,0.000000,3.000000,0.500000,1.000000,1.000000
158,COP(=S)(OC)Oc1cc(Cl)c(I)cc1Cl,413.000000,4.494100,27.690000,4.000000,0.375000,16.000000,1.000000,1.000000,0.000000,8.000000,0.250000,0.000000,4.000000
159,Cc1ccc(Cl)cc1,126.586000,2.648420,0.000000,0.000000,0.750000,8.000000,1.000000,1.000000,0.000000,1.000000,0.142857,0.000000,0.000000
160,CSc1nnc(c(=O)n1N)C(C)(C)C,214.294000,0.371500,73.800000,1.000000,0.428571,14.000000,1.000000,1.000000,0.000000,6.000000,0.625000,1.000000,5.000000
162,CCCCCC=O,100.161000,1.765600,17.070000,4.000000,0.000000,7.000000,0.000000,0.000000,0.000000,1.000000,0.833333,0.000000,1.000000
164,O2c1cc(C)ccc1N(C)C(=O)c3cc(N)cnc23 ,255.277000,2.354520,68.450000,0.000000,0.631579,19.000000,3.000000,2.000000,1.000000,5.000000,0.142857,1.000000,4.000000
166,Clc1ccc(cc1)c2ccccc2Cl ,223.102000,4.660400,0.000000,1.000000,0.857143,14.000000,2.000000,2.000000,0.000000,2.000000,0.000000,0.000000,0.000000
167,O=C1N(COC(=O)CCCCCCC)C(=O)C(N1)(c2ccccc2)c3ccccc3,408.498000,4.343200,75.710000,10.000000,0.400000,30.000000,3.000000,2.000000,1.000000,6.000000,0.375000,1.000000,4.000000
168,CCN(=O)=O,75.067000,0.283000,43.140000,1.000000,0.000000,5.000000,0.000000,0.000000,0.000000,3.000000,1.000000,0.000000,2.000000
172,CC(=O)C3CCC4C2CC=C1CC(O)CCC1(C)C2CCC34C ,316.485000,4.515300,37.300000,1.000000,0.000000,23.000000,4.000000,0.000000,4.000000,2.000000,0.857143,1.000000,2.000000
174,CC1CC(C)C(=O)C(C1)C(O)CC2CC(=O)NC(=O)C2 ,281.352000,1.041500,83.470000,3.000000,0.000000,20.000000,2.000000,0.000000,2.000000,5.000000,0.800000,2.000000,4.000000
176,CC1=CC(=O)CC(C)(C)C1 ,138.210000,2.321800,17.070000,0.000000,0.000000,10.000000,1.000000,0.000000,1.000000,1.000000,0.666667,0.000000,1.000000
178,CCCCC(=O)CCCC,142.242000,2.935900,17.070000,6.000000,0.000000,10.000000,0.000000,0.000000,0.000000,1.000000,0.888889,0.000000,1.000000
179,CCC1(CCC(=O)NC1=O)c2ccccc2 ,217.268000,1.771000,46.170000,2.000000,0.375000,16.000000,2.000000,1.000000,1.000000,3.000000,0.384615,1.000000,2.000000
184,CCOP(=S)(CC)Oc1cc(Cl)c(Cl)cc1Cl,333.604000,5.391500,18.460000,5.000000,0.352941,17.000000,1.000000,1.000000,0.000000,7.000000,0.400000,0.000000,3.000000
185,CC12CCC(=O)C=C1CCC3C2CCC4(C)C3CCC4(O)C#C ,312.453000,3.882600,37.300000,0.000000,0.000000,23.000000,4.000000,0.000000,4.000000,2.000000,0.761905,1.000000,2.000000
186,c1ccnnc1,80.090000,0.476600,25.780000,0.000000,1.000000,6.000000,1.000000,1.000000,0.000000,2.000000,0.000000,0.000000,2.000000
187,Clc1cc(Cl)c(Cl)c(Cl)c1,215.894000,4.300200,0.000000,0.000000,0.600000,10.000000,1.000000,1.000000,0.000000,4.000000,0.000000,0.000000,0.000000
188,C1C(O)CCC2(C)CC3CCC4(C)C5(C)CC6OCC(C)CC6OC5CC4C3C=C21,414.630000,5.508800,38.690000,0.000000,0.000000,30.000000,6.000000,0.000000,6.000000,3.000000,0.925926,1.000000,3.000000
191,COCC(=O)N(C(C)C(=O)OC)c1c(C)cccc1C ,279.336000,1.844340,55.840000,5.000000,0.300000,20.000000,1.000000,1.000000,0.000000,5.000000,0.466667,0.000000,4.000000
193,CCC(C)Cl,92.569000,2.023700,0.000000,1.000000,0.000000,5.000000,0.000000,0.000000,0.000000,1.000000,1.000000,0.000000,0.000000
194,Oc1ccc2ccccc2c1,144.173000,2.545400,20.230000,0.000000,0.909091,11.000000,2.000000,2.000000,0.000000,1.000000,0.000000,1.000000,1.000000
195,CC(C)Oc1cc(c(Cl)cc1Cl)n2nc(oc2=O)C(C)(C)C,345.226000,4.217000,57.260000,3.000000,0.500000,22.000000,2.000000,2.000000,0.000000,7.000000,0.466667,0.000000,4.000000
197,CCCCCCCC#C,124.227000,2.980100,0.000000,5.000000,0.000000,9.000000,0.000000,0.000000,0.000000,0.000000,0.777778,0.000000,0.000000
200,Nc1ccc(cc1)S(=O)(=O)c2ccc(N)cc2,248.307000,1.683800,86.180000,2.000000,0.705882,17.000000,2.000000,2.000000,0.000000,5.000000,0.000000,2.000000,4.000000
202,CC#C,40.065000,0.639500,0.000000,0.000000,0.000000,3.000000,0.000000,0.000000,0.000000,0.000000,0.333333,0.000000,0.000000
203,CCOP(=S)(OCC)ON=C(C#N)c1ccccc1,298.304000,3.228380,63.840000,7.000000,0.315789,19.000000,1.000000,1.000000,0.000000,7.000000,0.333333,0.000000,6.000000
205,C=CC=O,56.064000,0.371300,17.070000,1.000000,0.000000,4.000000,0.000000,0.000000,0.000000,1.000000,0.000000,0.000000,1.000000
207,Oc2ccc1ncccc1c2 ,145.161000,1.940400,33.120000,0.000000,0.909091,11.000000,2.000000,2.000000,0.000000,2.000000,0.000000,1.000000,2.000000
208,Fc1ccccc1,96.104000,1.825700,0.000000,0.000000,0.857143,7.000000,1.000000,1.000000,0.000000,1.000000,0.000000,0.000000,0.000000
211,CCCC(C)(C)C,100.205000,2.832600,0.000000,1.000000,0.000000,7.000000,0.000000,0.000000,0.000000,0.000000,1.000000,0.000000,0.000000
213,CC12CCC(CC1)C(C)(C)O2 ,154.253000,2.744100,9.230000,0.000000,0.000000,11.000000,3.000000,0.000000,3.000000,1.000000,1.000000,0.000000,1.000000
214,CCCCOC(=O)CCCCCCCCC(=O)OCCCC,314.466000,4.793800,52.600000,15.000000,0.000000,22.000000,0.000000,0.000000,0.000000,4.000000,0.888889,0.000000,4.000000
215,Clc1ccc(cc1)c2ccc(Cl)cc2 ,223.102000,4.660400,0.000000,1.000000,0.857143,14.000000,2.000000,2.000000,0.000000,2.000000,0.000000,0.000000,0.000000
217,CC(=C)C1CC=C(C)C(=O)C1,150.221000,2.487900,17.070000,1.000000,0.000000,11.000000,1.000000,0.000000,1.000000,1.000000,0.500000,0.000000,1.000000
219,COc1cc(cc(OC)c1O)C6C2C(COC2=O)C(OC4OC3COC(C)OC3C(O)C4O)c7cc5OCOc5cc67,588.562000,1.338600,160.830000,5.000000,0.285714,42.000000,7.000000,2.000000,5.000000,13.000000,0.551724,3.000000,13.000000
220,c1cc2cccc3c4cccc5cccc(c(c1)c23)c54,252.316000,5.737200,0.000000,0.000000,1.000000,20.000000,5.000000,5.000000,0.000000,0.000000,0.000000,0.000000,0.000000
221,Cc1ccc(cc1N(=O)=O)N(=O)=O,182.135000,1.811420,86.280000,2.000000,0.461538,13.000000,1.000000,1.000000,0.000000,6.000000,0.142857,0.000000,4.000000
222,c1c(Br)ccc2ccccc12 ,207.070000,3.602300,0.000000,0.000000,0.909091,11.000000,2.000000,2.000000,0.000000,1.000000,0.000000,0.000000,0.000000
223,CNC(=O)Oc1cccc(N=CN(C)C)c1,221.260000,1.626200,53.930000,3.000000,0.375000,16.000000,1.000000,1.000000,0.000000,5.000000,0.272727,1.000000,3.000000
224,COc2cnc1ncncc1n2,162.152000,0.428400,60.790000,1.000000,0.833333,12.000000,2.000000,2.000000,0.000000,5.000000,0.142857,0.000000,5.000000
225,Cc3ccnc4N(C1CC1)c2ncccc2C(=O)Nc34 ,266.304000,2.651220,58.120000,1.000000,0.600000,20.000000,4.000000,2.000000,2.000000,5.000000,0.266667,1.000000,4.000000
228,CC(C)=CCCC(O)(C)C=C,154.253000,2.669800,20.230000,4.000000,0.000000,11.000000,0.000000,0.000000,0.000000,1.000000,0.600000,1.000000,1.000000
230,OC1CCCCC1,100.161000,1.311400,20.230000,0.000000,0.000000,7.000000,1.000000,0.000000,1.000000,1.000000,1.000000,1.000000,1.000000
232,CC34CCC1C(CCC2CC(O)CCC12C)C3CCC4=O,290.447000,3.959100,37.300000,0.000000,0.000000,21.000000,4.000000,0.000000,4.000000,2.000000,0.947368,1.000000,2.000000
234,Cc1ccc(cc1)c2ccccc2,168.239000,3.662020,0.000000,1.000000,0.923077,13.000000,2.000000,2.000000,0.000000,0.000000,0.076923,0.000000,0.000000
235,CCNc1nc(Cl)nc(NC(C)C)n1,215.688000,1.777100,62.730000,4.000000,0.428571,14.000000,1.000000,1.000000,0.000000,6.000000,0.625000,2.000000,5.000000
237,CCCC(=O)CCC,114.188000,2.155700,17.070000,4.000000,0.000000,8.000000,0.000000,0.000000,0.000000,1.000000,0.857143,0.000000,1.000000
240,O=C1CCCCC1,98.145000,1.519600,17.070000,0.000000,0.000000,7.000000,1.000000,0.000000,1.000000,1.000000,0.833333,0.000000,1.000000
243,CNc2cnn(c1cccc(c1)C(F)(F)F)c(=O)c2Cl,303.671000,2.946400,46.920000,2.000000,0.600000,20.000000,2.000000,2.000000,0.000000,8.000000,0.166667,1.000000,3.000000
245,CCN(CC)c1nc(Cl)nc(NC(C)C)n1,243.742000,2.191500,53.940000,5.000000,0.375000,16.000000,1.000000,1.000000,0.000000,6.000000,0.700000,1.000000,5.000000
247,Clc1ccc(Cl)c(Cl)c1,181.449000,3.646800,0.000000,0.000000,0.666667,9.000000,1.000000,1.000000,0.000000,3.000000,0.000000,0.000000,0.000000
248,Cc3nnc4CN=C(c1ccccc1Cl)c2cc(Cl)ccc2n34,343.217000,4.233520,43.070000,1.000000,0.739130,23.000000,4.000000,3.000000,1.000000,6.000000,0.117647,0.000000,3.000000
250,CCN2c1ncccc1N(C)C(=O)c3cccnc23 ,254.293000,2.224600,49.330000,1.000000,0.631579,19.000000,3.000000,2.000000,1.000000,5.000000,0.214286,0.000000,4.000000
252,Cc1ccccc1Br,171.037000,2.757520,0.000000,0.000000,0.750000,8.000000,1.000000,1.000000,0.000000,1.000000,0.142857,0.000000,0.000000
254,CC(=O)OC3(CCC4C2C=C(C)C1=CC(=O)CCC1(C)C2CCC34C)C(C)=O ,384.516000,4.575300,60.440000,2.000000,0.000000,28.000000,4.000000,0.000000,4.000000,4.000000,0.708333,0.000000,4.000000
255,CC(C)C(O)C(C)C,116.204000,1.659300,20.230000,2.000000,0.000000,8.000000,0.000000,0.000000,0.000000,1.000000,1.000000,1.000000,1.000000
256,c1ccc2ccccc2c1,128.174000,2.839800,0.000000,0.000000,1.000000,10.000000,2.000000,2.000000,0.000000,0.000000,0.000000,0.000000,0.000000
257,CCNc1ccccc1,121.183000,2.118400,12.030000,2.000000,0.666667,9.000000,1.000000,1.000000,0.000000,1.000000,0.250000,1.000000,1.000000
258,O=C1NC(=O)C(N1)(c2ccccc2)c3ccccc3,252.273000,1.769600,58.200000,2.000000,0.631579,19.000000,3.000000,2.000000,1.000000,4.000000,0.066667,2.000000,2.000000
259,Cc1c2ccccc2c(C)c3ccc4ccccc4c13,256.348000,5.763040,0.000000,0.000000,0.900000,20.000000,4.000000,4.000000,0.000000,0.000000,0.100000,0.000000,0.000000
260,CCOP(=S)(OCC)SC(CCl)N1C(=O)c2ccccc2C1=O,393.854000,3.878200,55.840000,8.000000,0.260870,23.000000,2.000000,1.000000,1.000000,9.000000,0.428571,0.000000,6.000000
261,COc1ccc(cc1)C(c2ccc(OC)cc2)C(Cl)(Cl)Cl,345.653000,5.205900,18.460000,4.000000,0.571429,21.000000,2.000000,2.000000,0.000000,5.000000,0.250000,0.000000,2.000000
262,Fc1cccc(F)c1C(=O)NC(=O)Nc2cc(Cl)c(F)c(Cl)c2F ,381.112000,4.511700,58.200000,2.000000,0.500000,24.000000,2.000000,2.000000,0.000000,10.000000,0.000000,2.000000,2.000000
263,O=C1N(COC(=O)CCCC)C(=O)C(N1)(c2ccccc2)c3ccccc3,366.417000,3.172900,75.710000,7.000000,0.444444,27.000000,3.000000,2.000000,1.000000,6.000000,0.285714,1.000000,4.000000
265,OC(Cn1cncn1)(c2ccc(F)cc2)c3ccccc3F,301.296000,2.492400,50.940000,4.000000,0.772727,22.000000,3.000000,3.000000,0.000000,6.000000,0.125000,1.000000,3.000000
266,CC(=O)OCC(=O)C3(O)C(CC4C2CCC1=CC(=O)C=CC1(C)C2(F)C(O)CC34C)OC(C)=O ,478.513000,1.762100,127.200000,4.000000,0.000000,34.000000,4.000000,0.000000,4.000000,9.000000,0.680000,2.000000,8.000000
267,CCCCBr,137.020000,2.181400,0.000000,2.000000,0.000000,5.000000,0.000000,0.000000,0.000000,1.000000,1.000000,0.000000,0.000000
268,Brc1cc(Br)c(Br)cc1Br,393.698000,4.736600,0.000000,0.000000,0.600000,10.000000,1.000000,1.000000,0.000000,4.000000,0.000000,0.000000,0.000000
269,CC(C)CC(=O)C,100.161000,1.621500,17.070000,2.000000,0.000000,7.000000,0.000000,0.000000,0.000000,1.000000,0.833333,0.000000,1.000000
270,CCSC(=O)N(CC)C1CCCCC1 ,215.362000,3.514100,20.310000,3.000000,0.000000,14.000000,1.000000,0.000000,1.000000,3.000000,0.909091,0.000000,2.000000
272,CC1(C)C(C=C(Br)Br)C1C(=O)OC(C#N)c2cccc(Oc3ccccc3)c2,505.206000,6.490180,59.320000,6.000000,0.428571,28.000000,3.000000,2.000000,1.000000,6.000000,0.272727,0.000000,4.000000
275,Ic1cccc2ccccc12,254.070000,3.444400,0.000000,0.000000,0.909091,11.000000,2.000000,2.000000,0.000000,1.000000,0.000000,0.000000,0.000000
276,OCC(O)C(O)C(O)C(O)CO,182.172000,-3.585400,121.380000,5.000000,0.000000,12.000000,0.000000,0.000000,0.000000,6.000000,1.000000,6.000000,6.000000
277,CCS,62.137000,0.936100,0.000000,0.000000,0.000000,3.000000,0.000000,0.000000,0.000000,1.000000,1.000000,1.000000,1.000000
278,ClCC(Cl)Cl,133.405000,2.028900,0.000000,1.000000,0.000000,5.000000,0.000000,0.000000,0.000000,3.000000,1.000000,0.000000,0.000000
282,O=C1NC(=O)NC(=O)C1(C(C)C)C(C)C,212.249000,0.650800,75.270000,2.000000,0.000000,15.000000,1.000000,0.000000,1.000000,5.000000,0.700000,2.000000,3.000000
286,C(Cc1ccccc1)c2ccccc2,182.266000,3.471800,0.000000,3.000000,0.857143,14.000000,2.000000,2.000000,0.000000,0.000000,0.142857,0.000000,0.000000
287,ClC(Cl)C(Cl)Cl,167.850000,2.593800,0.000000,1.000000,0.000000,6.000000,0.000000,0.000000,0.000000,4.000000,1.000000,0.000000,0.000000
288,CCN2c1cc(OC)cc(C)c1NC(=O)c3cccnc23 ,283.331000,3.122320,54.460000,2.000000,0.571429,21.000000,3.000000,2.000000,1.000000,5.000000,0.250000,1.000000,4.000000
289,Cc1ccc2c(ccc3ccccc32)c1,192.261000,4.301420,0.000000,0.000000,0.933333,15.000000,3.000000,3.000000,0.000000,0.000000,0.066667,0.000000,0.000000
294,CCOC(=O)c1ccccc1S(=O)(=O)NN(C=O)c2nc(Cl)cc(OC)n2,414.827000,1.171600,127.790000,8.000000,0.444444,27.000000,2.000000,2.000000,0.000000,12.000000,0.200000,1.000000,8.000000
296,CCCCCCCl,120.623000,2.805500,0.000000,4.000000,0.000000,7.000000,0.000000,0.000000,0.000000,1.000000,1.000000,0.000000,0.000000
297,Clc1cc(c(Cl)c(Cl)c1Cl)c2cc(Cl)c(Cl)c(Cl)c2Cl,429.772000,8.580800,0.000000,1.000000,0.600000,20.000000,2.000000,2.000000,0.000000,8.000000,0.000000,0.000000,0.000000
298,OCC1OC(CO)(OC2OC(COC3OC(CO)C(O)C(O)C3O)C(O)C(O)C2O)C(O)C1O,504.438000,-7.571400,268.680000,8.000000,0.000000,34.000000,3.000000,0.000000,3.000000,16.000000,1.000000,11.000000,16.000000
301,CC(Cl)Cl,98.960000,1.810000,0.000000,0.000000,0.000000,4.000000,0.000000,0.000000,0.000000,2.000000,1.000000,0.000000,0.000000
302,Nc1ccc(cc1)S(N)(=O)=O,172.209000,-0.083800,86.180000,1.000000,0.545455,11.000000,1.000000,1.000000,0.000000,5.000000,0.000000,2.000000,3.000000
304,ClC1C(Cl)C(Cl)C(Cl)C(Cl)C1Cl,290.832000,3.644400,0.000000,0.000000,0.000000,12.000000,1.000000,0.000000,1.000000,6.000000,1.000000,0.000000,0.000000
307,ClC(Cl)(Cl)Cl,153.823000,2.552900,0.000000,0.000000,0.000000,5.000000,0.000000,0.000000,0.000000,4.000000,1.000000,0.000000,0.000000
309,OC1CCCCCCC1,128.215000,2.091600,20.230000,0.000000,0.000000,9.000000,1.000000,0.000000,1.000000,1.000000,1.000000,1.000000,1.000000
310,CC1(O)CCC2C3CCC4=CC(=O)CCC4(C)C3CCC21C,302.458000,4.269300,37.300000,0.000000,0.000000,22.000000,4.000000,0.000000,4.000000,2.000000,0.850000,1.000000,2.000000
312,C/C1CCC(\C)CC1,112.216000,2.832600,0.000000,0.000000,0.000000,8.000000,1.000000,0.000000,1.000000,0.000000,1.000000,0.000000,0.000000
313,c1cnc2c(c1)ccc3ncccc23,180.210000,2.783000,25.780000,0.000000,1.000000,14.000000,3.000000,3.000000,0.000000,2.000000,0.000000,0.000000,2.000000
314,COC(C)(C)C,88.150000,1.431300,9.230000,0.000000,0.000000,6.000000,0.000000,0.000000,0.000000,1.000000,1.000000,0.000000,1.000000
315,COc1ccc(C=CC)cc1,148.205000,2.728300,9.230000,2.000000,0.545455,11.000000,1.000000,1.000000,0.000000,1.000000,0.200000,0.000000,1.000000
316,CCCCCCCCCCCCCCCCO,242.447000,5.460000,20.230000,14.000000,0.000000,17.000000,0.000000,0.000000,0.000000,1.000000,1.000000,1.000000,1.000000
318,Nc1ncnc2nc[nH]c12 ,135.130000,-0.064900,80.480000,0.000000,0.900000,10.000000,2.000000,2.000000,0.000000,5.000000,0.000000,2.000000,4.000000
319,Clc1cc(Cl)c(cc1Cl)c2cccc(Cl)c2Cl ,326.437000,6.620600,0.000000,1.000000,0.705882,17.000000,2.000000,2.000000,0.000000,5.000000,0.000000,0.000000,0.000000
320,COc1ccc(cc1)C(O)(C2CC2)c3cncnc3 ,256.305000,2.131100,55.240000,4.000000,0.631579,19.000000,3.000000,2.000000,1.000000,4.000000,0.333333,1.000000,4.000000
321,c1ccc2c(c1)c3cccc4c3c2cc5ccccc54,252.316000,5.640400,0.000000,0.000000,1.000000,20.000000,5.000000,4.000000,1.000000,0.000000,0.000000,0.000000,0.000000
322,O=C(Nc1ccccc1)Nc2ccccc2,212.252000,3.330600,41.130000,2.000000,0.750000,16.000000,2.000000,2.000000,0.000000,3.000000,0.000000,2.000000,1.000000
323,CCC1(C(=O)NC(=O)NC1=O)c2ccccc2 ,232.239000,0.700400,75.270000,2.000000,0.352941,17.000000,2.000000,1.000000,1.000000,5.000000,0.250000,2.000000,3.000000
324,Clc1ccc(cc1)c2cccc(Cl)c2Cl ,257.547000,5.313800,0.000000,1.000000,0.800000,15.000000,2.000000,2.000000,0.000000,3.000000,0.000000,0.000000,0.000000
325,CC(C)c1ccc(NC(=O)N(C)C)cc1,206.289000,2.903500,32.340000,2.000000,0.400000,15.000000,1.000000,1.000000,0.000000,3.000000,0.416667,1.000000,1.000000
326,CCN(CC)C(=O)CSc1ccc(Cl)nn1,259.762000,2.090500,46.090000,5.000000,0.375000,16.000000,1.000000,1.000000,0.000000,6.000000,0.500000,0.000000,4.000000
327,CCC(C)(C)CO,102.177000,1.414900,20.230000,2.000000,0.000000,7.000000,0.000000,0.000000,0.000000,1.000000,1.000000,1.000000,1.000000
328,CCCOC(=O)CCC,130.187000,1.739700,26.300000,4.000000,0.000000,9.000000,0.000000,0.000000,0.000000,2.000000,0.857143,0.000000,2.000000
330,CC(C)OP(=S)(OC(C)C)SCCNS(=O)(=O)c1ccccc1,397.524000,3.772600,64.630000,10.000000,0.260870,23.000000,1.000000,1.000000,0.000000,9.000000,0.571429,1.000000,6.000000
331,C1CCCCCC1,98.189000,2.730700,0.000000,0.000000,0.000000,7.000000,1.000000,0.000000,1.000000,0.000000,1.000000,0.000000,0.000000
332,CCCOC=O,88.106000,0.569400,26.300000,3.000000,0.000000,6.000000,0.000000,0.000000,0.000000,2.000000,0.750000,0.000000,2.000000
335,CC(C)CC(C)C,100.205000,2.688500,0.000000,2.000000,0.000000,7.000000,0.000000,0.000000,0.000000,0.000000,1.000000,0.000000,0.000000
336,o1c2ccccc2c3ccccc13,168.195000,3.586000,13.140000,0.000000,1.000000,13.000000,3.000000,3.000000,0.000000,1.000000,0.000000,0.000000,1.000000
337,CCOC2Oc1ccc(OS(C)(=O)=O)cc1C2(C)C,286.349000,2.057600,61.830000,4.000000,0.315789,19.000000,2.000000,1.000000,1.000000,6.000000,0.538462,0.000000,5.000000
338,CN(C)C(=O)Nc1cccc(c1)C(F)(F)F,232.205000,2.798900,32.340000,1.000000,0.375000,16.000000,1.000000,1.000000,0.000000,6.000000,0.300000,1.000000,1.000000
339,c3ccc2nc1ccccc1cc2c3,179.222000,3.388000,12.890000,0.000000,1.000000,14.000000,3.000000,3.000000,0.000000,1.000000,0.000000,0.000000,1.000000
340,CC12CC(=O)C3C(CCC4=CC(=O)CCC34C)C2CCC1(O)C(=O)CO,360.450000,1.989800,91.670000,2.000000,0.000000,26.000000,4.000000,0.000000,4.000000,5.000000,0.761905,2.000000,5.000000
341,OCC1OC(O)C(O)C(O)C1O,180.156000,-3.221400,110.380000,1.000000,0.000000,12.000000,1.000000,0.000000,1.000000,6.000000,1.000000,5.000000,6.000000
343,CC2Cc1ccccc1N2NC(=O)c3ccc(Cl)c(c3)S(N)(=O)=O ,365.842000,2.083400,92.500000,3.000000,0.500000,24.000000,3.000000,2.000000,1.000000,8.000000,0.187500,2.000000,4.000000
344,CCC(C)C(=O)OC2CC(C)C=C3C=CC(C)C(CCC1CC(O)CC(=O)O1)C23 ,404.547000,4.195500,72.830000,6.000000,0.000000,29.000000,3.000000,0.000000,3.000000,5.000000,0.750000,1.000000,5.000000
345,O=N(=O)c1ccc(cc1)N(=O)=O,168.108000,1.503000,86.280000,2.000000,0.500000,12.000000,1.000000,1.000000,0.000000,6.000000,0.000000,0.000000,4.000000
346,CCC1(C(=O)NC(=O)NC1=O)C2=CCC3CCC2C3,262.309000,1.495200,75.270000,2.000000,0.000000,19.000000,3.000000,0.000000,3.000000,5.000000,0.642857,2.000000,3.000000
348,CN(C)C(=O)Nc1ccccc1,164.208000,1.780100,32.340000,1.000000,0.500000,12.000000,1.000000,1.000000,0.000000,3.000000,0.222222,1.000000,1.000000
350,CC(C)O,60.096000,0.387100,20.230000,0.000000,0.000000,4.000000,0.000000,0.000000,0.000000,1.000000,1.000000,1.000000,1.000000
351,Cc1ccc2ccccc2c1,142.201000,3.148220,0.000000,0.000000,0.909091,11.000000,2.000000,2.000000,0.000000,0.000000,0.090909,0.000000,0.000000
353,CCC(C(CC)c1ccc(O)cc1)c2ccc(O)cc2,270.372000,4.785200,40.460000,5.000000,0.600000,20.000000,2.000000,2.000000,0.000000,2.000000,0.333333,2.000000,2.000000
354,CCOC(=O)CC(SP(=S)(OC)OC)C(=O)OCC,330.364000,2.121800,71.060000,9.000000,0.000000,19.000000,0.000000,0.000000,0.000000,9.000000,0.800000,0.000000,8.000000
356,C/C=C/C=O,70.091000,0.761400,17.070000,1.000000,0.000000,5.000000,0.000000,0.000000,0.000000,1.000000,0.250000,0.000000,1.000000
358,Cc1c2ccccc2c(C)c3ccccc13,206.288000,4.609840,0.000000,0.000000,0.875000,16.000000,3.000000,3.000000,0.000000,0.000000,0.125000,0.000000,0.000000
359,CCCCCC(=O)OC,130.187000,1.739700,26.300000,4.000000,0.000000,9.000000,0.000000,0.000000,0.000000,2.000000,0.857143,0.000000,2.000000
360,CN(C)C(=O)Nc1ccc(c(Cl)c1)n2nc(oc2=O)C(C)(C)C,338.795000,2.869900,80.370000,2.000000,0.478261,23.000000,2.000000,2.000000,0.000000,8.000000,0.400000,1.000000,4.000000
361,CC(=O)Nc1ccc(F)cc1,153.156000,1.784100,29.100000,1.000000,0.545455,11.000000,1.000000,1.000000,0.000000,3.000000,0.125000,1.000000,1.000000
363,C1CCC=CC1,82.146000,2.116600,0.000000,0.000000,0.000000,6.000000,1.000000,0.000000,1.000000,0.000000,0.666667,0.000000,0.000000
364,CC12CC(O)C3C(CCC4=CC(=O)CCC34C)C2CCC1(O)C(=O)CO,362.466000,1.781600,94.830000,2.000000,0.000000,26.000000,4.000000,0.000000,4.000000,5.000000,0.809524,3.000000,5.000000
365,c1cncnc1,80.090000,0.476600,25.780000,0.000000,1.000000,6.000000,1.000000,1.000000,0.000000,2.000000,0.000000,0.000000,2.000000
370,CN1CC(O)N(C1=O)c2nnc(s2)C(C)(C)C,256.331000,1.025800,69.560000,1.000000,0.294118,17.000000,2.000000,1.000000,1.000000,7.000000,0.700000,1.000000,5.000000
371,O=N(=O)c1ccccc1,123.111000,1.594800,43.140000,1.000000,0.666667,9.000000,1.000000,1.000000,0.000000,3.000000,0.000000,0.000000,2.000000
373,CC2Nc1cc(Cl)c(cc1C(=O)N2c3ccccc3C)S(N)(=O)=O ,365.842000,2.714120,92.500000,2.000000,0.500000,24.000000,3.000000,2.000000,1.000000,8.000000,0.187500,2.000000,4.000000
377,CCCC(=O)OC,102.133000,0.959500,26.300000,2.000000,0.000000,7.000000,0.000000,0.000000,0.000000,2.000000,0.800000,0.000000,2.000000
379,Nc3nc(N)c2nc(c1ccccc1)c(N)nc2n3,253.269000,0.833400,129.620000,1.000000,0.842105,19.000000,3.000000,3.000000,0.000000,7.000000,0.000000,3.000000,7.000000
380,CCCCCC(=O)OCC,144.214000,2.129800,26.300000,5.000000,0.000000,10.000000,0.000000,0.000000,0.000000,2.000000,0.875000,0.000000,2.000000
381,OCC(O)C2OC1OC(OC1C2O)C(Cl)(Cl)Cl ,309.529000,-0.462900,88.380000,2.000000,0.000000,17.000000,2.000000,0.000000,2.000000,9.000000,1.000000,3.000000,6.000000
382,CN(C=Nc1ccc(C)cc1C)C=Nc2ccc(C)cc2C,293.414000,4.871880,27.960000,4.000000,0.545455,22.000000,2.000000,2.000000,0.000000,3.000000,0.263158,0.000000,2.000000
383,COc1nc(NC(C)C)nc(NC(C)C)n1,225.296000,1.520800,71.960000,5.000000,0.375000,16.000000,1.000000,1.000000,0.000000,6.000000,0.700000,2.000000,6.000000
384,CCCCCCC=C,112.216000,3.142800,0.000000,5.000000,0.000000,8.000000,0.000000,0.000000,0.000000,0.000000,0.750000,0.000000,0.000000
385,Cc1ccc(N)cc1,107.156000,1.577220,26.020000,0.000000,0.750000,8.000000,1.000000,1.000000,0.000000,1.000000,0.142857,1.000000,1.000000
386,Nc1nccs1 ,100.146000,0.725300,38.910000,0.000000,0.833333,6.000000,1.000000,1.000000,0.000000,3.000000,0.000000,1.000000,3.000000
389,c3ccc2c(O)c1ccccc1cc2c3 ,194.233000,3.698600,20.230000,0.000000,0.933333,15.000000,3.000000,3.000000,0.000000,1.000000,0.000000,1.000000,1.000000
390,Cc1ccc2cc3ccccc3cc2c1,192.261000,4.301420,0.000000,0.000000,0.933333,15.000000,3.000000,3.000000,0.000000,0.000000,0.066667,0.000000,0.000000
393,CCCCCCCC(C)O,144.258000,2.727700,20.230000,6.000000,0.000000,10.000000,0.000000,0.000000,0.000000,1.000000,1.000000,1.000000,1.000000
394,CN(C(=O)NC(C)(C)c1ccccc1)c2ccccc2,268.360000,3.767700,32.340000,3.000000,0.600000,20.000000,2.000000,2.000000,0.000000,3.000000,0.235294,1.000000,1.000000
396,Oc1c(Br)cc(C#N)cc1Br ,276.915000,2.788880,44.020000,0.000000,0.545455,11.000000,1.000000,1.000000,0.000000,4.000000,0.000000,1.000000,2.000000
397,Clc1ccc(cc1Cl)c2ccccc2 ,223.102000,4.660400,0.000000,1.000000,0.857143,14.000000,2.000000,2.000000,0.000000,2.000000,0.000000,0.000000,0.000000
398,CN(C(=O)COc1nc2ccccc2s1)c3ccccc3,298.367000,3.338100,42.430000,4.000000,0.714286,21.000000,3.000000,3.000000,0.000000,5.000000,0.125000,0.000000,4.000000
399,Oc1cccc2ncccc12 ,145.161000,1.940400,33.120000,0.000000,0.909091,11.000000,2.000000,2.000000,0.000000,2.000000,0.000000,1.000000,2.000000
400,CC1=C(SCCO1)C(=O)Nc2ccccc2,235.308000,2.620000,38.330000,2.000000,0.375000,16.000000,2.000000,1.000000,1.000000,4.000000,0.250000,1.000000,3.000000
401,CCOc2ccc1nc(sc1c2)S(N)(=O)=O ,258.324000,1.342400,82.280000,3.000000,0.562500,16.000000,2.000000,2.000000,0.000000,7.000000,0.222222,1.000000,5.000000
405,CC(=O)OCC(=O)C3CCC4C2CCC1=CC(=O)CCC1(C)C2CCC34C ,372.505000,4.266700,60.440000,3.000000,0.000000,27.000000,4.000000,0.000000,4.000000,4.000000,0.782609,0.000000,4.000000
407,CN(C)C(=O)Nc1ccc(C)c(Cl)c1,212.680000,2.741920,32.340000,1.000000,0.428571,14.000000,1.000000,1.000000,0.000000,4.000000,0.300000,1.000000,1.000000
408,CON(C)C(=O)Nc1ccc(Cl)c(Cl)c1,249.097000,3.018500,41.570000,2.000000,0.400000,15.000000,1.000000,1.000000,0.000000,6.000000,0.222222,1.000000,2.000000
409,OC1CCCCCC1,114.188000,1.701500,20.230000,0.000000,0.000000,8.000000,1.000000,0.000000,1.000000,1.000000,1.000000,1.000000,1.000000
412,CC(=O)Nc1nnc(s1)S(N)(=O)=O ,222.251000,-0.856100,115.040000,2.000000,0.384615,13.000000,1.000000,1.000000,0.000000,9.000000,0.250000,2.000000,6.000000
413,Oc1ccc(cc1)N(=O)=O,139.110000,1.300400,63.370000,1.000000,0.600000,10.000000,1.000000,1.000000,0.000000,4.000000,0.000000,1.000000,3.000000
414,ClC1=C(Cl)C2(Cl)C3C4CC(C=C4)C3C1(Cl)C2(Cl)Cl,364.914000,5.270200,0.000000,0.000000,0.000000,18.000000,4.000000,0.000000,4.000000,6.000000,0.666667,0.000000,0.000000
415,C1CCOC1,72.107000,0.796800,9.230000,0.000000,0.000000,5.000000,1.000000,0.000000,1.000000,1.000000,1.000000,0.000000,1.000000
417,Clc1cccc(c1Cl)c2cccc(Cl)c2Cl,291.992000,5.967200,0.000000,1.000000,0.750000,16.000000,2.000000,2.000000,0.000000,4.000000,0.000000,0.000000,0.000000
420,CC(=O)C1CCC2C3CCC4=CC(=O)CCC4(C)C3CCC12C,314.469000,4.723500,34.140000,1.000000,0.000000,23.000000,4.000000,0.000000,4.000000,2.000000,0.809524,0.000000,2.000000
421,CCN(CC)c1nc(Cl)nc(n1)N(CC)CC,257.769000,2.217400,45.150000,6.000000,0.352941,17.000000,1.000000,1.000000,0.000000,6.000000,0.727273,0.000000,5.000000
422,ClC(Cl)C(Cl)(Cl)SN2C(=O)C1CC=CCC1C2=O ,349.066000,3.520900,37.380000,3.000000,0.000000,18.000000,2.000000,0.000000,2.000000,8.000000,0.600000,0.000000,3.000000
424,OC3N=C(c1ccccc1)c2cc(Cl)ccc2NC3=O ,286.718000,2.447900,61.690000,1.000000,0.600000,20.000000,3.000000,2.000000,1.000000,5.000000,0.066667,2.000000,3.000000
428,Oc1ccc(c(O)c1)c3oc2cc(O)cc(O)c2c(=O)c3O ,302.238000,1.988000,131.360000,1.000000,0.727273,22.000000,3.000000,3.000000,0.000000,7.000000,0.000000,5.000000,7.000000
429,ClC1(C(=O)C2(Cl)C3(Cl)C14Cl)C5(Cl)C2(Cl)C3(Cl)C(Cl)(Cl)C45Cl,490.639000,4.618200,17.070000,0.000000,0.000000,21.000000,6.000000,0.000000,6.000000,11.000000,0.900000,0.000000,1.000000
430,CCN(CC)C(=S)SSC(=S)N(CC)CC,296.552000,3.621200,6.480000,4.000000,0.000000,16.000000,0.000000,0.000000,0.000000,6.000000,0.800000,0.000000,4.000000
431,C1CCCCC1,84.162000,2.340600,0.000000,0.000000,0.000000,6.000000,1.000000,0.000000,1.000000,0.000000,1.000000,0.000000,0.000000
432,ClC1=C(Cl)C(Cl)(C(=C1Cl)Cl)C2(Cl)C(=C(Cl)C(=C2Cl)Cl)Cl,474.640000,7.725600,0.000000,1.000000,0.000000,20.000000,2.000000,0.000000,2.000000,10.000000,0.200000,0.000000,0.000000
433,CN(C)C=Nc1ccc(Cl)cc1C,196.681000,2.869820,15.600000,2.000000,0.461538,13.000000,1.000000,1.000000,0.000000,3.000000,0.300000,0.000000,1.000000
434,CC34CCc1c(ccc2cc(O)ccc12)C3CCC4=O,266.340000,3.944400,37.300000,0.000000,0.500000,20.000000,4.000000,2.000000,2.000000,2.000000,0.388889,1.000000,2.000000
437,ClCCCl,98.960000,1.464000,0.000000,1.000000,0.000000,4.000000,0.000000,0.000000,0.000000,2.000000,1.000000,0.000000,0.000000
439,ClCCBr,143.411000,1.620100,0.000000,1.000000,0.000000,4.000000,0.000000,0.000000,0.000000,2.000000,1.000000,0.000000,0.000000
441,OCC1OC(OC2C(O)C(O)C(O)OC2CO)C(O)C(O)C1O,342.297000,-5.397200,189.530000,4.000000,0.000000,23.000000,2.000000,0.000000,2.000000,11.000000,1.000000,8.000000,11.000000
442,CCN2c1ncccc1N(CC)C(=O)c3cccnc23 ,268.320000,2.614700,49.330000,2.000000,0.600000,20.000000,3.000000,2.000000,1.000000,5.000000,0.266667,0.000000,4.000000
445,Brc1ccc(I)cc1,282.906000,3.053700,0.000000,0.000000,0.750000,8.000000,1.000000,1.000000,0.000000,2.000000,0.000000,0.000000,0.000000
448,NC(=O)NC1NC(=O)NC1=O ,158.117000,-2.179800,113.320000,1.000000,0.000000,11.000000,1.000000,0.000000,1.000000,7.000000,0.250000,4.000000,3.000000
449,OCC(O)COC(=O)c1ccccc1Nc2ccnc3cc(Cl)ccc23,372.808000,3.141800,91.680000,6.000000,0.615385,26.000000,3.000000,3.000000,0.000000,7.000000,0.157895,3.000000,6.000000
450,ClC(Cl)C(c1ccc(Cl)cc1)c2ccc(Cl)cc2,320.046000,5.929000,0.000000,3.000000,0.666667,18.000000,2.000000,2.000000,0.000000,4.000000,0.142857,0.000000,0.000000
451,CC(=O)OC3CCC4C2CCC1=CC(=O)CCC1(C)C2CCC34C ,330.468000,4.450000,43.370000,1.000000,0.000000,24.000000,4.000000,0.000000,4.000000,3.000000,0.809524,0.000000,3.000000
452,Clc1cccc2ccccc12,162.619000,3.493200,0.000000,0.000000,0.909091,11.000000,2.000000,2.000000,0.000000,1.000000,0.000000,0.000000,0.000000
453,CCN2c1ccccc1N(C)C(=O)c3ccccc23 ,252.317000,3.434600,23.550000,1.000000,0.631579,19.000000,3.000000,2.000000,1.000000,3.000000,0.187500,0.000000,2.000000
454,CCCCC(C)O,102.177000,1.557400,20.230000,3.000000,0.000000,7.000000,0.000000,0.000000,0.000000,1.000000,1.000000,1.000000,1.000000
455,CCCC1CCCC1,112.216000,2.976700,0.000000,2.000000,0.000000,8.000000,1.000000,0.000000,1.000000,0.000000,1.000000,0.000000,0.000000
458,CC1(C)C(C=C(Cl)Cl)C1C(=O)OC(C#N)c2cccc(Oc3ccccc3)c2,416.304000,6.177980,59.320000,6.000000,0.428571,28.000000,3.000000,2.000000,1.000000,6.000000,0.272727,0.000000,4.000000
459,c2ccc1ocnc1c2,119.123000,1.827800,26.030000,0.000000,1.000000,9.000000,2.000000,2.000000,0.000000,2.000000,0.000000,0.000000,2.000000
460,CCCCCO,88.150000,1.168900,20.230000,3.000000,0.000000,6.000000,0.000000,0.000000,0.000000,1.000000,1.000000,1.000000,1.000000
464,CC(C)(C)Cc1ccccc1,148.249000,3.275200,0.000000,1.000000,0.545455,11.000000,1.000000,1.000000,0.000000,0.000000,0.454545,0.000000,0.000000
465,O=C1NC(=O)NC(=O)C1(CC)c1ccccc1,232.239000,0.700400,75.270000,2.000000,0.352941,17.000000,2.000000,1.000000,1.000000,5.000000,0.250000,2.000000,3.000000
466,Clc1ccccc1I,238.455000,2.944600,0.000000,0.000000,0.750000,8.000000,1.000000,1.000000,0.000000,2.000000,0.000000,0.000000,0.000000
468,CNC(=O)Oc1cccc2CC(C)(C)Oc12,221.256000,2.118300,47.560000,1.000000,0.375000,16.000000,2.000000,1.000000,1.000000,4.000000,0.416667,1.000000,3.000000
470,CC(C)C(C)O,88.150000,1.023200,20.230000,1.000000,0.000000,6.000000,0.000000,0.000000,0.000000,1.000000,1.000000,1.000000,1.000000
471,c1ccccc1C(O)c2ccccc2,184.238000,2.768300,20.230000,2.000000,0.857143,14.000000,2.000000,2.000000,0.000000,1.000000,0.076923,1.000000,1.000000
473,COP(=S)(OC)Oc1ccc(cc1Cl)N(=O)=O,297.656000,3.144300,70.830000,5.000000,0.352941,17.000000,1.000000,1.000000,0.000000,9.000000,0.250000,0.000000,6.000000
476,CN(C)C(=O)Oc1nc(nc(C)c1C)N(C)C,238.291000,1.219840,58.560000,2.000000,0.352941,17.000000,1.000000,1.000000,0.000000,6.000000,0.545455,0.000000,5.000000
480,CCc1cccc(C)c1N(C(C)COC)C(=O)CCl ,283.799000,3.164120,29.540000,6.000000,0.315789,19.000000,1.000000,1.000000,0.000000,4.000000,0.533333,0.000000,2.000000
481,ON=Cc1ccc(o1)N(=O)=O ,156.097000,0.995900,88.870000,2.000000,0.454545,11.000000,1.000000,1.000000,0.000000,6.000000,0.000000,1.000000,5.000000
482,CC(C)C(Nc1ccc(cc1Cl)C(F)(F)F)C(=O)OC(C#N)c2cccc(Oc3ccccc3)c2,502.920000,7.395680,71.350000,8.000000,0.514286,35.000000,3.000000,3.000000,0.000000,9.000000,0.230769,1.000000,5.000000
483,Nc1nc[nH]n1,84.082000,-0.613100,67.590000,0.000000,0.833333,6.000000,1.000000,1.000000,0.000000,4.000000,0.000000,2.000000,3.000000
486,CCOP(=S)(OCC)SCn1c(=O)oc2cc(Cl)ccc12,367.816000,4.236100,53.600000,7.000000,0.428571,21.000000,2.000000,2.000000,0.000000,9.000000,0.416667,0.000000,6.000000
487,OCc1ccccc1,108.140000,1.178900,20.230000,1.000000,0.750000,8.000000,1.000000,1.000000,0.000000,1.000000,0.142857,1.000000,1.000000
488,O=c2c(C3CCCc4ccccc43)c(O)c1ccccc1o2 ,292.334000,3.966800,50.440000,1.000000,0.727273,22.000000,4.000000,3.000000,1.000000,3.000000,0.210526,1.000000,3.000000
489,Oc1ccc(Br)cc1,173.009000,2.154700,20.230000,0.000000,0.750000,8.000000,1.000000,1.000000,0.000000,2.000000,0.000000,1.000000,1.000000
490,CC(C)Br,122.993000,1.789700,0.000000,0.000000,0.000000,4.000000,0.000000,0.000000,0.000000,1.000000,1.000000,0.000000,0.000000
491,CC(C)CC(C)(C)C,114.232000,3.078600,0.000000,1.000000,0.000000,8.000000,0.000000,0.000000,0.000000,0.000000,1.000000,0.000000,0.000000
492,O=N(=O)c1cc(cc(c1)N(=O)=O)N(=O)=O,213.105000,1.411200,129.420000,3.000000,0.400000,15.000000,1.000000,1.000000,0.000000,9.000000,0.000000,0.000000,6.000000
493,CN2C(=O)CN=C(c1ccccc1)c3cc(ccc23)N(=O)=O,295.298000,2.408600,75.810000,2.000000,0.545455,22.000000,3.000000,2.000000,1.000000,6.000000,0.125000,0.000000,4.000000
494,CCC,44.097000,1.416300,0.000000,0.000000,0.000000,3.000000,0.000000,0.000000,0.000000,0.000000,1.000000,0.000000,0.000000
495,Nc1cc(nc(N)n1=O)N2CCCCC2 ,209.253000,-0.130300,95.110000,1.000000,0.400000,15.000000,2.000000,1.000000,1.000000,6.000000,0.555556,2.000000,5.000000
496,Nc2cccc3nc1ccccc1cc23 ,194.237000,2.970200,38.910000,0.000000,0.933333,15.000000,3.000000,3.000000,0.000000,2.000000,0.000000,1.000000,2.000000
497,c1ccc2cc3c4cccc5cccc(c3cc2c1)c45,252.316000,5.640400,0.000000,0.000000,1.000000,20.000000,5.000000,4.000000,1.000000,0.000000,0.000000,0.000000,0.000000
498,OC(c1ccc(Cl)cc1)(c2ccc(Cl)cc2)C(Cl)(Cl)Cl,370.490000,5.599500,20.230000,2.000000,0.600000,20.000000,2.000000,2.000000,0.000000,6.000000,0.142857,1.000000,1.000000
500,CCOP(=S)(OCC)SC(CCl)N2C(=O)c1ccccc1C2=O,393.854000,3.878200,55.840000,8.000000,0.260870,23.000000,2.000000,1.000000,1.000000,9.000000,0.428571,0.000000,6.000000
502,Cn2c(=O)on(c1ccc(Cl)c(Cl)c1)c2=O,261.064000,1.436000,57.140000,1.000000,0.687500,16.000000,2.000000,2.000000,0.000000,7.000000,0.111111,0.000000,3.000000
503,Oc1ccc(cc1)c2ccccc2,170.211000,3.059200,20.230000,1.000000,0.923077,13.000000,2.000000,2.000000,0.000000,1.000000,0.000000,1.000000,1.000000
504,CC1=C(CCCO1)C(=O)Nc2ccccc2 ,217.268000,2.709500,38.330000,2.000000,0.375000,16.000000,2.000000,1.000000,1.000000,3.000000,0.307692,1.000000,2.000000
510,O=C1N(COC(=O)C)C(=O)C(N1)(c2ccccc2)c3ccccc3,324.336000,2.002600,75.710000,4.000000,0.500000,24.000000,3.000000,2.000000,1.000000,6.000000,0.166667,1.000000,4.000000
512,Cc1c[nH]c2ccccc12 ,131.178000,2.476320,15.790000,0.000000,0.900000,10.000000,2.000000,2.000000,0.000000,1.000000,0.111111,1.000000,0.000000
513,COc2ncc1nccnc1n2,162.152000,0.428400,60.790000,1.000000,0.833333,12.000000,2.000000,2.000000,0.000000,5.000000,0.142857,0.000000,5.000000
514,CNC(=O)Oc1ccccc1C2OCCO2,223.228000,1.450200,56.790000,2.000000,0.375000,16.000000,2.000000,1.000000,1.000000,5.000000,0.363636,1.000000,4.000000
515,C1N(C(=O)NCC(C)C)C(=O)NC1,185.227000,0.377200,61.440000,2.000000,0.000000,13.000000,1.000000,0.000000,1.000000,5.000000,0.750000,2.000000,2.000000
517,CCOC(=O)NCCOc2ccc(Oc1ccccc1)cc2,301.342000,3.603800,56.790000,7.000000,0.545455,22.000000,2.000000,2.000000,0.000000,5.000000,0.235294,1.000000,4.000000
518,CC(=O)N(S(=O)c1ccc(N)cc1)c2onc(C)c2C ,293.348000,1.949340,89.430000,3.000000,0.550000,20.000000,2.000000,2.000000,0.000000,7.000000,0.230769,1.000000,5.000000
521,CC1CCCCC1NC(=O)Nc2ccccc2,232.327000,3.386800,41.130000,2.000000,0.352941,17.000000,2.000000,1.000000,1.000000,3.000000,0.500000,2.000000,1.000000
523,O=Cc1ccco1,96.085000,1.092100,30.210000,1.000000,0.714286,7.000000,1.000000,1.000000,0.000000,2.000000,0.000000,0.000000,2.000000
525,O=Cc2ccc1OCOc1c2 ,150.133000,1.227800,35.530000,1.000000,0.545455,11.000000,2.000000,1.000000,1.000000,3.000000,0.125000,0.000000,3.000000
529,CCOC(=O)CCN(SN(C)C(=O)Oc1cccc2CC(C)(C)Oc21)C(C)C,410.536000,4.057500,68.310000,8.000000,0.214286,28.000000,2.000000,1.000000,1.000000,8.000000,0.600000,0.000000,7.000000
530,O2c1ccccc1N(C)C(=O)c3cccnc23 ,226.235000,2.463900,42.430000,0.000000,0.705882,17.000000,3.000000,2.000000,1.000000,4.000000,0.076923,0.000000,3.000000
531,C1c2ccccc2c3ccccc13,166.223000,3.257800,0.000000,0.000000,0.923077,13.000000,3.000000,2.000000,1.000000,0.000000,0.076923,0.000000,0.000000
532,CC1CCCCC1,98.189000,2.586600,0.000000,0.000000,0.000000,7.000000,1.000000,0.000000,1.000000,0.000000,1.000000,0.000000,0.000000
535,CC1CCCO1,86.134000,1.185300,9.230000,0.000000,0.000000,6.000000,1.000000,0.000000,1.000000,1.000000,1.000000,0.000000,1.000000
536,CC3C2CCC1(C)C=CC(=O)C(=C1C2OC3=O)C,246.306000,2.419600,43.370000,0.000000,0.000000,18.000000,3.000000,0.000000,3.000000,3.000000,0.600000,0.000000,3.000000
537,OCC2OC(Oc1ccccc1CO)C(O)C(O)C2O,286.280000,-1.642400,119.610000,4.000000,0.300000,20.000000,2.000000,1.000000,1.000000,7.000000,0.538462,5.000000,7.000000
538,CCCI,169.993000,1.831400,0.000000,1.000000,0.000000,4.000000,0.000000,0.000000,0.000000,1.000000,1.000000,0.000000,0.000000
539,CCNc1nc(NC(C)C)nc(SC)n1,227.337000,1.845600,62.730000,5.000000,0.400000,15.000000,1.000000,1.000000,0.000000,6.000000,0.666667,2.000000,6.000000
540,CCCO,60.096000,0.388700,20.230000,1.000000,0.000000,4.000000,0.000000,0.000000,0.000000,1.000000,1.000000,1.000000,1.000000
541,CC(=O)C1(O)CCC2C3CCC4=CC(=O)CCC4(C)C3CCC21C,330.468000,3.838400,54.370000,1.000000,0.000000,24.000000,4.000000,0.000000,4.000000,3.000000,0.809524,1.000000,3.000000
542,CCCC(C)O,88.150000,1.167300,20.230000,2.000000,0.000000,6.000000,0.000000,0.000000,0.000000,1.000000,1.000000,1.000000,1.000000
543,OC(C(=O)c1ccccc1)c2ccccc2,212.248000,2.602900,37.300000,3.000000,0.750000,16.000000,2.000000,2.000000,0.000000,2.000000,0.071429,1.000000,2.000000
545,Clc1cccc(c1)N(=O)=O,157.556000,2.248200,43.140000,1.000000,0.600000,10.000000,1.000000,1.000000,0.000000,4.000000,0.000000,0.000000,2.000000
546,Cc2c(N)c(=O)n(c1ccccc1)n2C,203.245000,1.066620,52.950000,1.000000,0.733333,15.000000,2.000000,2.000000,0.000000,4.000000,0.181818,1.000000,2.000000
547,Clc1ccc(c(Cl)c1)c2cc(Cl)ccc2Cl ,291.992000,5.967200,0.000000,1.000000,0.750000,16.000000,2.000000,2.000000,0.000000,4.000000,0.000000,0.000000,0.000000
549,CCNc1nc(NC(C)(C)C)nc(SC)n1,241.364000,2.235700,62.730000,4.000000,0.375000,16.000000,1.000000,1.000000,0.000000,6.000000,0.700000,2.000000,6.000000
550,CCC(C)CCO,102.177000,1.414900,20.230000,3.000000,0.000000,7.000000,0.000000,0.000000,0.000000,1.000000,1.000000,1.000000,1.000000
552,CC23Cc1cnoc1C=C2CCC4C3CCC5(C)C4CCC5(O)C#C,337.463000,4.221000,46.260000,0.000000,0.200000,25.000000,5.000000,1.000000,4.000000,3.000000,0.681818,1.000000,3.000000
553,CCCCI,184.020000,2.221500,0.000000,2.000000,0.000000,5.000000,0.000000,0.000000,0.000000,1.000000,1.000000,0.000000,0.000000
554,Brc1ccc2ccccc2c1,207.070000,3.602300,0.000000,0.000000,0.909091,11.000000,2.000000,2.000000,0.000000,1.000000,0.000000,0.000000,0.000000
555,CC1OC(CC(O)C1O)OC2C(O)CC(OC2C)OC8C(O)CC(OC7CCC3(C)C(CCC4C3CC(O)C5(C)C(CCC45O)C6=CC(=O)OC6)C7)OC8C ,780.949000,2.218100,203.060000,7.000000,0.000000,55.000000,8.000000,0.000000,8.000000,14.000000,0.926829,6.000000,14.000000
558,c1ccc2c(c1)sc3ccccc23,184.263000,4.054500,0.000000,0.000000,1.000000,13.000000,3.000000,3.000000,0.000000,1.000000,0.000000,0.000000,1.000000
559,Clc1ccc(c(Cl)c1)c2ccc(Cl)c(Cl)c2Cl ,326.437000,6.620600,0.000000,1.000000,0.705882,17.000000,2.000000,2.000000,0.000000,5.000000,0.000000,0.000000,0.000000
560,Clc1ccc(c(Cl)c1Cl)c2ccc(Cl)c(Cl)c2Cl ,360.882000,7.274000,0.000000,1.000000,0.666667,18.000000,2.000000,2.000000,0.000000,6.000000,0.000000,0.000000,0.000000
561,CC(=O)CC(c1ccccc1)c3c(O)c2ccccc2oc3=O ,308.333000,3.609600,67.510000,4.000000,0.695652,23.000000,3.000000,3.000000,0.000000,4.000000,0.157895,1.000000,4.000000
562,c1ccccc1C(O)C(O)c2ccccc2,214.264000,2.453600,40.460000,3.000000,0.750000,16.000000,2.000000,2.000000,0.000000,2.000000,0.142857,2.000000,2.000000
563,COC(=O)c1ccccc1C(=O)OC,194.186000,1.259800,52.600000,2.000000,0.428571,14.000000,1.000000,1.000000,0.000000,4.000000,0.200000,0.000000,4.000000
565,CCSSCC,122.258000,2.407600,0.000000,3.000000,0.000000,6.000000,0.000000,0.000000,0.000000,2.000000,1.000000,0.000000,2.000000
567,Clc1cc(Cl)c(Cl)cc1Cl,215.894000,4.300200,0.000000,0.000000,0.600000,10.000000,1.000000,1.000000,0.000000,4.000000,0.000000,0.000000,0.000000
568,Nc1ccc(cc1)c2ccc(N)cc2,184.242000,2.518000,52.040000,1.000000,0.857143,14.000000,2.000000,2.000000,0.000000,2.000000,0.000000,2.000000,2.000000
569,CCCCCC=C,98.189000,2.752700,0.000000,4.000000,0.000000,7.000000,0.000000,0.000000,0.000000,0.000000,0.714286,0.000000,0.000000
570,CCCCc1c(C)nc(NCC)[nH]c1=O,209.293000,1.852720,57.780000,5.000000,0.400000,15.000000,1.000000,1.000000,0.000000,4.000000,0.636364,2.000000,3.000000
571,O=C1NC(=O)NC(=O)C1(CC)C(C)CCC,226.276000,1.185000,75.270000,4.000000,0.000000,16.000000,1.000000,0.000000,1.000000,5.000000,0.727273,2.000000,3.000000
574,CCCCN(CC)C(=O)SCCC,203.351000,3.371600,20.310000,6.000000,0.000000,13.000000,0.000000,0.000000,0.000000,3.000000,0.900000,0.000000,2.000000
575,CCCCOC=O,102.133000,0.959500,26.300000,4.000000,0.000000,7.000000,0.000000,0.000000,0.000000,2.000000,0.800000,0.000000,2.000000
576,CC12CC(O)C3C(CCC4=CC(=O)C=CC34C)C2CCC1(O)C(=O)CO,360.450000,1.557600,94.830000,2.000000,0.000000,26.000000,4.000000,0.000000,4.000000,5.000000,0.714286,3.000000,5.000000
578,CC34CC(=O)C1C(CCC2=CC(=O)CCC12C)C3CCC4(=O) ,300.398000,3.266400,51.210000,0.000000,0.000000,22.000000,4.000000,0.000000,4.000000,3.000000,0.736842,0.000000,3.000000
579,c1ccc(cc1)c2ccc(cc2)c3ccccc3,230.310000,5.020600,0.000000,2.000000,1.000000,18.000000,3.000000,3.000000,0.000000,0.000000,0.000000,0.000000,0.000000
581,CBr,94.939000,1.011100,0.000000,0.000000,0.000000,2.000000,0.000000,0.000000,0.000000,1.000000,1.000000,0.000000,0.000000
582,Cc1cc(ccc1NS(=O)(=O)C(F)(F)F)S(=O)(=O)c2ccccc2,379.381000,3.089320,80.310000,4.000000,0.500000,24.000000,2.000000,2.000000,0.000000,10.000000,0.142857,1.000000,4.000000
583,CC(=O)CC(c1ccc(Cl)cc1)c2c(O)c3ccccc3oc2=O,342.778000,4.263000,67.510000,4.000000,0.666667,24.000000,3.000000,3.000000,0.000000,5.000000,0.157895,1.000000,4.000000
584,CCc1ccc2ccccc2c1,156.228000,3.402200,0.000000,1.000000,0.833333,12.000000,2.000000,2.000000,0.000000,0.000000,0.166667,0.000000,0.000000
585,Nc1c(C)c[nH]c(=O)n1 ,125.131000,-0.339480,71.770000,0.000000,0.666667,9.000000,1.000000,1.000000,0.000000,4.000000,0.200000,2.000000,3.000000
586,Clc2c(Cl)c(Cl)c(c1ccccc1)c(Cl)c2Cl ,326.437000,6.620600,0.000000,1.000000,0.705882,17.000000,2.000000,2.000000,0.000000,5.000000,0.000000,0.000000,0.000000
588,Cc3cc2nc1c(=O)[nH]c(=O)nc1n(CC(O)C(O)C(O)CO)c2cc3C,376.369000,-1.723560,161.560000,5.000000,0.518519,27.000000,3.000000,1.000000,2.000000,10.000000,0.411765,5.000000,8.000000
589,Fc1ccccc1Br,175.000000,2.588200,0.000000,0.000000,0.750000,8.000000,1.000000,1.000000,0.000000,2.000000,0.000000,0.000000,0.000000
591,CC1(C)C(C=C(Cl)Cl)C1C(=O)OCc2cccc(Oc3ccccc3)c2,391.294000,6.113300,35.530000,6.000000,0.461538,26.000000,3.000000,2.000000,1.000000,5.000000,0.285714,0.000000,3.000000
592,CN2C(=C(O)c1ccccc1S2(=O)=O)C(=O)Nc3ccccn3 ,331.353000,1.581000,99.600000,2.000000,0.521739,23.000000,3.000000,2.000000,1.000000,8.000000,0.066667,2.000000,5.000000
593,O=C1N(COC(=O)CC)C(=O)C(N1)(c2ccccc2)c3ccccc3,338.363000,2.392700,75.710000,5.000000,0.480000,25.000000,3.000000,2.000000,1.000000,6.000000,0.210526,1.000000,4.000000
594,C1CCCC1,70.135000,1.950500,0.000000,0.000000,0.000000,5.000000,1.000000,0.000000,1.000000,0.000000,1.000000,0.000000,0.000000
595,Cc1ccccc1N,107.156000,1.577220,26.020000,0.000000,0.750000,8.000000,1.000000,1.000000,0.000000,1.000000,0.142857,1.000000,1.000000
599,Oc1ccccn1,95.101000,0.787200,33.120000,0.000000,0.857143,7.000000,1.000000,1.000000,0.000000,2.000000,0.000000,1.000000,2.000000
600,CC,30.070000,1.026200,0.000000,0.000000,0.000000,2.000000,0.000000,0.000000,0.000000,0.000000,1.000000,0.000000,0.000000
602,Sc2nc1ccccc1s2 ,167.258000,2.585000,12.890000,0.000000,0.900000,10.000000,2.000000,2.000000,0.000000,3.000000,0.000000,1.000000,3.000000
603,Clc1c(Cl)c(Cl)c(c(Cl)c1Cl)c2c(Cl)c(Cl)c(Cl)c(Cl)c2Cl ,498.662000,9.887600,0.000000,1.000000,0.545455,22.000000,2.000000,2.000000,0.000000,10.000000,0.000000,0.000000,0.000000
604,COc2c1occc1cc3ccc(=O)oc23 ,216.192000,2.547800,52.580000,1.000000,0.812500,16.000000,3.000000,3.000000,0.000000,4.000000,0.083333,0.000000,4.000000
606,Cc1cccc2ccccc12,142.201000,3.148220,0.000000,0.000000,0.909091,11.000000,2.000000,2.000000,0.000000,0.000000,0.090909,0.000000,0.000000
607,CCN(CC)C(=O)C(C)Oc1cccc2ccccc12 ,271.360000,3.475500,29.540000,5.000000,0.500000,20.000000,2.000000,2.000000,0.000000,3.000000,0.352941,0.000000,2.000000
608,CC(O)C(C)(C)C,102.177000,1.413300,20.230000,0.000000,0.000000,7.000000,0.000000,0.000000,0.000000,1.000000,1.000000,1.000000,1.000000
609,CCCC(=O)OCC,116.160000,1.349600,26.300000,3.000000,0.000000,8.000000,0.000000,0.000000,0.000000,2.000000,0.833333,0.000000,2.000000
610,CC2=CC(=O)c1ccccc1C2=O ,172.183000,2.011900,34.140000,0.000000,0.461538,13.000000,2.000000,1.000000,1.000000,2.000000,0.090909,0.000000,2.000000
611,c1ccc2c(c1)ccc3ccccc32,178.234000,3.993000,0.000000,0.000000,1.000000,14.000000,3.000000,3.000000,0.000000,0.000000,0.000000,0.000000,0.000000
612,Cc1ccnc(C)c1,107.156000,1.698440,12.890000,0.000000,0.750000,8.000000,1.000000,1.000000,0.000000,1.000000,0.285714,0.000000,1.000000
613,CCCCCCCCCO,144.258000,2.729300,20.230000,7.000000,0.000000,10.000000,0.000000,0.000000,0.000000,1.000000,1.000000,1.000000,1.000000
615,CC1CC2C3CCC4=CC(=O)C=CC4(C)C3(F)C(O)CC2(C)C1(O)C(=O)CO,392.467000,1.895700,94.830000,2.000000,0.000000,28.000000,4.000000,0.000000,4.000000,6.000000,0.727273,3.000000,5.000000
616,Cc1ccc2cc(C)ccc2c1,156.228000,3.456640,0.000000,0.000000,0.833333,12.000000,2.000000,2.000000,0.000000,0.000000,0.166667,0.000000,0.000000
617,CCSC(=O)N(CC(C)C)CC(C)C,217.378000,3.473500,20.310000,5.000000,0.000000,14.000000,0.000000,0.000000,0.000000,3.000000,0.909091,0.000000,2.000000
618,O=N(=O)OCC(CON(=O)=O)ON(=O)=O ,227.085000,-1.020100,157.110000,8.000000,0.000000,15.000000,0.000000,0.000000,0.000000,12.000000,1.000000,0.000000,9.000000
621,ClC(Cl)(Cl)C(NC=O)N1C=CN(C=C1)C(NC=O)C(Cl)(Cl)Cl ,430.934000,2.431000,64.680000,6.000000,0.000000,22.000000,1.000000,0.000000,1.000000,12.000000,0.400000,2.000000,4.000000
622,Cn2cc(c1ccccc1)c(=O)c(c2)c3cccc(c3)C(F)(F)F,329.321000,4.738100,22.000000,2.000000,0.750000,24.000000,3.000000,3.000000,0.000000,5.000000,0.105263,0.000000,1.000000
624,CC12CCC3C(CCc4cc(O)ccc34)C2CCC1=O,270.372000,3.817400,37.300000,0.000000,0.300000,20.000000,4.000000,1.000000,3.000000,2.000000,0.611111,1.000000,2.000000
626,CC1CO1,58.080000,0.405100,12.530000,0.000000,0.000000,4.000000,1.000000,0.000000,1.000000,1.000000,1.000000,0.000000,1.000000
627,O=C3CN=C(c1ccccc1)c2cc(ccc2N3)N(=O)=O,281.271000,2.384300,84.600000,2.000000,0.571429,21.000000,3.000000,2.000000,1.000000,6.000000,0.066667,1.000000,4.000000
628,CCNC(=S)NCC,132.232000,0.490300,24.060000,2.000000,0.000000,8.000000,0.000000,0.000000,0.000000,3.000000,0.800000,2.000000,1.000000
629,Oc1cc(Cl)cc(Cl)c1Cl,197.448000,3.352400,20.230000,0.000000,0.600000,10.000000,1.000000,1.000000,0.000000,4.000000,0.000000,1.000000,1.000000
632,Cc1cccc2c(C)cccc12,156.228000,3.456640,0.000000,0.000000,0.833333,12.000000,2.000000,2.000000,0.000000,0.000000,0.166667,0.000000,0.000000
633,NS(=O)(=O)c2cc1c(NCNS1(=O)=O)cc2Cl ,297.745000,-0.351300,118.360000,1.000000,0.352941,17.000000,2.000000,1.000000,1.000000,10.000000,0.142857,3.000000,5.000000
634,C1=Cc2cccc3cccc1c23,152.196000,3.323600,0.000000,0.000000,0.833333,12.000000,3.000000,2.000000,1.000000,0.000000,0.000000,0.000000,0.000000
636,CCNc1nc(NC(C)C)nc(OC)n1,211.269000,1.132300,71.960000,5.000000,0.400000,15.000000,1.000000,1.000000,0.000000,6.000000,0.666667,2.000000,6.000000
637,c1ccc2c(c1)cc3ccc4cccc5ccc2c3c45,252.316000,5.737200,0.000000,0.000000,1.000000,20.000000,5.000000,5.000000,0.000000,0.000000,0.000000,0.000000,0.000000
638,CCBr,108.966000,1.401200,0.000000,0.000000,0.000000,3.000000,0.000000,0.000000,0.000000,1.000000,1.000000,0.000000,0.000000
639,CCC#CCC,82.146000,1.809800,0.000000,0.000000,0.000000,6.000000,0.000000,0.000000,0.000000,0.000000,0.666667,0.000000,0.000000
640,CC1OC(CC(O)C1O)OC2C(O)CC(OC2C)OC8C(O)CC(OC7CCC3(C)C(CCC4C3CCC5(C)C(CCC45O)C6=CC(=O)OC6)C7)OC8C ,764.950000,3.247300,182.830000,7.000000,0.000000,54.000000,8.000000,0.000000,8.000000,13.000000,0.926829,5.000000,13.000000
642,Oc1cccc2cccnc12 ,145.161000,1.940400,33.120000,0.000000,0.909091,11.000000,2.000000,2.000000,0.000000,2.000000,0.000000,1.000000,2.000000
643,C1CCc2ccccc2C1,132.206000,2.565400,0.000000,0.000000,0.600000,10.000000,2.000000,1.000000,1.000000,0.000000,0.400000,0.000000,0.000000
644,Oc1ccc(cc1)C2(OC(=O)c3ccccc23)c4ccc(O)cc4 ,318.328000,3.560100,66.760000,2.000000,0.750000,24.000000,4.000000,3.000000,1.000000,4.000000,0.050000,2.000000,4.000000
647,Cc1cc(=O)[nH]c(=S)[nH]1,142.183000,0.740910,48.650000,0.000000,0.666667,9.000000,1.000000,1.000000,0.000000,4.000000,0.200000,2.000000,2.000000
649,O=C1NC(=O)NC(=O)C1(C(C)C)CC=C,210.233000,0.570900,75.270000,3.000000,0.000000,15.000000,1.000000,0.000000,1.000000,5.000000,0.500000,2.000000,3.000000
650,c1cc2ccc3cccc4ccc(c1)c2c34,202.256000,4.584000,0.000000,0.000000,1.000000,16.000000,4.000000,4.000000,0.000000,0.000000,0.000000,0.000000,0.000000
652,CC1(C)CON(Cc2ccccc2Cl)C1=O,239.702000,2.640000,29.540000,2.000000,0.375000,16.000000,2.000000,1.000000,1.000000,4.000000,0.416667,0.000000,2.000000
653,CCCCOCCO,118.176000,0.795400,29.460000,5.000000,0.000000,8.000000,0.000000,0.000000,0.000000,2.000000,1.000000,1.000000,2.000000
657,c1ccc2ncccc2c1,129.162000,2.234800,12.890000,0.000000,1.000000,10.000000,2.000000,2.000000,0.000000,1.000000,0.000000,0.000000,1.000000
659,OC(Cn1cncn1)(Cn2cncn2)c3ccc(F)cc3F ,306.276000,0.735800,81.650000,5.000000,0.727273,22.000000,3.000000,3.000000,0.000000,9.000000,0.230769,1.000000,5.000000
660,Clc2ccc1oc(=O)[nH]c1c2,169.567000,1.774500,46.000000,0.000000,0.818182,11.000000,2.000000,2.000000,0.000000,4.000000,0.000000,1.000000,2.000000
661,Clc1ccc(c(Cl)c1)c2c(Cl)c(Cl)c(Cl)c(Cl)c2Cl,395.327000,7.927400,0.000000,1.000000,0.631579,19.000000,2.000000,2.000000,0.000000,7.000000,0.000000,0.000000,0.000000
662,O=C1NC(=O)C(=O)C(=O)N1 ,142.070000,-2.078500,92.340000,0.000000,0.000000,10.000000,1.000000,0.000000,1.000000,6.000000,0.000000,2.000000,4.000000
666,CC(C)C(C)C,86.178000,2.298400,0.000000,1.000000,0.000000,6.000000,0.000000,0.000000,0.000000,0.000000,1.000000,0.000000,0.000000
668,Clc1ccc(Cl)c(c1)c2cc(Cl)c(Cl)c(Cl)c2Cl,360.882000,7.274000,0.000000,1.000000,0.666667,18.000000,2.000000,2.000000,0.000000,6.000000,0.000000,0.000000,0.000000
669,Nc1cc[nH]c(=O)n1 ,111.104000,-0.647900,71.770000,0.000000,0.750000,8.000000,1.000000,1.000000,0.000000,4.000000,0.000000,2.000000,3.000000
672,ClC(Cl)C(c1ccc(Cl)cc1)c2ccccc2Cl ,320.046000,5.929000,0.000000,3.000000,0.666667,18.000000,2.000000,2.000000,0.000000,4.000000,0.142857,0.000000,0.000000
675,CC12CC2(C)C(=O)N(C1=O)c3cc(Cl)cc(Cl)c3,284.142000,3.282900,37.380000,1.000000,0.333333,18.000000,3.000000,1.000000,2.000000,5.000000,0.384615,0.000000,2.000000
676,c1cc2ccc3ccc4ccc5cccc6c(c1)c2c3c4c56,276.338000,6.328200,0.000000,0.000000,1.000000,22.000000,6.000000,6.000000,0.000000,0.000000,0.000000,0.000000,0.000000
678,c1c(OC)c(OC)C2C(=O)OCC2c1,196.202000,0.849800,44.760000,2.000000,0.000000,14.000000,2.000000,0.000000,2.000000,4.000000,0.500000,0.000000,4.000000
679,OCC(O)CO,92.094000,-1.668100,60.690000,2.000000,0.000000,6.000000,0.000000,0.000000,0.000000,3.000000,1.000000,3.000000,3.000000
681,CCOP(=S)(OCC)Oc1nc(Cl)c(Cl)cc1Cl ,350.591000,4.718100,40.580000,6.000000,0.333333,18.000000,1.000000,1.000000,0.000000,9.000000,0.444444,0.000000,5.000000
682,Cc1c2ccccc2cc3ccccc13,192.261000,4.301420,0.000000,0.000000,0.933333,15.000000,3.000000,3.000000,0.000000,0.000000,0.066667,0.000000,0.000000
683,Cc1cc(=O)n(c2ccccc2)n1C,188.230000,1.484420,26.930000,1.000000,0.785714,14.000000,2.000000,2.000000,0.000000,3.000000,0.181818,0.000000,1.000000
686,CCNc1nc(Cl)nc(NCC)n1 ,201.661000,1.388600,62.730000,4.000000,0.461538,13.000000,1.000000,1.000000,0.000000,6.000000,0.571429,2.000000,5.000000
687,CN(C)C(=O)C,87.122000,0.094500,20.310000,0.000000,0.000000,6.000000,0.000000,0.000000,0.000000,2.000000,0.750000,0.000000,1.000000
688,CSc1nc(nc(n1)N(C)C)N(C)C,213.310000,0.725500,45.150000,3.000000,0.428571,14.000000,1.000000,1.000000,0.000000,6.000000,0.625000,0.000000,6.000000
691,O=C1NC(=O)NC(=O)C1(CC)CC=C,196.206000,0.324900,75.270000,3.000000,0.000000,14.000000,1.000000,0.000000,1.000000,5.000000,0.444444,2.000000,3.000000
693,COc1ccccc1,108.140000,1.695200,9.230000,1.000000,0.750000,8.000000,1.000000,1.000000,0.000000,1.000000,0.142857,0.000000,1.000000
694,c1ccc(Cl)cc1C(c2ccc(Cl)cc2)(O)C(=O)OC(C)C,339.218000,4.180900,46.530000,4.000000,0.545455,22.000000,2.000000,2.000000,0.000000,5.000000,0.235294,1.000000,3.000000
695,CC13CCC(=O)C=C1CCC4C2CCC(C(=O)CO)C2(CC(O)C34)C=O ,360.450000,1.845700,91.670000,3.000000,0.000000,26.000000,4.000000,0.000000,4.000000,5.000000,0.761905,2.000000,5.000000
696,COc2ccc(Oc1ccc(NC(=O)N(C)C)cc1)cc2,286.331000,3.581000,50.800000,4.000000,0.571429,21.000000,2.000000,2.000000,0.000000,5.000000,0.187500,1.000000,3.000000
697,CCc1ccc(C)cc1,120.195000,2.557420,0.000000,1.000000,0.666667,9.000000,1.000000,1.000000,0.000000,0.000000,0.333333,0.000000,0.000000
699,O=N(=O)c1cccc(c1)N(=O)=O,168.108000,1.503000,86.280000,2.000000,0.500000,12.000000,1.000000,1.000000,0.000000,6.000000,0.000000,0.000000,4.000000
700,CCOP(=S)(OCC)SCSP(=S)(OCC)OCC,384.487000,5.005300,36.920000,12.000000,0.000000,19.000000,0.000000,0.000000,0.000000,10.000000,1.000000,0.000000,8.000000
701,CCC1(C(C)C)C(=O)NC(=O)NC1=O ,198.222000,0.404800,75.270000,2.000000,0.000000,14.000000,1.000000,0.000000,1.000000,5.000000,0.666667,2.000000,3.000000
702,CC(=O)OCC(=O)C3(O)CCC4C2CCC1=CC(=O)CCC1(C)C2C(=O)CC34C ,402.487000,2.560600,97.740000,3.000000,0.000000,29.000000,4.000000,0.000000,4.000000,6.000000,0.739130,1.000000,6.000000
703,Cc1ncc(N(=O)=O)n1CCO,171.156000,0.092020,81.190000,3.000000,0.416667,12.000000,1.000000,1.000000,0.000000,6.000000,0.500000,1.000000,4.000000
704,Nc1ccc(Cl)cc1,127.574000,1.922200,26.020000,0.000000,0.750000,8.000000,1.000000,1.000000,0.000000,2.000000,0.000000,1.000000,1.000000
705,CCCC(C)(C)CO,116.204000,1.805000,20.230000,3.000000,0.000000,8.000000,0.000000,0.000000,0.000000,1.000000,1.000000,1.000000,1.000000
706,c1ccoc1,68.075000,1.279600,13.140000,0.000000,1.000000,5.000000,1.000000,1.000000,0.000000,1.000000,0.000000,0.000000,1.000000
707,COCCCNc1nc(NC(C)C)nc(SC)n1,271.390000,1.862200,71.960000,8.000000,0.333333,18.000000,1.000000,1.000000,0.000000,7.000000,0.727273,2.000000,7.000000
708,CN(C)C(=O)NC1CC2CC1C3CCCC23,222.332000,2.082300,32.340000,1.000000,0.000000,16.000000,3.000000,0.000000,3.000000,3.000000,0.923077,1.000000,1.000000
711,CC(=O)OCC(=O)C3(O)CCC4C2CCC1=CC(=O)C=CC1(C)C2C(O)CC34C ,402.487000,2.128400,100.900000,3.000000,0.000000,29.000000,4.000000,0.000000,4.000000,6.000000,0.695652,2.000000,6.000000
713,CC(C)OC(=O)C,102.133000,0.957900,26.300000,1.000000,0.000000,7.000000,0.000000,0.000000,0.000000,2.000000,0.800000,0.000000,2.000000
714,Brc1ccccc1,157.010000,2.449100,0.000000,0.000000,0.857143,7.000000,1.000000,1.000000,0.000000,1.000000,0.000000,0.000000,0.000000
717,CCC(=O)OC3CCC4C2CCC1=CC(=O)CCC1(C)C2CCC34C ,344.495000,4.840100,43.370000,2.000000,0.000000,25.000000,4.000000,0.000000,4.000000,3.000000,0.818182,0.000000,3.000000
718,c1cc2ccc3ccc4ccc5ccc6ccc1c7c2c3c4c5c67,300.360000,6.919200,0.000000,0.000000,1.000000,24.000000,7.000000,7.000000,0.000000,0.000000,0.000000,0.000000,0.000000
719,O=c1[nH]cnc2[nH]ncc12 ,136.114000,-0.353800,74.430000,0.000000,0.900000,10.000000,2.000000,2.000000,0.000000,5.000000,0.000000,2.000000,3.000000
721,CN(C)C(=O)C(c1ccccc1)c2ccccc2 ,239.318000,2.906700,20.310000,3.000000,0.666667,18.000000,2.000000,2.000000,0.000000,2.000000,0.187500,0.000000,1.000000
723,CCN2c1cc(N(C)C)cc(C)c1NC(=O)c3cccnc23 ,296.374000,3.179720,48.470000,2.000000,0.545455,22.000000,3.000000,2.000000,1.000000,5.000000,0.294118,1.000000,4.000000
724,O=C1NC(=O)c2ccccc12 ,147.133000,0.570200,46.170000,0.000000,0.545455,11.000000,2.000000,1.000000,1.000000,3.000000,0.000000,1.000000,2.000000
725,OC(c1ccc(Cl)cc1)(c2cncnc2)c3ccccc3Cl,331.202000,4.067600,46.010000,3.000000,0.818182,22.000000,3.000000,3.000000,0.000000,5.000000,0.058824,1.000000,3.000000
729,Clc1ccc(Cl)c(c1)c2cccc(Cl)c2Cl ,291.992000,5.967200,0.000000,1.000000,0.750000,16.000000,2.000000,2.000000,0.000000,4.000000,0.000000,0.000000,0.000000
730,CCC2NC(=O)c1cc(c(Cl)cc1N2)S(N)(=O)=O,289.744000,0.878800,101.290000,2.000000,0.333333,18.000000,2.000000,1.000000,1.000000,8.000000,0.300000,3.000000,4.000000
733,C1(=O)NC(=O)NC(=O)C1(O)C2(O)C(=O)NC(=O)NC2(=O),286.156000,-4.819400,191.000000,1.000000,0.000000,20.000000,2.000000,0.000000,2.000000,12.000000,0.250000,6.000000,8.000000
734,CCCCCCCCC,128.259000,3.756900,0.000000,6.000000,0.000000,9.000000,0.000000,0.000000,0.000000,0.000000,1.000000,0.000000,0.000000
736,c1cccc2c3c(C)cc4ccccc4c3ccc12,242.321000,5.454620,0.000000,0.000000,0.947368,19.000000,4.000000,4.000000,0.000000,0.000000,0.052632,0.000000,0.000000
740,Clc1ccccc1C2=NCC(=O)Nc3ccc(cc23)N(=O)=O,315.716000,3.037700,84.600000,2.000000,0.545455,22.000000,3.000000,2.000000,1.000000,7.000000,0.066667,1.000000,4.000000
743,CCCCCC(C)C,114.232000,3.222700,0.000000,4.000000,0.000000,8.000000,0.000000,0.000000,0.000000,0.000000,1.000000,0.000000,0.000000
744,CC1(C)C(C=C(Cl)C(F)(F)F)C1C(=O)OC(C#N)c2cccc(Oc3ccccc3)c2,449.856000,6.543980,59.320000,6.000000,0.387097,31.000000,3.000000,2.000000,1.000000,8.000000,0.304348,0.000000,4.000000
745,CCCC1C(=O)N3N(C1=O)c2cc(C)ccc2N=C3N(C)C ,300.362000,2.064220,56.220000,2.000000,0.272727,22.000000,3.000000,1.000000,2.000000,6.000000,0.437500,0.000000,4.000000
746,CN2C(=O)CN=C(c1ccccc1)c3cc(Cl)ccc23,284.746000,3.153800,32.670000,1.000000,0.600000,20.000000,3.000000,2.000000,1.000000,4.000000,0.125000,0.000000,2.000000
748,CCOP(=S)(OCC)Oc1ccc(cc1)S(C)=O ,308.361000,3.100300,44.760000,7.000000,0.333333,18.000000,1.000000,1.000000,0.000000,7.000000,0.454545,0.000000,5.000000
750,CC12CCC3C(CCC4=CC(=O)CCC34C)C2CCC1O,288.431000,3.879200,37.300000,0.000000,0.000000,21.000000,4.000000,0.000000,4.000000,2.000000,0.842105,1.000000,2.000000
751,CCCCCCC,100.205000,2.976700,0.000000,4.000000,0.000000,7.000000,0.000000,0.000000,0.000000,0.000000,1.000000,0.000000,0.000000
752,Oc1cccc2ccccc12,144.173000,2.545400,20.230000,0.000000,0.909091,11.000000,2.000000,2.000000,0.000000,1.000000,0.000000,1.000000,1.000000
753,C/C1CCCCC1\C,112.216000,2.832600,0.000000,0.000000,0.000000,8.000000,1.000000,0.000000,1.000000,0.000000,1.000000,0.000000,0.000000
754,COc2cc1c(N)nc(nc1c(OC)c2OC)N3CCN(CC3)C(=O)OCC(C)(C)O ,435.481000,1.267300,132.500000,6.000000,0.322581,31.000000,3.000000,2.000000,1.000000,11.000000,0.550000,2.000000,10.000000
756,CC(=O)C3(C)CCC4C2C=C(C)C1=CC(=O)CCC1(C)C2CCC34C,340.507000,5.279700,34.140000,1.000000,0.000000,25.000000,4.000000,0.000000,4.000000,2.000000,0.739130,0.000000,2.000000
757,CCCCCC(=O)C,114.188000,2.155700,17.070000,4.000000,0.000000,8.000000,0.000000,0.000000,0.000000,1.000000,0.857143,0.000000,1.000000
760,c1cC2C(=O)NC(=O)C2cc1,149.149000,0.001200,46.170000,0.000000,0.000000,11.000000,2.000000,0.000000,2.000000,3.000000,0.250000,1.000000,2.000000
761,NS(=O)(=O)c2cc1c(NC(NS1(=O)=O)C(Cl)Cl)cc2Cl ,380.662000,0.821000,118.360000,2.000000,0.300000,20.000000,2.000000,1.000000,1.000000,12.000000,0.250000,3.000000,5.000000
762,CC=C(C)C,70.135000,1.972500,0.000000,0.000000,0.000000,5.000000,0.000000,0.000000,0.000000,0.000000,0.600000,0.000000,0.000000
763,Cc1ccc(C)c(C)c1,120.195000,2.611860,0.000000,0.000000,0.666667,9.000000,1.000000,1.000000,0.000000,0.000000,0.333333,0.000000,0.000000
765,c1ccc2c(c1)cnc3ccccc23 ,179.222000,3.388000,12.890000,0.000000,1.000000,14.000000,3.000000,3.000000,0.000000,1.000000,0.000000,0.000000,1.000000
767,CCCCCCCC,114.232000,3.366800,0.000000,5.000000,0.000000,8.000000,0.000000,0.000000,0.000000,0.000000,1.000000,0.000000,0.000000
768,c1ccc2cc3ccccc3cc2c1,178.234000,3.993000,0.000000,0.000000,1.000000,14.000000,3.000000,3.000000,0.000000,0.000000,0.000000,0.000000,0.000000
769,NNc1ccccc1,108.144000,0.972200,38.050000,1.000000,0.750000,8.000000,1.000000,1.000000,0.000000,2.000000,0.000000,2.000000,2.000000
771,C1CCCCCCC1,112.216000,3.120800,0.000000,0.000000,0.000000,8.000000,1.000000,0.000000,1.000000,0.000000,1.000000,0.000000,0.000000
774,Sc1nccc(=O)[nH]1 ,128.156000,0.058600,45.750000,0.000000,0.750000,8.000000,1.000000,1.000000,0.000000,4.000000,0.000000,2.000000,3.000000
775,Clc1ccc(CN(C2CCCC2)C(=O)Nc3ccccc3)cc1,328.843000,5.316700,32.340000,4.000000,0.521739,23.000000,3.000000,2.000000,1.000000,4.000000,0.315789,1.000000,1.000000
776,CC1=CCCCC1,96.173000,2.506700,0.000000,0.000000,0.000000,7.000000,1.000000,0.000000,1.000000,0.000000,0.714286,0.000000,0.000000
778,COc2c1occc1c(OC)c3c(=O)cc(C)oc23 ,260.245000,2.864820,61.810000,2.000000,0.684211,19.000000,3.000000,3.000000,0.000000,5.000000,0.214286,0.000000,5.000000
780,c1ccc2c3c(ccc2c1)c4cccc5cccc3c45,252.316000,5.640400,0.000000,0.000000,1.000000,20.000000,5.000000,4.000000,1.000000,0.000000,0.000000,0.000000,0.000000
782,CCCOCCC,102.177000,1.823000,9.230000,4.000000,0.000000,7.000000,0.000000,0.000000,0.000000,1.000000,1.000000,0.000000,1.000000
784,Oc1c(Cl)ccc(Cl)c1Cl,197.448000,3.352400,20.230000,0.000000,0.600000,10.000000,1.000000,1.000000,0.000000,4.000000,0.000000,1.000000,1.000000
785,NC(=O)N,60.056000,-0.976200,69.110000,0.000000,0.000000,4.000000,0.000000,0.000000,0.000000,3.000000,0.000000,2.000000,1.000000
790,c1cc(O)c(O)c2OCC3(O)CC4=CC(=O)C(O)=CC4=C3c21,300.266000,1.329600,107.220000,0.000000,0.272727,22.000000,4.000000,1.000000,3.000000,6.000000,0.187500,4.000000,6.000000
792,OC1C=CC2C1C3(Cl)C(=C(Cl)C2(Cl)C3(Cl)Cl)Cl ,354.875000,3.995000,20.230000,0.000000,0.000000,17.000000,3.000000,0.000000,3.000000,7.000000,0.600000,1.000000,1.000000
793,CC(C)CCOC=O,116.160000,1.205500,26.300000,4.000000,0.000000,8.000000,0.000000,0.000000,0.000000,2.000000,0.833333,0.000000,2.000000
794,CC(=O)c1ccccc1,120.151000,1.889200,17.070000,1.000000,0.666667,9.000000,1.000000,1.000000,0.000000,1.000000,0.125000,0.000000,1.000000
795,c2ccc1nc(ccc1c2)c4ccc3ccccc3n4 ,256.308000,4.450000,25.780000,1.000000,1.000000,20.000000,4.000000,4.000000,0.000000,2.000000,0.000000,0.000000,2.000000
796,CCOP(=O)(OCC)OCC,182.156000,2.204000,44.760000,6.000000,0.000000,11.000000,0.000000,0.000000,0.000000,5.000000,1.000000,0.000000,4.000000
797,CC2(C)C1CCC(C)(C1)C2=O,152.237000,2.401700,17.070000,0.000000,0.000000,11.000000,2.000000,0.000000,2.000000,1.000000,0.900000,0.000000,1.000000
799,ClC2=C(Cl)C3(Cl)C1C=CCC1C2(Cl)C3(Cl)Cl ,338.876000,5.024200,0.000000,0.000000,0.000000,16.000000,3.000000,0.000000,3.000000,6.000000,0.600000,0.000000,0.000000
800,CC(C)N(=O)=O,89.094000,0.671500,43.140000,1.000000,0.000000,6.000000,0.000000,0.000000,0.000000,3.000000,1.000000,0.000000,2.000000
801,c1ccc2c(c1)[nH]c3ccccc32,167.211000,3.321100,15.790000,0.000000,1.000000,13.000000,3.000000,3.000000,0.000000,1.000000,0.000000,1.000000,0.000000
805,O=C1CCC(=O)N1,99.089000,-0.577000,46.170000,0.000000,0.000000,7.000000,1.000000,0.000000,1.000000,3.000000,0.500000,1.000000,2.000000
806,CCC(C)C(C)C,100.205000,2.688500,0.000000,2.000000,0.000000,7.000000,0.000000,0.000000,0.000000,0.000000,1.000000,0.000000,0.000000
807,CCCCc1c(C)nc(NCC)nc1OS(=O)(=O)N(C)C ,316.427000,1.744620,84.420000,8.000000,0.285714,21.000000,1.000000,1.000000,0.000000,8.000000,0.692308,1.000000,6.000000
808,CCN2c1ncccc1N(C)C(=S)c3cccnc23 ,270.361000,2.759900,32.260000,1.000000,0.631579,19.000000,3.000000,2.000000,1.000000,5.000000,0.214286,0.000000,4.000000
809,O2c1ccccc1N(CC)C(=O)c3ccccc23 ,239.274000,3.459000,29.540000,1.000000,0.666667,18.000000,3.000000,2.000000,1.000000,3.000000,0.133333,0.000000,2.000000
810,C1CCOCC1,86.134000,1.186900,9.230000,0.000000,0.000000,6.000000,1.000000,0.000000,1.000000,1.000000,1.000000,0.000000,1.000000
812,c1cc2ccc(OC)c(CC=C(C)(C))c2oc1=O ,244.290000,3.310300,39.440000,3.000000,0.555556,18.000000,2.000000,2.000000,0.000000,3.000000,0.266667,0.000000,3.000000
818,CCCSCCC,118.245000,2.539600,0.000000,4.000000,0.000000,7.000000,0.000000,0.000000,0.000000,1.000000,1.000000,0.000000,1.000000
819,c1ccc2cc3cc4ccccc4cc3cc2c1,228.294000,5.146200,0.000000,0.000000,1.000000,18.000000,4.000000,4.000000,0.000000,0.000000,0.000000,0.000000,0.000000
820,CCCCCBr,151.047000,2.571500,0.000000,3.000000,0.000000,6.000000,0.000000,0.000000,0.000000,1.000000,1.000000,0.000000,0.000000
821,CCCC/C=C/C,98.189000,2.752700,0.000000,3.000000,0.000000,7.000000,0.000000,0.000000,0.000000,0.000000,0.714286,0.000000,0.000000
822,Cc1ncc(N(=O)=O)n1CCO ,171.156000,0.092020,81.190000,3.000000,0.416667,12.000000,1.000000,1.000000,0.000000,6.000000,0.500000,1.000000,4.000000
823,CCCCCC1CCCC1,140.270000,3.756900,0.000000,4.000000,0.000000,10.000000,1.000000,0.000000,1.000000,0.000000,1.000000,0.000000,0.000000
824,Clc1ccc(Cl)c(c1)c2c(Cl)c(Cl)cc(Cl)c2Cl ,360.882000,7.274000,0.000000,1.000000,0.666667,18.000000,2.000000,2.000000,0.000000,6.000000,0.000000,0.000000,0.000000
825,O=C1NC(=O)NC(=O)C1(CC)C(C)C,198.222000,0.404800,75.270000,2.000000,0.000000,14.000000,1.000000,0.000000,1.000000,5.000000,0.666667,2.000000,3.000000
826,CC(Cl)(Cl)Cl,133.405000,2.376500,0.000000,0.000000,0.000000,5.000000,0.000000,0.000000,0.000000,3.000000,1.000000,0.000000,0.000000
828,O=C2NC(=O)C1(CCCCC1)C(=O)N2,196.206000,0.302900,75.270000,0.000000,0.000000,14.000000,2.000000,0.000000,2.000000,5.000000,0.666667,2.000000,3.000000
829,CN(C)C(=O)OC1=CC(=O)CC(C)(C)C1 ,211.261000,1.957600,46.610000,1.000000,0.000000,15.000000,1.000000,0.000000,1.000000,4.000000,0.636364,0.000000,3.000000
832,CC(C)NC(=O)N1CC(=O)N(C1=O)c2cc(Cl)cc(Cl)c2,330.171000,2.880000,69.720000,2.000000,0.285714,21.000000,2.000000,1.000000,1.000000,8.000000,0.307692,1.000000,3.000000
835,c1ccccc1,78.114000,1.686600,0.000000,0.000000,1.000000,6.000000,1.000000,1.000000,0.000000,0.000000,0.000000,0.000000,0.000000
839,C=Cc1ccccc1,104.152000,2.329600,0.000000,1.000000,0.750000,8.000000,1.000000,1.000000,0.000000,0.000000,0.000000,0.000000,0.000000
840,COCOC,76.095000,0.236700,18.460000,2.000000,0.000000,5.000000,0.000000,0.000000,0.000000,2.000000,1.000000,0.000000,2.000000
843,Oc1ccc(O)cc1,110.112000,1.097800,40.460000,0.000000,0.750000,8.000000,1.000000,1.000000,0.000000,2.000000,0.000000,2.000000,2.000000
844,CC34CCC1C(CCc2cc(O)ccc12)C3CC(O)C4O ,288.387000,2.580000,60.690000,0.000000,0.285714,21.000000,4.000000,1.000000,3.000000,3.000000,0.666667,3.000000,3.000000
845,C1c2ccccc2c3cc4ccccc4cc13,216.283000,4.411000,0.000000,0.000000,0.941176,17.000000,4.000000,3.000000,1.000000,0.000000,0.058824,0.000000,0.000000
846,O=C1CNC(=O)N1 ,100.077000,-1.174200,58.200000,0.000000,0.000000,7.000000,1.000000,0.000000,1.000000,4.000000,0.333333,2.000000,2.000000
847,c1(O)cc(O)ccc1CCCCCC,194.274000,3.220600,40.460000,5.000000,0.428571,14.000000,1.000000,1.000000,0.000000,2.000000,0.500000,2.000000,2.000000
848,C=CCS(=O)SCC=C,162.279000,1.755300,17.070000,5.000000,0.000000,9.000000,0.000000,0.000000,0.000000,3.000000,0.333333,0.000000,2.000000
849,CCOP(=S)(OCC)Oc2ccc1oc(=O)c(Cl)c(C)c1c2,362.771000,4.431120,57.900000,6.000000,0.454545,22.000000,2.000000,2.000000,0.000000,8.000000,0.357143,0.000000,6.000000
851,CCCCC(=O)OC3(C(C)CC4C2CCC1=CC(=O)C=CC1(C)C2(F)C(O)CC34C)C(=O)CO,476.585000,3.636800,100.900000,6.000000,0.000000,34.000000,4.000000,0.000000,4.000000,7.000000,0.740741,2.000000,6.000000
852,O=c2[nH]c(=O)c1[nH]c(=O)[nH]c1[nH]2 ,168.112000,-1.767200,114.370000,0.000000,0.750000,12.000000,2.000000,2.000000,0.000000,7.000000,0.000000,4.000000,3.000000
854,Clc1cccc(Cl)c1,147.004000,2.993400,0.000000,0.000000,0.750000,8.000000,1.000000,1.000000,0.000000,2.000000,0.000000,0.000000,0.000000
855,Clc1ccc(cc1)C(c2ccc(Cl)cc2)C(Cl)(Cl)Cl,354.491000,6.495500,0.000000,2.000000,0.631579,19.000000,2.000000,2.000000,0.000000,5.000000,0.142857,0.000000,0.000000
856,CC(C)COC=O,102.133000,0.815400,26.300000,3.000000,0.000000,7.000000,0.000000,0.000000,0.000000,2.000000,0.800000,0.000000,2.000000
857,c1ccccc1SC,124.208000,2.408500,0.000000,1.000000,0.750000,8.000000,1.000000,1.000000,0.000000,1.000000,0.142857,0.000000,1.000000
858,CCN2c1nc(C)cc(C(F)(F)F)c1NC(=O)c3cccnc23 ,322.290000,3.527520,58.120000,1.000000,0.521739,23.000000,3.000000,2.000000,1.000000,8.000000,0.266667,1.000000,4.000000
860,COC(=O)c1cccnc1 ,137.138000,0.868200,39.190000,1.000000,0.600000,10.000000,1.000000,1.000000,0.000000,3.000000,0.142857,0.000000,3.000000
861,NS(=O)(=O)c3cc2c(NC(Cc1ccccc1)NS2(=O)=O)cc3C(F)(F)F,421.422000,1.625400,118.360000,3.000000,0.444444,27.000000,3.000000,2.000000,1.000000,12.000000,0.200000,3.000000,5.000000
862,Clc1ccc(cc1Cl)c2cc(Cl)c(Cl)c(Cl)c2Cl ,360.882000,7.274000,0.000000,1.000000,0.666667,18.000000,2.000000,2.000000,0.000000,6.000000,0.000000,0.000000,0.000000
863,CC1(OC(=O)N(C1=O)c2cc(Cl)cc(Cl)c2)C=C,286.114000,3.421300,46.610000,2.000000,0.333333,18.000000,2.000000,1.000000,1.000000,6.000000,0.166667,0.000000,3.000000
864,CCNc1nc(Cl)nc(NC(C)(C)C#N)n1,240.698000,1.670880,86.520000,4.000000,0.375000,16.000000,1.000000,1.000000,0.000000,7.000000,0.555556,2.000000,6.000000
865,c1ccc2c(c1)c3ccccc3c4ccccc24,228.294000,5.146200,0.000000,0.000000,1.000000,18.000000,4.000000,4.000000,0.000000,0.000000,0.000000,0.000000,0.000000
866,CC=C(C(=CC)c1ccc(O)cc1)c2ccc(O)cc2,266.340000,4.604600,40.460000,3.000000,0.600000,20.000000,2.000000,2.000000,0.000000,2.000000,0.111111,2.000000,2.000000
869,COP(=O)(OC)OC(Br)C(Cl)(Cl)Br,380.784000,3.651200,44.760000,5.000000,0.000000,13.000000,0.000000,0.000000,0.000000,9.000000,1.000000,0.000000,4.000000
870,c1ccc(cc1)c2ccccc2,154.212000,3.353600,0.000000,1.000000,1.000000,12.000000,2.000000,2.000000,0.000000,0.000000,0.000000,0.000000,0.000000
871,Clc1cc(Cl)c(c(Cl)c1)c2c(Cl)cc(Cl)cc2Cl ,360.882000,7.274000,0.000000,1.000000,0.666667,18.000000,2.000000,2.000000,0.000000,6.000000,0.000000,0.000000,0.000000
872,CN(C)c1nc(nc(n1)N(C)C)N(C)C,210.285000,0.069600,48.390000,3.000000,0.400000,15.000000,1.000000,1.000000,0.000000,6.000000,0.666667,0.000000,6.000000
875,OCC1OC(O)(CO)C(O)C1O,180.156000,-3.219800,110.380000,2.000000,0.000000,12.000000,1.000000,0.000000,1.000000,6.000000,1.000000,5.000000,6.000000
877,ClCC#CCOC(=O)Nc1cccc(Cl)c1,258.104000,3.130700,38.330000,2.000000,0.375000,16.000000,1.000000,1.000000,0.000000,5.000000,0.181818,1.000000,2.000000
878,CC(=O)Nc1ccc(Cl)cc1,169.611000,2.298400,29.100000,1.000000,0.545455,11.000000,1.000000,1.000000,0.000000,3.000000,0.125000,1.000000,1.000000
879,Clc1ccc(Cl)c(c1)c2c(Cl)c(Cl)c(Cl)c(Cl)c2Cl,395.327000,7.927400,0.000000,1.000000,0.631579,19.000000,2.000000,2.000000,0.000000,7.000000,0.000000,0.000000,0.000000
881,CNc1ccccc1,107.156000,1.728300,12.030000,1.000000,0.750000,8.000000,1.000000,1.000000,0.000000,1.000000,0.142857,1.000000,1.000000
883,CC(=O)OCC(=O)C1(O)CCC2C3CCC4=CC(=O)CCC4(C)C3C(O)CC21C,404.503000,2.352400,100.900000,3.000000,0.000000,29.000000,4.000000,0.000000,4.000000,6.000000,0.782609,2.000000,6.000000
884,Cc1cc(cc(N(=O)=O)c1O)N(=O)=O,198.134000,1.517020,106.510000,2.000000,0.428571,14.000000,1.000000,1.000000,0.000000,7.000000,0.142857,1.000000,5.000000
885,OC3N=C(c1ccccc1Cl)c2cc(Cl)ccc2NC3=O,321.163000,3.101300,61.690000,1.000000,0.571429,21.000000,3.000000,2.000000,1.000000,6.000000,0.066667,2.000000,3.000000
886,Oc1cccc(Cl)c1,128.558000,2.045600,20.230000,0.000000,0.750000,8.000000,1.000000,1.000000,0.000000,2.000000,0.000000,1.000000,1.000000
887,Clc1cccc(Br)c1,191.455000,3.102500,0.000000,0.000000,0.750000,8.000000,1.000000,1.000000,0.000000,2.000000,0.000000,0.000000,0.000000
888,NS(=O)(=O)c2cc1c(N=CNS1(=O)=O)cc2Cl ,295.729000,-0.060900,118.690000,1.000000,0.352941,17.000000,2.000000,1.000000,1.000000,10.000000,0.000000,2.000000,5.000000
889,O=C1NC(=O)NC(=O)C1(C)CC,170.168000,-0.231300,75.270000,1.000000,0.000000,12.000000,1.000000,0.000000,1.000000,5.000000,0.571429,2.000000,3.000000
891,C(c1ccccc1)c2ccccc2,168.239000,3.277400,0.000000,2.000000,0.923077,13.000000,2.000000,2.000000,0.000000,0.000000,0.076923,0.000000,0.000000
893,CCN(Cc1c(F)cccc1Cl)c2c(cc(cc2N(=O)=O)C(F)(F)F)N(=O)=O,421.734000,5.340800,89.520000,6.000000,0.428571,28.000000,2.000000,2.000000,0.000000,12.000000,0.250000,0.000000,5.000000
894,CC(C)Nc1nc(Cl)nc(NC(C)C)n1,229.715000,2.165600,62.730000,4.000000,0.400000,15.000000,1.000000,1.000000,0.000000,6.000000,0.666667,2.000000,5.000000
896,CCCCC(C)(C)O,116.204000,1.947500,20.230000,3.000000,0.000000,8.000000,0.000000,0.000000,0.000000,1.000000,1.000000,1.000000,1.000000
899,ClC1C=CC2C1C3(Cl)C(=C(Cl)C2(Cl)C3(Cl)Cl)Cl,373.321000,5.241500,0.000000,0.000000,0.000000,17.000000,3.000000,0.000000,3.000000,7.000000,0.600000,0.000000,0.000000
900,CCC(C)C1(CC(Br)=C)C(=O)NC(=O)NC1=O ,303.156000,1.683600,75.270000,4.000000,0.000000,17.000000,1.000000,0.000000,1.000000,6.000000,0.545455,2.000000,3.000000
901,CC1(C)C(C(=O)OC(C#N)c2cccc(Oc3ccccc3)c2)C1(C)C,349.430000,5.268980,59.320000,5.000000,0.461538,26.000000,3.000000,2.000000,1.000000,4.000000,0.363636,0.000000,4.000000
903,CCOC(=O)CC,102.133000,0.959500,26.300000,2.000000,0.000000,7.000000,0.000000,0.000000,0.000000,2.000000,0.800000,0.000000,2.000000
904,CSc1nc(NC(C)C)nc(NC(C)C)n1,241.364000,2.234100,62.730000,5.000000,0.375000,16.000000,1.000000,1.000000,0.000000,6.000000,0.700000,2.000000,6.000000
905,CC(C#C)N(C)C(=O)Nc1ccc(Cl)cc1,236.702000,2.825400,32.340000,2.000000,0.375000,16.000000,1.000000,1.000000,0.000000,4.000000,0.250000,1.000000,1.000000
906,Cc1cc2ccccc2cc1C,156.228000,3.456640,0.000000,0.000000,0.833333,12.000000,2.000000,2.000000,0.000000,0.000000,0.166667,0.000000,0.000000
907,Clc1ccc(cc1)c2cc(Cl)ccc2Cl ,257.547000,5.313800,0.000000,1.000000,0.800000,15.000000,2.000000,2.000000,0.000000,3.000000,0.000000,0.000000,0.000000
908,Clc1ccc(c(Cl)c1)c2cc(Cl)c(Cl)c(Cl)c2Cl ,360.882000,7.274000,0.000000,1.000000,0.666667,18.000000,2.000000,2.000000,0.000000,6.000000,0.000000,0.000000,0.000000
911,Clc1cccc(Cl)c1c2ccccc2 ,223.102000,4.660400,0.000000,1.000000,0.857143,14.000000,2.000000,2.000000,0.000000,2.000000,0.000000,0.000000,0.000000
913,CC(=O)Nc1ccc(cc1)N(=O)=O,180.163000,1.553200,72.240000,2.000000,0.461538,13.000000,1.000000,1.000000,0.000000,5.000000,0.125000,1.000000,3.000000
915,CC(=O)Nc1ccc(O)cc1,151.165000,1.350600,49.330000,1.000000,0.545455,11.000000,1.000000,1.000000,0.000000,3.000000,0.125000,2.000000,2.000000
916,c2ccc1[nH]ncc1c2 ,118.139000,1.562900,28.680000,0.000000,1.000000,9.000000,2.000000,2.000000,0.000000,2.000000,0.000000,1.000000,1.000000
917,CC5(C)OC4CC3C2CCC1=CC(=O)C=CC1(C)C2(F)C(O)CC3(C)C4(O5)C(=O)CO ,434.504000,2.418800,93.060000,2.000000,0.000000,31.000000,5.000000,0.000000,5.000000,7.000000,0.750000,2.000000,6.000000
918,Nc2nc1[nH]cnc1c(=O)[nH]2 ,151.129000,-0.771600,100.450000,0.000000,0.818182,11.000000,2.000000,2.000000,0.000000,6.000000,0.000000,3.000000,4.000000
919,COC(=O)C,74.079000,0.179300,26.300000,0.000000,0.000000,5.000000,0.000000,0.000000,0.000000,2.000000,0.666667,0.000000,2.000000
920,CC34CCC1C(CCC2CC(=O)CCC12C)C3CCC4O ,290.447000,3.959100,37.300000,0.000000,0.000000,21.000000,4.000000,0.000000,4.000000,2.000000,0.947368,1.000000,2.000000
921,CCCC(O)C=C,100.161000,1.333400,20.230000,3.000000,0.000000,7.000000,0.000000,0.000000,0.000000,1.000000,0.666667,1.000000,1.000000
925,CCN2c1nc(N(C)(CCO))ccc1NC(=O)c3cccnc23 ,313.361000,1.628800,81.590000,4.000000,0.521739,23.000000,3.000000,2.000000,1.000000,7.000000,0.312500,2.000000,6.000000
926,CCCC(C)(C)O,102.177000,1.557400,20.230000,2.000000,0.000000,7.000000,0.000000,0.000000,0.000000,1.000000,1.000000,1.000000,1.000000
927,Nc1nc(=O)[nH]cc1F,129.094000,-0.508800,71.770000,0.000000,0.666667,9.000000,1.000000,1.000000,0.000000,5.000000,0.000000,2.000000,3.000000
930,Cc1c(C)c(C)c(C)c(C)c1C,162.276000,3.537120,0.000000,0.000000,0.500000,12.000000,1.000000,1.000000,0.000000,0.000000,0.500000,0.000000,0.000000
933,CCOP(=S)(OCC)Oc1ccc(cc1)N(=O)=O,291.265000,3.271100,70.830000,7.000000,0.333333,18.000000,1.000000,1.000000,0.000000,8.000000,0.400000,0.000000,6.000000
934,C,16.043000,0.636100,0.000000,0.000000,0.000000,1.000000,0.000000,0.000000,0.000000,0.000000,1.000000,0.000000,0.000000
935,c2ccc1NCCc1c2 ,119.167000,1.654600,12.030000,0.000000,0.666667,9.000000,2.000000,1.000000,1.000000,1.000000,0.250000,1.000000,1.000000
936,O=N(=O)c1cccc2ccccc12,173.171000,2.748000,43.140000,1.000000,0.769231,13.000000,2.000000,2.000000,0.000000,3.000000,0.000000,0.000000,2.000000
938,Nc1nc(O)nc2nc[nH]c12 ,151.129000,-0.359300,100.710000,0.000000,0.818182,11.000000,2.000000,2.000000,0.000000,6.000000,0.000000,3.000000,5.000000
939,OC(CC(c1ccccc1)c3c(O)c2ccccc2oc3=O)c4ccc(cc4)c5ccc(Br)cc5 ,527.414000,7.183700,70.670000,6.000000,0.800000,35.000000,5.000000,5.000000,0.000000,5.000000,0.100000,2.000000,4.000000
940,CN(=O)=O,61.040000,-0.107100,43.140000,0.000000,0.000000,4.000000,0.000000,0.000000,0.000000,3.000000,1.000000,0.000000,2.000000
943,c2ccc1[nH]ccc1c2,117.151000,2.167900,15.790000,0.000000,1.000000,9.000000,2.000000,2.000000,0.000000,1.000000,0.000000,1.000000,0.000000
946,Cc1cccc(C)c1NC(=O)c2cc(c(Cl)cc2O)S(N)(=O)=O,354.815000,2.562140,109.490000,3.000000,0.521739,23.000000,2.000000,2.000000,0.000000,8.000000,0.133333,3.000000,4.000000
947,CCC1CCCCC1,112.216000,2.976700,0.000000,1.000000,0.000000,8.000000,1.000000,0.000000,1.000000,0.000000,1.000000,0.000000,0.000000
948,CCCCCCCC(=O)C,142.242000,2.935900,17.070000,6.000000,0.000000,10.000000,0.000000,0.000000,0.000000,1.000000,0.888889,0.000000,1.000000
949,COC(=O)Nc2nc1ccc(cc1[nH]2)C(=O)c3ccccc3,295.298000,2.972200,84.080000,3.000000,0.681818,22.000000,3.000000,3.000000,0.000000,6.000000,0.062500,2.000000,4.000000
951,CCN2c1nc(Cl)ccc1N(C)C(=O)c3cccnc23 ,288.738000,2.878000,49.330000,1.000000,0.600000,20.000000,3.000000,2.000000,1.000000,6.000000,0.214286,0.000000,4.000000
952,CNC(=O)Oc1cccc2ccccc12,201.225000,2.558000,38.330000,1.000000,0.666667,15.000000,2.000000,2.000000,0.000000,3.000000,0.083333,1.000000,2.000000
954,Cc1cncc(C)c1,107.156000,1.698440,12.890000,0.000000,0.750000,8.000000,1.000000,1.000000,0.000000,1.000000,0.285714,0.000000,1.000000
955,C1C=CCC=C1,80.130000,1.892600,0.000000,0.000000,0.000000,6.000000,1.000000,0.000000,1.000000,0.000000,0.333333,0.000000,0.000000
956,CCOC(=O)N(C)C(=O)CSP(=S)(OCC)OCC,329.380000,2.632000,65.070000,8.000000,0.000000,19.000000,0.000000,0.000000,0.000000,9.000000,0.800000,0.000000,7.000000
959,CCCC=C(CC)C=O,126.199000,2.321800,17.070000,4.000000,0.000000,9.000000,0.000000,0.000000,0.000000,1.000000,0.625000,0.000000,1.000000
960,CCOP(=S)(OCC)SCCSCC,274.413000,3.770200,18.460000,9.000000,0.000000,14.000000,0.000000,0.000000,0.000000,6.000000,1.000000,0.000000,5.000000
961,CC(=O)OC3(C)CCC4C2CCC1=CC(=O)CCC1(C)C2CCC34C ,344.495000,4.840100,43.370000,1.000000,0.000000,25.000000,4.000000,0.000000,4.000000,3.000000,0.818182,0.000000,3.000000
962,Clc1ccc(cc1)c2c(Cl)cccc2Cl ,257.547000,5.313800,0.000000,1.000000,0.800000,15.000000,2.000000,2.000000,0.000000,3.000000,0.000000,0.000000,0.000000
963,Fc1cccc(F)c1C(=O)NC(=O)Nc2ccc(Cl)cc2,310.687000,3.580100,58.200000,2.000000,0.571429,21.000000,2.000000,2.000000,0.000000,7.000000,0.000000,2.000000,2.000000
964,Oc1cc(Cl)ccc1Oc2ccc(Cl)cc2Cl,289.545000,5.144700,29.460000,2.000000,0.705882,17.000000,2.000000,2.000000,0.000000,5.000000,0.000000,1.000000,2.000000
966,CC12CC(O)C3C(CCC4=CC(=O)CCC34C)C2CCC1C(=O)CO,346.467000,2.666700,74.600000,2.000000,0.000000,25.000000,4.000000,0.000000,4.000000,4.000000,0.809524,2.000000,4.000000
968,CCCCCCCCOC(=O)c1ccccc1C(=O)OCCCCCCCC ,390.564000,6.721200,52.600000,16.000000,0.214286,28.000000,1.000000,1.000000,0.000000,4.000000,0.666667,0.000000,4.000000
970,Clc1cccc(Cl)c1c2c(Cl)cccc2Cl ,291.992000,5.967200,0.000000,1.000000,0.750000,16.000000,2.000000,2.000000,0.000000,4.000000,0.000000,0.000000,0.000000
975,CCCCCCCCCCCCCCCC,226.448000,6.487600,0.000000,13.000000,0.000000,16.000000,0.000000,0.000000,0.000000,0.000000,1.000000,0.000000,0.000000
976,CC12CCC(CC1)C(C)(C)O2,154.253000,2.744100,9.230000,0.000000,0.000000,11.000000,3.000000,0.000000,3.000000,1.000000,1.000000,0.000000,1.000000
977,Cc2cccc3sc1nncn1c23 ,189.243000,2.252420,30.190000,0.000000,0.923077,13.000000,3.000000,3.000000,0.000000,4.000000,0.111111,0.000000,3.000000
979,CCCCCCCCC(=O)OC,172.268000,2.910000,26.300000,7.000000,0.000000,12.000000,0.000000,0.000000,0.000000,2.000000,0.900000,0.000000,2.000000
980,Fc1ccc(F)cc1,114.094000,1.964800,0.000000,0.000000,0.750000,8.000000,1.000000,1.000000,0.000000,2.000000,0.000000,0.000000,0.000000
981,O=C1N(C2CCC(=O)NC2=O)C(=O)c3ccccc13,258.233000,0.087800,83.550000,1.000000,0.315789,19.000000,3.000000,1.000000,2.000000,6.000000,0.230769,1.000000,4.000000
982,CCCN(CCC)c1c(cc(cc1N(=O)=O)C(F)(F)F)N(=O)=O,335.282000,4.148200,89.520000,7.000000,0.260870,23.000000,1.000000,1.000000,0.000000,10.000000,0.538462,0.000000,5.000000
984,O=C2NC(=O)C1(CCCC1)C(=O)N2,182.179000,-0.087200,75.270000,0.000000,0.000000,13.000000,2.000000,0.000000,2.000000,5.000000,0.625000,2.000000,3.000000
985,c1c(NC(=O)OC(C)C(=O)NCC)cccc1,236.271000,1.759700,67.430000,4.000000,0.352941,17.000000,1.000000,1.000000,0.000000,5.000000,0.333333,2.000000,3.000000
986,CC(C)=CC3C(C(=O)OCc2cccc(Oc1ccccc1)c2)C3(C)C ,350.458000,5.760500,35.530000,6.000000,0.461538,26.000000,3.000000,2.000000,1.000000,3.000000,0.347826,0.000000,3.000000
987,CN(C)C(=O)NC1CCCCCCC1,198.310000,2.370500,32.340000,1.000000,0.000000,14.000000,1.000000,0.000000,1.000000,3.000000,0.909091,1.000000,1.000000
990,CCCCNC(=O)n1c(NC(=O)OC)nc2ccccc12,290.323000,2.572400,85.250000,4.000000,0.428571,21.000000,2.000000,2.000000,0.000000,7.000000,0.357143,2.000000,4.000000
991,CN(C)c2c(C)n(C)n(c1ccccc1)c2=O ,231.299000,1.550420,30.170000,2.000000,0.647059,17.000000,2.000000,2.000000,0.000000,4.000000,0.307692,0.000000,2.000000
993,Cc1ccc(cc1)N(=O)=O,137.138000,1.903220,43.140000,1.000000,0.600000,10.000000,1.000000,1.000000,0.000000,3.000000,0.142857,0.000000,2.000000
995,CC34CCC1C(CCC2=CC(=O)CCC12O)C3CCC4(O)C#C,314.425000,2.607400,57.530000,0.000000,0.000000,23.000000,4.000000,0.000000,4.000000,3.000000,0.750000,2.000000,3.000000
996,CC(C)OC(=O)C(O)(c1ccc(Br)cc1)c2ccc(Br)cc2 ,428.120000,4.399100,46.530000,4.000000,0.545455,22.000000,2.000000,2.000000,0.000000,5.000000,0.235294,1.000000,3.000000
997,Nc2cnn(c1ccccc1)c(=O)c2Cl,221.647000,1.468100,60.910000,1.000000,0.800000,15.000000,2.000000,2.000000,0.000000,5.000000,0.000000,1.000000,3.000000
1001,CN(C)c1ccccc1,121.183000,1.752600,3.240000,1.000000,0.666667,9.000000,1.000000,1.000000,0.000000,1.000000,0.250000,0.000000,1.000000
1002,C1CCC2CCCCC2C1,138.254000,3.366800,0.000000,0.000000,0.000000,10.000000,2.000000,0.000000,2.000000,0.000000,1.000000,0.000000,0.000000
1003,CCCCS,90.191000,1.716300,0.000000,2.000000,0.000000,5.000000,0.000000,0.000000,0.000000,1.000000,1.000000,1.000000,1.000000
1004,c1ccc2c(c1)c3cccc4ccc5cccc2c5c43,252.316000,5.737200,0.000000,0.000000,1.000000,20.000000,5.000000,5.000000,0.000000,0.000000,0.000000,0.000000,0.000000
1008,CC1CC2C3CC(F)C4=CC(=O)C=CC4(C)C3(F)C(O)CC2(C)C1(O)C(=O)CO,410.457000,1.843700,94.830000,2.000000,0.000000,29.000000,4.000000,0.000000,4.000000,7.000000,0.727273,3.000000,5.000000
1010,CCNc1nc(NC(C)(C)C)nc(OC)n1,225.296000,1.522400,71.960000,4.000000,0.375000,16.000000,1.000000,1.000000,0.000000,6.000000,0.700000,2.000000,6.000000
1013,CNC(=O)Oc1ccccc1C(C)C,193.246000,2.528200,38.330000,2.000000,0.428571,14.000000,1.000000,1.000000,0.000000,3.000000,0.363636,1.000000,2.000000
1014,O=C1NCCN1c2ncc(s2)N(=O)=O,214.206000,0.580900,88.370000,2.000000,0.357143,14.000000,2.000000,1.000000,1.000000,8.000000,0.333333,1.000000,5.000000
1015,C1c2ccccc2c3ccc4ccccc4c13,216.283000,4.411000,0.000000,0.000000,0.941176,17.000000,4.000000,3.000000,1.000000,0.000000,0.058824,0.000000,0.000000
1016,COc1ccccc1Cl,142.585000,2.348600,9.230000,1.000000,0.666667,9.000000,1.000000,1.000000,0.000000,2.000000,0.142857,0.000000,1.000000
1017,COP(=S)(OC)Oc1cc(Cl)c(Br)cc1Cl,366.000000,4.652000,27.690000,4.000000,0.375000,16.000000,1.000000,1.000000,0.000000,8.000000,0.250000,0.000000,4.000000
1018,ClC(Cl)CC(=O)NC2=C(Cl)C(=O)c1ccccc1C2=O,332.570000,2.826000,63.240000,3.000000,0.300000,20.000000,2.000000,1.000000,1.000000,7.000000,0.153846,1.000000,3.000000
1019,ClC(Cl)C(c1ccc(Cl)cc1)c2ccc(Cl)cc2 ,320.046000,5.929000,0.000000,3.000000,0.666667,18.000000,2.000000,2.000000,0.000000,4.000000,0.142857,0.000000,0.000000
1020,COC(=O)C=C,86.090000,0.345400,26.300000,1.000000,0.000000,6.000000,0.000000,0.000000,0.000000,2.000000,0.250000,0.000000,2.000000
1021,CN(C)C(=O)Nc2ccc(Oc1ccc(Cl)cc1)cc2,290.750000,4.225800,41.570000,3.000000,0.600000,20.000000,2.000000,2.000000,0.000000,5.000000,0.133333,1.000000,2.000000
1022,N(=Nc1ccccc1)c2ccccc2,182.226000,4.102000,24.720000,2.000000,0.857143,14.000000,2.000000,2.000000,0.000000,2.000000,0.000000,0.000000,2.000000
1023,CC(C)c1ccc(C)cc1,134.222000,3.118420,0.000000,1.000000,0.600000,10.000000,1.000000,1.000000,0.000000,0.000000,0.400000,0.000000,0.000000
1024,Oc1c(Cl)cccc1Cl,163.003000,2.699000,20.230000,0.000000,0.666667,9.000000,1.000000,1.000000,0.000000,3.000000,0.000000,1.000000,1.000000
1025,OCC2OC(OC1(CO)OC(CO)C(O)C1O)C(O)C(O)C2O ,342.297000,-5.395600,189.530000,5.000000,0.000000,23.000000,2.000000,0.000000,2.000000,11.000000,1.000000,8.000000,11.000000
1026,OC1C(O)C(O)C(O)C(O)C1O,180.156000,-3.834600,121.380000,0.000000,0.000000,12.000000,1.000000,0.000000,1.000000,6.000000,1.000000,6.000000,6.000000
1027,Cn2c(=O)n(C)c1ncn(CC(O)CO)c1c2=O,254.246000,-2.213100,102.280000,3.000000,0.500000,18.000000,2.000000,2.000000,0.000000,8.000000,0.500000,2.000000,5.000000
1032,Oc1c(Cl)cc(Cl)cc1Cl,197.448000,3.352400,20.230000,0.000000,0.600000,10.000000,1.000000,1.000000,0.000000,4.000000,0.000000,1.000000,1.000000
1033,CCCN(CCC)c1c(cc(cc1N(=O)=O)S(N)(=O)=O)N(=O)=O,346.365000,1.776800,149.680000,8.000000,0.260870,23.000000,1.000000,1.000000,0.000000,11.000000,0.500000,1.000000,7.000000
1034,C2c1ccccc1N(CCF)C(=O)c3ccccc23 ,255.292000,3.207100,20.310000,2.000000,0.631579,19.000000,3.000000,2.000000,1.000000,3.000000,0.187500,0.000000,1.000000
1035,CC(C)C(=O)C(C)C,114.188000,1.867500,17.070000,2.000000,0.000000,8.000000,0.000000,0.000000,0.000000,1.000000,0.857143,0.000000,1.000000
1037,c1c(O)C2C(=O)C3cc(O)ccC3OC2cc1(OC),262.261000,1.552800,75.990000,1.000000,0.000000,19.000000,3.000000,0.000000,3.000000,5.000000,0.357143,2.000000,5.000000
1038,Cn1cnc2n(C)c(=O)n(C)c(=O)c12,194.194000,-1.029300,61.820000,0.000000,0.642857,14.000000,2.000000,2.000000,0.000000,6.000000,0.375000,0.000000,3.000000
1039,CC(=O)SC4CC1=CC(=O)CCC1(C)C5CCC2(C)C(CCC23CCC(=O)O3)C45,416.583000,4.852300,60.440000,1.000000,0.000000,29.000000,5.000000,0.000000,5.000000,5.000000,0.791667,0.000000,5.000000
1040,Cc1ccc(O)cc1C,122.167000,2.009040,20.230000,0.000000,0.666667,9.000000,1.000000,1.000000,0.000000,1.000000,0.250000,1.000000,1.000000
1041,O(c1ccccc1)c2ccccc2,170.211000,3.478900,9.230000,2.000000,0.923077,13.000000,2.000000,2.000000,0.000000,1.000000,0.000000,0.000000,1.000000
1042,Clc1cc(Cl)c(cc1Cl)c2cc(Cl)c(Cl)cc2Cl ,360.882000,7.274000,0.000000,1.000000,0.666667,18.000000,2.000000,2.000000,0.000000,6.000000,0.000000,0.000000,0.000000
1045,CNC(=O)Oc1cc(C)cc(C)c1,179.219000,2.021640,38.330000,1.000000,0.461538,13.000000,1.000000,1.000000,0.000000,3.000000,0.300000,1.000000,2.000000
1046,ClC1CC2C(C1Cl)C3(Cl)C(=C(Cl)C2(Cl)C3(Cl)Cl)Cl,409.782000,5.682800,0.000000,0.000000,0.000000,18.000000,3.000000,0.000000,3.000000,8.000000,0.800000,0.000000,0.000000
1048,NC(=O)c1ccccc1,121.139000,0.785500,43.090000,1.000000,0.666667,9.000000,1.000000,1.000000,0.000000,2.000000,0.000000,1.000000,1.000000
1051,CCCCC(O)CC,116.204000,1.947500,20.230000,4.000000,0.000000,8.000000,0.000000,0.000000,0.000000,1.000000,1.000000,1.000000,1.000000
1052,CCN2c1nc(C)cc(C)c1NC(=O)c3cccnc23 ,268.320000,2.817140,58.120000,1.000000,0.600000,20.000000,3.000000,2.000000,1.000000,5.000000,0.266667,1.000000,4.000000
1054,Cc1cccc2c1ccc3ccccc32,192.261000,4.301420,0.000000,0.000000,0.933333,15.000000,3.000000,3.000000,0.000000,0.000000,0.066667,0.000000,0.000000
1057,Cc1ccccc1,92.141000,1.995020,0.000000,0.000000,0.857143,7.000000,1.000000,1.000000,0.000000,0.000000,0.142857,0.000000,0.000000
1059,C1CCC=CCC1,96.173000,2.506700,0.000000,0.000000,0.000000,7.000000,1.000000,0.000000,1.000000,0.000000,0.714286,0.000000,0.000000
1061,COC1=CC(=O)CC(C)C13Oc2c(Cl)c(OC)cc(OC)c2C3=O,352.770000,2.810300,71.060000,3.000000,0.250000,24.000000,3.000000,1.000000,2.000000,7.000000,0.411765,0.000000,6.000000
1067,CC4CC3C2CCC1=CC(=O)C=CC1(C)C2(F)C(O)CC3(C)C4(O)C(=O)COC(C)=O ,434.504000,2.466500,100.900000,3.000000,0.000000,31.000000,4.000000,0.000000,4.000000,7.000000,0.708333,2.000000,6.000000
1070,CC1CC2C3CCC(O)(C(=O)C)C3(C)CC(O)C2(F)C4(C)C=CC(=O)C=C14,376.468000,2.923300,74.600000,1.000000,0.000000,27.000000,4.000000,0.000000,4.000000,5.000000,0.727273,2.000000,4.000000
1071,ClC(Cl)C(Cl)(Cl)Cl,202.295000,3.160300,0.000000,0.000000,0.000000,7.000000,0.000000,0.000000,0.000000,5.000000,1.000000,0.000000,0.000000
1072,CCOC(=O)c1ccccc1C(=O)OCC,222.240000,2.040000,52.600000,4.000000,0.375000,16.000000,1.000000,1.000000,0.000000,4.000000,0.333333,0.000000,4.000000
1075,ICI,267.835000,1.813900,0.000000,0.000000,0.000000,3.000000,0.000000,0.000000,0.000000,2.000000,1.000000,0.000000,0.000000
1077,CCCCCOC(=O)C,130.187000,1.739700,26.300000,4.000000,0.000000,9.000000,0.000000,0.000000,0.000000,2.000000,0.857143,0.000000,2.000000
1078,Oc1c(Cl)c(Cl)cc(Cl)c1Cl,231.893000,4.005800,20.230000,0.000000,0.545455,11.000000,1.000000,1.000000,0.000000,5.000000,0.000000,1.000000,1.000000
1081,CC=CC=O,70.091000,0.761400,17.070000,1.000000,0.000000,5.000000,0.000000,0.000000,0.000000,1.000000,0.250000,0.000000,1.000000
1082,CN(C)C(=O)N(C)C ,116.164000,0.229600,23.550000,0.000000,0.000000,8.000000,0.000000,0.000000,0.000000,3.000000,0.800000,0.000000,1.000000
1084,CC(=O)OC3(CCC4C2CCC1=CC(=O)CCC1C2CCC34C)C#C,340.463000,4.063300,43.370000,1.000000,0.000000,25.000000,4.000000,0.000000,4.000000,3.000000,0.727273,0.000000,3.000000
1085,CCOP(=S)(OCC)N2C(=O)c1ccccc1C2=O,299.288000,2.580100,55.840000,5.000000,0.315789,19.000000,2.000000,1.000000,1.000000,7.000000,0.333333,0.000000,5.000000
1088,ClCC,64.515000,1.245100,0.000000,0.000000,0.000000,3.000000,0.000000,0.000000,0.000000,1.000000,1.000000,0.000000,0.000000
1089,CC(=O)Nc1cc(NS(=O)(=O)C(F)(F)F)c(C)cc1C,310.297000,2.523340,75.270000,3.000000,0.300000,20.000000,1.000000,1.000000,0.000000,9.000000,0.363636,2.000000,3.000000
1090,O=C(C=CC=Cc2ccc1OCOc1c2)N3CCCCC3,285.343000,2.997200,38.770000,3.000000,0.285714,21.000000,3.000000,1.000000,2.000000,4.000000,0.352941,0.000000,3.000000
1092,CNC(=O)ON=C(CSC)C(C)(C)C ,218.322000,2.107500,50.690000,3.000000,0.000000,14.000000,0.000000,0.000000,0.000000,5.000000,0.777778,1.000000,4.000000
1093,O=C2NC(=O)C1(CCCCCCC1)C(=O)N2,224.260000,1.083100,75.270000,0.000000,0.000000,16.000000,2.000000,0.000000,2.000000,5.000000,0.727273,2.000000,3.000000
1095,Oc2cc(O)c1C(=O)CC(Oc1c2)c3ccc(O)c(O)c3,288.255000,2.215500,107.220000,1.000000,0.571429,21.000000,3.000000,2.000000,1.000000,6.000000,0.133333,4.000000,6.000000
1096,O=C(c1ccccc1)c2ccccc2,182.222000,2.917600,17.070000,2.000000,0.857143,14.000000,2.000000,2.000000,0.000000,1.000000,0.000000,0.000000,1.000000
1097,CCCCCCCCCCCCCCCCCCCC,282.556000,8.048000,0.000000,17.000000,0.000000,20.000000,0.000000,0.000000,0.000000,0.000000,1.000000,0.000000,0.000000
1099,CCC(CC)CO,102.177000,1.414900,20.230000,3.000000,0.000000,7.000000,0.000000,0.000000,0.000000,1.000000,1.000000,1.000000,1.000000
1101,Cl\C=C/Cl,96.944000,1.935200,0.000000,0.000000,0.000000,4.000000,0.000000,0.000000,0.000000,2.000000,0.000000,0.000000,0.000000
1102,CC1CCCC1,84.162000,2.196500,0.000000,0.000000,0.000000,6.000000,1.000000,0.000000,1.000000,0.000000,1.000000,0.000000,0.000000
1104,O2c1ccc(N)cc1N(C)C(=O)c3cc(C)ccc23 ,254.289000,2.959520,55.560000,0.000000,0.631579,19.000000,3.000000,2.000000,1.000000,4.000000,0.133333,1.000000,3.000000
1106,CC(C)(C)C(=O)C(Oc1ccc(Cl)cc1)n2cncn2,293.754000,3.124300,57.010000,4.000000,0.550000,20.000000,2.000000,2.000000,0.000000,6.000000,0.357143,0.000000,4.000000
1107,Cc1cc(no1)C(=O)NNCc2ccccc2,231.255000,1.417620,67.160000,4.000000,0.647059,17.000000,2.000000,2.000000,0.000000,5.000000,0.166667,2.000000,4.000000
1109,Oc1ccc(Cl)cc1Cc2cc(Cl)ccc2O,269.127000,3.995400,40.460000,2.000000,0.705882,17.000000,2.000000,2.000000,0.000000,4.000000,0.076923,2.000000,2.000000
1110,CCOC(=O)Nc2cccc(OC(=O)Nc1ccccc1)c2 ,300.314000,3.865900,76.660000,4.000000,0.545455,22.000000,2.000000,2.000000,0.000000,6.000000,0.125000,2.000000,4.000000
1115,O=C1NC(=O)C(=O)N1 ,114.060000,-1.647600,75.270000,0.000000,0.000000,8.000000,1.000000,0.000000,1.000000,5.000000,0.000000,2.000000,3.000000
1116,COP(=S)(OC)Oc1ccc(Sc2ccc(OP(=S)(OC)OC)cc2)cc1,466.479000,5.630000,55.380000,10.000000,0.444444,27.000000,2.000000,2.000000,0.000000,11.000000,0.250000,0.000000,9.000000
1117,NS(=O)(=O)c1cc(ccc1Cl)C2(O)NC(=O)c3ccccc23,338.772000,0.924200,109.490000,2.000000,0.545455,22.000000,3.000000,2.000000,1.000000,8.000000,0.071429,3.000000,4.000000
1118,CC(C)COC(=O)C,116.160000,1.205500,26.300000,2.000000,0.000000,8.000000,0.000000,0.000000,0.000000,2.000000,0.833333,0.000000,2.000000
1120,Clc1ccc(c(Cl)c1Cl)c2c(Cl)cc(Cl)c(Cl)c2Cl ,395.327000,7.927400,0.000000,1.000000,0.631579,19.000000,2.000000,2.000000,0.000000,7.000000,0.000000,0.000000,0.000000
1121,N#Cc1ccccc1C#N,128.134000,1.429960,47.580000,0.000000,0.600000,10.000000,1.000000,1.000000,0.000000,2.000000,0.000000,0.000000,2.000000
1126,CCC(C)C,72.151000,2.052400,0.000000,1.000000,0.000000,5.000000,0.000000,0.000000,0.000000,0.000000,1.000000,0.000000,0.000000
